user_id,date,login_count,logout_count,after_hours_logon,weekend_logon,unique_pcs,avg_login_hour,device_connect_count,device_disconnect_count,after_hours_device,weekend_device,file_activity_count,unique_files,sensitive_file_activity,after_hours_file,weekend_file,http_request_count,unique_domains,after_hours_http,weekend_http,suspicious_domain_count,email_count,attachment_count,recipient_count,avg_email_size,after_hours_email,weekend_email,is_malicious_label,is_insider,total_activity_volume,rolling_activity_avg_7d,rolling_activity_std_7d,activity_volume_zscore,rolling_sensitive_file_avg,rolling_sensitive_file_std,sensitive_file_zscore,rolling_attachment_avg,rolling_attachment_std,attachment_zscore,rolling_file_avg,rolling_file_std,file_activity_zscore,unusual_login_indicator,unusual_usb_indicator,unusual_file_indicator,unusual_web_indicator,unusual_email_indicator,activity_deviation_score
AAE0190,2026-01-01,1,1,1,0,1,8.266666666666667,0,0,0,0,8,8,0,0,0,52,1,0,0,0,10,2,10,0.4291534423828125,0,0,0,0,71,71.0,1.0,0.0,0.0,1.0,0.0,0.0,1.0,2.0,8.0,1.0,0.0,1,0,0,0,0,0.485
AAE0190,2026-01-02,1,1,0,0,1,9.25,0,0,0,0,13,9,0,0,0,50,1,0,0,0,5,2,5,0.4291534423828125,0,0,0,0,69,71.0,1.0,-2.0,0.0,1.0,0.0,2.0,1.0,0.0,8.0,1.0,5.0,0,0,1,0,0,0.5
AAE0190,2026-01-05,1,1,1,0,1,8.35,0,0,0,0,17,17,0,0,0,61,1,0,0,0,4,1,4,0.4291534423828125,0,0,0,0,83,70.0,1.4142135623730951,9.192388155425117,0.0,0.5,0.0,2.0,0.5,0.0,10.5,3.5355339059327378,1.8384776310850235,1,0,0,0,0,0.6289
AAE0190,2026-01-06,1,1,0,0,1,9.816666666666666,0,0,0,0,6,6,0,0,0,57,1,0,0,0,10,2,10,0.4291534423828125,0,0,0,0,74,74.33333333333333,7.571877794400367,-0.044022545316280554,0.0,0.5,0.0,1.6666666666666667,0.5773502691896258,0.5773502691896255,12.666666666666666,4.509249752822894,-1.4784425419091456,0,0,0,0,0,0.244
AAE0190,2026-01-07,1,1,1,0,1,8.416666666666666,0,0,0,0,9,8,0,0,0,44,1,0,0,0,10,2,10,0.4291534423828125,0,0,0,0,64,74.25,6.184658438426492,-1.6573267710816082,0.0,0.5,0.0,1.75,0.5,0.5,11.0,4.96655480858378,-0.4026936331284146,1,0,0,0,0,0.4403
AAE0190,2026-01-08,1,1,0,0,1,9.7,0,0,0,0,9,9,0,0,0,103,1,0,0,0,12,3,12,0.4291534423828125,0,0,0,0,125,72.2,7.0498226928058285,7.489550063986872,0.0,0.5,0.0,1.8,0.5,2.4,10.6,4.39317652729776,-0.3642011628847882,0,0,0,0,0,0.4408
AAE0190,2026-01-09,1,1,1,0,1,8.4,0,0,0,0,17,16,0,0,0,106,1,0,0,0,8,0,8,0.4291534423828125,0,0,0,0,132,81.0,22.45885126180767,2.2708196160828535,0.0,0.5,0.0,2.0,0.6324555320336759,0.0,10.333333333333334,3.983298465677241,1.673654817511446,1,0,0,0,0,0.4761
AAE0190,2026-01-12,1,1,0,0,1,9.8,0,0,0,0,19,14,0,0,0,114,1,0,0,0,12,3,12,0.4291534423828125,0,0,0,0,146,88.28571428571429,28.140802438892212,2.0509111579036294,0.0,0.5,0.0,1.7142857142857142,0.9511897312113419,1.351690670668749,11.285714285714286,4.423960733486292,1.7437509460456915,0,0,0,0,0,0.2988
AAE0190,2026-01-13,1,1,0,0,1,8.85,0,0,0,0,18,16,0,0,0,115,1,0,0,0,9,4,9,0.4291534423828125,0,0,0,0,143,99.0,34.107672646097285,1.29003231784666,0.0,0.5,0.0,1.8571428571428572,1.0690449676496976,2.004459314343183,12.857142857142858,4.980915960897535,1.0325123297062064,0,0,0,0,1,0.3008
AAE0190,2026-01-14,1,1,0,0,1,9.55,0,0,0,0,17,16,0,0,0,113,1,0,0,0,8,3,8,0.4291534423828125,0,0,0,0,139,109.57142857142857,34.72202539626753,0.8475476615409329,0.0,0.5,0.0,2.142857142857143,1.3451854182690985,0.6371930928643098,13.571428571428571,5.349677337844557,0.6408931253324593,0,0,0,0,0,0.2598
AAE0190,2026-01-15,1,1,1,0,1,8.35,0,0,0,0,15,12,0,0,0,105,1,0,0,0,9,2,9,0.4291534423828125,0,0,0,0,130,117.57142857142857,34.02380119297442,0.36529050231864774,0.0,0.5,0.0,2.4285714285714284,1.2724180205607036,0.0,13.571428571428571,5.349677337844557,0.2670388022218581,1,0,0,0,0,0.4336
AAE0190,2026-01-16,1,1,0,0,1,8.55,0,0,0,0,5,5,0,0,0,59,1,0,0,0,9,4,9,0.4291534423828125,0,0,0,0,74,125.57142857142857,28.147570308744484,-1.8321804690690158,0.0,0.5,0.0,2.4285714285714284,1.2724180205607036,1.2349939611324476,14.857142857142858,4.180453381654972,-2.3579123978271896,0,0,0,0,1,0.2589
AAE0190,2026-01-19,1,1,0,0,1,9.35,0,0,0,0,10,8,0,0,0,112,1,0,0,0,10,1,10,0.4291534423828125,0,0,0,0,133,127.0,24.522098876999358,0.2446772615221666,0.0,0.5,0.0,2.7142857142857144,1.3801311186847085,0.0,14.285714285714286,5.250850271282602,-0.8161943426864148,0,0,0,0,0,0.2354
AAE0190,2026-01-20,1,1,1,0,1,8.366666666666667,0,0,0,0,6,5,0,0,0,107,1,0,0,0,11,3,11,0.4291534423828125,0,0,0,0,125,128.14285714285714,24.599651565476634,-0.12776023003788606,0.0,0.5,0.0,2.4285714285714284,1.511857892036909,0.3779644730092273,14.428571428571429,5.0943479418254265,-1.654494652666239,1,0,0,0,0,0.4367
AAE0190,2026-01-21,2,1,1,0,1,16.083333333333332,1,1,1,0,139,55,41,139,0,474,2,474,0,66,21,20,21,7.806505475725446,21,0,1,1,637,127.14285714285714,24.55896693965072,10.0,0.0,0.5,10.0,2.857142857142857,1.0690449676496976,10.0,12.857142857142858,5.814595756329395,10.0,1,1,1,1,1,0.9986
AAE0190,2026-01-22,2,1,1,0,1,15.45,1,1,1,0,166,56,43,166,0,267,2,267,0,46,21,20,21,7.806505475725446,21,0,1,1,457,197.28571428571428,195.2679477757971,1.3300405349293918,5.857142857142857,15.496543393378316,2.39684787761949,5.285714285714286,6.575568054403759,2.2377208467078873,30.0,48.339080118126645,2.8134585860478847,1,1,1,1,1,0.977
AAE0190,2026-01-23,2,1,1,0,1,16.03333333333333,1,1,1,0,104,46,34,104,0,497,2,497,0,74,42,39,42,7.806505475725446,42,0,1,1,646,242.14285714285714,215.7146483756018,1.872182282929381,12.0,20.502032419575706,1.0730643455130824,7.571428571428571,8.541216596737314,3.6796363928502793,51.142857142857146,69.81267452124666,0.7571281750716542,1,1,1,1,1,0.9775
AAE0190,2026-01-24,2,1,2,1,1,15.616666666666667,1,1,1,1,171,56,54,171,1,218,2,218,1,25,30,33,30,8.462270100911459,30,1,1,1,422,314.57142857142856,256.5598417152466,0.41872715040027747,16.857142857142858,21.200853531784762,1.7519510281589272,12.714285714285714,14.25615990504088,1.422943795582806,63.57142857142857,70.46241821675142,1.524622261729755,1,1,1,1,1,0.9699
AAE0190,2026-01-25,2,1,1,1,1,15.583333333333334,1,1,1,1,88,46,35,88,1,306,2,306,1,56,38,33,38,6.771087646484375,38,1,1,1,435,356.2857142857143,245.0276952276445,0.3212464845704716,24.571428571428573,23.719592062660933,0.4396606569380232,17.142857142857142,15.15946977336357,1.0460222616100436,85.85714285714286,76.91429986556157,0.027860321768548066,1,1,1,1,1,0.9616
AAE0190,2026-01-26,2,1,1,0,1,15.741666666666667,1,1,1,0,73,37,35,73,0,403,2,403,0,64,40,35,40,6.884336471557617,40,0,1,1,519,407.85714285714283,211.39412525062326,0.5257613332966995,29.571428571428573,21.235639405310614,0.25563494109877605,21.285714285714285,14.929995375242479,0.9185726699572391,97.71428571428571,68.28546523166378,-0.36192600622168364,1,1,1,1,1,0.9607
AAE0190,2026-01-27,2,1,2,0,1,15.508333333333333,1,1,1,0,126,50,48,126,0,387,2,387,0,52,39,31,39,6.167093912760417,39,0,1,1,555,463.0,174.95046918104185,0.5258631224635172,34.57142857142857,16.761634196950514,0.8011492955152621,26.142857142857142,12.575486358103888,0.38623896673489855,106.71428571428571,58.205710732751676,0.3313371496185931,1,1,1,1,1,0.9614
AAE0190,2026-01-28,2,1,1,0,1,15.608333333333334,1,1,1,0,70,42,19,70,0,427,2,427,0,58,41,41,41,8.406290193883384,41,0,1,1,541,524.4285714285714,92.60283858654513,0.17895162636878742,41.42857142857143,7.546680127869536,0.0,30.142857142857142,7.358183005529078,1.4755195472828815,123.85714285714286,37.63610222215091,-1.4309968269095883,1,1,1,1,1,0.9606
AAE0190,2026-01-29,2,1,1,0,1,16.008333333333333,1,1,1,0,145,53,49,145,0,358,2,358,0,56,40,29,40,5.593299865722656,40,0,1,1,546,510.7142857142857,79.30681829812266,0.4449266159319564,38.285714285714285,11.368293418015528,0.9424708986932555,33.142857142857146,6.792853387410692,0.0,114.0,41.81307610465098,0.741394867060541,1,1,1,1,1,0.9601
AAE0190,2026-01-30,2,1,1,0,1,16.175,1,1,1,0,70,39,24,70,0,408,2,408,0,57,36,38,36,8.55790244208442,36,0,1,1,517,523.4285714285714,76.33884363559005,-0.08421101397944637,39.142857142857146,11.992060865819676,0.0,34.42857142857143,4.276179870598762,0.8351913809763313,111.0,38.04383436686337,-1.0777041978637012,1,1,1,1,1,0.9569
USR0002,2026-01-01,1,1,0,0,1,9.4,0,0,0,0,6,6,0,0,0,119,1,0,0,0,9,0,9,0.4291534423828125,0,0,0,0,135,135.0,1.0,0.0,0.0,1.0,0.0,0.0,1.0,0.0,6.0,1.0,0.0,0,0,0,0,0,0.2315
USR0002,2026-01-02,1,1,1,0,1,8.383333333333333,0,0,0,0,19,13,0,0,0,40,1,0,0,0,12,1,12,0.4291534423828125,0,0,0,0,72,135.0,1.0,-3.0,0.0,1.0,0.0,0.0,1.0,1.0,6.0,1.0,10.0,1,0,1,0,0,0.735
USR0002,2026-01-05,1,1,1,0,1,8.45,0,0,0,0,18,16,0,0,0,86,1,0,0,0,4,0,4,0.4291534423828125,0,0,0,0,109,103.5,44.54772721475249,0.12346308877860354,0.0,0.5,0.0,0.5,0.7071067811865476,0.0,12.5,9.192388155425117,0.5983211225424633,1,0,0,0,0,0.4283
USR0002,2026-01-06,1,1,1,0,1,8.35,1,0,0,0,15,15,0,0,0,68,1,0,0,0,7,1,7,0.4291534423828125,0,0,0,0,92,105.33333333333333,31.65964834506747,-0.4211459706693376,0.0,0.5,0.0,0.3333333333333333,0.5773502691896258,1.1547005383792515,14.333333333333334,7.234178138070234,0.09215513551681821,1,1,0,0,0,0.7386
USR0002,2026-01-07,1,1,0,0,1,8.683333333333334,0,0,0,0,18,15,0,0,0,72,1,0,0,0,10,4,10,0.4291534423828125,0,0,0,0,101,102.0,26.695817400234567,-0.03745905154382773,0.0,0.5,0.0,0.5,0.5773502691896257,6.062177826491071,14.5,5.916079783099615,0.5916079783099617,0,0,0,0,1,0.384
USR0002,2026-01-08,1,1,0,0,1,9.6,0,0,0,0,11,10,0,0,0,101,1,0,0,0,12,2,12,0.4291534423828125,0,0,0,0,125,101.8,23.12358103754693,1.0033048065664651,0.0,0.5,0.0,1.2,1.6431676725154982,0.4868644955601477,15.2,5.357238094391549,-0.7839860625938851,0,0,0,0,0,0.259
USR0002,2026-01-09,1,1,0,0,1,9.866666666666667,0,0,0,0,6,6,0,0,0,42,1,0,0,0,4,1,4,0.4291534423828125,0,0,0,0,53,105.66666666666667,22.74789367538601,-2.315232672449748,0.0,0.5,0.0,1.3333333333333333,1.505545305418162,0.0,14.5,5.089204259999788,-1.6702021702702012,0,0,0,0,0,0.2315
USR0002,2026-01-12,1,1,0,0,1,8.616666666666667,0,0,0,0,15,12,0,0,0,91,1,0,0,0,4,1,4,0.4291534423828125,0,0,0,0,111,98.14285714285714,28.76588588026085,0.4469580012470755,0.0,0.5,0.0,1.2857142857142858,1.3801311186847083,0.0,13.285714285714286,5.6484300389366515,0.30349773343540204,0,0,0,0,0,0.2387
USR0002,2026-01-13,1,1,0,0,1,8.833333333333334,0,0,0,0,12,12,0,0,0,69,1,0,0,0,4,1,4,0.4291534423828125,0,0,0,0,86,94.71428571428571,24.797273275599515,-0.35142112672769366,0.0,0.5,0.0,1.4285714285714286,1.2724180205607034,0.0,14.571428571428571,4.649628761422531,-0.5530395443101688,0,0,0,0,0,0.2315
USR0002,2026-01-14,1,1,0,0,1,8.633333333333333,0,0,0,0,12,10,0,0,0,112,1,0,0,0,4,2,4,0.4291534423828125,0,0,0,0,129,96.71428571428571,23.17120544781307,1.3933549706090695,0.0,0.5,0.0,1.4285714285714286,1.2724180205607034,0.4490887131390719,13.571428571428571,4.2761798705987895,-0.3674842076295835,0,0,0,0,0,0.2649
USR0002,2026-01-15,1,1,0,0,1,9.433333333333334,0,0,0,0,5,5,0,0,0,117,1,0,0,0,12,4,12,0.4291534423828125,0,0,0,0,135,99.57142857142857,25.999084232956765,1.3626853588812844,0.0,0.5,0.0,1.7142857142857142,1.1126972805283735,2.054210364052382,12.714285714285714,3.8172540616821102,-2.0208992091258233,0,0,0,0,1,0.3035
USR0002,2026-01-16,1,1,0,0,1,9.733333333333333,0,0,0,0,15,14,0,0,0,114,1,0,0,0,7,2,7,0.4291534423828125,0,0,0,0,137,105.71428571428571,28.836980226289796,1.0849164524235468,0.0,0.5,0.0,2.142857142857143,1.3451854182690985,0.0,11.285714285714286,4.608480795022936,0.8059674932999755,0,0,0,0,0,0.2493
USR0002,2026-01-19,1,1,0,0,1,8.8,0,0,0,0,11,9,0,0,0,109,1,0,0,0,7,2,7,0.4291534423828125,0,0,0,0,128,110.85714285714286,30.986172031131197,0.5532421728516207,0.0,0.5,0.0,1.8571428571428572,1.0690449676496974,0.13363062095621214,10.857142857142858,3.9761191895520187,0.03592878785739765,0,0,0,0,0,0.2434
USR0002,2026-01-20,1,1,0,0,1,9.483333333333333,0,0,0,0,16,11,0,0,0,108,1,0,0,0,7,4,7,0.4291534423828125,0,0,0,0,132,111.28571428571429,31.234138831916415,0.6631937517393289,0.0,0.5,0.0,1.8571428571428572,1.0690449676496974,2.0044593143431833,10.857142857142858,3.9761191895520187,1.29343636286632,0,0,0,0,1,0.2891
USR0002,2026-01-21,1,1,1,0,1,8.433333333333334,0,0,0,0,15,12,0,0,0,66,1,0,0,0,4,2,4,0.4291534423828125,0,0,0,0,86,122.57142857142857,18.228705776486557,-2.0062548060105576,0.0,0.5,0.0,2.2857142857142856,1.2535663410560174,0.0,12.285714285714286,3.728908942943218,0.7279034580402854,1,0,0,0,0,0.4256
USR0002,2026-01-22,1,1,0,0,1,9.5,1,0,0,0,16,10,0,0,0,97,1,0,0,0,9,3,9,0.4291534423828125,0,0,0,0,124,119.0,22.759613353482088,0.21968738758187337,0.0,0.5,0.0,2.4285714285714284,1.1338934190276815,0.5039526306789699,12.285714285714286,3.728908942943218,0.9960784162656537,0,1,0,0,0,0.5201
USR0002,2026-01-23,1,1,0,0,1,8.766666666666667,0,0,0,0,13,11,0,0,0,112,1,0,0,0,8,0,8,0.4291534423828125,0,0,0,0,134,124.42857142857143,17.501020378415493,0.5469068868254839,0.0,0.5,0.0,2.7142857142857144,0.9511897312113418,0.0,12.857142857142858,3.9761191895520205,0.035928787857397636,0,0,0,0,0,0.2403
USR0002,2026-01-26,1,1,0,0,1,8.5,0,0,0,0,7,7,0,0,0,46,1,0,0,0,9,4,9,0.4291534423828125,0,0,0,0,63,125.14285714285714,17.817861557330346,-3.0,0.0,0.5,0.0,2.4285714285714284,1.3972762620115435,1.1246369913751453,13.0,3.95811402901264,-1.5158734579197337,0,0,0,0,1,0.2563
USR0002,2026-01-27,1,1,0,0,1,9.883333333333333,0,0,0,0,9,9,0,0,0,113,1,0,0,0,11,1,11,0.4291534423828125,0,0,0,0,134,114.85714285714286,28.661405940326635,0.6678966545714045,0.0,0.5,0.0,2.4285714285714284,1.3972762620115435,0.0,13.285714285714286,3.3022358947782506,-1.2978219673800977,0,0,0,0,0,0.2423
USR0002,2026-01-28,1,1,0,0,1,8.733333333333333,0,0,0,0,6,6,0,0,0,118,1,0,0,0,10,1,10,0.4291534423828125,0,0,0,0,135,114.42857142857143,28.29521245050208,0.7270285956472309,0.0,0.5,0.0,2.2857142857142856,1.4960264830861911,0.0,12.428571428571429,3.5523298860110977,-1.8096774890999934,0,0,0,0,0,0.2433
USR0002,2026-01-29,1,1,0,0,1,9.633333333333333,0,0,0,0,12,11,0,0,0,120,1,0,0,0,12,3,12,0.4291534423828125,0,0,0,0,145,115.42857142857143,28.970428272390357,1.0207453025335833,0.0,0.5,0.0,2.142857142857143,1.5735915849388862,0.5447047794019223,11.714285714285714,4.309458036856672,0.06629935441317979,0,0,0,0,0,0.2606
USR0002,2026-01-30,1,1,0,0,1,9.883333333333333,0,0,0,0,10,9,0,0,0,44,1,0,0,0,10,3,10,0.4291534423828125,0,0,0,0,65,117.28571428571429,30.58166272847334,-1.7097080283026336,0.0,0.5,0.0,2.0,1.414213562373095,0.7071067811865476,11.142857142857142,3.891382420536065,-0.293689239285741,0,0,0,0,0,0.2469
USR0003,2026-01-01,1,1,0,0,1,8.583333333333334,0,0,0,0,13,12,0,0,0,68,1,0,0,0,8,2,8,0.4291534423828125,0,0,0,0,90,90.0,1.0,0.0,0.0,1.0,0.0,0.0,1.0,2.0,13.0,1.0,0.0,0,0,0,0,0,0.2769
USR0003,2026-01-02,1,1,1,0,1,8.25,0,0,0,0,9,8,0,0,0,96,1,0,0,0,12,3,12,0.4291534423828125,0,0,0,0,118,90.0,1.0,10.0,0.0,1.0,0.0,2.0,1.0,1.0,13.0,1.0,-3.0,1,0,0,0,0,0.6726
USR0003,2026-01-05,1,1,0,0,1,8.816666666666666,0,0,0,0,6,5,0,0,0,74,1,0,0,0,8,1,8,0.4291534423828125,0,0,0,0,89,104.0,19.79898987322333,-0.7576144084141581,0.0,0.5,0.0,2.5,0.7071067811865476,0.0,11.0,2.8284271247461903,-1.7677669529663687,0,0,0,0,0,0.2315
USR0003,2026-01-06,1,1,1,0,1,8.283333333333333,0,0,0,0,5,5,0,0,0,92,1,0,0,0,9,4,9,0.4291534423828125,0,0,0,0,107,99.0,16.46207763315433,0.4859653913846296,0.0,0.5,0.0,2.0,1.0,2.0,9.333333333333334,3.5118845842842465,-1.2339053944782488,1,0,0,0,1,0.4959
USR0003,2026-01-07,1,1,0,0,1,8.716666666666667,0,0,0,0,6,6,0,0,0,89,1,0,0,0,12,2,12,0.4291534423828125,0,0,0,0,108,101.0,14.023789311975086,0.4991518229686048,0.0,0.5,0.0,2.5,1.2909944487358056,0.0,8.25,3.5939764421413045,-0.6260475092762271,0,0,0,0,0,0.2396
USR0003,2026-01-08,1,1,0,0,1,9.45,0,0,0,0,17,14,0,0,0,101,1,0,0,0,8,1,8,0.4291534423828125,0,0,0,0,127,102.4,12.541929676090517,1.9614206613593559,0.0,0.5,0.0,2.4,1.140175425099138,0.0,7.8,3.2710854467592254,2.8125220663724178,0,0,1,0,0,0.544
USR0003,2026-01-09,1,1,0,0,1,8.783333333333333,0,0,0,0,19,15,0,0,0,40,1,0,0,0,9,1,9,0.4291534423828125,0,0,0,0,69,106.5,15.056560032092323,-2.490608739318316,0.0,0.5,0.0,2.1666666666666665,1.1690451944500122,0.0,9.333333333333334,4.760952285695233,2.030406121840614,0,0,0,0,0,0.2315
USR0003,2026-01-12,1,1,0,0,1,9.733333333333333,0,0,0,0,9,8,0,0,0,64,1,0,0,0,5,1,5,0.4291534423828125,0,0,0,0,79,101.14285714285714,19.74359450073678,-1.1215210655805772,0.0,0.5,0.0,2.0,1.1547005383792515,0.0,10.714285714285714,5.677860093212516,-0.30192461352385597,0,0,0,0,0,0.2315
USR0003,2026-01-13,1,1,1,0,1,8.35,0,0,0,0,10,10,0,0,0,66,1,0,0,0,6,2,6,0.4291534423828125,0,0,0,0,83,99.57142857142857,21.164885564358265,-0.7829680213029315,0.0,0.5,0.0,1.8571428571428572,1.2149857925879117,0.11757927025044303,10.142857142857142,5.610364558225292,-0.02546307666365479,1,0,0,0,0,0.429
USR0003,2026-01-14,1,1,0,0,1,8.533333333333333,0,0,0,0,9,9,0,0,0,49,1,0,0,0,11,2,11,0.4291534423828125,0,0,0,0,70,94.57142857142857,20.197831095253296,-1.2165379765554687,0.0,0.5,0.0,1.7142857142857142,1.1126972805283735,0.25677629550654785,10.285714285714286,5.589105048046175,-0.23003938459946163,0,0,0,0,0,0.237
USR0003,2026-01-15,1,1,0,0,1,8.65,0,0,0,0,10,8,0,0,0,67,1,0,0,0,6,3,6,0.4291534423828125,0,0,0,0,84,91.85714285714286,22.244314415362947,-0.35322027509718873,0.0,0.5,0.0,1.8571428571428572,1.0690449676496974,1.0690449676496976,10.714285714285714,5.313952882562588,-0.13441702063817662,0,0,0,0,0,0.2551
USR0003,2026-01-16,1,1,0,0,1,9.466666666666667,0,0,0,0,10,9,0,0,0,54,1,0,0,0,12,2,12,0.4291534423828125,0,0,0,0,77,88.57142857142857,21.313979316066586,-0.5429032467299979,0.0,0.5,0.0,1.7142857142857142,0.7559289460184543,0.3779644730092274,11.428571428571429,4.720774754816659,-0.30261376633440124,0,0,0,0,0,0.2396
USR0003,2026-01-19,1,1,0,0,1,9.866666666666667,0,0,0,0,17,14,0,0,0,60,1,0,0,0,7,0,7,0.4291534423828125,0,0,0,0,85,84.14285714285714,19.76890294906432,0.043358139768875266,0.0,0.5,0.0,1.7142857142857142,0.7559289460184543,0.0,12.0,4.163331998932266,1.2009611535381532,0,0,0,0,0,0.2322
USR0003,2026-01-20,1,1,0,0,1,9.916666666666666,0,0,0,0,6,5,0,0,0,114,1,0,0,0,10,4,10,0.4291534423828125,0,0,0,0,131,78.14285714285714,6.5428987314128655,8.078551270153765,0.0,0.5,0.0,1.5714285714285714,0.9759000729485331,2.48854518601876,12.0,4.163331998932266,-1.441153384245784,0,0,0,0,1,0.4565
USR0003,2026-01-21,1,1,0,0,1,9.5,0,0,0,0,19,16,0,0,0,43,1,0,0,0,5,0,5,0.4291534423828125,0,0,0,0,68,87.0,20.074859899884732,-0.946457414634764,0.0,0.5,0.0,2.0,1.2909944487358056,0.0,10.142857142857142,3.3380918415851224,2.653355053567659,0,0,1,0,0,0.5
USR0003,2026-01-22,1,1,0,0,1,9.583333333333334,0,0,0,0,12,12,0,0,0,66,1,0,0,0,9,2,9,0.4291534423828125,0,0,0,0,88,85.42857142857143,21.204222400716507,0.12126964728221672,0.0,0.5,0.0,1.8571428571428572,1.4638501094227998,0.09759000729485327,11.571428571428571,4.649628761422531,0.0921732573850282,0,0,0,0,0,0.2355
USR0003,2026-01-23,1,1,0,0,1,9.916666666666666,0,0,0,0,5,5,0,0,0,70,1,0,0,0,4,1,4,0.4291534423828125,0,0,0,0,80,86.14285714285714,21.192990755031655,-0.28985324505927496,0.0,0.5,0.0,1.8571428571428572,1.4638501094227998,0.0,11.857142857142858,4.59813626840888,-1.4912874384028802,0,0,0,0,0,0.2315
USR0003,2026-01-26,1,1,0,0,1,9.383333333333333,0,0,0,0,14,13,0,0,0,79,1,0,0,0,7,2,7,0.4291534423828125,0,0,0,0,101,87.57142857142857,20.23904759663971,0.6634981890551498,0.0,0.5,0.0,1.7142857142857142,1.4960264830861913,0.19098210422376916,11.285714285714286,5.219012860502955,0.5200764563787909,0,0,0,0,0,0.2465
USR0003,2026-01-27,1,1,1,0,1,8.266666666666667,0,0,0,0,19,17,0,0,0,94,1,0,0,0,4,1,4,0.4291534423828125,0,0,0,0,118,90.0,20.752509888364507,1.3492343890267946,0.0,0.5,0.0,1.5714285714285714,1.3972762620115438,0.0,11.857142857142858,5.273473599964619,1.3544880821826937,1,0,0,0,0,0.4555
USR0003,2026-01-28,1,1,0,0,1,8.766666666666667,0,0,0,0,8,8,0,0,0,88,1,0,0,0,12,2,12,0.4291534423828125,0,0,0,0,109,95.85714285714286,22.20682005922633,0.5918387733049891,0.0,0.5,0.0,1.4285714285714286,1.3972762620115438,0.40895890595459816,13.142857142857142,5.8145957563293935,-0.8844737206810912,0,0,0,0,0,0.2502
USR0003,2026-01-29,1,1,0,0,1,9.383333333333333,0,0,0,0,14,12,0,0,0,42,1,0,0,0,12,2,12,0.4291534423828125,0,0,0,0,69,99.28571428571429,22.10365192839021,-1.3701678973154177,0.0,0.5,0.0,1.7142857142857142,1.2535663410560174,0.22792115291927598,11.857142857142858,5.814595756329394,0.3685307169504546,0,0,0,0,0,0.2364
USR0003,2026-01-30,1,1,0,0,1,8.916666666666666,0,0,0,0,18,18,0,0,0,93,1,0,0,0,10,2,10,0.4291534423828125,0,0,0,0,122,90.42857142857143,19.552128126772146,1.6147310597969513,0.0,0.5,0.0,1.4285714285714286,0.7867957924694428,0.7262730392025633,13.0,5.228129047119373,0.9563650695950076,0,0,0,0,0,0.2754
USR0004,2026-01-01,1,1,0,0,1,9.45,0,0,0,0,16,14,0,0,0,54,1,0,0,0,12,3,12,0.4291534423828125,0,0,0,0,83,83.0,1.0,0.0,0.0,1.0,0.0,0.0,1.0,3.0,16.0,1.0,0.0,0,0,0,0,1,0.3015
USR0004,2026-01-02,1,1,1,0,1,8.483333333333333,0,0,0,0,6,5,0,0,0,95,1,0,0,0,8,3,8,0.4291534423828125,0,0,0,0,110,83.0,1.0,10.0,0.0,1.0,0.0,3.0,1.0,0.0,16.0,1.0,-3.0,1,0,0,0,0,0.6457
USR0004,2026-01-05,1,1,0,0,1,9.883333333333333,0,0,0,0,18,16,0,0,0,54,1,0,0,0,11,3,11,0.4291534423828125,0,0,0,0,84,96.5,19.091883092036785,-0.6547285010986551,0.0,0.5,0.0,3.0,0.5,0.0,11.0,7.0710678118654755,0.9899494936611665,0,0,0,0,0,0.2315
USR0004,2026-01-06,1,1,0,0,1,9.566666666666666,0,0,0,0,19,18,0,0,0,93,1,0,0,0,8,0,8,0.4291534423828125,0,0,0,0,121,92.33333333333333,15.307950004273378,1.8726652921301719,0.0,0.5,0.0,3.0,0.5,0.0,13.333333333333334,6.429100507328636,0.8814089405208615,0,0,0,0,0,0.2628
USR0004,2026-01-07,1,1,0,0,1,8.833333333333334,0,0,0,0,17,14,0,0,0,104,1,0,0,0,8,1,8,0.4291534423828125,0,0,0,0,130,99.5,19.017535767461215,1.6037829702513378,0.0,0.5,0.0,2.25,1.5,0.0,14.75,5.965176722724427,0.37718916045330103,0,0,0,0,0,0.2581
USR0004,2026-01-08,1,1,0,0,1,9.816666666666666,1,0,0,0,7,7,0,0,0,98,1,0,0,0,7,0,7,0.4291534423828125,0,0,0,0,114,105.6,21.384573879317774,0.39280651779197334,0.0,0.5,0.0,2.0,1.4142135623730951,0.0,15.2,5.263078946776306,-1.5580233705258382,0,1,0,0,0,0.5088
USR0004,2026-01-09,1,1,0,0,1,8.85,0,0,0,0,9,7,0,0,0,66,1,0,0,0,8,0,8,0.4291534423828125,0,0,0,0,84,107.0,19.43193248238579,-1.1836187687893889,0.0,0.5,0.0,1.6666666666666667,1.505545305418162,0.0,13.833333333333334,5.776388721914987,-0.8367396250526208,0,0,0,0,0,0.2315
USR0004,2026-01-12,1,1,0,0,1,8.65,0,0,0,0,14,13,0,0,0,55,1,0,0,0,12,1,12,0.4291534423828125,0,0,0,0,82,103.71428571428571,19.754444948874045,-1.0992101155200196,0.0,0.5,0.0,1.4285714285714286,1.511857892036909,0.0,13.142857142857142,5.5805785670356025,0.15359390551474147,0,0,0,0,0,0.2315
USR0004,2026-01-13,1,1,0,0,1,8.816666666666666,0,0,0,0,17,15,0,0,0,93,1,0,0,0,5,0,5,0.4291534423828125,0,0,0,0,116,103.57142857142857,19.93202735011455,0.6235477811794194,0.0,0.5,0.0,1.1428571428571428,1.3451854182690985,0.0,12.857142857142858,5.459809869356607,0.7587914674664932,0,0,0,0,0,0.2416
USR0004,2026-01-14,1,1,1,0,1,8.316666666666666,0,0,0,0,7,7,0,0,0,113,1,0,0,0,4,1,4,0.4291534423828125,0,0,0,0,125,104.42857142857143,20.37856016223213,1.0094642804820866,0.0,0.5,0.0,0.7142857142857143,1.1126972805283737,0.25677629550654774,14.428571428571429,4.68533680244878,-1.585493581739717,1,0,0,0,0,0.4555
USR0004,2026-01-15,1,1,0,0,1,8.9,0,0,0,0,8,7,0,0,0,104,1,0,0,0,5,1,5,0.4291534423828125,0,0,0,0,118,110.28571428571429,19.396857870234943,0.39770800847716214,0.0,0.5,0.0,0.42857142857142855,0.5345224838248491,1.0690449676496967,12.857142857142858,5.11300861947808,-0.9499578855860915,0,0,0,0,0,0.2619
USR0004,2026-01-16,1,1,0,0,1,8.9,0,0,0,0,12,11,0,0,0,80,1,0,0,0,7,1,7,0.4291534423828125,0,0,0,0,100,109.85714285714286,19.152272027347664,-0.5146722458342163,0.0,0.5,0.0,0.5714285714285714,0.534522483824849,0.8017837257372729,11.285714285714286,4.572172558506721,0.1562245748920291,0,0,0,0,0,0.249
USR0004,2026-01-19,1,1,0,0,1,9.3,0,0,0,0,12,11,0,0,0,45,1,0,0,0,10,0,10,0.4291534423828125,0,0,0,0,68,105.57142857142857,17.145039543622552,-2.191387688306851,0.0,0.5,0.0,0.5714285714285714,0.534522483824849,0.0,10.571428571428571,3.86683086679272,0.36944243950248956,0,0,0,0,0,0.2315
USR0004,2026-01-20,1,1,0,0,1,8.583333333333334,0,0,0,0,14,12,0,0,0,69,1,0,0,0,10,0,10,0.4291534423828125,0,0,0,0,94,99.0,21.610182784974306,-0.2313724066913738,0.0,0.5,0.0,0.5714285714285714,0.534522483824849,0.0,11.285714285714286,3.5456210417116716,0.7655318158241115,0,0,0,0,0,0.2315
USR0004,2026-01-21,1,1,0,0,1,9.85,0,0,0,0,10,9,0,0,0,43,1,0,0,0,10,2,10,0.4291534423828125,0,0,0,0,64,100.42857142857143,20.767419538443242,-1.7541212263342263,0.0,0.5,0.0,0.5714285714285714,0.534522483824849,2.672612419124243,12.0,3.5118845842842448,-0.5694947974514997,0,0,0,0,1,0.2933
USR0004,2026-01-22,1,1,1,0,1,8.383333333333333,0,0,0,0,10,10,0,0,0,49,1,0,0,0,8,2,8,0.4291534423828125,0,0,0,0,68,97.85714285714286,24.25165679170924,-1.2311382728849243,0.0,0.5,0.0,0.7142857142857143,0.7559289460184546,1.700840128541522,11.428571428571429,3.457221565416504,-0.41321373291830765,1,0,0,0,0,0.476
USR0004,2026-01-23,1,1,0,0,1,8.8,0,0,0,0,12,11,0,0,0,110,1,0,0,0,7,5,7,0.4291534423828125,0,0,0,0,130,91.0,25.03996805109782,1.5575099744702006,0.0,0.5,0.0,1.0,0.8164965809277261,4.898979485566356,10.428571428571429,2.439750182371331,0.6440940481460323,0,0,0,0,1,0.3842
USR0004,2026-01-26,1,1,0,0,1,8.766666666666667,0,0,0,0,6,6,0,0,0,95,1,0,0,0,5,1,5,0.4291534423828125,0,0,0,0,107,91.71428571428571,26.21522640066446,0.5830853433074625,0.0,0.5,0.0,1.5714285714285714,1.7182493859684491,0.0,11.142857142857142,1.9518001458970637,-2.634930196961043,0,0,0,0,0,0.2409
USR0004,2026-01-27,1,1,0,0,1,8.816666666666666,0,0,0,0,7,6,0,0,0,54,1,0,0,0,6,1,6,0.4291534423828125,0,0,0,0,68,90.14285714285714,24.660552652827075,-0.8979059575260042,0.0,0.5,0.0,1.5714285714285714,1.7182493859684491,0.0,10.857142857142858,2.544836041121405,-1.5156744068443688,0,0,0,0,0,0.2315
USR0004,2026-01-28,1,1,0,0,1,9.816666666666666,0,0,0,0,15,14,0,0,0,50,1,0,0,0,8,0,8,0.4291534423828125,0,0,0,0,74,85.57142857142857,25.481085422048125,-0.4541183540563037,0.0,0.5,0.0,1.5714285714285714,1.7182493859684491,0.0,10.142857142857142,2.8535691936340233,1.7021289926939818,0,0,0,0,0,0.2315
USR0004,2026-01-29,1,1,0,0,1,9.883333333333333,0,0,0,0,16,15,0,0,0,117,1,0,0,0,11,3,11,0.4291534423828125,0,0,0,0,145,86.42857142857143,24.88545186018758,2.3536413524052873,0.0,0.5,0.0,1.5714285714285714,1.7182493859684491,0.8314109932105399,10.571428571428571,3.3594217189442404,1.6159243711377376,0,0,0,0,0,0.2914
USR0004,2026-01-30,1,1,0,0,1,9.55,0,0,0,0,20,15,0,0,0,61,1,0,0,0,11,2,11,0.4291534423828125,0,0,0,0,93,93.71428571428571,33.45999743830576,-0.0213474527486956,0.0,0.5,0.0,2.0,1.632993161855452,0.0,10.857142857142858,3.7606990231680513,2.4311589644722766,0,0,0,0,0,0.2315
USR0005,2026-01-01,1,1,1,0,1,8.3,1,0,0,0,13,11,0,0,0,45,1,0,0,0,7,1,7,0.4291534423828125,0,0,0,0,67,67.0,1.0,0.0,0.0,1.0,0.0,0.0,1.0,1.0,13.0,1.0,0.0,1,1,0,0,0,0.735
USR0005,2026-01-02,1,1,0,0,1,8.8,0,0,0,0,19,18,0,0,0,79,1,0,0,0,10,4,10,0.4291534423828125,0,0,0,0,109,67.0,1.0,10.0,0.0,1.0,0.0,1.0,1.0,3.0,13.0,1.0,6.0,0,0,1,0,1,0.779
USR0005,2026-01-05,1,1,0,0,1,9.683333333333334,0,0,0,0,15,15,0,0,0,45,1,0,0,0,10,4,10,0.4291534423828125,0,0,0,0,71,88.0,29.698484809834994,-0.5724197752462528,0.0,0.5,0.0,2.5,2.1213203435596424,0.7071067811865476,16.0,4.242640687119285,-0.23570226039551587,0,0,0,0,1,0.2469
USR0005,2026-01-06,1,1,1,0,1,8.25,0,0,0,0,12,12,0,0,0,54,1,0,0,0,6,2,6,0.4291534423828125,0,0,0,0,73,82.33333333333333,23.180451534284945,-0.4026381159801354,0.0,0.5,0.0,3.0,1.7320508075688772,0.0,15.666666666666666,3.055050463303893,-1.200198396297958,1,0,0,0,0,0.4256
USR0005,2026-01-07,1,1,0,0,1,9.316666666666666,0,0,0,0,8,8,0,0,0,103,1,0,0,0,9,1,9,0.4291534423828125,0,0,0,0,121,80.0,19.493588689617926,2.103255621774566,0.0,0.5,0.0,2.75,1.5,0.0,14.75,3.0956959368344514,-2.1804467033355706,0,0,0,0,0,0.2668
USR0005,2026-01-08,1,1,0,0,1,9.683333333333334,0,0,0,0,9,8,0,0,0,105,1,0,0,0,5,1,5,0.4291534423828125,0,0,0,0,120,88.2,24.923884127479006,1.2758846027911017,0.0,0.5,0.0,2.4,1.51657508881031,0.0,13.4,4.03732584763727,-1.089830290159754,0,0,0,0,0,0.2525
USR0005,2026-01-09,1,1,1,0,1,8.35,0,0,0,0,14,12,0,0,0,76,1,0,0,0,7,0,7,0.4291534423828125,0,0,0,0,98,93.5,25.79728667902886,0.17443694974549945,0.0,0.5,0.0,2.1666666666666665,1.4719601443879744,0.0,12.666666666666666,4.033195589934446,0.3305898024536433,1,0,0,0,0,0.4294
USR0005,2026-01-12,1,1,0,0,1,9.816666666666666,0,0,0,0,10,10,0,0,0,76,1,0,0,0,5,1,5,0.4291534423828125,0,0,0,0,92,94.14285714285714,23.61093370614958,-0.09075698443467407,0.0,0.5,0.0,1.8571428571428572,1.5735915849388862,0.0,12.857142857142858,3.7161167647860327,-0.7688517444384896,0,0,0,0,0,0.2315
USR0005,2026-01-13,1,1,0,0,1,9.883333333333333,0,0,0,0,9,8,0,0,0,72,1,0,0,0,10,1,10,0.4291534423828125,0,0,0,0,92,97.71428571428571,20.507838222772982,-0.27863910628767613,0.0,0.5,0.0,1.8571428571428572,1.5735915849388862,0.0,12.428571428571429,3.8668308667927223,-0.8866618548059744,0,0,0,0,0,0.2315
USR0005,2026-01-14,1,1,0,0,1,8.583333333333334,0,0,0,0,5,5,0,0,0,41,1,0,0,0,7,4,7,0.4291534423828125,0,0,0,0,54,95.28571428571429,19.947550273273205,-2.0697135096850015,0.0,0.5,0.0,1.4285714285714286,1.2724180205607034,2.0208992091258233,11.0,2.7080128015453204,-2.2156468376279888,0,0,0,0,1,0.2774
USR0005,2026-01-15,1,1,0,0,1,9.333333333333334,1,0,0,0,20,16,0,0,0,44,1,0,0,0,11,4,11,0.4291534423828125,0,0,0,0,77,92.85714285714286,24.01685915788165,-0.6602504829170802,0.0,0.5,0.0,1.4285714285714286,1.2724180205607034,2.0208992091258233,9.571428571428571,2.8784916685156987,3.6229291689938945,0,1,1,0,1,0.8088
USR0005,2026-01-16,1,1,0,0,1,9.616666666666667,0,0,0,0,6,6,0,0,0,98,1,0,0,0,10,1,10,0.4291534423828125,0,0,0,0,115,93.42857142857143,23.507850765628223,0.9176265744790683,0.0,0.5,0.0,1.7142857142857142,1.6035674514745462,0.0,10.714285714285714,4.8892496259407645,-0.9642145676656088,0,0,0,0,0,0.2465
USR0005,2026-01-19,1,1,0,0,1,9.733333333333333,0,0,0,0,18,14,0,0,0,58,1,0,0,0,4,2,4,0.4291534423828125,0,0,0,0,81,92.57142857142857,22.419166969783856,-0.5161399880300784,0.0,0.5,0.0,1.7142857142857142,1.6035674514745462,0.17817416127494967,10.428571428571429,5.126959555693246,1.4767872633246848,0,0,0,0,0,0.2353
USR0005,2026-01-20,1,1,0,0,1,9.366666666666667,0,0,0,0,8,8,0,0,0,86,1,0,0,0,6,1,6,0.4291534423828125,0,0,0,0,101,87.0,19.06130460732772,0.7344722876218028,0.0,0.5,0.0,1.8571428571428572,1.5735915849388862,0.0,11.714285714285714,5.794085654478071,-0.6410477745379991,0,0,0,0,0,0.2434
USR0005,2026-01-21,1,1,0,0,1,8.816666666666666,0,0,0,0,14,13,0,0,0,119,1,0,0,0,9,2,9,0.4291534423828125,0,0,0,0,143,87.42857142857143,19.380893880805584,2.8673305221729377,0.0,0.5,0.0,2.0,1.414213562373095,0.0,10.857142857142858,5.843188953205017,0.537866765566989,0,0,0,0,0,0.2805
USR0005,2026-01-22,1,1,0,0,1,9.866666666666667,0,0,0,0,5,5,0,0,0,81,1,0,0,0,4,1,4,0.4291534423828125,0,0,0,0,91,94.71428571428571,28.721155302403172,-0.12932229484427893,0.0,0.5,0.0,2.142857142857143,1.3451854182690985,0.0,11.428571428571429,5.94017796751194,-1.082218658048734,0,0,0,0,0,0.2315
USR0005,2026-01-23,1,1,0,0,1,9.716666666666667,0,0,0,0,8,8,0,0,0,55,1,0,0,0,7,3,7,0.4291534423828125,0,0,0,0,71,94.57142857142857,28.73938727517309,-0.8201785356708376,0.0,0.5,0.0,2.142857142857143,1.3451854182690985,0.6371930928643098,10.857142857142858,6.3882332306768355,-0.4472508679587051,0,0,0,0,0,0.2454
USR0005,2026-01-26,1,1,0,0,1,8.85,0,0,0,0,11,9,0,0,0,59,1,0,0,0,10,0,10,0.4291534423828125,0,0,0,0,81,97.0,25.245461638348647,-0.6337772796238156,0.0,0.5,0.0,2.0,1.1547005383792515,0.0,11.285714285714286,6.019808571549035,-0.04746235404637886,0,0,0,0,0,0.2315
USR0005,2026-01-27,1,1,0,0,1,8.733333333333333,0,0,0,0,12,11,0,0,0,54,1,0,0,0,6,2,6,0.4291534423828125,0,0,0,0,73,97.57142857142857,24.757875129994108,-0.992469201917104,0.0,0.5,0.0,1.4285714285714286,0.9759000729485331,0.5855400437691199,10.0,4.654746681256313,0.4296689244236598,0,0,0,0,0,0.2442
USR0005,2026-01-28,1,1,0,0,1,8.6,0,0,0,0,8,8,0,0,0,61,1,0,0,0,11,1,11,0.4291534423828125,0,0,0,0,81,91.57142857142857,24.91891612715892,-0.42423308130592635,0.0,0.5,0.0,1.5714285714285714,0.9759000729485331,0.0,10.857142857142858,4.336994790119514,-0.6587840187523315,0,0,0,0,0,0.2315
USR0005,2026-01-29,1,1,0,0,1,8.583333333333334,0,0,0,0,11,10,0,0,0,72,1,0,0,0,4,2,4,0.4291534423828125,0,0,0,0,88,91.57142857142857,24.91891612715892,-0.14332198692767778,0.0,0.5,0.0,1.4285714285714286,0.9759000729485331,0.5855400437691199,9.428571428571429,3.047247001100219,0.5156879540323451,0,0,0,0,0,0.2442
USR0005,2026-01-30,1,1,0,0,1,9.833333333333334,0,0,0,0,17,14,0,0,0,110,1,0,0,0,8,1,8,0.4291534423828125,0,0,0,0,136,89.71428571428571,24.581254956533343,1.8829679106115864,0.0,0.5,0.0,1.5714285714285714,0.9759000729485331,0.0,9.857142857142858,3.0237157840738167,2.362277956307671,0,0,0,0,0,0.263
USR0006,2026-01-01,1,1,0,0,1,9.45,0,0,0,0,17,14,0,0,0,110,1,0,0,0,12,1,12,0.4291534423828125,0,0,0,0,140,140.0,1.0,0.0,0.0,1.0,0.0,0.0,1.0,1.0,17.0,1.0,0.0,0,0,0,0,0,0.2535
USR0006,2026-01-02,1,1,0,0,1,9.5,1,0,0,0,16,11,0,0,0,68,1,0,0,0,8,1,8,0.4291534423828125,0,0,0,0,94,140.0,1.0,-3.0,0.0,1.0,0.0,1.0,1.0,0.0,17.0,1.0,-1.0,0,1,0,0,0,0.5
USR0006,2026-01-05,1,1,0,0,1,9.833333333333334,0,0,0,0,9,8,0,0,0,111,1,0,0,0,7,2,7,0.4291534423828125,0,0,0,0,128,117.0,32.526911934581186,0.3381815040457401,0.0,0.5,0.0,1.0,0.5,2.0,16.5,1.0,-3.0,0,0,0,0,0,0.283
USR0006,2026-01-06,1,1,1,0,1,8.416666666666666,0,0,0,0,12,11,0,0,0,93,1,0,0,0,6,1,6,0.4291534423828125,0,0,0,0,112,120.66666666666667,23.860706890897706,-0.3632191915476234,0.0,0.5,0.0,1.3333333333333333,0.5773502691896258,0.0,14.0,4.358898943540674,-0.4588314677411235,1,0,0,0,0,0.4256
USR0006,2026-01-07,1,1,1,0,1,8.35,0,0,0,0,13,11,0,0,0,98,1,0,0,0,8,2,8,0.4291534423828125,0,0,0,0,120,118.5,19.958289839896935,0.0751567399828755,0.0,0.5,0.0,1.25,0.5,1.5,13.5,3.696845502136472,-0.13525044520011487,1,0,0,0,0,0.4717
USR0006,2026-01-08,1,1,0,0,1,9.616666666666667,0,0,0,0,20,17,0,0,0,98,1,0,0,0,4,0,4,0.4291534423828125,0,0,0,0,123,118.8,17.29739864835172,0.24281107728301235,0.0,0.5,0.0,1.4,0.5477225575051662,0.0,13.4,3.2093613071762426,2.056483944404194,0,0,0,0,0,0.2354
USR0006,2026-01-09,1,1,0,0,1,9.3,0,0,0,0,8,8,0,0,0,116,1,0,0,0,5,1,5,0.4291534423828125,0,0,0,0,130,119.5,15.56598856481656,0.6745475853511099,0.0,0.5,0.0,1.1666666666666667,0.752772652709081,0.0,14.5,3.9370039370059056,-1.6510016510024765,0,0,0,0,0,0.2425
USR0006,2026-01-12,1,1,0,0,1,9.55,0,0,0,0,17,14,0,0,0,63,1,0,0,0,4,1,4,0.4291534423828125,0,0,0,0,85,121.0,14.75353065088715,-2.4400938901926685,0.0,0.5,0.0,1.1428571428571428,0.6900655593423541,0.0,13.571428571428571,4.353433237386437,0.7875557615372449,0,0,0,0,0,0.2315
USR0006,2026-01-13,1,1,0,0,1,9.783333333333333,0,0,0,0,7,6,0,0,0,98,1,0,0,0,5,1,5,0.4291534423828125,0,0,0,0,111,113.14285714285714,17.363069730787537,-0.12341464822072941,0.0,0.5,0.0,1.1428571428571428,0.6900655593423541,0.0,13.571428571428571,4.353433237386437,-1.5094818762797193,0,0,0,0,0,0.2315
USR0006,2026-01-14,1,1,1,0,1,8.333333333333334,0,0,0,0,5,5,0,0,0,90,1,0,0,0,5,0,5,0.4291534423828125,0,0,0,0,101,115.57142857142857,15.306394555404424,-0.9519830760068607,0.0,0.5,0.0,1.1428571428571428,0.6900655593423541,0.0,12.285714285714286,4.820590756130958,-1.5113737411640094,1,0,0,0,0,0.4256
USR0006,2026-01-15,1,1,0,0,1,9.7,0,0,0,0,18,15,0,0,0,114,1,0,0,0,6,0,6,0.4291534423828125,0,0,0,0,139,111.71428571428571,15.052289811567821,1.8127284703716622,0.0,0.5,0.0,0.8571428571428571,0.6900655593423541,0.0,11.714285714285714,5.468524655221178,1.1494351186133687,0,0,0,0,0,0.2618
USR0006,2026-01-16,1,1,0,0,1,9.516666666666667,0,0,0,0,16,12,0,0,0,83,1,0,0,0,9,2,9,0.4291534423828125,0,0,0,0,109,115.57142857142857,18.256114435599766,-0.35995767854161564,0.0,0.5,0.0,0.7142857142857143,0.7559289460184544,1.7008401285415224,12.571428571428571,5.968169536721256,0.5744762120908162,0,0,0,0,0,0.2697
USR0006,2026-01-19,1,1,0,0,1,8.583333333333334,0,0,0,0,8,8,0,0,0,88,1,0,0,0,12,4,12,0.4291534423828125,0,0,0,0,109,114.0,18.284784202536635,-0.2734514088116147,0.0,0.5,0.0,0.7142857142857143,0.7559289460184544,4.346591439606113,13.0,6.110100926607787,-0.8183170883849714,0,0,0,0,1,0.3366
USR0006,2026-01-20,1,1,1,0,1,8.383333333333333,0,0,0,0,20,17,0,0,0,67,1,0,0,0,10,2,10,0.4291534423828125,0,0,0,0,98,112.0,17.897858344878397,-0.7822164937407834,0.0,0.5,0.0,1.2857142857142858,1.3801311186847085,0.5175491695067655,11.285714285714286,5.468524655221178,1.5935350508048973,1,0,0,0,0,0.4408
USR0006,2026-01-21,1,1,0,0,1,9.633333333333333,0,0,0,0,19,14,0,0,0,117,1,0,0,0,8,2,8,0.4291534423828125,0,0,0,0,145,107.42857142857143,16.57163382467304,2.2672132976707178,0.0,0.5,0.0,1.4285714285714286,1.3972762620115438,0.40895890595459816,13.0,6.110100926607787,0.9819805060619656,0,0,0,0,0,0.2795
USR0006,2026-01-22,1,1,0,0,1,8.65,0,0,0,0,9,9,0,0,0,111,1,0,0,0,10,1,10,0.4291534423828125,0,0,0,0,131,116.0,18.448125469362278,0.8130907405693466,0.0,0.5,0.0,1.5714285714285714,1.3972762620115438,0.0,13.285714285714286,6.369570517030844,-0.672841956024385,0,0,0,0,0,0.2447
USR0006,2026-01-23,1,1,1,0,1,8.35,0,0,0,0,9,8,0,0,0,62,1,0,0,0,7,1,7,0.4291534423828125,0,0,0,0,79,118.85714285714286,19.082527535493224,-2.0886720998048687,0.0,0.5,0.0,1.5714285714285714,1.3972762620115438,0.0,13.571428571428571,6.078847008469695,-0.7520223103261476,1,0,0,0,0,0.4256
USR0006,2026-01-26,1,1,1,0,1,8.433333333333334,0,0,0,0,18,14,0,0,0,108,1,0,0,0,10,2,10,0.4291534423828125,0,0,0,0,137,115.71428571428571,23.753696454196238,0.896101132165223,0.0,0.5,0.0,1.7142857142857142,1.2535663410560174,0.22792115291927598,14.142857142857142,5.27347359996462,0.7314235643786545,1,0,0,0,0,0.4521
USR0006,2026-01-27,1,1,0,0,1,8.75,0,0,0,0,18,16,0,0,0,75,1,0,0,0,11,3,11,0.4291534423828125,0,0,0,0,105,115.42857142857143,23.436845228949096,-0.4449648118890209,0.0,0.5,0.0,2.0,1.0,1.0,14.142857142857142,5.27347359996462,0.7314235643786545,0,0,0,0,0,0.2535
USR0006,2026-01-28,1,1,0,0,1,9.366666666666667,0,0,0,0,9,8,0,0,0,67,1,0,0,0,5,0,5,0.4291534423828125,0,0,0,0,82,114.85714285714286,23.667337347975096,-1.3882906376011925,0.0,0.5,0.0,2.142857142857143,1.0690449676496976,0.0,14.428571428571429,5.442338432975996,-0.9974703880374013,0,0,0,0,0,0.2315
USR0006,2026-01-29,1,1,1,0,1,8.316666666666666,0,0,0,0,9,8,0,0,0,83,1,0,0,0,9,2,9,0.4291534423828125,0,0,0,0,102,111.0,26.77685567799176,-0.33611115913797207,0.0,0.5,0.0,1.5714285714285714,0.9759000729485331,0.43915503282684,14.571428571428571,5.255382728122436,-1.0601375503281465,1,0,0,0,0,0.4385
USR0006,2026-01-30,1,1,0,0,1,8.55,0,0,0,0,14,11,0,0,0,86,1,0,0,0,6,1,6,0.4291534423828125,0,0,0,0,107,111.57142857142857,26.49438395117691,-0.172543305020893,0.0,0.5,0.0,1.5714285714285714,0.9759000729485331,0.0,13.0,5.0,0.2,0,0,0,0,0,0.2315
USR0007,2026-01-01,1,1,0,0,1,9.433333333333334,0,0,0,0,13,11,0,0,0,52,1,0,0,0,10,3,10,0.4291534423828125,0,0,0,0,76,76.0,1.0,0.0,0.0,1.0,0.0,0.0,1.0,3.0,13.0,1.0,0.0,0,0,0,0,1,0.3015
USR0007,2026-01-02,1,1,1,0,1,8.466666666666667,0,0,0,0,5,5,0,0,0,53,1,0,0,0,12,4,12,0.4291534423828125,0,0,0,0,71,76.0,1.0,-3.0,0.0,1.0,0.0,3.0,1.0,1.0,13.0,1.0,-3.0,1,0,0,0,1,0.4551
USR0007,2026-01-05,1,1,1,0,1,8.3,0,0,0,0,13,9,0,0,0,72,1,0,0,0,7,2,7,0.4291534423828125,0,0,0,0,93,73.5,3.5355339059327378,5.5154328932550705,0.0,0.5,0.0,3.5,0.7071067811865476,0.0,9.0,5.656854249492381,0.7071067811865475,1,0,0,0,0,0.5489
USR0007,2026-01-06,1,1,0,0,1,9.766666666666667,0,0,0,0,13,10,0,0,0,47,1,0,0,0,11,1,11,0.4291534423828125,0,0,0,0,72,80.0,11.532562594670797,-0.693687975619296,0.0,0.5,0.0,3.0,1.0,0.0,10.333333333333334,4.618802153517006,0.5773502691896256,0,0,0,0,0,0.2315
USR0007,2026-01-07,1,1,0,0,1,9.7,0,0,0,0,17,15,0,0,0,53,1,0,0,0,5,0,5,0.4291534423828125,0,0,0,0,76,78.0,10.23067283548187,-0.1954905637353224,0.0,0.5,0.0,2.5,1.2909944487358056,0.0,11.0,4.0,1.5,0,0,0,0,0,0.2315
USR0007,2026-01-08,1,1,0,0,1,9.25,0,0,0,0,13,10,0,0,0,52,1,0,0,0,5,2,5,0.4291534423828125,0,0,0,0,71,77.6,8.905054744357274,-0.7411520972605039,0.0,0.5,0.0,2.0,1.5811388300841898,0.0,12.2,4.3817804600413295,0.1825741858350555,0,0,0,0,0,0.2315
USR0007,2026-01-09,1,1,1,0,1,8.433333333333334,0,0,0,0,17,15,0,0,0,55,1,0,0,0,9,0,9,0.4291534423828125,0,0,0,0,82,76.5,8.408329203831162,0.6541133043998784,0.0,0.5,0.0,2.0,1.4142135623730951,0.0,12.333333333333334,3.9327683210007005,1.1866111313364178,1,0,0,0,0,0.44
USR0007,2026-01-12,1,1,0,0,1,8.7,0,0,0,0,8,7,0,0,0,58,1,0,0,0,11,2,11,0.4291534423828125,0,0,0,0,78,77.28571428571429,7.952238379104038,0.08982196964349366,0.0,0.5,0.0,1.7142857142857142,1.4960264830861913,0.19098210422376916,13.0,4.0,-1.25,0,0,0,0,0,0.237
USR0007,2026-01-13,1,1,0,0,1,9.866666666666667,0,0,0,0,10,9,0,0,0,62,1,0,0,0,12,5,12,0.4291534423828125,0,0,0,0,85,77.57142857142857,7.934253648099545,0.9362659372946518,0.0,0.5,0.0,1.5714285714285714,1.3972762620115438,2.4537534357275894,12.285714285714286,4.423960733486292,-0.5166669469765014,0,0,0,0,1,0.3055
USR0007,2026-01-14,1,1,0,0,1,8.616666666666667,0,0,0,0,19,15,0,0,0,117,1,0,0,0,4,1,4,0.4291534423828125,0,0,0,0,141,79.57142857142857,7.764387566686397,7.911579748045378,0.0,0.5,0.0,1.7142857142857142,1.7043362064926932,0.0,13.0,3.3166247903554007,1.8090680674665813,0,0,0,0,0,0.3804
USR0007,2026-01-15,1,1,0,0,1,9.75,0,0,0,0,18,17,0,0,0,83,1,0,0,0,4,0,4,0.4291534423828125,0,0,0,0,106,86.42857142857143,24.582223542342835,0.7961618499529475,0.0,0.5,0.0,1.5714285714285714,1.7182493859684491,0.0,13.857142857142858,4.017817460121496,1.0311212950754276,0,0,0,0,0,0.2445
USR0007,2026-01-16,1,1,0,0,1,8.733333333333333,0,0,0,0,17,14,0,0,0,82,1,0,0,0,10,1,10,0.4291534423828125,0,0,0,0,110,91.28571428571429,24.615132782594568,0.7602756353001936,0.0,0.5,0.0,1.4285714285714286,1.8126539343499313,0.0,14.571428571428571,4.276179870598791,0.5679301390639018,0,0,0,0,0,0.2439
USR0007,2026-01-19,1,1,0,0,1,8.65,0,0,0,0,20,16,0,0,0,79,1,0,0,0,12,2,12,0.4291534423828125,0,0,0,0,112,96.14285714285714,24.450143635764668,0.6485500900676788,0.0,0.5,0.0,1.5714285714285714,1.7182493859684491,0.24942329796316198,14.571428571428571,4.276179870598791,1.2694908990840155,0,0,0,0,0,0.2476
USR0007,2026-01-20,1,1,0,0,1,9.583333333333334,0,0,0,0,17,14,0,0,0,110,1,0,0,0,10,3,10,0.4291534423828125,0,0,0,0,138,102.0,22.23360819420305,1.6191703877100005,0.0,0.5,0.0,1.5714285714285714,1.7182493859684491,0.8314109932105399,15.571428571428571,4.649628761422533,0.30724419128342706,0,0,0,0,0,0.278
USR0007,2026-01-21,1,1,0,0,1,9.7,0,0,0,0,5,5,0,0,0,100,1,0,0,0,8,2,8,0.4291534423828125,0,0,0,0,114,110.0,23.853720883753113,0.16768872326012751,0.0,0.5,0.0,2.0,1.6329931618554518,0.0,15.571428571428571,4.649628761422533,-2.27360701549736,0,0,0,0,0,0.2342
USR0007,2026-01-22,1,1,0,0,1,8.9,0,0,0,0,5,4,0,0,0,55,1,0,0,0,11,2,11,0.4291534423828125,0,0,0,0,72,115.14285714285714,19.239097097911234,-2.242457477255578,0.0,0.5,0.0,2.0,1.6329931618554518,0.0,15.142857142857142,5.520524474738835,-1.8372995517490176,0,0,0,0,0,0.2315
USR0007,2026-01-23,1,1,0,0,1,8.566666666666666,0,0,0,0,12,11,0,0,0,105,1,0,0,0,6,0,6,0.4291534423828125,0,0,0,0,124,113.28571428571429,22.910800114896933,0.4676521841469484,0.0,0.5,0.0,1.5714285714285714,0.9759000729485329,0.0,14.428571428571429,6.528326555791127,-0.372005200385863,0,0,0,0,0,0.239
USR0007,2026-01-26,1,1,1,0,1,8.283333333333333,0,0,0,0,10,10,0,0,0,100,1,0,0,0,12,6,12,0.4291534423828125,0,0,0,0,123,110.85714285714286,20.22728002334611,0.6003208107487503,0.0,0.5,0.0,1.4285714285714286,1.1338934190276815,4.031621045431757,13.428571428571429,6.241184258807055,-0.5493462917287382,1,0,0,0,1,0.5592
USR0007,2026-01-27,1,1,1,0,1,8.25,0,0,0,0,18,12,0,0,0,76,1,0,0,0,6,2,6,0.4291534423828125,0,0,0,0,101,113.28571428571429,20.564648353540147,-0.5974191279375483,0.0,0.5,0.0,2.2857142857142856,1.889822365046136,0.0,12.285714285714286,5.992058236095668,0.9536432205987794,1,0,0,0,0,0.4256
USR0007,2026-01-28,1,1,0,0,1,8.55,0,0,0,0,5,4,0,0,0,78,1,0,0,0,8,3,8,0.4291534423828125,0,0,0,0,92,112.0,21.07921567168316,-0.9488019057021687,0.0,0.5,0.0,2.4285714285714284,1.8126539343499317,0.3152441624956403,12.428571428571429,6.133436852128474,-1.2111596821924573,0,0,0,0,0,0.2383
USR0007,2026-01-29,1,1,0,0,1,9.833333333333334,0,0,0,0,12,11,0,0,0,41,1,0,0,0,7,4,7,0.4291534423828125,0,0,0,0,61,109.14285714285714,22.393664069914735,-2.1498427855553897,0.0,0.5,0.0,2.5714285714285716,1.8126539343499317,0.7881104062391004,10.285714285714286,5.648430038936654,0.30349773343540193,0,0,0,0,1,0.2487
USR0007,2026-01-30,1,1,0,0,1,8.666666666666666,0,0,0,0,8,8,0,0,0,79,1,0,0,0,4,1,4,0.4291534423828125,0,0,0,0,92,98.14285714285714,24.653793294532257,-0.24916478650851298,0.0,0.5,0.0,2.7142857142857144,1.889822365046136,0.0,9.571428571428571,4.928053803045815,-0.31887406960884634,0,0,0,0,0,0.2315
USR0008,2026-01-01,1,1,0,0,1,9.483333333333333,0,0,0,0,15,13,0,0,0,108,1,0,0,0,9,2,9,0.4291534423828125,0,0,0,0,133,133.0,1.0,0.0,0.0,1.0,0.0,0.0,1.0,2.0,15.0,1.0,0.0,0,0,0,0,0,0.2769
USR0008,2026-01-02,1,1,0,0,1,9.7,0,0,0,0,14,13,0,0,0,112,1,0,0,0,5,2,5,0.4291534423828125,0,0,0,0,132,133.0,1.0,-1.0,0.0,1.0,0.0,2.0,1.0,0.0,15.0,1.0,-1.0,0,0,0,0,0,0.2315
USR0008,2026-01-05,1,1,0,0,1,9.45,0,0,0,0,5,5,0,0,0,40,1,0,0,0,6,2,6,0.4291534423828125,0,0,0,0,52,132.5,1.0,-3.0,0.0,0.5,0.0,2.0,0.5,0.0,14.5,1.0,-3.0,0,0,0,0,0,0.2315
USR0008,2026-01-06,1,1,1,0,1,8.466666666666667,0,0,0,0,12,10,0,0,0,91,1,0,0,0,9,1,9,0.4291534423828125,0,0,0,0,113,105.66666666666667,46.47938611183815,0.15777603679377236,0.0,0.5,0.0,2.0,0.5,0.0,11.333333333333334,5.507570547286102,0.12104550653376038,1,0,0,0,0,0.429
USR0008,2026-01-07,1,1,0,0,1,9.35,0,0,0,0,5,5,0,0,0,79,1,0,0,0,10,3,10,0.4291534423828125,0,0,0,0,95,107.5,38.12698082285912,-0.3278518185868417,0.0,0.5,0.0,1.75,0.5,2.5,11.5,4.509249752822894,-1.441481478361417,0,0,0,0,0,0.2891
USR0008,2026-01-08,1,1,0,0,1,9.733333333333333,0,0,0,0,5,5,0,0,0,115,1,0,0,0,8,1,8,0.4291534423828125,0,0,0,0,129,105.0,33.4888040992807,0.7166574216520168,0.0,0.5,0.0,2.0,0.7071067811865476,0.0,10.2,4.868264577855235,-1.0681424390230891,0,0,0,0,0,0.2431
USR0008,2026-01-09,1,1,0,0,1,9.45,0,0,0,0,7,4,0,0,0,120,1,0,0,0,7,2,7,0.4291534423828125,0,0,0,0,135,109.0,31.515075757484702,0.8250019831802279,0.0,0.5,0.0,1.8333333333333333,0.752772652709081,0.22140372138502393,9.333333333333334,4.844240566555987,-0.48167164724278283,0,0,0,0,0,0.2499
USR0008,2026-01-12,1,1,1,0,1,8.466666666666667,0,0,0,0,14,14,0,0,0,80,1,0,0,0,11,2,11,0.4291534423828125,0,0,0,0,106,112.71428571428571,30.401284434018496,-0.22085533026928764,0.0,0.5,0.0,1.8571428571428572,0.6900655593423541,0.2070196678027062,9.0,4.509249752822894,1.1088319064318592,1,0,0,0,0,0.4316
USR0008,2026-01-13,1,1,0,0,1,8.733333333333333,0,0,0,0,10,8,0,0,0,65,1,0,0,0,11,4,11,0.4291534423828125,0,0,0,0,87,108.85714285714286,29.08280460701003,-0.7515486608837747,0.0,0.5,0.0,1.8571428571428572,0.6900655593423541,3.105295017040594,8.857142857142858,4.298393941484479,0.26588003761759654,0,0,0,0,1,0.3042
USR0008,2026-01-14,1,1,0,0,1,9.466666666666667,0,0,0,0,14,11,0,0,0,56,1,0,0,0,5,1,5,0.4291534423828125,0,0,0,0,76,102.42857142857143,28.070489503255562,-0.9415073230378221,0.0,0.5,0.0,2.142857142857143,1.0690449676496976,0.0,8.285714285714286,3.728908942943217,1.5324283327163908,0,0,0,0,0,0.2315
USR0008,2026-01-15,1,1,0,0,1,9.716666666666667,0,0,0,0,19,16,0,0,0,78,1,0,0,0,6,3,6,0.4291534423828125,0,0,0,0,104,105.85714285714286,21.605775242039424,-0.08595585376308676,0.0,0.5,0.0,2.0,1.1547005383792515,0.8660254037844387,9.571428571428571,3.9520940802374143,2.385715328923806,0,0,0,0,0,0.2505
USR0008,2026-01-16,1,1,0,0,1,9.516666666666667,0,0,0,0,14,12,0,0,0,116,1,0,0,0,10,6,10,0.4291534423828125,0,0,0,0,141,104.57142857142857,21.37644453487017,1.7041454844910053,0.0,0.5,0.0,2.2857142857142856,1.1126972805283737,3.3380918415851206,10.571428571428571,5.31843156256751,0.6446583712203042,0,0,0,0,1,0.3439
USR0008,2026-01-19,1,1,0,0,1,8.583333333333334,0,0,0,0,7,7,0,0,0,78,1,0,0,0,10,3,10,0.4291534423828125,0,0,0,0,96,111.14285714285714,24.74825631183317,-0.6118757197296647,0.0,0.5,0.0,2.7142857142857144,1.799470821684875,0.15877683720748886,11.857142857142858,4.810702354423639,-1.0096535805580478,0,0,0,0,0,0.2349
USR0008,2026-01-20,1,1,0,0,1,8.583333333333334,0,0,0,0,9,9,0,0,0,82,1,0,0,0,11,1,11,0.4291534423828125,0,0,0,0,103,106.42857142857143,23.908555950099693,-0.14340353452242416,0.0,0.5,0.0,3.0,1.632993161855452,0.0,12.142857142857142,4.375255094603872,-0.718325463293173,0,0,0,0,0,0.2315
USR0008,2026-01-21,1,1,1,0,1,8.383333333333333,0,0,0,0,16,11,0,0,0,114,1,0,0,0,8,2,8,0.4291534423828125,0,0,0,0,139,101.85714285714286,20.325915899237035,1.827364499931408,0.0,0.5,0.0,2.857142857142857,1.7728105208558367,0.0,12.428571428571429,4.035556254807296,0.8849904067559857,1,0,0,0,0,0.4662
USR0008,2026-01-22,1,1,0,0,1,9.416666666666666,0,0,0,0,11,10,0,0,0,83,1,0,0,0,11,1,11,0.4291534423828125,0,0,0,0,106,106.57142857142857,24.7847879612821,-0.02305561670816932,0.0,0.5,0.0,2.857142857142857,1.7728105208558367,0.0,12.714285714285714,4.231401884099631,-0.4051342229457091,0,0,0,0,0,0.2315
USR0008,2026-01-23,1,1,0,0,1,9.266666666666667,0,0,0,0,10,10,0,0,0,49,1,0,0,0,8,1,8,0.4291534423828125,0,0,0,0,68,109.28571428571429,23.27884795054862,-1.7735291013291445,0.0,0.5,0.0,2.4285714285714284,1.8126539343499317,0.0,12.857142857142858,4.140393356054125,-0.6900655593423544,0,0,0,0,0,0.2315
USR0008,2026-01-26,1,1,0,0,1,9.483333333333333,0,0,0,0,5,5,0,0,0,57,1,0,0,0,10,1,10,0.4291534423828125,0,0,0,0,73,108.14285714285714,25.29445638493786,-1.3893501646385935,0.0,0.5,0.0,2.4285714285714284,1.8126539343499317,0.0,12.285714285714286,4.231401884099631,-1.7218204475192649,0,0,0,0,0,0.2315
USR0008,2026-01-27,1,1,0,0,1,9.433333333333334,0,0,0,0,7,6,0,0,0,116,1,0,0,0,8,2,8,0.4291534423828125,0,0,0,0,132,103.71428571428571,28.633979148989432,0.9878373570972083,0.0,0.5,0.0,2.142857142857143,1.8644544714716091,0.0,10.285714285714286,3.8172540616821116,-0.8607533668498877,0,0,0,0,0,0.2477
USR0008,2026-01-28,1,1,0,0,1,9.45,0,0,0,0,7,6,0,0,0,87,1,0,0,0,5,1,5,0.4291534423828125,0,0,0,0,100,102.42857142857143,26.825716162276958,-0.09053146666729267,0.0,0.5,0.0,1.5714285714285714,0.786795792469444,0.0,9.285714285714286,3.5923198500080575,-0.6362780546139731,0,0,0,0,0,0.2315
USR0008,2026-01-29,1,1,0,0,1,9.266666666666667,0,0,0,0,20,16,0,0,0,80,1,0,0,0,11,2,11,0.4291534423828125,0,0,0,0,112,103.0,26.7083008320135,0.3369738890020396,0.0,0.5,0.0,1.2857142857142858,0.5,1.4285714285714284,9.285714285714286,3.5923198500080575,2.982553381002998,0,0,1,0,0,0.5503
USR0008,2026-01-30,1,1,1,0,1,8.333333333333334,0,0,0,0,6,6,0,0,0,64,1,0,0,0,7,2,7,0.4291534423828125,0,0,0,0,78,104.28571428571429,26.924055450558736,-0.9762910470149401,0.0,0.5,0.0,1.4285714285714286,0.5345224838248499,1.0690449676496951,10.857142857142858,5.398412465054625,-0.8997354108424374,1,0,0,0,0,0.4572
USR0009,2026-01-01,1,1,0,0,1,9.883333333333333,0,0,0,0,19,14,0,0,0,113,1,0,0,0,5,1,5,0.4291534423828125,0,0,0,0,138,138.0,1.0,0.0,0.0,1.0,0.0,0.0,1.0,1.0,19.0,1.0,0.0,0,0,0,0,0,0.2535
USR0009,2026-01-02,1,1,1,0,1,8.483333333333333,0,0,0,0,6,6,0,0,0,89,1,0,0,0,6,1,6,0.4291534423828125,0,0,0,0,102,138.0,1.0,-3.0,0.0,1.0,0.0,1.0,1.0,0.0,19.0,1.0,-3.0,1,0,0,0,0,0.4256
USR0009,2026-01-05,1,1,0,0,1,8.916666666666666,0,0,0,0,8,7,0,0,0,105,1,0,0,0,11,2,11,0.4291534423828125,0,0,0,0,125,120.0,25.45584412271571,0.19641855032959654,0.0,0.5,0.0,1.0,0.5,2.0,12.5,9.192388155425117,-0.4895354638983791,0,0,0,0,0,0.2804
USR0009,2026-01-06,1,1,0,0,1,8.9,0,0,0,0,5,5,0,0,0,62,1,0,0,0,9,1,9,0.4291534423828125,0,0,0,0,77,121.66666666666667,18.230011885167087,-2.450172108939208,0.0,0.5,0.0,1.3333333333333333,0.5773502691896258,0.0,11.0,7.0,-0.8571428571428571,0,0,0,0,0,0.2315
USR0009,2026-01-07,1,1,0,0,1,8.9,0,0,0,0,14,11,0,0,0,43,1,0,0,0,6,2,6,0.4291534423828125,0,0,0,0,64,110.5,26.839026311200886,-1.732551675341288,0.0,0.5,0.0,1.25,0.5,1.5,9.5,6.454972243679028,0.6971370023173351,0,0,0,0,0,0.265
USR0009,2026-01-08,1,1,0,0,1,8.583333333333334,0,0,0,0,9,9,0,0,0,60,1,0,0,0,8,4,8,0.4291534423828125,0,0,0,0,78,101.2,31.188138771013573,-0.7438725398247301,0.0,0.5,0.0,1.4,0.5477225575051662,4.746928831711439,10.4,5.941380311005179,-0.23563547975657942,0,0,0,0,1,0.3474
USR0009,2026-01-09,1,1,0,0,1,8.616666666666667,0,0,0,0,12,12,0,0,0,91,1,0,0,0,6,2,6,0.4291534423828125,0,0,0,0,110,97.33333333333333,29.459576824297166,0.42996770599296846,0.0,0.5,0.0,1.8333333333333333,1.1690451944500122,0.1425664871280503,10.166666666666666,5.344779384283945,0.34301384613257535,0,0,0,0,0,0.2416
USR0009,2026-01-12,1,1,1,0,1,8.433333333333334,0,0,0,0,13,7,0,0,0,88,1,0,0,0,10,3,10,0.4291534423828125,0,0,0,0,112,99.14285714285714,27.315615628113843,0.4706883795769187,0.0,0.5,0.0,1.8571428571428572,1.0690449676496976,1.0690449676496974,10.428571428571429,4.928053803045811,0.5217939320872035,1,0,0,0,0,0.4677
USR0009,2026-01-13,1,1,0,0,1,9.483333333333333,0,0,0,0,9,9,0,0,0,86,1,0,0,0,11,4,11,0.4291534423828125,0,0,0,0,107,95.42857142857143,22.493385271060937,0.514436952552264,0.0,0.5,0.0,2.142857142857143,1.0690449676496978,1.737198072430758,9.571428571428571,3.505098327538656,-0.16302782918784442,0,0,0,0,1,0.2798
USR0009,2026-01-14,1,1,0,0,1,8.583333333333334,0,0,0,0,17,14,0,0,0,62,1,0,0,0,4,1,4,0.4291534423828125,0,0,0,0,84,96.14285714285714,22.813947279596103,-0.5322558605944194,0.0,0.5,0.0,2.5714285714285716,1.133893419027682,0.0,10.0,3.1622776601683786,2.213594362117866,0,0,0,0,0,0.2315
USR0009,2026-01-15,1,1,1,0,1,8.366666666666667,0,0,0,0,9,8,0,0,0,61,1,0,0,0,7,2,7,0.4291534423828125,0,0,0,0,78,90.28571428571429,19.137348176748407,-0.6419757937330759,0.0,0.5,0.0,2.4285714285714284,1.2724180205607039,0.0,11.285714285714286,3.9460649476951803,-0.5792388914047975,1,0,0,0,0,0.4256
USR0009,2026-01-16,1,1,0,0,1,9.633333333333333,0,0,0,0,18,17,0,0,0,106,1,0,0,0,4,1,4,0.4291534423828125,0,0,0,0,129,90.42857142857143,19.025046148495445,2.027402628638507,0.0,0.5,0.0,2.5714285714285716,1.133893419027682,0.0,11.857142857142858,3.0783421635988537,1.9955082367047854,0,0,0,0,0,0.2655
USR0009,2026-01-19,1,1,0,0,1,9.316666666666666,0,0,0,0,9,8,0,0,0,46,1,0,0,0,8,4,8,0.4291534423828125,0,0,0,0,64,99.71428571428571,19.821825392853242,-1.8017657307768684,0.0,0.5,0.0,2.4285714285714284,1.2724180205607039,1.2349939611324474,12.428571428571429,3.823486317361109,-0.8967134034201952,0,0,0,0,1,0.2589
USR0009,2026-01-20,1,1,0,0,1,8.833333333333334,0,0,0,0,15,12,0,0,0,53,1,0,0,0,11,3,11,0.4291534423828125,0,0,0,0,80,97.71428571428571,22.852529296296616,-0.7751564601278691,0.0,0.5,0.0,2.4285714285714284,1.2724180205607039,0.4490887131390719,12.428571428571429,3.823486317361109,0.6725350525651463,0,0,0,0,0,0.2412
USR0009,2026-01-21,1,1,0,0,1,9.816666666666666,0,0,0,0,19,14,0,0,0,50,1,0,0,0,6,0,6,0.4291534423828125,0,0,0,0,76,93.42857142857143,22.97721438626495,-0.7585154203457177,0.0,0.5,0.0,2.5714285714285716,1.2724180205607039,0.0,12.857142857142858,3.9339789623472154,1.5614870342855103,0,0,0,0,0,0.2315
USR0009,2026-01-22,1,1,1,0,1,8.433333333333334,0,0,0,0,9,9,0,0,0,72,1,0,0,0,8,1,8,0.4291534423828125,0,0,0,0,90,88.28571428571429,22.141320991261924,0.07742472614720013,0.0,0.5,0.0,2.142857142857143,1.5735915849388864,0.0,13.714285714285714,4.572172558506722,-1.0310821942873927,1,0,0,0,0,0.4273
USR0009,2026-01-23,1,1,0,0,1,8.55,0,0,0,0,15,13,0,0,0,55,1,0,0,0,7,2,7,0.4291534423828125,0,0,0,0,78,85.85714285714286,20.627074210274987,-0.38091407327312443,0.0,0.5,0.0,1.7142857142857142,1.3801311186847085,0.20701966780270634,13.714285714285714,4.572172558506722,0.28120423480565276,0,0,0,0,0,0.2359
USR0009,2026-01-26,1,1,0,0,1,8.5,0,0,0,0,6,6,0,0,0,81,1,0,0,0,10,2,10,0.4291534423828125,0,0,0,0,98,85.0,20.84066537645414,0.6237804679061469,0.0,0.5,0.0,1.8571428571428572,1.3451854182690988,0.10619884881071824,13.428571428571429,4.391550328268399,-1.6915601264441245,0,0,0,0,0,0.244
USR0009,2026-01-27,1,1,0,0,1,9.816666666666666,0,0,0,0,9,8,0,0,0,102,1,0,0,0,4,0,4,0.4291534423828125,0,0,0,0,116,87.85714285714286,21.090507907813045,1.3343849880652485,0.0,0.5,0.0,1.8571428571428572,1.3451854182690988,0.0,13.0,5.0,-0.8,0,0,0,0,0,0.2535
USR0009,2026-01-28,1,1,0,0,1,8.866666666666667,0,0,0,0,19,17,0,0,0,93,1,0,0,0,5,0,5,0.4291534423828125,0,0,0,0,118,86.0,17.048949136725927,1.8769485288138568,0.0,0.5,0.0,1.7142857142857142,1.4960264830861913,0.0,11.714285714285714,4.644505202002531,1.5686739423982061,0,0,0,0,0,0.2629
USR0009,2026-01-29,1,1,0,0,1,9.683333333333334,0,0,0,0,6,5,0,0,0,41,1,0,0,0,7,1,7,0.4291534423828125,0,0,0,0,55,93.71428571428571,17.641941368174184,-2.1944458892787013,0.0,0.5,0.0,1.1428571428571428,1.2149857925879117,0.0,13.142857142857142,5.17779140266618,-1.3795181357014688,0,0,0,0,0,0.2315
USR0009,2026-01-30,1,1,0,0,1,8.883333333333333,0,0,0,0,9,9,0,0,0,120,1,0,0,0,6,1,6,0.4291534423828125,0,0,0,0,136,90.14285714285714,22.68941435580752,2.021080938363021,0.0,0.5,0.0,0.8571428571428571,0.8997354108424372,0.158776837207489,11.857142857142858,5.727959829601096,-0.49880637122796195,0,0,0,0,0,0.2691
USR0010,2026-01-01,1,1,0,0,1,8.816666666666666,0,0,0,0,8,8,0,0,0,57,1,0,0,0,4,0,4,0.4291534423828125,0,0,0,0,70,70.0,1.0,0.0,0.0,1.0,0.0,0.0,1.0,0.0,8.0,1.0,0.0,0,0,0,0,0,0.2315
USR0010,2026-01-02,1,1,0,0,1,8.583333333333334,0,0,0,0,15,15,0,0,0,101,1,0,0,0,6,0,6,0.4291534423828125,0,0,0,0,123,70.0,1.0,10.0,0.0,1.0,0.0,0.0,1.0,0.0,8.0,1.0,7.0,0,0,1,0,0,0.7109
USR0010,2026-01-05,1,1,0,0,1,9.733333333333333,0,0,0,0,20,16,0,0,0,69,1,0,0,0,12,3,12,0.4291534423828125,0,0,0,0,102,96.5,37.476659402887016,0.1467580111896608,0.0,0.5,0.0,0.0,0.5,6.0,11.5,4.949747468305833,1.7172593257387583,0,0,0,0,1,0.3854
USR0010,2026-01-06,1,1,0,0,1,9.416666666666666,0,0,0,0,14,12,0,0,0,44,1,0,0,0,11,3,11,0.4291534423828125,0,0,0,0,70,98.33333333333333,26.689573494781317,-1.0615880894040297,0.0,0.5,0.0,1.0,1.7320508075688772,1.1547005383792517,14.333333333333334,6.027713773341707,-0.055300126360933205,0,0,0,0,0,0.257
USR0010,2026-01-07,1,1,0,0,1,9.65,0,0,0,0,5,5,0,0,0,91,1,0,0,0,5,3,5,0.4291534423828125,0,0,0,0,102,91.25,25.99198594438935,0.4135890202079962,0.0,0.5,0.0,1.5,1.7320508075688772,0.8660254037844387,14.25,4.924428900898052,-1.8783904054971954,0,0,0,0,0,0.2575
USR0010,2026-01-08,1,1,0,0,1,8.716666666666667,1,0,0,0,16,13,0,0,0,111,1,0,0,0,9,1,9,0.4291534423828125,0,0,0,0,138,93.4,23.017384734152575,1.9376658345473852,0.0,0.5,0.0,1.8,1.6431676725154984,0.0,12.4,5.941380311005179,0.6059198050883469,0,1,0,0,0,0.5435
USR0010,2026-01-09,1,1,0,0,1,8.5,0,0,0,0,8,7,0,0,0,80,1,0,0,0,9,2,9,0.4291534423828125,0,0,0,0,98,100.83333333333333,27.483934701324454,-0.10309052776190702,0.0,0.5,0.0,1.6666666666666667,1.505545305418162,0.22140372138502376,13.0,5.513619500836088,-0.9068453126375147,0,0,0,0,0,0.2362
USR0010,2026-01-12,1,1,0,0,1,9.666666666666666,0,0,0,0,18,14,0,0,0,45,1,0,0,0,8,3,8,0.4291534423828125,0,0,0,0,72,100.42857142857143,25.112129491921777,-1.1320653406839316,0.0,0.5,0.0,1.7142857142857142,1.3801311186847085,0.9315885051121782,12.285714285714286,5.376314900074391,1.0628629127000442,0,0,0,0,0,0.252
USR0010,2026-01-13,1,1,0,0,1,9.4,0,0,0,0,13,10,0,0,0,104,1,0,0,0,12,2,12,0.4291534423828125,0,0,0,0,130,100.71428571428571,24.71648765307809,1.1848655317361474,0.0,0.5,0.0,2.142857142857143,1.2149857925879117,0.0,13.714285714285714,5.376314900074391,-0.13285786408750538,0,0,0,0,0,0.251
USR0010,2026-01-14,1,1,0,0,1,9.616666666666667,0,0,0,0,13,11,0,0,0,93,1,0,0,0,7,2,7,0.4291534423828125,0,0,0,0,114,101.71428571428571,25.882518461400963,0.474672289098767,0.0,0.5,0.0,2.4285714285714284,0.7867957924694432,0.0,13.428571428571429,5.349677337844557,-0.08011164066655746,0,0,0,0,0,0.2392
USR0010,2026-01-15,1,1,0,0,1,9.75,0,0,0,0,20,15,0,0,0,82,1,0,0,0,11,3,11,0.4291534423828125,0,0,0,0,114,103.42857142857143,26.298651060825293,0.401976076528726,0.0,0.5,0.0,2.2857142857142856,0.7559289460184545,0.9449111825230682,12.428571428571429,4.503966505838414,1.6810579211932102,0,0,0,0,0,0.2591
USR0010,2026-01-16,1,1,0,0,1,8.783333333333333,0,0,0,0,16,14,0,0,0,120,1,0,0,0,11,2,11,0.4291534423828125,0,0,0,0,148,109.71428571428571,21.86103295603302,1.7513222894231322,0.0,0.5,0.0,2.2857142857142856,0.7559289460184545,0.0,13.285714285714286,5.3452248382484875,0.5077963596336063,0,0,0,0,0,0.2607
USR0010,2026-01-19,1,1,0,0,1,8.583333333333334,0,0,0,0,16,14,0,0,0,79,1,0,0,0,11,1,11,0.4291534423828125,0,0,0,0,107,116.28571428571429,25.727509827123995,-0.3609254975747614,0.0,0.5,0.0,2.142857142857143,0.6900655593423543,0.0,14.857142857142858,3.9339789623472154,0.29050921568102506,0,0,0,0,0,0.2315
USR0010,2026-01-20,1,1,0,0,1,8.516666666666667,0,0,0,0,12,10,0,0,0,88,1,0,0,0,5,0,5,0.4291534423828125,0,0,0,0,106,111.85714285714286,23.975185584464697,-0.2443002093355281,0.0,0.5,0.0,2.142857142857143,0.6900655593423543,0.0,14.857142857142858,3.9339789623472154,-0.726273039202563,0,0,0,0,0,0.2315
USR0010,2026-01-21,1,1,0,0,1,8.666666666666666,0,0,0,0,14,11,0,0,0,91,1,0,0,0,6,1,6,0.4291534423828125,0,0,0,0,112,113.0,23.388031127052997,-0.042756912480901285,0.0,0.5,0.0,1.8571428571428572,1.0690449676496974,0.0,15.428571428571429,2.9358214555806383,-0.48660024125645956,0,0,0,0,0,0.2315
USR0010,2026-01-22,1,1,1,0,1,8.283333333333333,0,0,0,0,6,6,0,0,0,105,1,0,0,0,9,0,9,0.4291534423828125,0,0,0,0,121,118.71428571428571,15.129598867939686,0.15107566999398941,0.0,0.5,0.0,1.5714285714285714,0.9759000729485331,0.0,14.857142857142858,2.7342623276105886,-3.0,1,0,0,0,0,0.4289
USR0010,2026-01-23,1,1,0,0,1,9.533333333333333,0,0,0,0,14,13,0,0,0,54,1,0,0,0,7,2,7,0.4291534423828125,0,0,0,0,76,117.42857142857143,14.374249462808397,-2.882138057765226,0.0,0.5,0.0,1.2857142857142858,1.1126972805283735,0.6419407387663694,13.857142857142858,4.3369947901195145,0.032939200937616445,0,0,0,0,0,0.2455
USR0010,2026-01-26,1,1,0,0,1,9.85,0,0,0,0,6,6,0,0,0,112,1,0,0,0,8,1,8,0.4291534423828125,0,0,0,0,127,112.0,21.36195996001615,0.7021827598252206,0.0,0.5,0.0,1.2857142857142858,1.1126972805283735,0.0,14.0,4.320493798938574,-1.8516401995451028,0,0,0,0,0,0.2429
USR0010,2026-01-27,1,1,1,0,1,8.283333333333333,0,0,0,0,9,8,0,0,0,86,1,0,0,0,5,0,5,0.4291534423828125,0,0,0,0,101,113.85714285714286,22.116574263272714,-0.5813351879949024,0.0,0.5,0.0,1.0,0.8164965809277259,0.0,12.0,4.320493798938574,-0.6943650748294136,1,0,0,0,0,0.4256
USR0010,2026-01-28,1,1,0,0,1,8.616666666666667,0,0,0,0,16,15,0,0,0,78,1,0,0,0,12,2,12,0.4291534423828125,0,0,0,0,107,107.14285714285714,16.425879696671462,-0.008697077142607305,0.0,0.5,0.0,0.7142857142857143,0.7559289460184544,1.7008401285415224,11.0,4.041451884327381,1.2371791482634837,0,0,0,0,0,0.2697
USR0010,2026-01-29,1,1,0,0,1,8.683333333333334,0,0,0,0,13,12,0,0,0,46,1,0,0,0,6,1,6,0.4291534423828125,0,0,0,0,66,107.14285714285714,16.425879696671462,-2.504758217070975,0.0,0.5,0.0,0.8571428571428571,0.8997354108424372,0.158776837207489,11.0,4.041451884327381,0.4948716593053935,0,0,0,0,0,0.2349
USR0010,2026-01-30,1,1,0,0,1,9.65,0,0,0,0,15,13,0,0,0,98,1,0,0,0,6,1,6,0.4291534423828125,0,0,0,0,120,101.42857142857143,22.663164995627763,0.8194543248929008,0.0,0.5,0.0,1.0,0.8164965809277259,0.0,11.142857142857142,4.099941927579439,0.940779875733526,0,0,0,0,0,0.2449
USR0011,2026-01-01,1,1,0,0,1,8.55,0,0,0,0,10,9,0,0,0,120,1,0,0,0,12,4,12,0.4291534423828125,0,0,0,0,143,143.0,1.0,0.0,0.0,1.0,0.0,0.0,1.0,4.0,10.0,1.0,0.0,0,0,0,0,1,0.3274
USR0011,2026-01-02,1,1,0,0,1,8.866666666666667,0,0,0,0,13,12,0,0,0,80,1,0,0,0,12,1,12,0.4291534423828125,0,0,0,0,106,143.0,1.0,-3.0,0.0,1.0,0.0,4.0,1.0,0.0,10.0,1.0,3.0,0,0,1,0,0,0.5
USR0011,2026-01-05,1,1,0,0,1,9.866666666666667,0,0,0,0,10,9,0,0,0,110,1,0,0,0,12,4,12,0.4291534423828125,0,0,0,0,133,124.5,26.16295090390226,0.3248868994640894,0.0,0.5,0.0,2.5,2.1213203435596424,0.7071067811865476,11.5,2.1213203435596424,-0.7071067811865476,0,0,0,0,1,0.2524
USR0011,2026-01-06,1,1,0,0,1,9.7,0,0,0,0,16,13,0,0,0,54,1,0,0,0,5,1,5,0.4291534423828125,0,0,0,0,76,127.33333333333333,19.139836293274126,-2.6820152767645262,0.0,0.5,0.0,3.0,1.7320508075688772,0.0,11.0,1.7320508075688772,2.886751345948129,0,0,1,0,0,0.5
USR0011,2026-01-07,1,1,0,0,1,9.533333333333333,0,0,0,0,15,13,0,0,0,112,1,0,0,0,9,0,9,0.4291534423828125,0,0,0,0,137,114.5,30.04995840263344,0.748753116344687,0.0,0.5,0.0,2.5,1.7320508075688772,0.0,12.25,2.8722813232690143,0.9574271077563381,0,0,0,0,0,0.2437
USR0011,2026-01-08,1,1,1,0,1,8.283333333333333,0,0,0,0,19,16,0,0,0,49,1,0,0,0,12,4,12,0.4291534423828125,0,0,0,0,81,119.0,27.90161285660741,-1.3619284374451917,0.0,0.5,0.0,2.0,1.8708286933869707,1.0690449676496976,12.8,2.7748873851023212,2.2343249074849862,1,0,0,0,1,0.4572
USR0011,2026-01-09,1,1,0,0,1,9.25,0,0,0,0,6,6,0,0,0,81,1,0,0,0,7,1,7,0.4291534423828125,0,0,0,0,95,112.66666666666667,29.384803328704905,-0.6012177950978073,0.0,0.5,0.0,2.3333333333333335,1.8618986725025255,0.0,13.833333333333334,3.5449494589721113,-2.209716506255826,0,0,0,0,0,0.2315
USR0011,2026-01-12,1,1,1,0,1,8.383333333333333,0,0,0,0,5,5,0,0,0,117,1,0,0,0,6,0,6,0.4291534423828125,0,0,0,0,129,110.14285714285714,27.643133996398767,0.6821637105112427,0.0,0.5,0.0,2.142857142857143,1.7728105208558367,0.0,12.714285714285714,4.386125310350268,-1.7587928224671867,1,0,0,0,0,0.4406
USR0011,2026-01-13,1,1,0,0,1,9.416666666666666,0,0,0,0,16,11,0,0,0,75,1,0,0,0,4,2,4,0.4291534423828125,0,0,0,0,96,108.14285714285714,25.274681477904405,-0.4804356151222974,0.0,0.5,0.0,1.5714285714285714,1.7182493859684491,0.24942329796316198,12.0,5.228129047119374,0.7650920556760059,0,0,0,0,0,0.2368
USR0011,2026-01-14,1,1,0,0,1,8.866666666666667,0,0,0,0,11,11,0,0,0,51,1,0,0,0,12,2,12,0.4291534423828125,0,0,0,0,75,106.71428571428571,25.69509866177002,-1.2342542884052523,0.0,0.5,0.0,1.7142857142857142,1.7043362064926932,0.16763962686813386,12.428571428571429,5.442338432975996,-0.2624922073782635,0,0,0,0,0,0.2351
USR0011,2026-01-15,1,1,0,0,1,8.8,0,0,0,0,5,5,0,0,0,115,1,0,0,0,4,0,4,0.4291534423828125,0,0,0,0,125,98.42857142857143,25.15191936252675,1.056437410936388,0.0,0.5,0.0,1.4285714285714286,1.3972762620115438,0.0,12.571428571428571,5.380741673076394,-1.4071347467420174,0,0,0,0,0,0.2488
USR0011,2026-01-16,1,1,1,0,1,8.416666666666666,0,0,0,0,8,8,0,0,0,53,1,0,0,0,11,4,11,0.4291534423828125,0,0,0,0,73,105.42857142857143,24.68371354325995,-1.3137638861242684,0.0,0.5,0.0,1.2857142857142858,1.4960264830861913,1.8143299901258063,11.0,5.802298395176405,-0.5170364906592834,1,0,0,0,1,0.4794
USR0011,2026-01-19,1,1,0,0,1,8.866666666666667,0,0,0,0,20,18,0,0,0,43,1,0,0,0,7,3,7,0.4291534423828125,0,0,0,0,71,96.28571428571429,22.82333809732403,-1.107888520859224,0.0,0.5,0.0,1.8571428571428572,1.6761634196950517,0.6818291876725633,10.0,5.59761854124889,1.7864740025262404,0,0,0,0,0,0.2463
USR0011,2026-01-20,1,1,0,0,1,9.433333333333334,0,0,0,0,10,9,0,0,0,104,1,0,0,0,4,1,4,0.4291534423828125,0,0,0,0,119,94.85714285714286,24.210387381098588,0.9972106915441522,0.0,0.5,0.0,1.7142857142857142,1.4960264830861913,0.0,10.142857142857142,5.8716429111612785,-0.02433001206282288,0,0,0,0,0,0.2478
USR0011,2026-01-21,1,1,0,0,1,8.733333333333333,0,0,0,0,10,10,0,0,0,87,1,0,0,0,6,2,6,0.4291534423828125,0,0,0,0,104,98.28571428571429,25.876078307414147,0.22083275705068575,0.0,0.5,0.0,1.7142857142857142,1.4960264830861913,0.19098210422376916,10.714285714285714,5.589105048046177,-0.12779965811081176,0,0,0,0,0,0.2392
USR0011,2026-01-22,1,1,0,0,1,9.466666666666667,0,0,0,0,11,9,0,0,0,97,1,0,0,0,11,1,11,0.4291534423828125,0,0,0,0,120,94.71428571428571,22.425538163102406,1.1275410249604552,0.0,0.5,0.0,2.0,1.2909944487358056,0.0,11.428571428571429,5.028490259085156,-0.08522864845907045,0,0,0,0,0,0.25
USR0011,2026-01-23,1,1,0,0,1,9.7,0,0,0,0,12,9,0,0,0,66,1,0,0,0,7,3,7,0.4291534423828125,0,0,0,0,86,98.14285714285714,24.402380836225607,-0.49760952524890245,0.0,0.5,0.0,1.8571428571428572,1.3451854182690985,0.8495907904857464,10.714285714285714,4.608480795022937,0.2789887476807609,0,0,0,0,0,0.2501
USR0011,2026-01-26,1,1,0,0,1,8.533333333333333,0,0,0,0,20,12,0,0,0,89,1,0,0,0,10,5,10,0.4291534423828125,0,0,0,0,120,99.71428571428571,22.976178139646336,0.8829020284583562,0.0,0.5,0.0,2.0,1.4142135623730951,2.1213203435596424,10.857142857142858,4.6342410895626145,1.9728919937827527,0,0,0,0,1,0.2961
USR0011,2026-01-27,1,1,0,0,1,8.6,0,0,0,0,8,7,0,0,0,115,1,0,0,0,8,1,8,0.4291534423828125,0,0,0,0,132,99.0,22.12088003071608,1.4918032173303075,0.0,0.5,0.0,2.7142857142857144,1.4960264830861911,0.0,13.0,4.932882862316247,-1.0136060675992289,0,0,0,0,0,0.2562
USR0011,2026-01-28,1,1,0,0,1,9.266666666666667,0,0,0,0,8,7,0,0,0,48,1,0,0,0,4,0,4,0.4291534423828125,0,0,0,0,61,107.42857142857143,21.801048467578667,-2.1296485578488333,0.0,0.5,0.0,2.2857142857142856,1.4960264830861911,0.0,13.0,4.932882862316247,-1.0136060675992289,0,0,0,0,0,0.2315
USR0011,2026-01-29,1,1,1,0,1,8.366666666666667,0,0,0,0,14,12,0,0,0,87,1,0,0,0,4,0,4,0.4291534423828125,0,0,0,0,106,106.0,24.71841418861655,0.0,0.0,0.5,0.0,1.8571428571428572,1.6761634196950514,0.0,11.285714285714286,4.111540089159039,0.6601627748790563,1,0,0,0,0,0.4256
USR0011,2026-01-30,1,1,0,0,1,9.733333333333333,0,0,0,0,7,7,0,0,0,74,1,0,0,0,7,0,7,0.4291534423828125,0,0,0,0,89,104.14285714285714,24.05846054529516,-0.6294192063680674,0.0,0.5,0.0,1.7142857142857142,1.7994708216848745,0.0,11.857142857142858,4.180453381654972,-1.1618698771902094,0,0,0,0,0,0.2315
USR0012,2026-01-01,1,1,0,0,1,9.333333333333334,0,0,0,0,19,15,0,0,0,104,1,0,0,0,6,0,6,0.4291534423828125,0,0,0,0,130,130.0,1.0,0.0,0.0,1.0,0.0,0.0,1.0,0.0,19.0,1.0,0.0,0,0,0,0,0,0.2315
USR0012,2026-01-02,1,1,0,0,1,8.883333333333333,0,0,0,0,17,15,0,0,0,63,1,0,0,0,10,1,10,0.4291534423828125,0,0,0,0,91,130.0,1.0,-3.0,0.0,1.0,0.0,0.0,1.0,1.0,19.0,1.0,-2.0,0,0,0,0,0,0.2535
USR0012,2026-01-05,1,1,0,0,1,9.483333333333333,0,0,0,0,11,10,0,0,0,81,1,0,0,0,10,3,10,0.4291534423828125,0,0,0,0,103,110.5,27.577164466275352,-0.2719641466102106,0.0,0.5,0.0,0.5,0.7071067811865476,3.5355339059327373,18.0,1.4142135623730951,-3.0,0,0,0,0,1,0.3152
USR0012,2026-01-06,1,1,1,0,1,8.466666666666667,0,0,0,0,17,14,0,0,0,69,1,0,0,0,7,2,7,0.4291534423828125,0,0,0,0,94,108.0,19.974984355438178,-0.7008766440504625,0.0,0.5,0.0,1.3333333333333333,1.5275252316519465,0.43643578047198484,15.666666666666666,4.163331998932265,0.32025630761017443,1,0,0,0,0,0.4384
USR0012,2026-01-07,1,1,0,0,1,8.816666666666666,0,0,0,0,13,11,0,0,0,63,1,0,0,0,12,3,12,0.4291534423828125,0,0,0,0,89,104.5,17.74823934929885,-0.873326063219467,0.0,0.5,0.0,1.5,1.2909944487358054,1.1618950038622253,16.0,3.4641016151377544,-0.8660254037844387,0,0,0,0,0,0.2572
USR0012,2026-01-08,1,1,0,0,1,8.683333333333334,0,0,0,0,19,16,0,0,0,114,1,0,0,0,8,0,8,0.4291534423828125,0,0,0,0,142,101.4,16.861198059449986,2.4078953261120977,0.0,0.5,0.0,1.8,1.3038404810405297,0.0,15.4,3.286335345030997,1.0954451150103321,0,0,0,0,0,0.2722
USR0012,2026-01-09,1,1,0,0,1,9.85,0,0,0,0,8,7,0,0,0,61,1,0,0,0,9,3,9,0.4291534423828125,0,0,0,0,79,108.16666666666667,22.409075542437414,-1.3015559973204607,0.0,0.5,0.0,1.5,1.378404875209022,1.0882143751650175,16.0,3.286335345030997,-2.434322477800738,0,0,0,0,0,0.2555
USR0012,2026-01-12,1,1,0,0,1,8.733333333333333,0,0,0,0,18,15,0,0,0,55,1,0,0,0,7,1,7,0.4291534423828125,0,0,0,0,81,104.0,23.2379000772445,-0.989762410697451,0.0,0.5,0.0,1.7142857142857142,1.3801311186847085,0.0,14.857142857142858,4.2594432902501635,0.7378563179960914,0,0,0,0,0,0.2315
USR0012,2026-01-13,1,1,0,0,1,8.783333333333333,0,0,0,0,19,16,0,0,0,48,1,0,0,0,5,1,5,0.4291534423828125,0,0,0,0,73,97.0,21.40872096444188,-1.1210384795925932,0.0,0.5,0.0,1.8571428571428572,1.2149857925879117,0.0,14.714285714285714,4.111540089159037,1.0423622761248266,0,0,0,0,0,0.2315
USR0012,2026-01-14,1,1,1,0,1,8.4,0,0,0,0,17,15,0,0,0,50,1,0,0,0,6,0,6,0.4291534423828125,0,0,0,0,74,94.42857142857143,23.25121604602752,-0.8786022799036208,0.0,0.5,0.0,1.8571428571428572,1.2149857925879117,0.0,15.0,4.358898943540674,0.4588314677411235,1,0,0,0,0,0.4256
USR0012,2026-01-15,1,1,0,0,1,8.6,0,0,0,0,15,12,0,0,0,57,1,0,0,0,11,2,11,0.4291534423828125,0,0,0,0,84,90.28571428571429,24.039649787481554,-0.2614727893826276,0.0,0.5,0.0,1.4285714285714286,1.2724180205607036,0.4490887131390718,15.857142857142858,4.0178174601214955,-0.21333544036043348,0,0,0,0,0,0.2412
USR0012,2026-01-16,1,1,0,0,1,8.516666666666667,0,0,0,0,8,8,0,0,0,73,1,0,0,0,6,1,6,0.4291534423828125,0,0,0,0,88,88.85714285714286,24.079234286196144,-0.03559676553478421,0.0,0.5,0.0,1.4285714285714286,1.2724180205607036,0.0,15.571428571428571,3.9940431835899015,-1.8956801975844602,0,0,0,0,0,0.2315
USR0012,2026-01-19,1,1,1,0,1,8.266666666666667,0,0,0,0,12,10,0,0,0,120,1,0,0,0,5,0,5,0.4291534423828125,0,0,0,0,138,88.71428571428571,24.08121180307922,2.046645936622351,0.0,0.5,0.0,1.1428571428571428,1.0690449676496976,0.0,14.857142857142858,4.879500364742666,-0.58554004376912,1,0,0,0,0,0.4711
USR0012,2026-01-20,1,1,1,0,1,8.466666666666667,0,0,0,0,17,16,0,0,0,73,1,0,0,0,8,3,8,0.4291534423828125,0,0,0,0,99,88.14285714285714,22.608468704068773,0.4802246007571904,0.0,0.5,0.0,1.1428571428571428,1.0690449676496976,1.7371980724307585,13.857142857142858,4.598136268408879,0.68350674260132,1,0,0,0,0,0.4879
USR0012,2026-01-21,1,1,0,0,1,9.533333333333333,0,0,0,0,16,15,0,0,0,54,1,0,0,0,7,2,7,0.4291534423828125,0,0,0,0,78,91.0,22.524061208701536,-0.5771605697367674,0.0,0.5,0.0,1.1428571428571428,1.0690449676496976,0.8017837257372732,15.142857142857142,3.8913824205360665,0.22026692946430587,0,0,0,0,0,0.249
USR0012,2026-01-22,1,1,0,0,1,8.85,0,0,0,0,5,5,0,0,0,71,1,0,0,0,4,1,4,0.4291534423828125,0,0,0,0,81,90.57142857142857,22.773208988173966,-0.4202933620992532,0.0,0.5,0.0,1.2857142857142858,1.1126972805283737,0.0,14.857142857142858,3.716116764786032,-2.6525385183127894,0,0,0,0,0,0.2315
USR0012,2026-01-23,1,1,1,0,1,8.433333333333334,0,0,0,0,20,18,0,0,0,50,1,0,0,0,10,4,10,0.4291534423828125,0,0,0,0,81,91.71428571428571,21.929540850295105,-0.4885777494124564,0.0,0.5,0.0,1.2857142857142858,1.1126972805283737,2.4393748073122037,12.857142857142858,4.740906081772815,1.5066438819193275,1,0,0,0,1,0.4982
USR0012,2026-01-26,1,1,0,0,1,9.616666666666667,0,0,0,0,7,6,0,0,0,63,1,0,0,0,5,1,5,0.4291534423828125,0,0,0,0,76,92.71428571428571,21.132236714825726,-0.7909378424934773,0.0,0.5,0.0,1.8571428571428572,1.3451854182690983,0.0,13.285714285714286,5.282495802626055,-1.189913730284368,0,0,0,0,0,0.2315
USR0012,2026-01-27,1,1,0,0,1,8.9,0,0,0,0,17,14,0,0,0,66,1,0,0,0,8,2,8,0.4291534423828125,0,0,0,0,92,91.57142857142857,21.8849807162899,0.019582901814139006,0.0,0.5,0.0,1.7142857142857142,1.3801311186847083,0.20701966780270636,12.142857142857142,5.698788509515901,0.8523114779627892,0,0,0,0,0,0.2362
USR0012,2026-01-28,1,1,0,0,1,9.55,0,0,0,0,11,10,0,0,0,97,1,0,0,0,4,0,4,0.4291534423828125,0,0,0,0,113,92.14285714285714,21.828334578620293,0.9555077498936331,0.0,0.5,0.0,1.8571428571428572,1.3451854182690983,0.0,13.428571428571429,5.623081683476385,-0.4318933220742405,0,0,0,0,0,0.2471
USR0012,2026-01-29,1,1,1,0,1,8.366666666666667,0,0,0,0,15,13,0,0,0,92,1,0,0,0,7,2,7,0.4291534423828125,0,0,0,0,115,88.57142857142857,13.550610599491353,1.950360187426792,0.0,0.5,0.0,1.8571428571428572,1.3451854182690983,0.10619884881071827,13.285714285714286,5.677860093212515,0.30192461352385597,1,0,0,0,0,0.4721
USR0012,2026-01-30,1,1,0,0,1,9.266666666666667,0,0,0,0,14,11,0,0,0,70,1,0,0,0,9,3,9,0.4291534423828125,0,0,0,0,94,90.85714285714286,16.607514076752235,0.18924308167569867,0.0,0.5,0.0,1.7142857142857142,1.2535663410560174,1.0256451881367417,13.0,5.507570547286101,0.18156825980064076,0,0,0,0,0,0.2573
USR0013,2026-01-01,1,1,0,0,1,8.866666666666667,0,0,0,0,12,11,0,0,0,108,1,0,0,0,7,1,7,0.4291534423828125,0,0,0,0,128,128.0,1.0,0.0,0.0,1.0,0.0,0.0,1.0,1.0,12.0,1.0,0.0,0,0,0,0,0,0.2535
USR0013,2026-01-02,1,1,0,0,1,9.65,0,0,0,0,14,12,0,0,0,44,1,0,0,0,4,1,4,0.4291534423828125,0,0,0,0,63,128.0,1.0,-3.0,0.0,1.0,0.0,1.0,1.0,0.0,12.0,1.0,2.0,0,0,0,0,0,0.2315
USR0013,2026-01-05,1,1,0,0,1,8.683333333333334,0,0,0,0,5,5,0,0,0,82,1,0,0,0,12,1,12,0.4291534423828125,0,0,0,0,100,95.5,45.96194077712559,0.09790709277967581,0.0,0.5,0.0,1.0,0.5,0.0,13.0,1.4142135623730951,-3.0,0,0,0,0,0,0.233
USR0013,2026-01-06,1,1,0,0,1,9.5,0,0,0,0,7,7,0,0,0,78,1,0,0,0,9,4,9,0.4291534423828125,0,0,0,0,95,97.0,32.60368077380221,-0.061342767213174436,0.0,0.5,0.0,1.0,0.5,6.0,10.333333333333334,4.725815626252609,-0.7053456158585983,0,0,0,0,1,0.3823
USR0013,2026-01-07,1,1,0,0,1,8.5,0,0,0,0,8,7,0,0,0,101,1,0,0,0,4,2,4,0.4291534423828125,0,0,0,0,114,96.5,26.639569566092216,0.6569175210050923,0.0,0.5,0.0,1.75,1.5,0.16666666666666666,9.5,4.203173404306164,-0.3568732135731648,0,0,0,0,0,0.2458
USR0013,2026-01-08,1,1,0,0,1,9.666666666666666,0,0,0,0,15,13,0,0,0,74,1,0,0,0,5,0,5,0.4291534423828125,0,0,0,0,95,100.0,24.361855430159665,-0.20523888315214547,0.0,0.5,0.0,1.8,1.3038404810405297,0.0,9.2,3.7013511046643495,1.5669953581790679,0,0,0,0,0,0.2315
USR0013,2026-01-09,1,1,0,0,1,8.566666666666666,0,0,0,0,17,16,0,0,0,59,1,0,0,0,8,3,8,0.4291534423828125,0,0,0,0,85,99.16666666666667,21.885307095553095,-0.6473140452091356,0.0,0.5,0.0,1.5,1.378404875209022,1.0882143751650175,10.166666666666666,4.070217029430577,1.6788621549965155,0,0,0,0,0,0.2555
USR0013,2026-01-12,1,1,1,0,1,8.416666666666666,0,0,0,0,15,15,0,0,0,67,1,0,0,0,12,5,12,0.4291534423828125,0,0,0,0,95,97.14285714285714,20.683556846188807,-0.10360196550294906,0.0,0.5,0.0,1.7142857142857142,1.3801311186847085,2.3807261797311217,11.142857142857142,4.525062483125562,0.8523954910073734,1,0,0,0,1,0.4964
USR0013,2026-01-13,1,1,0,0,1,8.65,0,0,0,0,19,15,0,0,0,55,1,0,0,0,5,2,5,0.4291534423828125,0,0,0,0,80,92.42857142857143,15.618975028867327,-0.795735405530816,0.0,0.5,0.0,2.2857142857142856,1.799470821684875,0.0,11.571428571428571,4.7559486560567095,1.5619536638838876,0,0,0,0,0,0.2315
USR0013,2026-01-14,1,1,0,0,1,8.866666666666667,0,0,0,0,7,7,0,0,0,98,1,0,0,0,6,1,6,0.4291534423828125,0,0,0,0,112,94.85714285714286,10.884676865951995,1.57495324426958,0.0,0.5,0.0,2.4285714285714284,1.7182493859684493,0.0,12.285714285714286,5.498917642417937,-0.9612281233203008,0,0,0,0,0,0.2576
USR0013,2026-01-15,1,1,1,0,1,8.433333333333334,0,0,0,0,13,10,0,0,0,48,1,0,0,0,12,2,12,0.4291534423828125,0,0,0,0,74,96.57142857142857,12.634043201566456,-1.786556228383801,0.0,0.5,0.0,2.4285714285714284,1.7182493859684493,0.0,12.571428571428571,5.094347941825426,0.08412684674574103,1,0,0,0,0,0.4256
USR0013,2026-01-16,1,1,0,0,1,8.533333333333333,0,0,0,0,7,6,0,0,0,75,1,0,0,0,10,1,10,0.4291534423828125,0,0,0,0,93,93.57142857142857,15.28460165064984,-0.0373858988601299,0.0,0.5,0.0,2.142857142857143,1.5735915849388864,0.0,13.428571428571429,4.466808810815721,-1.4391866096900294,0,0,0,0,0,0.2315
USR0013,2026-01-19,1,1,0,0,1,9.55,0,0,0,0,9,9,0,0,0,47,1,0,0,0,7,1,7,0.4291534423828125,0,0,0,0,64,90.57142857142857,12.394315133118408,-2.1438400013267374,0.0,0.5,0.0,2.0,1.6329931618554523,0.0,13.285714285714286,4.680252333449759,-0.9157015435010396,0,0,0,0,0,0.2315
USR0013,2026-01-20,1,1,0,0,1,9.316666666666666,1,0,0,0,16,11,0,0,0,102,1,0,0,0,4,0,4,0.4291534423828125,0,0,0,0,124,86.14285714285714,15.657038581508887,2.4178993147434986,0.0,0.5,0.0,2.142857142857143,1.4638501094228,0.0,12.428571428571429,4.859943170351647,0.7348704390652692,0,1,0,0,0,0.5542
USR0013,2026-01-21,1,1,1,0,1,8.416666666666666,0,0,0,0,9,9,0,0,0,77,1,0,0,0,4,0,4,0.4291534423828125,0,0,0,0,91,91.71428571428571,21.155884017724922,-0.03376298119649654,0.0,0.5,0.0,1.7142857142857142,1.6035674514745466,0.0,12.285714285714286,4.7157284949512555,-0.6967564585688154,1,0,0,0,0,0.4256
USR0013,2026-01-22,1,1,0,0,1,8.9,0,0,0,0,18,17,0,0,0,67,1,0,0,0,6,1,6,0.4291534423828125,0,0,0,0,92,91.14285714285714,21.106306888610117,0.040610745483162326,0.0,0.5,0.0,1.0,0.8164965809277268,0.0,11.428571428571429,4.685336802448778,1.4025520146159038,0,0,0,0,0,0.2321
USR0013,2026-01-23,1,1,0,0,1,9.3,0,0,0,0,6,6,0,0,0,116,1,0,0,0,11,4,11,0.4291534423828125,0,0,0,0,134,92.85714285714286,20.529885301096805,2.00404710203905,0.0,0.5,0.0,0.8571428571428571,0.6900655593423553,4.554432691659531,11.285714285714286,4.4239607334862905,-1.1947923148831598,0,0,0,0,1,0.3839
USR0013,2026-01-26,1,1,0,0,1,8.533333333333333,0,0,0,0,9,8,0,0,0,107,1,0,0,0,7,1,7,0.4291534423828125,0,0,0,0,124,96.0,25.11971337416094,1.1146624001212462,0.0,0.5,0.0,1.2857142857142858,1.380131118684709,0.0,11.142857142857142,4.5981362684088785,-0.4660273245009001,0,0,0,0,0,0.2498
USR0013,2026-01-27,1,1,0,0,1,8.866666666666667,0,0,0,0,14,13,0,0,0,55,1,0,0,0,7,1,7,0.4291534423828125,0,0,0,0,77,103.14285714285714,24.929424190626428,-1.0486747284234093,0.0,0.5,0.0,1.1428571428571428,1.345185418269099,0.0,10.571428571428571,4.577377082170632,0.7490253407188315,0,0,0,0,0,0.2315
USR0013,2026-01-28,1,1,0,0,1,9.516666666666667,0,0,0,0,5,5,0,0,0,84,1,0,0,0,11,1,11,0.4291534423828125,0,0,0,0,101,100.85714285714286,26.686004892880778,0.005353260760858582,0.0,0.5,0.0,1.1428571428571428,1.345185418269099,0.0,11.571428571428571,4.4293394111365645,-1.483613686254481,0,0,0,0,0,0.2316
USR0013,2026-01-29,1,1,0,0,1,9.716666666666667,0,0,0,0,13,12,0,0,0,103,1,0,0,0,5,0,5,0.4291534423828125,0,0,0,0,122,106.14285714285714,21.287152396289567,0.744916114750361,0.0,0.5,0.0,1.1428571428571428,1.345185418269099,0.0,11.0,5.033222956847165,0.39735970711951324,0,0,0,0,0,0.2436
USR0013,2026-01-30,1,1,0,0,1,9.433333333333334,0,0,0,0,11,9,0,0,0,92,1,0,0,0,8,1,8,0.4291534423828125,0,0,0,0,112,105.85714285714286,21.01926553925049,0.2922488957278848,0.0,0.5,0.0,1.1428571428571428,1.345185418269099,0.0,10.571428571428571,4.649628761422529,0.09217325738502823,0,0,0,0,0,0.2362
USR0014,2026-01-01,1,1,0,0,1,9.433333333333334,0,0,0,0,5,4,0,0,0,94,1,0,0,0,11,5,11,0.4291534423828125,0,0,0,0,111,111.0,1.0,0.0,0.0,1.0,0.0,0.0,1.0,5.0,5.0,1.0,0.0,0,0,0,0,1,0.3543
USR0014,2026-01-02,1,1,0,0,1,8.583333333333334,0,0,0,0,6,6,0,0,0,49,1,0,0,0,5,0,5,0.4291534423828125,0,0,0,0,61,111.0,1.0,-3.0,0.0,1.0,0.0,5.0,1.0,0.0,5.0,1.0,1.0,0,0,0,0,0,0.2315
USR0014,2026-01-05,1,1,1,0,1,8.483333333333333,0,0,0,0,9,9,0,0,0,106,1,0,0,0,4,0,4,0.4291534423828125,0,0,0,0,120,86.0,35.35533905932738,0.9616652224137046,0.0,0.5,0.0,2.5,3.5355339059327378,0.0,5.5,1.0,3.5,1,0,1,0,0,0.7284
USR0014,2026-01-06,1,1,0,0,1,8.733333333333333,0,0,0,0,6,6,0,0,0,44,1,0,0,0,6,0,6,0.4291534423828125,0,0,0,0,57,97.33333333333333,31.785741037976972,-1.268912789704788,0.0,0.5,0.0,1.6666666666666667,2.8867513459481287,0.0,6.666666666666667,2.0816659994661326,-0.32025630761017443,0,0,0,0,0,0.2315
USR0014,2026-01-07,1,1,0,0,1,8.8,0,0,0,0,18,16,0,0,0,102,1,0,0,0,10,2,10,0.4291534423828125,0,0,0,0,131,87.25,32.86715685908959,1.3311160496044154,0.0,0.5,0.0,1.25,2.5,0.3,6.5,1.7320508075688772,6.639528095680697,0,0,1,0,0,0.5389
USR0014,2026-01-08,1,1,0,0,1,8.6,0,0,0,0,20,17,0,0,0,92,1,0,0,0,6,0,6,0.4291534423828125,0,0,0,0,119,96.0,34.539832078341085,0.6658978523066598,0.0,0.5,0.0,1.4,2.1908902300206643,0.0,8.8,5.357238094391549,2.0906295002503605,0,0,0,0,0,0.2423
USR0014,2026-01-09,1,1,1,0,1,8.316666666666666,0,0,0,0,11,10,0,0,0,74,1,0,0,0,10,2,10,0.4291534423828125,0,0,0,0,96,99.83333333333333,32.28880094810996,-0.11872021322481827,0.0,0.5,0.0,1.1666666666666667,2.0412414523193148,0.4082482904638631,10.666666666666666,6.623191577077222,0.05032820347323127,1,0,0,0,0,0.4376
USR0014,2026-01-12,1,1,0,0,1,9.25,0,0,0,0,7,7,0,0,0,67,1,0,0,0,7,0,7,0.4291534423828125,0,0,0,0,82,99.28571428571429,29.511095572763168,-0.5857361087491407,0.0,0.5,0.0,1.2857142857142858,1.8898223650461359,0.0,10.714285714285714,6.047431568147635,-0.6141922686399942,0,0,0,0,0,0.2315
USR0014,2026-01-13,1,1,0,0,1,8.7,0,0,0,0,16,15,0,0,0,71,1,0,0,0,9,3,9,0.4291534423828125,0,0,0,0,97,95.14285714285714,29.62785047568459,0.06268233528000987,0.0,0.5,0.0,0.5714285714285714,0.9759000729485324,2.488545186018762,11.0,5.773502691896258,0.8660254037844386,0,0,0,0,0,0.2899
USR0014,2026-01-14,1,1,1,0,1,8.4,0,0,0,0,20,16,0,0,0,82,1,0,0,0,12,2,12,0.4291534423828125,0,0,0,0,115,100.28571428571429,25.55852294711287,0.575709548815999,0.0,0.5,0.0,1.0,1.2909944487358052,0.7745966692414836,12.428571428571429,5.563486402641868,1.3609143661847032,1,0,0,0,0,0.4613
USR0014,2026-01-15,1,1,0,0,1,9.65,0,0,0,0,6,6,0,0,0,120,1,0,0,0,5,1,5,0.4291534423828125,0,0,0,0,132,99.57142857142857,24.979038831636032,1.2982313549831446,0.0,0.5,0.0,1.2857142857142858,1.253566341056017,0.0,14.0,5.972157622389638,-1.3395493732462744,0,0,0,0,0,0.2529
USR0014,2026-01-16,1,1,0,0,1,9.25,1,0,0,0,10,9,0,0,0,82,1,0,0,0,9,5,9,0.4291534423828125,0,0,0,0,103,110.28571428571429,19.058806238536967,-0.38227547908969,0.0,0.5,0.0,1.4285714285714286,1.1338934190276813,3.149703941743561,14.0,5.972157622389638,-0.6697746866231372,0,1,0,0,1,0.5934
USR0014,2026-01-19,1,1,0,0,1,9.533333333333333,0,0,0,0,14,12,0,0,0,103,1,0,0,0,9,1,9,0.4291534423828125,0,0,0,0,127,106.28571428571429,16.790019711267824,1.2337261105407935,0.0,0.5,0.0,1.8571428571428572,1.7728105208558365,0.0,12.857142857142858,5.843188953205016,0.1955879147516323,0,0,0,0,0,0.2518
USR0014,2026-01-20,1,1,0,0,1,8.8,0,0,0,0,15,14,0,0,0,69,1,0,0,0,12,1,12,0.4291534423828125,0,0,0,0,97,107.42857142857143,18.02643561418566,-0.578515445414223,0.0,0.5,0.0,2.0,1.632993161855452,0.0,12.0,4.999999999999999,0.6000000000000001,0,0,0,0,0,0.2315
USR0014,2026-01-21,1,1,0,0,1,9.816666666666666,0,0,0,0,12,10,0,0,0,97,1,0,0,0,7,1,7,0.4291534423828125,0,0,0,0,117,107.57142857142857,17.9244446018758,0.526017493874523,0.0,0.5,0.0,1.8571428571428572,1.6761634196950514,0.0,12.571428571428571,5.094347941825425,-0.11216912899432127,0,0,0,0,0,0.24
USR0014,2026-01-22,1,1,0,0,1,8.816666666666666,0,0,0,0,20,17,0,0,0,47,1,0,0,0,7,1,7,0.4291534423828125,0,0,0,0,75,112.57142857142857,14.069555108544886,-2.670406297965332,0.0,0.5,0.0,2.0,1.5275252316519465,0.0,13.285714285714286,4.498677054212186,1.4925022697503962,0,0,0,0,0,0.2315
USR0014,2026-01-23,1,1,0,0,1,9.85,0,0,0,0,15,14,0,0,0,83,1,0,0,0,5,2,5,0.4291534423828125,0,0,0,0,104,109.42857142857143,19.526538717492013,-0.2780099180459708,0.0,0.5,0.0,1.7142857142857142,1.4960264830861911,0.19098210422376918,13.857142857142858,5.113008619478078,0.223519502490845,0,0,0,0,0,0.2356
USR0014,2026-01-26,1,1,0,0,1,9.583333333333334,0,0,0,0,16,14,0,0,0,94,1,0,0,0,7,2,7,0.4291534423828125,0,0,0,0,118,107.85714285714286,19.445895637456697,0.5215937250696728,0.0,0.5,0.0,1.7142857142857142,1.4960264830861911,0.19098210422376918,13.142857142857142,4.413183712037203,0.6474108135017906,0,0,0,0,0,0.2441
USR0014,2026-01-27,1,1,0,0,1,8.8,0,0,0,0,5,5,0,0,0,113,1,0,0,0,12,3,12,0.4291534423828125,0,0,0,0,131,105.85714285714286,17.13114679395955,1.4676692369317925,0.0,0.5,0.0,1.8571428571428572,1.4638501094227996,0.7807200583588266,14.571428571428571,3.154739442867023,-3.0,0,0,0,0,0,0.274
USR0014,2026-01-28,1,1,0,0,1,8.783333333333333,0,0,0,0,19,16,0,0,0,52,1,0,0,0,8,2,8,0.4291534423828125,0,0,0,0,80,109.85714285714286,19.463029666768847,-1.5340439473367762,0.0,0.5,0.0,1.5714285714285714,0.7867957924694426,0.5447047794019225,13.857142857142858,4.5981362684088785,1.1184655788021605,0,0,0,0,0,0.2433
USR0014,2026-01-29,1,1,1,0,1,8.25,0,0,0,0,20,15,0,0,0,70,1,0,0,0,4,0,4,0.4291534423828125,0,0,0,0,95,103.14285714285714,20.635152623848555,-0.39461094818587567,0.0,0.5,0.0,1.7142857142857142,0.7559289460184542,0.0,14.571428571428571,4.995235825502229,1.0867497788306384,1,0,0,0,0,0.4256
USR0014,2026-01-30,1,1,0,0,1,9.9,0,0,0,0,7,7,0,0,0,117,1,0,0,0,11,3,11,0.4291534423828125,0,0,0,0,136,102.85714285714286,20.747920148202578,1.5974062414987824,0.0,0.5,0.0,1.5714285714285714,0.9759000729485328,1.4638501094228005,15.285714285714286,5.407226205560039,-1.5323409768199472,0,0,0,0,0,0.2931
USR0015,2026-01-01,1,1,0,0,1,8.85,0,0,0,0,13,12,0,0,0,113,1,0,0,0,6,2,6,0.4291534423828125,0,0,0,0,133,133.0,1.0,0.0,0.0,1.0,0.0,0.0,1.0,2.0,13.0,1.0,0.0,0,0,0,0,0,0.2769
USR0015,2026-01-02,1,1,0,0,1,9.583333333333334,0,0,0,0,5,5,0,0,0,106,1,0,0,0,10,2,10,0.4291534423828125,0,0,0,0,122,133.0,1.0,-3.0,0.0,1.0,0.0,2.0,1.0,0.0,13.0,1.0,-3.0,0,0,0,0,0,0.2315
USR0015,2026-01-05,1,1,0,0,1,8.616666666666667,0,0,0,0,14,13,0,0,0,55,1,0,0,0,12,1,12,0.4291534423828125,0,0,0,0,82,127.5,7.7781745930520225,-3.0,0.0,0.5,0.0,2.0,0.5,0.0,9.0,5.656854249492381,0.8838834764831843,0,0,0,0,0,0.2315
USR0015,2026-01-06,1,1,0,0,1,8.55,0,0,0,0,5,5,0,0,0,89,1,0,0,0,10,0,10,0.4291534423828125,0,0,0,0,105,112.33333333333333,26.839026311200882,-0.27323395596780153,0.0,0.5,0.0,1.6666666666666667,0.5773502691896258,0.0,10.666666666666666,4.932882862316248,-1.1487535432791258,0,0,0,0,0,0.2315
USR0015,2026-01-07,1,1,0,0,1,9.683333333333334,0,0,0,0,7,7,0,0,0,104,1,0,0,0,8,2,8,0.4291534423828125,0,0,0,0,120,110.5,22.218610817660643,0.4275694856875952,0.0,0.5,0.0,1.25,0.9574271077563381,0.7833494518006403,9.25,4.924428900898052,-0.45690577431012863,0,0,0,0,0,0.2559
USR0015,2026-01-08,1,1,0,0,1,8.5,0,0,0,0,19,13,0,0,0,93,1,0,0,0,8,2,8,0.4291534423828125,0,0,0,0,121,112.4,19.70532922840925,0.43643016060860024,0.0,0.5,0.0,1.4,0.8944271909999159,0.670820393249937,8.8,4.381780460041329,2.327820869396956,0,0,0,0,0,0.2535
USR0015,2026-01-09,1,1,0,0,1,8.6,0,0,0,0,20,16,0,0,0,85,1,0,0,0,7,2,7,0.4291534423828125,0,0,0,0,113,113.83333333333333,17.971273373544417,-0.04637029975628115,0.0,0.5,0.0,1.5,0.8366600265340756,0.5976143046671968,10.5,5.718391382198319,1.6613063648588389,0,0,0,0,0,0.2445
USR0015,2026-01-12,1,1,0,0,1,8.8,0,0,0,0,10,10,0,0,0,48,1,0,0,0,11,2,11,0.4291534423828125,0,0,0,0,70,113.71428571428571,16.40847632286725,-2.6641282745652877,0.0,0.5,0.0,1.5714285714285714,0.7867957924694432,0.5447047794019222,11.857142857142858,6.335839103296196,-0.2931171115403935,0,0,0,0,0,0.2433
USR0015,2026-01-13,1,1,1,0,1,8.45,0,0,0,0,20,16,0,0,0,78,1,0,0,0,6,0,6,0.4291534423828125,0,0,0,0,105,104.71428571428571,20.766273022333483,0.01375857311550392,0.0,0.5,0.0,1.5714285714285714,0.7867957924694432,0.0,11.428571428571429,6.347102826149446,1.350447409819031,1,0,0,0,0,0.4259
USR0015,2026-01-14,1,1,0,0,1,9.416666666666666,0,0,0,0,11,10,0,0,0,49,1,0,0,0,8,2,8,0.4291534423828125,0,0,0,0,69,102.28571428571429,19.353847900906654,-1.7198499469531836,0.0,0.5,0.0,1.2857142857142858,0.9511897312113419,0.7509392614826382,13.571428571428571,6.347102826149446,-0.4051342229457093,0,0,0,0,0,0.2479
USR0015,2026-01-15,1,1,0,0,1,9.8,0,0,0,0,13,11,0,0,0,108,1,0,0,0,6,2,6,0.4291534423828125,0,0,0,0,128,100.42857142857143,22.05944350202534,1.2498696337873239,0.0,0.5,0.0,1.4285714285714286,0.9759000729485332,0.5855400437691198,13.142857142857142,6.414269805898185,-0.022271770159368622,0,0,0,0,0,0.2656
USR0015,2026-01-16,1,1,0,0,1,9.5,0,0,0,0,19,19,0,0,0,97,1,0,0,0,7,5,7,0.4291534423828125,0,0,0,0,124,103.71428571428571,24.438455254743403,0.8300735080944578,0.0,0.5,0.0,1.7142857142857142,0.7559289460184545,4.3465914396061125,14.285714285714286,5.3452248382484875,0.8819620983110004,0,0,0,0,1,0.3535
USR0015,2026-01-19,1,1,0,0,1,9.816666666666666,0,0,0,0,13,11,0,0,0,96,1,0,0,0,12,2,12,0.4291534423828125,0,0,0,0,122,104.28571428571429,24.92464834733071,0.7107135662430644,0.0,0.5,0.0,2.142857142857143,1.4638501094227998,0.0,16.0,4.472135954999579,-0.670820393249937,0,0,0,0,0,0.243
USR0015,2026-01-20,1,1,1,0,1,8.4,0,0,0,0,12,11,0,0,0,66,1,0,0,0,11,1,11,0.4291534423828125,0,0,0,0,90,104.42857142857143,25.039017172253008,-0.5762435214334393,0.0,0.5,0.0,2.142857142857143,1.4638501094227998,0.0,15.142857142857142,4.375255094603872,-0.718325463293173,1,0,0,0,0,0.4256
USR0015,2026-01-21,1,1,0,0,1,8.65,0,0,0,0,6,5,0,0,0,43,1,0,0,0,4,1,4,0.4291534423828125,0,0,0,0,54,101.14285714285714,25.235085175396655,-1.8681473359487533,0.0,0.5,0.0,2.0,1.5275252316519468,0.0,14.0,3.9157800414902426,-2.0430156738209972,0,0,0,0,0,0.2315
USR0015,2026-01-22,1,1,0,0,1,8.833333333333334,0,0,0,0,9,8,0,0,0,41,1,0,0,0,4,2,4,0.4291534423828125,0,0,0,0,55,98.85714285714286,28.973715510375786,-1.5136872190740316,0.0,0.5,0.0,1.8571428571428572,1.5735915849388864,0.09078412990032031,13.428571428571429,4.790864322059324,-0.9243783857915296,0,0,0,0,0,0.2334
USR0015,2026-01-23,1,1,0,0,1,9.333333333333334,0,0,0,0,9,9,0,0,0,90,1,0,0,0,10,2,10,0.4291534423828125,0,0,0,0,110,91.71428571428571,33.079269871599266,0.5527847004088136,0.0,0.5,0.0,2.142857142857143,1.3451854182690988,0.0,11.857142857142858,4.017817460121494,-0.7111181345347783,0,0,0,0,0,0.2404
USR0015,2026-01-26,1,1,0,0,1,9.683333333333334,0,0,0,0,14,13,0,0,0,48,1,0,0,0,7,2,7,0.4291534423828125,0,0,0,0,70,97.57142857142857,31.999255943730645,-0.861627177204113,0.0,0.5,0.0,2.142857142857143,1.3451854182690988,0.0,11.571428571428571,4.157609203101497,0.5841269128324424,0,0,0,0,0,0.2315
USR0015,2026-01-27,1,1,0,0,1,8.55,0,0,0,0,5,5,0,0,0,71,1,0,0,0,5,2,5,0.4291534423828125,0,0,0,0,82,89.28571428571429,30.269425089322308,-0.24069549600677298,0.0,0.5,0.0,2.142857142857143,1.3451854182690988,0.0,11.714285714285714,4.231401884099629,-1.586775706537362,0,0,0,0,0,0.2315
USR0015,2026-01-28,1,1,1,0,1,8.316666666666666,0,0,0,0,8,8,0,0,0,58,1,0,0,0,11,2,11,0.4291534423828125,0,0,0,0,78,83.28571428571429,26.119687885541328,-0.202365139617163,0.0,0.5,0.0,1.7142857142857142,0.5,0.5714285714285716,9.714285714285714,3.450327796711767,-0.4968472027264954,1,0,0,0,0,0.4424
USR0015,2026-01-29,1,1,0,0,1,9.616666666666667,0,0,0,0,18,16,0,0,0,49,1,0,0,0,10,0,10,0.4291534423828125,0,0,0,0,78,77.0,19.77371993328516,0.05057217374241743,0.0,0.5,0.0,1.7142857142857142,0.5,0.0,9.0,3.162277660168374,2.846049894151546,0,0,1,0,0,0.5011
USR0015,2026-01-30,1,1,0,0,1,9.566666666666666,0,0,0,0,17,16,0,0,0,105,1,0,0,0,10,3,10,0.4291534423828125,0,0,0,0,133,75.28571428571429,18.962368748957168,3.0436221591492725,0.0,0.5,0.0,1.5714285714285714,0.7867957924694434,1.8156825980064066,9.857142857142858,4.598136268408878,1.553424415003001,0,0,0,0,0,0.33
USR0016,2026-01-01,1,1,0,0,1,8.6,0,0,0,0,6,5,0,0,0,70,1,0,0,0,7,2,7,0.4291534423828125,0,0,0,0,84,84.0,1.0,0.0,0.0,1.0,0.0,0.0,1.0,2.0,6.0,1.0,0.0,0,0,0,0,0,0.2769
USR0016,2026-01-02,1,1,0,0,1,8.533333333333333,0,0,0,0,12,11,0,0,0,100,1,0,0,0,7,1,7,0.4291534423828125,0,0,0,0,120,84.0,1.0,10.0,0.0,1.0,0.0,2.0,1.0,0.0,6.0,1.0,6.0,0,0,1,0,0,0.7109
USR0016,2026-01-05,1,1,0,0,1,9.783333333333333,0,0,0,0,5,5,0,0,0,107,1,0,0,0,11,0,11,0.4291534423828125,0,0,0,0,124,102.0,25.45584412271571,0.8642416214502248,0.0,0.5,0.0,1.5,0.7071067811865476,0.0,9.0,4.242640687119285,-0.9428090415820635,0,0,0,0,0,0.2456
USR0016,2026-01-06,1,1,0,0,1,9.4,0,0,0,0,16,15,0,0,0,66,1,0,0,0,11,2,11,0.4291534423828125,0,0,0,0,94,109.33333333333333,22.03028218914441,-0.6960116625691226,0.0,0.5,0.0,1.0,1.0,1.0,7.666666666666667,3.7859388972001824,2.2011272658140593,0,0,0,0,0,0.2535
USR0016,2026-01-07,1,1,0,0,1,9.883333333333333,1,0,0,0,7,7,0,0,0,53,1,0,0,0,10,3,10,0.4291534423828125,0,0,0,0,72,105.5,19.55334583474995,-1.7132617754074722,0.0,0.5,0.0,1.25,0.9574271077563381,1.8278153875348273,9.75,5.188127472091127,-0.5300563671176693,0,1,0,0,0,0.5546
USR0016,2026-01-08,1,1,1,0,1,8.283333333333333,0,0,0,0,17,15,0,0,0,59,1,0,0,0,10,3,10,0.4291534423828125,0,0,0,0,87,98.8,22.609732417700126,-0.5218991442270372,0.0,0.5,0.0,1.6,1.1401754250991378,1.227881227029841,9.2,4.658325879540846,1.6744212838902583,1,0,0,0,0,0.4619
USR0016,2026-01-09,1,1,1,0,1,8.45,0,0,0,0,10,10,0,0,0,91,1,0,0,0,8,1,8,0.4291534423828125,0,0,0,0,110,96.83333333333333,20.788618681063603,0.6333593813359142,0.0,0.5,0.0,1.8333333333333333,1.169045194450012,0.0,10.5,5.244044240850758,-0.09534625892455924,1,0,0,0,0,0.4395
USR0016,2026-01-12,1,1,1,0,1,8.266666666666667,0,0,0,0,13,12,0,0,0,104,1,0,0,0,10,1,10,0.4291534423828125,0,0,0,0,128,98.71428571428571,19.618989828856172,1.492722843591061,0.0,0.5,0.0,1.7142857142857142,1.1126972805283735,0.0,10.428571428571429,4.790864322059325,0.5367358369112105,1,0,0,0,0,0.4587
USR0016,2026-01-13,1,1,0,0,1,8.75,0,0,0,0,19,16,0,0,0,42,1,0,0,0,8,3,8,0.4291534423828125,0,0,0,0,70,105.0,21.110818711425352,-1.6579176998501581,0.0,0.5,0.0,1.5714285714285714,1.1338934190276817,1.259881576697424,11.428571428571429,4.429339411136566,1.709380986336684,0,0,0,0,0,0.2595
USR0016,2026-01-14,1,1,1,0,1,8.366666666666667,0,0,0,0,5,3,0,0,0,61,1,0,0,0,9,2,9,0.4291534423828125,0,0,0,0,76,97.85714285714286,23.511901748040795,-0.9296203723275671,0.0,0.5,0.0,1.8571428571428572,1.2149857925879117,0.11757927025044303,12.428571428571429,5.287001130355558,-1.4050633327691093,1,0,0,0,0,0.429
USR0016,2026-01-15,1,1,1,0,1,8.383333333333333,0,0,0,0,7,6,0,0,0,118,1,0,0,0,5,0,5,0.4291534423828125,0,0,0,0,131,91.0,21.53292053267894,1.8576207504827282,0.0,0.5,0.0,2.142857142857143,0.8997354108424375,0.0,12.428571428571429,5.287001130355558,-1.0267770508697338,1,0,0,0,0,0.4668
USR0016,2026-01-16,1,1,0,0,1,8.65,0,0,0,0,18,17,0,0,0,92,1,0,0,0,4,0,4,0.4291534423828125,0,0,0,0,115,96.28571428571429,26.386324019046214,0.7092418671421353,0.0,0.5,0.0,1.8571428571428572,1.2149857925879117,0.0,11.142857142857142,5.367450401216933,1.2775419136780797,0,0,0,0,0,0.243
USR0016,2026-01-19,1,1,1,0,1,8.25,0,0,0,0,10,9,0,0,0,116,1,0,0,0,10,3,10,0.4291534423828125,0,0,0,0,137,102.42857142857143,24.74440773762254,1.3971410808456963,0.0,0.5,0.0,1.4285714285714286,1.2724180205607036,1.2349939611324474,12.714285714285714,5.55920515044749,-0.48825068347535727,1,0,0,0,0,0.4935
USR0016,2026-01-20,1,1,0,0,1,9.55,1,0,0,0,7,7,0,0,0,102,1,0,0,0,6,1,6,0.4291534423828125,0,0,0,0,117,109.57142857142857,26.688681389040454,0.2783416430465511,0.0,0.5,0.0,1.4285714285714286,1.2724180205607036,0.0,11.714285714285714,5.282495802626057,-0.8924352977132755,0,1,0,0,0,0.5063
USR0016,2026-01-21,1,1,1,0,1,8.25,0,0,0,0,12,10,0,0,0,109,1,0,0,0,11,4,11,0.4291534423828125,0,0,0,0,133,110.57142857142857,26.838139173305482,0.8356977092838083,0.0,0.5,0.0,1.4285714285714286,1.2724180205607036,2.020899209125823,11.285714285714286,5.559205150447491,0.12848702196719916,1,0,0,0,1,0.5044
USR0016,2026-01-22,1,1,0,0,1,9.766666666666667,0,0,0,0,8,7,0,0,0,67,1,0,0,0,8,2,8,0.4291534423828125,0,0,0,0,84,111.28571428571429,27.439110078586037,-0.994409593006755,0.0,0.5,0.0,1.8571428571428572,1.5735915849388864,0.09078412990032031,11.142857142857142,5.520524474738835,-0.569304086457442,0,0,0,0,0,0.2334
USR0016,2026-01-23,1,1,0,0,1,9.75,0,0,0,0,5,5,0,0,0,40,1,0,0,0,7,1,7,0.4291534423828125,0,0,0,0,53,113.28571428571429,24.25362025014194,-2.4856377589799807,0.0,0.5,0.0,1.7142857142857142,1.4960264830861913,0.0,9.571428571428571,4.353433237386439,-1.0500743487163258,0,0,0,0,0,0.2315
USR0016,2026-01-26,1,1,0,0,1,9.766666666666667,1,0,0,0,7,7,0,0,0,46,1,0,0,0,10,2,10,0.4291534423828125,0,0,0,0,65,110.0,30.816662159725645,-1.4602489966875967,0.0,0.5,0.0,1.5714285714285714,1.511857892036909,0.2834733547569204,9.571428571428571,4.353433237386439,-0.5906668211529332,0,1,0,0,0,0.5085
USR0016,2026-01-27,1,1,0,0,1,9.3,0,0,0,0,8,7,0,0,0,96,1,0,0,0,12,3,12,0.4291534423828125,0,0,0,0,117,100.57142857142857,33.31594784712541,0.4931143338306352,0.0,0.5,0.0,1.8571428571428572,1.3451854182690988,0.8495907904857463,9.571428571428571,4.353433237386439,-0.36096305737123696,0,0,0,0,0,0.2585
USR0016,2026-01-28,1,1,0,0,1,9.883333333333333,1,0,0,0,6,5,0,0,0,69,1,0,0,0,8,0,8,0.4291534423828125,0,0,0,0,85,100.85714285714286,33.46853533011053,-0.4737925547305537,0.0,0.5,0.0,2.2857142857142856,1.112697280528374,0.0,8.142857142857142,2.267786838055371,-0.9449111825230647,0,1,0,0,0,0.5
USR0016,2026-01-29,1,1,1,0,1,8.316666666666666,0,0,0,0,15,13,0,0,0,106,1,0,0,0,9,4,9,0.4291534423828125,0,0,0,0,131,93.42857142857143,29.663991318640516,1.2665668678179227,0.0,0.5,0.0,1.8571428571428572,1.3451854182690988,1.5929827321607741,7.571428571428571,2.2253945610567567,3.3380918415851064,1,0,1,0,1,0.7694
USR0016,2026-01-30,1,1,0,0,1,9.75,0,0,0,0,12,11,0,0,0,97,1,0,0,0,10,2,10,0.4291534423828125,0,0,0,0,120,95.42857142857143,31.90536602128833,0.7701346712347286,0.0,0.5,0.0,2.2857142857142856,1.4960264830861913,0.0,8.714285714285714,3.5456210417116774,0.9266964086291865,0,0,0,0,0,0.244
USR0017,2026-01-01,1,1,0,0,1,9.35,0,0,0,0,19,17,0,0,0,99,1,0,0,0,9,2,9,0.4291534423828125,0,0,0,0,128,128.0,1.0,0.0,0.0,1.0,0.0,0.0,1.0,2.0,19.0,1.0,0.0,0,0,0,0,0,0.2769
USR0017,2026-01-02,1,1,0,0,1,9.3,0,0,0,0,10,9,0,0,0,101,1,0,0,0,4,0,4,0.4291534423828125,0,0,0,0,116,128.0,1.0,-3.0,0.0,1.0,0.0,2.0,1.0,0.0,19.0,1.0,-3.0,0,0,0,0,0,0.2315
USR0017,2026-01-05,1,1,0,0,1,9.916666666666666,0,0,0,0,10,9,0,0,0,91,1,0,0,0,8,1,8,0.4291534423828125,0,0,0,0,110,122.0,8.48528137423857,-1.4142135623730951,0.0,0.5,0.0,1.0,1.4142135623730951,0.0,14.5,6.363961030678928,-0.7071067811865476,0,0,0,0,0,0.2315
USR0017,2026-01-06,1,1,0,0,1,8.916666666666666,0,0,0,0,10,8,0,0,0,102,1,0,0,0,5,0,5,0.4291534423828125,0,0,0,0,118,118.0,9.16515138991168,0.0,0.0,0.5,0.0,1.0,1.0,0.0,13.0,5.196152422706632,-0.5773502691896257,0,0,0,0,0,0.2315
USR0017,2026-01-07,1,1,0,0,1,9.616666666666667,0,0,0,0,9,9,0,0,0,54,1,0,0,0,10,3,10,0.4291534423828125,0,0,0,0,74,118.0,7.483314773547883,-3.0,0.0,0.5,0.0,0.75,0.9574271077563381,2.350048355401921,12.25,4.5,-0.7222222222222222,0,0,0,0,0,0.2854
USR0017,2026-01-08,1,1,0,0,1,8.65,0,0,0,0,14,13,0,0,0,86,1,0,0,0,12,1,12,0.4291534423828125,0,0,0,0,113,109.2,20.717142660125695,0.1834229778855489,0.0,0.5,0.0,1.2,1.3038404810405297,0.0,11.6,4.159326868617084,0.5770164442012141,0,0,0,0,0,0.2344
USR0017,2026-01-09,1,1,0,0,1,8.5,0,0,0,0,5,5,0,0,0,120,1,0,0,0,5,1,5,0.4291534423828125,0,0,0,0,131,109.83333333333333,18.594802141100256,1.1383109379734566,0.0,0.5,0.0,1.1666666666666667,1.1690451944500122,0.0,12.0,3.847076812334269,-1.819563357185127,0,0,0,0,0,0.2502
USR0017,2026-01-12,1,1,1,0,1,8.433333333333334,0,0,0,0,17,12,0,0,0,40,1,0,0,0,7,0,7,0.4291534423828125,0,0,0,0,65,112.85714285714286,18.765469808743322,-2.5502768299914864,0.0,0.5,0.0,1.1428571428571428,1.0690449676496976,0.0,11.0,4.396968652757639,1.3645764784420262,1,0,0,0,0,0.4256
USR0017,2026-01-13,1,1,0,0,1,9.7,0,0,0,0,8,7,0,0,0,53,1,0,0,0,6,1,6,0.4291534423828125,0,0,0,0,68,103.85714285714286,24.518214803342783,-1.4624695617012926,0.0,0.5,0.0,0.8571428571428571,1.0690449676496976,0.13363062095621223,10.714285714285714,3.8172540616821107,-0.7110571291368636,0,0,0,0,0,0.2343
USR0017,2026-01-14,1,1,0,0,1,8.516666666666667,0,0,0,0,17,13,0,0,0,109,1,0,0,0,10,1,10,0.4291534423828125,0,0,0,0,137,97.0,27.12931993250108,1.474419561548971,0.0,0.5,0.0,1.0,1.0,0.0,10.428571428571429,3.952094080237415,1.6627712898559854,0,0,0,0,0,0.2559
USR0017,2026-01-15,1,1,1,0,1,8.45,0,0,0,0,19,14,0,0,0,49,1,0,0,0,9,1,9,0.4291534423828125,0,0,0,0,78,100.85714285714286,30.937725468153882,-0.7388113544633763,0.0,0.5,0.0,1.0,1.0,0.0,11.428571428571429,4.649628761422531,1.6283942138021639,1,0,0,0,0,0.4256
USR0017,2026-01-16,1,1,0,0,1,8.566666666666666,0,0,0,0,19,17,0,0,0,86,1,0,0,0,9,4,9,0.4291534423828125,0,0,0,0,115,95.14285714285714,30.937725468153882,0.6418423641900581,0.0,0.5,0.0,1.1428571428571428,0.8997354108424375,3.1755367441497784,12.714285714285714,5.376314900074392,1.1691492039700486,0,0,0,0,1,0.3184
USR0017,2026-01-19,1,1,0,0,1,9.35,0,0,0,0,13,12,0,0,0,77,1,0,0,0,11,3,11,0.4291534423828125,0,0,0,0,102,101.0,30.13856886670855,0.03318007581655985,0.0,0.5,0.0,1.2857142857142858,1.2535663410560176,1.367526917515655,14.142857142857142,5.550632739564366,-0.20589673222495314,0,0,0,0,0,0.2625
USR0017,2026-01-20,1,1,0,0,1,9.316666666666666,0,0,0,0,5,3,0,0,0,50,1,0,0,0,12,1,12,0.4291534423828125,0,0,0,0,68,99.42857142857143,29.692070450190034,-1.0584836608580215,0.0,0.5,0.0,1.5714285714285714,1.397276262011544,0.0,14.0,5.567764362830023,-1.6164477182409738,0,0,0,0,0,0.2315
USR0017,2026-01-21,1,1,0,0,1,8.616666666666667,0,0,0,0,5,5,0,0,0,40,1,0,0,0,7,3,7,0.4291534423828125,0,0,0,0,53,90.42857142857143,28.02889665361532,-1.335356574720671,0.0,0.5,0.0,1.5714285714285714,1.397276262011544,1.0223972648864954,14.0,5.567764362830023,-1.6164477182409738,0,0,0,0,0,0.254
USR0017,2026-01-22,1,1,0,0,1,9.75,0,0,0,0,7,6,0,0,0,50,1,0,0,0,5,0,5,0.4291534423828125,0,0,0,0,63,88.71428571428571,30.131458011599143,-0.8534033004439069,0.0,0.5,0.0,2.0,1.2909944487358058,0.0,12.285714285714286,6.290582530372572,-0.8402583163313541,0,0,0,0,0,0.2315
USR0017,2026-01-23,1,1,1,0,1,8.483333333333333,0,0,0,0,18,17,0,0,0,77,1,0,0,0,11,2,11,0.4291534423828125,0,0,0,0,107,88.0,30.7571129984594,0.6177432843242373,0.0,0.5,0.0,1.8571428571428572,1.4638501094227998,0.09759000729485327,12.142857142857142,6.414269805898186,0.9131425765341166,1,0,0,0,0,0.4421
USR0017,2026-01-26,1,1,0,0,1,9.65,0,0,0,0,6,6,0,0,0,110,1,0,0,0,11,1,11,0.4291534423828125,0,0,0,0,128,83.71428571428571,24.177911997760038,1.8316599998303054,0.0,0.5,0.0,2.0,1.4142135623730951,0.0,12.285714285714286,6.5501726622099,-0.9596257396356341,0,0,0,0,0,0.2621
USR0017,2026-01-27,1,1,1,0,1,8.3,0,0,0,0,14,12,0,0,0,119,1,0,0,0,10,2,10,0.4291534423828125,0,0,0,0,144,90.85714285714286,29.094263875825956,1.826575072312204,0.0,0.5,0.0,2.0,1.4142135623730951,0.0,10.428571428571429,6.160550377391695,0.5797255687633338,1,0,0,0,0,0.4661
USR0017,2026-01-28,1,1,0,0,1,9.766666666666667,0,0,0,0,20,17,0,0,0,43,1,0,0,0,6,1,6,0.4291534423828125,0,0,0,0,70,95.0,34.641016151377556,-0.7216878364870319,0.0,0.5,0.0,1.7142857142857142,1.1126972805283735,0.0,9.714285714285714,5.219012860502955,1.9708160452248922,0,0,0,0,0,0.2315
USR0017,2026-01-29,1,1,0,0,1,9.583333333333334,0,0,0,0,14,13,0,0,0,70,1,0,0,0,10,1,10,0.4291534423828125,0,0,0,0,95,90.42857142857143,35.65976791314055,0.12819569052057705,0.0,0.5,0.0,1.4285714285714286,0.9759000729485331,0.0,10.714285714285714,6.473388749701497,0.507572526965231,0,0,0,0,0,0.2335
USR0017,2026-01-30,1,1,0,0,1,9.466666666666667,0,0,0,0,11,10,0,0,0,118,1,0,0,0,5,3,5,0.4291534423828125,0,0,0,0,135,94.28571428571429,34.26229358791911,1.188311740129434,0.0,0.5,0.0,1.4285714285714286,0.9759000729485331,1.6102351203650798,12.0,6.027713773341708,-0.1659003790827993,0,0,0,0,0,0.2891
USR0018,2026-01-01,1,1,0,0,1,8.666666666666666,0,0,0,0,19,15,0,0,0,102,1,0,0,0,9,2,9,0.4291534423828125,0,0,0,0,131,131.0,1.0,0.0,0.0,1.0,0.0,0.0,1.0,2.0,19.0,1.0,0.0,0,0,0,0,0,0.2769
USR0018,2026-01-02,1,1,1,0,1,8.283333333333333,0,0,0,0,15,14,0,0,0,101,1,0,0,0,7,1,7,0.4291534423828125,0,0,0,0,124,131.0,1.0,-3.0,0.0,1.0,0.0,2.0,1.0,0.0,19.0,1.0,-3.0,1,0,0,0,0,0.4256
USR0018,2026-01-05,1,1,0,0,1,9.716666666666667,0,0,0,0,6,6,0,0,0,66,1,0,0,0,10,3,10,0.4291534423828125,0,0,0,0,83,127.5,4.949747468305833,-3.0,0.0,0.5,0.0,1.5,0.7071067811865476,2.1213203435596424,17.0,2.8284271247461903,-3.0,0,0,0,0,0,0.2798
USR0018,2026-01-06,1,1,0,0,1,8.766666666666667,0,0,0,0,11,11,0,0,0,71,1,0,0,0,11,3,11,0.4291534423828125,0,0,0,0,94,112.66666666666667,25.929391302792542,-0.7199037743958266,0.0,0.5,0.0,2.0,1.0,1.0,13.333333333333334,6.658328118479393,-0.3504383220252313,0,0,0,0,0,0.2535
USR0018,2026-01-07,1,1,0,0,1,8.8,0,0,0,0,5,5,0,0,0,43,1,0,0,0,9,2,9,0.4291534423828125,0,0,0,0,58,108.0,23.137271518771037,-2.161015397145489,0.0,0.5,0.0,2.25,0.9574271077563381,0.0,12.75,5.560275772537426,-1.3938157596926701,0,0,0,0,0,0.2315
USR0018,2026-01-08,1,1,0,0,1,8.666666666666666,0,0,0,0,18,16,0,0,0,59,1,0,0,0,9,3,9,0.4291534423828125,0,0,0,0,87,98.0,30.02498959200486,-0.3663614925258496,0.0,0.5,0.0,2.2,0.8366600265340756,0.9561828874675147,11.2,5.932958789676531,1.1461397661875117,0,0,0,0,0,0.2525
USR0018,2026-01-09,1,1,0,0,1,9.55,0,0,0,0,14,14,0,0,0,112,1,0,0,0,10,1,10,0.4291534423828125,0,0,0,0,137,96.16666666666667,27.228049262969,1.4996789868772544,0.0,0.5,0.0,2.3333333333333335,0.816496580927726,0.0,12.333333333333334,5.988878581726856,0.2782936143925117,0,0,0,0,0,0.2563
USR0018,2026-01-12,1,1,0,0,1,8.666666666666666,0,0,0,0,8,8,0,0,0,73,1,0,0,0,12,5,12,0.4291534423828125,0,0,0,0,94,102.0,29.257477676655586,-0.2734343708098653,0.0,0.5,0.0,2.142857142857143,0.8997354108424372,3.1755367441497793,12.571428571428571,5.50324579550235,-0.8306786106418639,0,0,0,0,1,0.306
USR0018,2026-01-13,1,1,0,0,1,9.8,0,0,0,0,17,15,0,0,0,108,1,0,0,0,6,3,6,0.4291534423828125,0,0,0,0,132,96.71428571428571,26.342072088291804,1.3395193122031446,0.0,0.5,0.0,2.5714285714285716,1.3972762620115438,0.3067191794659485,11.0,4.898979485566357,1.224744871391589,0,0,0,0,0,0.2606
USR0018,2026-01-14,1,1,0,0,1,9.4,0,0,0,0,5,5,0,0,0,88,1,0,0,0,10,2,10,0.4291534423828125,0,0,0,0,104,97.85714285714286,27.853357496171338,0.22054278891517917,0.0,0.5,0.0,2.857142857142857,1.214985792587912,0.0,11.285714285714286,5.219012860502955,-1.2043875831929898,0,0,0,0,0,0.235
USR0018,2026-01-15,1,1,0,0,1,8.533333333333333,0,0,0,0,11,10,0,0,0,104,1,0,0,0,6,1,6,0.4291534423828125,0,0,0,0,122,100.85714285714286,27.107370285764052,0.7799671056236949,0.0,0.5,0.0,2.7142857142857144,1.2535663410560176,0.0,11.142857142857142,5.398412465054625,-0.026462806201248062,0,0,0,0,0,0.2442
USR0018,2026-01-16,1,1,0,0,1,9.583333333333334,0,0,0,0,9,8,0,0,0,50,1,0,0,0,4,1,4,0.4291534423828125,0,0,0,0,64,104.85714285714286,27.978733420394924,-1.4602927960763334,0.0,0.5,0.0,2.4285714285714284,1.3972762620115438,0.0,11.142857142857142,5.398412465054625,-0.39694209301872224,0,0,0,0,0,0.2315
USR0018,2026-01-19,1,1,0,0,1,8.766666666666667,0,0,0,0,14,13,0,0,0,66,1,0,0,0,6,1,6,0.4291534423828125,0,0,0,0,87,105.71428571428571,26.34839834293719,-0.7102627442742514,0.0,0.5,0.0,2.2857142857142856,1.4960264830861913,0.0,11.714285714285714,4.820590756130958,0.4741564678161599,0,0,0,0,0,0.2315
USR0018,2026-01-20,1,1,0,0,1,8.533333333333333,0,0,0,0,9,7,0,0,0,76,1,0,0,0,6,0,6,0.4291534423828125,0,0,0,0,92,105.71428571428571,26.34839834293719,-0.5204978889338026,0.0,0.5,0.0,2.0,1.5275252316519465,0.0,11.142857142857142,4.140393356054126,-0.5175491695067654,0,0,0,0,0,0.2315
USR0018,2026-01-21,1,1,0,0,1,8.833333333333334,0,0,0,0,18,15,0,0,0,81,1,0,0,0,9,2,9,0.4291534423828125,0,0,0,0,109,99.28571428571429,22.676818454935326,0.42837956892367834,0.0,0.5,0.0,1.8571428571428572,1.6761634196950514,0.08522864845907038,10.428571428571429,3.994043183589902,1.89568019758446,0,0,0,0,0,0.2403
USR0018,2026-01-22,1,1,0,0,1,8.566666666666666,0,0,0,0,5,5,0,0,0,57,1,0,0,0,4,1,4,0.4291534423828125,0,0,0,0,67,101.42857142857143,22.802464361388246,-1.509861867687856,0.0,0.5,0.0,1.4285714285714286,0.9759000729485328,0.0,11.857142857142858,4.705619740571602,-1.457224177725399,0,0,0,0,0,0.2315
USR0018,2026-01-23,1,1,0,0,1,9.75,0,0,0,0,12,12,0,0,0,84,1,0,0,0,4,0,4,0.4291534423828125,0,0,0,0,101,92.14285714285714,21.474237056129784,0.41245436724908485,0.0,0.5,0.0,1.1428571428571428,0.6900655593423536,0.0,10.142857142857142,4.705619740571602,0.3946648814672956,0,0,0,0,0,0.2381
USR0018,2026-01-26,1,1,0,0,1,8.916666666666666,0,0,0,0,11,11,0,0,0,71,1,0,0,0,11,0,11,0.4291534423828125,0,0,0,0,94,91.71428571428571,21.226667863125122,0.10768125739061593,0.0,0.5,0.0,0.8571428571428571,0.6900655593423536,0.0,11.142857142857142,4.140393356054126,-0.03450327796711758,0,0,0,0,0,0.2332
USR0018,2026-01-27,1,1,0,0,1,9.8,0,0,0,0,20,18,0,0,0,89,1,0,0,0,9,3,9,0.4291534423828125,0,0,0,0,119,87.71428571428571,16.730354506248887,1.869997092651497,0.0,0.5,0.0,0.7142857142857143,0.7559289460184538,3.0237157840738202,11.142857142857142,4.140393356054126,2.1392032339612976,0,0,0,0,1,0.3388
USR0018,2026-01-28,1,1,0,0,1,9.6,0,0,0,0,11,11,0,0,0,41,1,0,0,0,10,2,10,0.4291534423828125,0,0,0,0,63,95.57142857142857,16.651898218693102,-1.9560189561370551,0.0,0.5,0.0,1.0,1.154700538379251,0.866025403784439,12.714285714285714,5.154748157905348,-0.3325643972842158,0,0,0,0,0,0.2505
USR0018,2026-01-29,1,1,1,0,1,8.25,0,0,0,0,8,7,0,0,0,94,1,0,0,0,6,1,6,0.4291534423828125,0,0,0,0,109,92.14285714285714,20.691613207839968,0.8146848043126844,0.0,0.5,0.0,1.1428571428571428,1.2149857925879115,0.0,12.285714285714286,5.154748157905348,-0.8314109932105399,1,0,0,0,0,0.4436
USR0018,2026-01-30,1,1,0,0,1,9.4,0,0,0,0,17,15,0,0,0,64,1,0,0,0,10,0,10,0.4291534423828125,0,0,0,0,92,94.57142857142857,21.64761066767064,-0.11878579169334554,0.0,0.5,0.0,1.2857142857142858,1.1126972805283732,0.0,12.142857142857142,5.27347359996462,0.9210518958842316,0,0,0,0,0,0.2315
USR0019,2026-01-01,1,1,0,0,1,9.616666666666667,0,0,0,0,19,16,0,0,0,86,1,0,0,0,12,0,12,0.4291534423828125,0,0,0,0,118,118.0,1.0,0.0,0.0,1.0,0.0,0.0,1.0,0.0,19.0,1.0,0.0,0,0,0,0,0,0.2315
USR0019,2026-01-02,1,1,0,0,1,9.483333333333333,0,0,0,0,16,13,0,0,0,106,1,0,0,0,8,3,8,0.4291534423828125,0,0,0,0,131,118.0,1.0,10.0,0.0,1.0,0.0,0.0,1.0,3.0,19.0,1.0,-3.0,0,0,0,0,1,0.515
USR0019,2026-01-05,1,1,1,0,1,8.466666666666667,0,0,0,0,19,17,0,0,0,57,1,0,0,0,6,0,6,0.4291534423828125,0,0,0,0,83,124.5,9.192388155425117,-3.0,0.0,0.5,0.0,1.5,2.1213203435596424,0.0,17.5,2.1213203435596424,0.7071067811865476,1,0,0,0,0,0.4256
USR0019,2026-01-06,1,1,0,0,1,8.733333333333333,0,0,0,0,13,11,0,0,0,94,1,0,0,0,8,3,8,0.4291534423828125,0,0,0,0,116,110.66666666666667,24.82606157515391,0.21482800714032566,0.0,0.5,0.0,1.0,1.7320508075688772,1.1547005383792517,18.0,1.7320508075688772,-2.886751345948129,0,0,0,0,0,0.2607
USR0019,2026-01-07,1,1,0,0,1,8.566666666666666,0,0,0,0,5,5,0,0,0,52,1,0,0,0,9,5,9,0.4291534423828125,0,0,0,0,67,112.0,20.445048300260876,-2.201021946200333,0.0,0.5,0.0,1.5,1.7320508075688772,2.0207259421636903,16.75,2.8722813232690143,-3.0,0,0,0,0,1,0.2774
USR0019,2026-01-08,1,1,0,0,1,9.616666666666667,0,0,0,0,15,13,0,0,0,113,1,0,0,0,10,2,10,0.4291534423828125,0,0,0,0,139,103.0,26.80485030736042,1.3430405164439458,0.0,0.5,0.0,2.2,2.16794833886788,0.0,14.4,5.813776741499453,0.10320313742306716,0,0,0,0,0,0.2537
USR0019,2026-01-09,1,1,0,0,1,9.833333333333334,0,0,0,0,20,16,0,0,0,108,1,0,0,0,4,2,4,0.4291534423828125,0,0,0,0,133,109.0,28.121166405396487,0.8534496632897265,0.0,0.5,0.0,2.1666666666666665,1.9407902170679516,0.0,14.5,5.205766033928148,1.0565207817935356,0,0,0,0,0,0.2454
USR0019,2026-01-12,1,1,0,0,1,8.55,0,0,0,0,13,12,0,0,0,81,1,0,0,0,7,2,7,0.4291534423828125,0,0,0,0,102,112.42857142857143,27.226562660125023,-0.3830293070320153,0.0,0.5,0.0,2.142857142857143,1.7728105208558367,0.0,15.285714285714286,5.1869800370506445,-0.440663790758285,0,0,0,0,0,0.2315
USR0019,2026-01-13,1,1,0,0,1,8.816666666666666,0,0,0,0,17,16,0,0,0,49,1,0,0,0,11,2,11,0.4291534423828125,0,0,0,0,78,110.14285714285714,27.352200224897032,-1.1751470404051614,0.0,0.5,0.0,2.4285714285714284,1.5118578920369088,0.0,14.428571428571429,4.961758520831865,0.5182494393131928,0,0,0,0,0,0.2315
USR0019,2026-01-14,1,1,0,0,1,9.916666666666666,0,0,0,0,19,16,0,0,0,76,1,0,0,0,4,1,4,0.4291534423828125,0,0,0,0,100,102.57142857142857,27.945525240230875,-0.09201575383978453,0.0,0.5,0.0,2.2857142857142856,1.4960264830861911,0.0,14.571428571428571,5.028490259085154,0.8806960340770612,0,0,0,0,0,0.2315
USR0019,2026-01-15,1,1,0,0,1,9.6,0,0,0,0,17,14,0,0,0,108,1,0,0,0,4,2,4,0.4291534423828125,0,0,0,0,130,105.0,26.670833007863354,0.9373535499483371,0.0,0.5,0.0,2.4285714285714284,1.2724180205607034,0.0,14.571428571428571,5.028490259085154,0.4829623412680658,0,0,0,0,0,0.2468
USR0019,2026-01-16,1,1,1,0,1,8.333333333333334,0,0,0,0,19,16,0,0,0,52,1,0,0,0,6,1,6,0.4291534423828125,0,0,0,0,78,107.0,28.118795611950855,-1.0313386248902716,0.0,0.5,0.0,2.2857142857142856,1.2535663410560172,0.0,15.142857142857142,5.047394424471944,0.7641849502471545,1,0,0,0,0,0.4256
USR0019,2026-01-19,1,1,0,0,1,9.75,0,0,0,0,17,14,0,0,0,120,1,0,0,0,7,2,7,0.4291534423828125,0,0,0,0,145,108.57142857142857,25.715476162920147,1.4166010848011747,0.0,0.5,0.0,1.7142857142857142,0.5,0.5714285714285716,17.142857142857142,2.4784787961282078,-0.05763904177042335,0,0,0,0,0,0.2682
USR0019,2026-01-20,1,1,0,0,1,8.633333333333333,0,0,0,0,14,14,0,0,0,85,1,0,0,0,4,2,4,0.4291534423828125,0,0,0,0,104,109.42857142857143,26.96823528311992,-0.20129501880938078,0.0,0.5,0.0,1.7142857142857142,0.5,0.5714285714285716,17.428571428571427,2.299068134204437,-1.4912874384028816,0,0,0,0,0,0.2439
USR0019,2026-01-21,1,1,0,0,1,9.283333333333333,0,0,0,0,18,15,0,0,0,92,1,0,0,0,7,2,7,0.4291534423828125,0,0,0,0,118,105.28571428571429,24.89119178688374,0.5107945743676854,0.0,0.5,0.0,1.7142857142857142,0.5,0.5714285714285716,16.571428571428573,2.2990681342044383,0.6213697660011999,0,0,0,0,0,0.2525
USR0019,2026-01-22,1,1,1,0,1,8.316666666666666,0,0,0,0,12,12,0,0,0,84,1,0,0,0,8,0,8,0.4291534423828125,0,0,0,0,105,107.57142857142857,25.27091307450223,-0.10175447811670413,0.0,0.5,0.0,1.7142857142857142,0.5,0.0,17.285714285714285,1.70433620649269,-3.0,1,0,0,0,0,0.4256
USR0019,2026-01-23,1,1,0,0,1,9.383333333333333,0,0,0,0,18,14,0,0,0,55,1,0,0,0,11,1,11,0.4291534423828125,0,0,0,0,85,111.42857142857143,21.831606620197412,-1.210564659227652,0.0,0.5,0.0,1.4285714285714286,0.7867957924694432,0.0,16.571428571428573,2.6367367999823084,0.5417952328730772,0,0,0,0,0,0.2315
USR0019,2026-01-26,1,1,0,0,1,8.716666666666667,0,0,0,0,14,13,0,0,0,118,1,0,0,0,12,4,12,0.4291534423828125,0,0,0,0,145,109.28571428571429,23.7887528446693,1.501309713354256,0.0,0.5,0.0,1.4285714285714286,0.7867957924694432,3.2682286764115327,16.428571428571427,2.507132682112033,-0.9686648999069227,0,0,0,0,1,0.3379
USR0019,2026-01-27,1,1,0,0,1,8.866666666666667,0,0,0,0,20,17,0,0,0,77,1,0,0,0,12,4,12,0.4291534423828125,0,0,0,0,110,111.42857142857143,26.488092562867703,-0.05393258971671186,0.0,0.5,0.0,1.7142857142857142,1.2535663410560174,1.8233692233542071,16.0,2.6457513110645894,1.5118578920369097,0,0,0,0,1,0.2727
USR0019,2026-01-28,1,1,0,0,1,9.816666666666666,1,0,0,0,13,12,0,0,0,120,1,0,0,0,12,3,12,0.4291534423828125,0,0,0,0,147,116.0,22.166040091395054,1.3985357723878846,0.0,0.5,0.0,2.142857142857143,1.4638501094227996,0.58554004376912,16.142857142857142,2.8535691936340237,-1.10137758350787,0,1,0,0,0,0.5489
USR0019,2026-01-29,1,1,0,0,1,9.45,0,0,0,0,17,13,0,0,0,116,1,0,0,0,6,3,6,0.4291534423828125,0,0,0,0,140,116.28571428571429,22.610574854215777,1.0488139230066564,0.0,0.5,0.0,2.2857142857142856,1.4960264830861911,0.4774552605594229,15.571428571428571,3.047247001100219,0.4688072309384957,0,0,0,0,0,0.2595
USR0019,2026-01-30,1,1,0,0,1,9.683333333333334,0,0,0,0,18,18,0,0,0,42,1,0,0,0,6,1,6,0.4291534423828125,0,0,0,0,67,121.42857142857143,23.429732839970246,-2.323055572179565,0.0,0.5,0.0,2.4285714285714284,1.5118578920369088,0.0,16.0,2.9999999999999987,0.666666666666667,0,0,0,0,0,0.2315
USR0020,2026-01-01,1,1,1,0,1,8.466666666666667,0,0,0,0,15,13,0,0,0,99,1,0,0,0,7,2,7,0.4291534423828125,0,0,0,0,122,122.0,1.0,0.0,0.0,1.0,0.0,0.0,1.0,2.0,15.0,1.0,0.0,1,0,0,0,0,0.485
USR0020,2026-01-02,1,1,0,0,1,8.533333333333333,0,0,0,0,18,13,0,0,0,89,1,0,0,0,7,2,7,0.4291534423828125,0,0,0,0,115,122.0,1.0,-3.0,0.0,1.0,0.0,2.0,1.0,0.0,15.0,1.0,3.0,0,0,1,0,0,0.5
USR0020,2026-01-05,1,1,0,0,1,9.283333333333333,0,0,0,0,7,7,0,0,0,116,1,0,0,0,5,1,5,0.4291534423828125,0,0,0,0,129,118.5,4.949747468305833,2.1213203435596424,0.0,0.5,0.0,2.0,0.5,0.0,16.5,2.1213203435596424,-3.0,0,0,0,0,0,0.2672
USR0020,2026-01-06,1,1,0,0,1,8.6,0,0,0,0,17,16,0,0,0,71,1,0,0,0,4,1,4,0.4291534423828125,0,0,0,0,93,122.0,7.0,-3.0,0.0,0.5,0.0,1.6666666666666667,0.5773502691896258,0.0,13.333333333333334,5.686240703077327,0.644831419936604,0,0,0,0,0,0.2315
USR0020,2026-01-07,1,1,0,0,1,8.533333333333333,0,0,0,0,9,7,0,0,0,115,1,0,0,0,11,1,11,0.4291534423828125,0,0,0,0,136,114.75,15.58578412100805,1.3634219385444435,0.0,0.5,0.0,1.5,0.5773502691896257,0.0,14.25,4.9916597106239795,-1.05175438718833,0,0,0,0,0,0.254
USR0020,2026-01-08,1,1,1,0,1,8.483333333333333,0,0,0,0,9,9,0,0,0,78,1,0,0,0,12,2,12,0.4291534423828125,0,0,0,0,100,119.0,16.507574019219177,-1.150986812349227,0.0,0.5,0.0,1.4,0.5477225575051661,1.0954451150103324,13.2,4.919349550499537,-0.8537714095908286,1,0,0,0,0,0.458
USR0020,2026-01-09,1,1,0,0,1,9.466666666666667,0,0,0,0,16,14,0,0,0,119,1,0,0,0,8,3,8,0.4291534423828125,0,0,0,0,144,115.83333333333333,16.678329252855832,1.6888182407025987,0.0,0.5,0.0,1.5,0.5477225575051661,2.7386127875258306,12.5,4.722287581247038,0.7411662123033468,0,0,0,0,1,0.3275
USR0020,2026-01-12,1,1,0,0,1,9.3,0,0,0,0,5,4,0,0,0,104,1,0,0,0,10,3,10,0.4291534423828125,0,0,0,0,120,119.85714285714286,18.578020808010123,0.0076895781490105945,0.0,0.5,0.0,1.7142857142857142,0.7559289460184545,1.7008401285415224,13.0,4.509249752822894,-1.7741310502909748,0,0,0,0,0,0.2699
USR0020,2026-01-13,1,1,0,0,1,9.333333333333334,0,0,0,0,13,11,0,0,0,97,1,0,0,0,8,1,8,0.4291534423828125,0,0,0,0,119,119.57142857142857,18.55493773327505,-0.030796577150663876,0.0,0.5,0.0,1.8571428571428572,0.8997354108424375,0.0,11.571428571428571,5.287001130355558,0.2702044870709826,0,0,0,0,0,0.2315
USR0020,2026-01-14,1,1,0,0,1,9.9,0,0,0,0,13,9,0,0,0,91,1,0,0,0,11,2,11,0.4291534423828125,0,0,0,0,116,120.14285714285714,18.451996923807204,-0.22452080173024125,0.0,0.5,0.0,1.7142857142857142,0.9511897312113419,0.3003757045930554,10.857142857142858,4.561745697594706,0.46974498030151424,0,0,0,0,0,0.2379
USR0020,2026-01-15,1,1,0,0,1,9.883333333333333,0,0,0,0,12,10,0,0,0,60,1,0,0,0,10,0,10,0.4291534423828125,0,0,0,0,83,118.28571428571429,18.06206231962716,-1.9535816930147025,0.0,0.5,0.0,1.8571428571428572,0.8997354108424375,0.0,11.714285714285714,4.270608298368657,0.06690247987000525,0,0,0,0,0,0.2315
USR0020,2026-01-16,1,1,0,0,1,8.75,0,0,0,0,14,11,0,0,0,103,1,0,0,0,10,2,10,0.4291534423828125,0,0,0,0,128,116.85714285714286,20.610907884164725,0.5406291273281635,0.0,0.5,0.0,1.7142857142857142,1.1126972805283737,0.2567762955065478,11.0,3.6055512754639882,0.8320502943378439,0,0,0,0,0,0.2459
USR0020,2026-01-19,1,1,0,0,1,9.55,1,0,0,0,18,16,0,0,0,99,1,0,0,0,9,5,9,0.4291534423828125,0,0,0,0,128,115.71428571428571,19.56795241983079,0.6278487407432346,0.0,0.5,0.0,1.8571428571428572,1.0690449676496976,2.939873661036668,11.714285714285714,3.6384193323605833,1.727594790905026,0,1,0,0,1,0.6009
USR0020,2026-01-20,1,1,0,0,1,9.266666666666667,0,0,0,0,12,12,0,0,0,41,1,0,0,0,10,2,10,0.4291534423828125,0,0,0,0,64,119.71428571428571,18.661138637234735,-2.9855780398693623,0.0,0.5,0.0,2.2857142857142856,1.6035674514745464,0.0,13.0,4.0824829046386295,-0.24494897427831785,0,0,0,0,0,0.2315
USR0020,2026-01-21,1,1,0,0,1,8.75,0,0,0,0,11,9,0,0,0,74,1,0,0,0,11,1,11,0.4291534423828125,0,0,0,0,97,108.28571428571429,24.7972732755995,-0.4551191641227516,0.0,0.5,0.0,2.142857142857143,1.5735915849388864,0.0,12.428571428571429,3.8668308667927214,-0.36944243950248945,0,0,0,0,0,0.2315
USR0020,2026-01-22,1,1,0,0,1,9.816666666666666,0,0,0,0,5,5,0,0,0,53,1,0,0,0,4,2,4,0.4291534423828125,0,0,0,0,63,105.0,24.50850192620238,-1.7136910336856295,0.0,0.5,0.0,1.8571428571428572,1.5735915849388864,0.09078412990032031,13.285714285714286,2.288688541085316,-3.0,0,0,0,0,0,0.2334
USR0020,2026-01-23,1,1,1,0,1,8.266666666666667,1,0,0,0,17,14,0,0,0,68,1,0,0,0,10,0,10,0.4291534423828125,0,0,0,0,97,97.0,28.059460674313257,0.0,0.0,0.5,0.0,2.0,1.5275252316519468,0.0,12.142857142857142,3.891382420536067,1.2481792669643992,1,1,0,0,0,0.7109
USR0020,2026-01-26,1,1,0,0,1,9.75,1,0,0,0,9,9,0,0,0,56,1,0,0,0,9,2,9,0.4291534423828125,0,0,0,0,76,94.28571428571429,26.80618265571261,-0.6821454035648549,0.0,0.5,0.0,1.7142857142857142,1.7043362064926935,0.16763962686813383,12.714285714285714,4.309458036856673,-0.8618916073713345,0,1,0,0,0,0.505
USR0020,2026-01-27,1,1,0,0,1,8.8,0,0,0,0,15,15,0,0,0,51,1,0,0,0,8,2,8,0.4291534423828125,0,0,0,0,75,93.28571428571429,27.420881858626664,-0.6668536183478566,0.0,0.5,0.0,2.0,1.5275252316519468,0.0,12.285714285714286,4.535573676110726,0.5984437489312764,0,0,0,0,0,0.2315
USR0020,2026-01-28,1,1,0,0,1,9.4,0,0,0,0,15,14,0,0,0,68,1,0,0,0,10,1,10,0.4291534423828125,0,0,0,0,94,85.71428571428571,23.235850789346202,0.3565918184288457,0.0,0.5,0.0,2.0,1.5275252316519468,0.0,12.428571428571429,4.613644360558611,0.5573530100003693,0,0,0,0,0,0.2372
USR0020,2026-01-29,1,1,1,0,1,8.366666666666667,0,0,0,0,13,12,0,0,0,59,1,0,0,0,12,3,12,0.4291534423828125,0,0,0,0,85,80.85714285714286,15.026959899112066,0.2756949622991898,0.0,0.5,0.0,1.4285714285714286,0.7867957924694434,1.9972508578070471,12.0,4.12310562561766,0.24253562503633302,1,0,0,0,0,0.4911
USR0020,2026-01-30,1,1,0,0,1,9.366666666666667,0,0,0,0,12,9,0,0,0,57,1,0,0,0,11,1,11,0.4291534423828125,0,0,0,0,81,83.85714285714286,13.069411762184336,-0.21861296507696357,0.0,0.5,0.0,1.5714285714285714,0.9759000729485333,0.0,12.142857142857142,4.140393356054124,-0.03450327796711759,0,0,0,0,0,0.2315
USR0021,2026-01-01,1,1,1,0,1,8.466666666666667,0,0,0,0,6,5,0,0,0,59,1,0,0,0,7,1,7,0.4291534423828125,0,0,0,0,73,73.0,1.0,0.0,0.0,1.0,0.0,0.0,1.0,1.0,6.0,1.0,0.0,1,0,0,0,0,0.4551
USR0021,2026-01-02,1,1,0,0,1,9.516666666666667,0,0,0,0,12,10,0,0,0,95,1,0,0,0,11,3,11,0.4291534423828125,0,0,0,0,119,73.0,1.0,10.0,0.0,1.0,0.0,1.0,1.0,2.0,6.0,1.0,6.0,0,0,1,0,0,0.7577
USR0021,2026-01-05,1,1,1,0,1,8.283333333333333,0,0,0,0,16,14,0,0,0,110,1,0,0,0,5,0,5,0.4291534423828125,0,0,0,0,132,96.0,32.526911934581186,1.1067758314224223,0.0,0.5,0.0,2.0,1.4142135623730951,0.0,9.0,4.242640687119285,1.649915822768611,1,0,0,0,0,0.4501
USR0021,2026-01-06,1,1,1,0,1,8.416666666666666,1,0,0,0,10,10,0,0,0,78,1,0,0,0,9,1,9,0.4291534423828125,0,0,0,0,99,108.0,31.0,-0.2903225806451613,0.0,0.5,0.0,1.3333333333333333,1.5275252316519468,0.0,11.333333333333334,5.033222956847166,-0.2649064714130089,1,1,0,0,0,0.7109
USR0021,2026-01-07,1,1,1,0,1,8.383333333333333,0,0,0,0,10,9,0,0,0,86,1,0,0,0,11,1,11,0.4291534423828125,0,0,0,0,108,105.75,25.708299567779015,0.08752037426932711,0.0,0.5,0.0,1.25,1.2583057392117916,0.0,11.0,4.163331998932265,-0.2401922307076307,1,0,0,0,0,0.4275
USR0021,2026-01-08,1,1,1,0,1,8.45,0,0,0,0,8,7,0,0,0,41,1,0,0,0,6,2,6,0.4291534423828125,0,0,0,0,56,106.2,22.286767374386084,-2.2524576649772126,0.0,0.5,0.0,1.2,1.0954451150103321,0.7302967433402215,10.8,3.63318042491699,-0.7706746355884526,1,0,0,0,0,0.4471
USR0021,2026-01-09,1,1,1,0,1,8.466666666666667,0,0,0,0,19,16,0,0,0,99,1,0,0,0,5,2,5,0.4291534423828125,0,0,0,0,124,97.83333333333333,28.589625157855195,0.9152504281602027,0.0,0.5,0.0,1.3333333333333333,1.0327955589886444,0.6454972243679029,10.333333333333334,3.444802848737017,2.5158672490775964,1,0,1,0,0,0.7427
USR0021,2026-01-12,1,1,0,0,1,8.533333333333333,0,0,0,0,13,10,0,0,0,52,1,0,0,0,11,1,11,0.4291534423828125,0,0,0,0,77,101.57142857142857,27.909718396149774,-0.880389698765942,0.0,0.5,0.0,1.4285714285714286,0.9759000729485332,0.0,11.571428571428571,4.540820148282425,0.3146064767863112,0,0,0,0,0,0.2315
USR0021,2026-01-13,1,1,0,0,1,8.733333333333333,0,0,0,0,15,14,0,0,0,99,1,0,0,0,9,2,9,0.4291534423828125,0,0,0,0,124,102.14285714285714,27.26064667506729,0.8017837257372733,0.0,0.5,0.0,1.4285714285714286,0.9759000729485332,0.5855400437691198,12.571428571428571,3.8234863173611093,0.6351719940893049,0,0,0,0,0,0.2578
USR0021,2026-01-14,1,1,1,0,1,8.316666666666666,0,0,0,0,11,10,0,0,0,73,1,0,0,0,7,2,7,0.4291534423828125,0,0,0,0,92,102.85714285714286,27.835400550549366,-0.3900480195147967,0.0,0.5,0.0,1.2857142857142858,0.7559289460184545,0.9449111825230678,13.0,3.9157800414902435,-0.5107539184552492,1,0,0,0,0,0.4535
USR0021,2026-01-15,1,1,0,0,1,8.566666666666666,0,0,0,0,8,8,0,0,0,77,1,0,0,0,7,1,7,0.4291534423828125,0,0,0,0,93,97.14285714285714,24.795352867211303,-0.16708199980229116,0.0,0.5,0.0,1.5714285714285714,0.5345224838248488,0.0,12.285714285714286,3.728908942943218,-1.1493212495372933,0,0,0,0,0,0.2315
USR0021,2026-01-16,1,1,0,0,1,8.8,0,0,0,0,14,12,0,0,0,59,1,0,0,0,8,1,8,0.4291534423828125,0,0,0,0,82,96.28571428571429,24.824143393843325,-0.5754766260839966,0.0,0.5,0.0,1.5714285714285714,0.5345224838248488,0.0,12.0,4.0,0.5,0,0,0,0,0,0.2315
USR0021,2026-01-19,1,1,0,0,1,9.866666666666667,0,0,0,0,12,11,0,0,0,98,1,0,0,0,12,0,12,0.4291534423828125,0,0,0,0,123,92.57142857142857,24.724192894525686,1.2307205156658028,0.0,0.5,0.0,1.5714285714285714,0.5345224838248488,0.0,12.571428571428571,3.9520940802374147,-0.1445888078135639,0,0,0,0,0,0.2518
USR0021,2026-01-20,1,1,0,0,1,9.733333333333333,0,0,0,0,16,14,0,0,0,112,1,0,0,0,5,0,5,0.4291534423828125,0,0,0,0,134,102.14285714285714,20.87605144201182,1.526013812795663,0.0,0.5,0.0,1.2857142857142858,0.7559289460184545,0.0,13.142857142857142,3.4364987719368982,0.83141099321054,0,0,0,0,0,0.2568
USR0021,2026-01-21,1,1,0,0,1,9.483333333333333,0,0,0,0,11,10,0,0,0,58,1,0,0,0,6,1,6,0.4291534423828125,0,0,0,0,76,103.57142857142857,22.868152110574677,-1.2056692835569782,0.0,0.5,0.0,1.0,0.8164965809277261,0.0,12.714285714285714,2.690370836538197,-0.6371930928643095,0,0,0,0,0,0.2315
USR0021,2026-01-22,1,1,0,0,1,9.566666666666666,0,0,0,0,8,8,0,0,0,82,1,0,0,0,6,1,6,0.4291534423828125,0,0,0,0,97,103.42857142857143,23.064092892467745,-0.2787263933831479,0.0,0.5,0.0,1.0,0.8164965809277261,0.0,12.428571428571429,2.7602622373694166,-1.604402425470974,0,0,0,0,0,0.2315
USR0021,2026-01-23,1,1,0,0,1,9.783333333333333,0,0,0,0,13,10,0,0,0,44,1,0,0,0,10,2,10,0.4291534423828125,0,0,0,0,68,99.57142857142857,21.235639405310618,-1.4867189995481451,0.0,0.5,0.0,0.8571428571428571,0.6900655593423544,1.6561573424216496,11.428571428571429,2.9358214555806383,0.5352602653821054,0,0,0,0,0,0.2687
USR0021,2026-01-26,1,1,1,0,1,8.266666666666667,0,0,0,0,6,6,0,0,0,98,1,0,0,0,11,3,11,0.4291534423828125,0,0,0,0,116,96.14285714285714,24.36820723421245,0.8148791031809616,0.0,0.5,0.0,0.8571428571428571,0.6900655593423544,3.1052950170405933,11.714285714285714,2.984084768360628,-1.914920706969387,1,0,0,0,1,0.5364
USR0021,2026-01-27,1,1,1,0,1,8.35,0,0,0,0,11,10,0,0,0,118,1,0,0,0,6,1,6,0.4291534423828125,0,0,0,0,136,99.42857142857143,25.402474570122383,1.439679763106338,0.0,0.5,0.0,1.1428571428571428,1.0690449676496976,0.0,11.428571428571429,3.457221565416505,-0.12396411987549232,1,0,0,0,0,0.4575
USR0021,2026-01-28,1,1,0,0,1,9.55,0,0,0,0,15,13,0,0,0,61,1,0,0,0,11,1,11,0.4291534423828125,0,0,0,0,88,107.14285714285714,27.352200224897036,-0.6998653485079627,0.0,0.5,0.0,1.1428571428571428,1.0690449676496976,0.0,11.0,3.2659863237109037,1.2247448713915892,0,0,0,0,0,0.2315
USR0021,2026-01-29,1,1,0,0,1,9.566666666666666,0,0,0,0,6,6,0,0,0,102,1,0,0,0,4,1,4,0.4291534423828125,0,0,0,0,113,102.14285714285714,27.168784609232286,0.3996182756535039,0.0,0.5,0.0,1.2857142857142858,0.9511897312113419,0.0,11.428571428571429,3.598941643369749,-1.5083799534711453,0,0,0,0,0,0.2379
USR0021,2026-01-30,1,1,0,0,1,9.85,0,0,0,0,15,12,0,0,0,68,1,0,0,0,12,1,12,0.4291534423828125,0,0,0,0,96,99.14285714285714,24.044601413682386,-0.1307094714853007,0.0,0.5,0.0,1.4285714285714286,0.7867957924694432,0.0,10.0,3.4641016151377535,1.4433756729740648,0,0,0,0,0,0.2315
USR0022,2026-01-01,1,1,0,0,1,9.616666666666667,0,0,0,0,9,8,0,0,0,57,1,0,0,0,4,0,4,0.4291534423828125,0,0,0,0,71,71.0,1.0,0.0,0.0,1.0,0.0,0.0,1.0,0.0,9.0,1.0,0.0,0,0,0,0,0,0.2315
USR0022,2026-01-02,1,1,0,0,1,9.266666666666667,0,0,0,0,9,8,0,0,0,51,1,0,0,0,5,2,5,0.4291534423828125,0,0,0,0,66,71.0,1.0,-3.0,0.0,1.0,0.0,0.0,1.0,2.0,9.0,1.0,0.0,0,0,0,0,0,0.2769
USR0022,2026-01-05,1,1,0,0,1,9.333333333333334,0,0,0,0,10,10,0,0,0,101,1,0,0,0,11,3,11,0.4291534423828125,0,0,0,0,123,68.5,3.5355339059327378,10.0,0.0,0.5,0.0,1.0,1.4142135623730951,1.414213562373095,9.0,1.0,1.0,0,0,0,0,0,0.4675
USR0022,2026-01-06,1,1,0,0,1,9.6,0,0,0,0,10,10,0,0,0,57,1,0,0,0,7,0,7,0.4291534423828125,0,0,0,0,75,86.66666666666667,31.56474826976026,-0.36961063547728656,0.0,0.5,0.0,1.6666666666666667,1.5275252316519468,0.0,9.333333333333334,1.0,0.6666666666666661,0,0,0,0,0,0.2315
USR0022,2026-01-07,1,1,0,0,1,9.333333333333334,0,0,0,0,12,11,0,0,0,53,1,0,0,0,7,2,7,0.4291534423828125,0,0,0,0,73,83.75,26.424420523447623,-0.40682065252712063,0.0,0.5,0.0,1.25,1.5,0.5,9.5,1.0,2.5,0,0,0,0,0,0.2423
USR0022,2026-01-08,1,1,0,0,1,9.766666666666667,0,0,0,0,17,14,0,0,0,84,1,0,0,0,9,4,9,0.4291534423828125,0,0,0,0,111,81.6,23.383755044902433,1.2572830986103358,0.0,0.5,0.0,1.4,1.3416407864998738,1.9379255804998177,10.0,1.224744871391589,5.715476066494083,0,0,1,0,1,0.5856
USR0022,2026-01-09,1,1,1,0,1,8.433333333333334,0,0,0,0,9,9,0,0,0,120,1,0,0,0,5,2,5,0.4291534423828125,0,0,0,0,135,86.5,24.114311103574988,2.0112538065750423,0.0,0.5,0.0,1.8333333333333333,1.6020819787597222,0.10403129732205992,11.166666666666666,3.0605010483034745,-0.7079450823477786,1,0,0,0,0,0.4734
USR0022,2026-01-12,1,1,0,0,1,8.666666666666666,0,0,0,0,15,8,0,0,0,116,1,0,0,0,5,1,5,0.4291534423828125,0,0,0,0,137,93.42857142857143,28.646449127580325,1.521006264245111,0.0,0.5,0.0,1.8571428571428572,1.4638501094227998,0.0,10.857142857142858,2.9113897843110044,1.4229826473879625,0,0,0,0,0,0.2567
USR0022,2026-01-13,1,1,0,0,1,8.5,0,0,0,0,5,5,0,0,0,96,1,0,0,0,11,2,11,0.4291534423828125,0,0,0,0,113,102.85714285714286,30.813571530677685,0.32916850072894055,0.0,0.5,0.0,2.0,1.2909944487358058,0.0,11.714285714285714,3.147183169877773,-2.1334270526575283,0,0,0,0,0,0.2368
USR0022,2026-01-14,1,1,0,0,1,9.833333333333334,1,0,0,0,7,7,0,0,0,44,1,0,0,0,9,2,9,0.4291534423828125,0,0,0,0,62,109.57142857142857,26.222491255009455,-1.8141460362710842,0.0,0.5,0.0,2.0,1.2909944487358058,0.0,11.142857142857142,3.9761191895520196,-1.0419348478645352,0,1,0,0,0,0.5
USR0022,2026-01-15,1,1,0,0,1,8.65,0,0,0,0,17,15,0,0,0,67,1,0,0,0,9,2,9,0.4291534423828125,0,0,0,0,94,100.85714285714286,30.75943525396487,-0.22292811296849085,0.0,0.5,0.0,1.8571428571428572,1.2149857925879117,0.11757927025044303,10.714285714285714,4.270608298368657,1.4718545571401118,0,0,0,0,0,0.234
USR0022,2026-01-16,1,1,1,0,1,8.483333333333333,0,0,0,0,15,13,0,0,0,107,1,0,0,0,11,4,11,0.4291534423828125,0,0,0,0,134,103.57142857142857,28.87823368823621,1.0536853381364097,0.0,0.5,0.0,2.142857142857143,0.8997354108424375,2.064098883697356,11.714285714285714,4.8550415622761225,0.6767633692869748,1,0,0,0,1,0.5106
USR0022,2026-01-19,1,1,1,0,1,8.266666666666667,0,0,0,0,20,16,0,0,0,62,1,0,0,0,10,2,10,0.4291534423828125,0,0,0,0,93,112.28571428571429,27.27461753911064,-0.7070938486326857,0.0,0.5,0.0,2.4285714285714284,1.133893419027682,0.0,12.142857142857142,5.01426536422407,1.5669579263200217,1,0,0,0,0,0.4256
USR0022,2026-01-20,1,1,0,0,1,8.666666666666666,0,0,0,0,6,6,0,0,0,40,1,0,0,0,5,1,5,0.4291534423828125,0,0,0,0,52,109.71428571428571,28.24720803733993,-2.0431854942263072,0.0,0.5,0.0,2.142857142857143,0.8997354108424375,0.0,12.571428571428571,5.593363414414827,-1.1748617217492328,0,0,0,0,0,0.2315
USR0022,2026-01-21,1,1,0,0,1,9.866666666666667,0,0,0,0,5,5,0,0,0,102,1,0,0,0,6,0,6,0.4291534423828125,0,0,0,0,114,97.85714285714286,32.9010059189106,0.49064934922183234,0.0,0.5,0.0,2.0,1.0,0.0,12.142857142857142,6.011892975000233,-1.1881211413043935,0,0,0,0,0,0.2394
USR0022,2026-01-22,1,1,0,0,1,9.716666666666667,0,0,0,0,6,6,0,0,0,44,1,0,0,0,11,3,11,0.4291534423828125,0,0,0,0,62,94.57142857142857,29.29082417673461,-1.1120010954590929,0.0,0.5,0.0,1.8571428571428572,1.2149857925879117,0.9406341620035445,10.714285714285714,6.395683067879607,-0.7371043349477079,0,0,0,0,0,0.2522
USR0022,2026-01-23,1,1,0,0,1,8.65,1,0,0,0,18,14,0,0,0,58,1,0,0,0,6,3,6,0.4291534423828125,0,0,0,0,84,87.28571428571429,30.26942508932231,-0.10854894917952518,0.0,0.5,0.0,2.0,1.2909944487358058,0.7745966692414833,10.857142857142858,6.25642526870234,1.1416834431938576,0,1,0,0,0,0.5232
USR0022,2026-01-26,1,1,0,0,1,9.416666666666666,0,0,0,0,17,14,0,0,0,53,1,0,0,0,5,1,5,0.4291534423828125,0,0,0,0,76,90.42857142857143,28.283429441147703,-0.5101422180289159,0.0,0.5,0.0,2.142857142857143,1.3451854182690988,0.0,12.428571428571429,6.502746672423454,0.7029996402619947,0,0,0,0,0,0.2315
USR0022,2026-01-27,1,1,0,0,1,9.3,0,0,0,0,17,17,0,0,0,115,1,0,0,0,8,2,8,0.4291534423828125,0,0,0,0,141,87.85714285714286,28.71949727640656,1.8504104243675144,0.0,0.5,0.0,2.0,1.4142135623730951,0.0,12.428571428571429,6.502746672423454,0.7029996402619947,0,0,0,0,0,0.2624
USR0022,2026-01-28,1,1,0,0,1,8.65,0,0,0,0,9,9,0,0,0,106,1,0,0,0,8,3,8,0.4291534423828125,0,0,0,0,124,88.85714285714286,30.650875851697784,1.1465531136171607,0.0,0.5,0.0,1.7142857142857142,1.1126972805283737,1.155493329779465,12.714285714285714,6.676183683170242,-0.5563486402641866,0,0,0,0,0,0.2772
USR0022,2026-01-29,1,1,1,0,1,8.416666666666666,0,0,0,0,19,18,0,0,0,90,1,0,0,0,9,3,9,0.4291534423828125,0,0,0,0,119,93.28571428571429,33.45999743830576,0.7685082989530481,0.0,0.5,0.0,1.8571428571428572,1.214985792587912,0.9406341620035444,11.142857142857142,5.928141120356123,1.3253974049576696,1,0,0,0,0,0.4705
USR0022,2026-01-30,1,1,1,0,1,8.483333333333333,0,0,0,0,17,15,0,0,0,74,1,0,0,0,9,1,9,0.4291534423828125,0,0,0,0,101,102.85714285714286,28.962208545094132,-0.06412297094854805,0.0,0.5,0.0,2.142857142857143,1.2149857925879122,0.0,13.0,6.08276253029822,0.657595949221429,1,0,0,0,0,0.4256
USR0023,2026-01-01,1,1,0,0,1,9.716666666666667,0,0,0,0,18,14,0,0,0,52,1,0,0,0,6,2,6,0.4291534423828125,0,0,0,0,77,77.0,1.0,0.0,0.0,1.0,0.0,0.0,1.0,2.0,18.0,1.0,0.0,0,0,0,0,0,0.2769
USR0023,2026-01-02,1,1,0,0,1,9.7,0,0,0,0,16,13,0,0,0,116,1,0,0,0,12,2,12,0.4291534423828125,0,0,0,0,145,77.0,1.0,10.0,0.0,1.0,0.0,2.0,1.0,0.0,18.0,1.0,-2.0,0,0,0,0,0,0.4256
USR0023,2026-01-05,1,1,0,0,1,9.75,0,0,0,0,5,5,0,0,0,110,1,0,0,0,10,1,10,0.4291534423828125,0,0,0,0,126,111.0,48.08326112068523,0.31195887405288864,0.0,0.5,0.0,2.0,0.5,0.0,17.0,1.4142135623730951,-3.0,0,0,0,0,0,0.2365
USR0023,2026-01-06,1,1,1,0,1,8.416666666666666,0,0,0,0,17,14,0,0,0,116,1,0,0,0,12,4,12,0.4291534423828125,0,0,0,0,146,116.0,35.08560958569767,0.8550514115117221,0.0,0.5,0.0,1.6666666666666667,0.5773502691896258,4.04145188432738,13.0,7.0,0.5714285714285714,1,0,0,0,1,0.5651
USR0023,2026-01-07,1,1,0,0,1,9.416666666666666,0,0,0,0,20,17,0,0,0,112,1,0,0,0,11,2,11,0.4291534423828125,0,0,0,0,144,123.5,32.3367695768558,0.6339532448124422,0.0,0.5,0.0,2.25,1.2583057392117916,0.0,14.0,6.0553007081949835,0.9908673886137245,0,0,0,0,0,0.2418
USR0023,2026-01-08,1,1,0,0,1,9.266666666666667,0,0,0,0,13,12,0,0,0,106,1,0,0,0,4,0,4,0.4291534423828125,0,0,0,0,124,127.6,29.466930617219028,-0.12217085134399207,0.0,0.5,0.0,2.2,1.0954451150103321,0.0,15.2,5.890670590009257,-0.37347191060577406,0,0,0,0,0,0.2315
USR0023,2026-01-09,1,1,0,0,1,8.583333333333334,0,0,0,0,6,6,0,0,0,61,1,0,0,0,6,1,6,0.4291534423828125,0,0,0,0,74,127.0,26.39696952303427,-2.007806235248014,0.0,0.5,0.0,1.8333333333333333,1.3291601358251257,0.0,14.833333333333334,5.344779384283945,-1.65270307682059,0,0,0,0,0,0.2315
USR0023,2026-01-12,1,1,1,0,1,8.3,1,0,0,0,17,16,0,0,0,82,1,0,0,0,10,4,10,0.4291534423828125,0,0,0,0,111,119.42857142857143,31.33611943033759,-0.2689730439440257,0.0,0.5,0.0,1.7142857142857142,1.2535663410560174,1.8233692233542071,13.571428571428571,5.912053869204928,0.5799289898947613,1,1,0,0,1,0.7538
USR0023,2026-01-13,1,1,0,0,1,9.316666666666666,0,0,0,0,9,9,0,0,0,71,1,0,0,0,10,3,10,0.4291534423828125,0,0,0,0,91,124.28571428571429,25.81158839045159,-1.2895647405421817,0.0,0.5,0.0,2.0,1.5275252316519468,0.6546536707079771,13.428571428571429,5.798193478924933,-0.7637846933994601,0,0,0,0,0,0.2457
USR0023,2026-01-14,1,1,1,0,1,8.466666666666667,1,0,0,0,10,10,0,0,0,42,1,0,0,0,9,1,9,0.4291534423828125,0,0,0,0,63,116.57142857142857,26.64493161845947,-2.010567313083835,0.0,0.5,0.0,2.142857142857143,1.5735915849388864,0.0,12.428571428571429,5.883795341363227,-0.41275593178751674,1,1,0,0,0,0.7109
USR0023,2026-01-15,1,1,0,0,1,9.566666666666666,0,0,0,0,12,10,0,0,0,69,1,0,0,0,9,3,9,0.4291534423828125,0,0,0,0,91,107.57142857142857,32.84741056692874,-0.50449725824394,0.0,0.5,0.0,2.142857142857143,1.5735915849388864,0.5447047794019222,13.142857142857142,5.080307452263476,-0.2249582635688623,0,0,0,0,0,0.2433
USR0023,2026-01-16,1,1,0,0,1,9.366666666666667,0,0,0,0,17,15,0,0,0,113,1,0,0,0,4,0,4,0.4291534423828125,0,0,0,0,135,99.71428571428571,28.400201206530728,1.2424459259676026,0.0,0.5,0.0,2.0,1.414213562373095,0.0,12.428571428571429,4.790864322059324,0.9541970433977078,0,0,0,0,0,0.252
USR0023,2026-01-19,1,1,0,0,1,9.516666666666667,0,0,0,0,15,14,0,0,0,112,1,0,0,0,6,0,6,0.4291534423828125,0,0,0,0,134,98.42857142857143,26.177962378415078,1.3588310677976538,0.0,0.5,0.0,1.7142857142857142,1.6035674514745462,0.0,12.0,4.0824829046386295,0.7348469228349536,0,0,0,0,0,0.2539
USR0023,2026-01-20,1,1,1,0,1,8.483333333333333,0,0,0,0,15,13,0,0,0,62,1,0,0,0,6,1,6,0.4291534423828125,0,0,0,0,84,99.85714285714286,28.014452052637488,-0.5660343749486242,0.0,0.5,0.0,1.7142857142857142,1.6035674514745462,0.0,12.285714285714286,4.23140188409963,0.6414625196640397,1,0,0,0,0,0.4256
USR0023,2026-01-21,1,1,0,0,1,8.65,0,0,0,0,7,7,0,0,0,80,1,0,0,0,4,0,4,0.4291534423828125,0,0,0,0,92,101.28571428571429,26.70027643873304,-0.34777596056061316,0.0,0.5,0.0,1.7142857142857142,1.6035674514745462,0.0,13.571428571428571,3.258688021128692,-2.0165872059002647,0,0,0,0,0,0.2315
USR0023,2026-01-22,1,1,0,0,1,9.283333333333333,1,0,0,0,20,16,0,0,0,88,1,0,0,0,5,2,5,0.4291534423828125,0,0,0,0,115,98.57142857142857,26.513249158720285,0.6196362931688448,0.0,0.5,0.0,1.1428571428571428,1.3451854182690985,0.6371930928643098,12.142857142857142,3.670993118515816,2.140331676873179,0,1,0,0,0,0.533
USR0023,2026-01-23,1,1,0,0,1,8.75,0,0,0,0,11,11,0,0,0,54,1,0,0,0,10,1,10,0.4291534423828125,0,0,0,0,76,102.0,26.91963347942664,-0.9658378157291974,0.0,0.5,0.0,1.0,1.1547005383792515,0.0,13.714285714285714,4.38612531035027,-0.6188345116088246,0,0,0,0,0,0.2315
USR0023,2026-01-26,1,1,0,0,1,9.733333333333333,0,0,0,0,6,6,0,0,0,82,1,0,0,0,4,0,4,0.4291534423828125,0,0,0,0,93,103.85714285714286,24.07923428619616,-0.45089236344059774,0.0,0.5,0.0,1.0,1.1547005383792515,0.0,13.857142857142858,4.259443290250165,-1.8446407949902281,0,0,0,0,0,0.2315
USR0023,2026-01-27,1,1,1,0,1,8.266666666666667,0,0,0,0,9,8,0,0,0,55,1,0,0,0,10,3,10,0.4291534423828125,0,0,0,0,75,104.14285714285714,23.912539049827494,-1.2187270068699534,0.0,0.5,0.0,0.5714285714285714,0.7867957924694432,3.0866604166108926,13.0,5.196152422706632,-0.769800358919501,1,0,0,0,1,0.5176
USR0023,2026-01-28,1,1,0,0,1,9.4,0,0,0,0,14,13,0,0,0,71,1,0,0,0,4,1,4,0.4291534423828125,0,0,0,0,90,95.57142857142857,21.65530837814097,-0.25727772951284367,0.0,0.5,0.0,1.0,1.1547005383792515,0.0,11.857142857142858,5.047394424471944,0.42454719458175233,0,0,0,0,0,0.2315
USR0023,2026-01-29,1,1,0,0,1,9.383333333333333,0,0,0,0,12,9,0,0,0,65,1,0,0,0,8,2,8,0.4291534423828125,0,0,0,0,86,89.28571428571429,13.487207342691953,-0.24361709598055947,0.0,0.5,0.0,1.1428571428571428,1.0690449676496974,0.8017837257372733,11.714285714285714,4.95695759225642,0.05763904177042366,0,0,0,0,0,0.249
USR0023,2026-01-30,1,1,0,0,1,9.55,0,0,0,0,19,15,0,0,0,51,1,0,0,0,12,1,12,0.4291534423828125,0,0,0,0,83,89.57142857142857,13.377308434523844,-0.4912369781703755,0.0,0.5,0.0,1.2857142857142858,1.1126972805283735,0.0,11.285714285714286,4.750939756661682,1.6237389041755121,0,0,0,0,0,0.2315
USR0024,2026-01-01,1,1,1,0,1,8.3,0,0,0,0,17,15,0,0,0,47,1,0,0,0,6,1,6,0.4291534423828125,0,0,0,0,71,71.0,1.0,0.0,0.0,1.0,0.0,0.0,1.0,1.0,17.0,1.0,0.0,1,0,0,0,0,0.4551
USR0024,2026-01-02,1,1,1,0,1,8.466666666666667,0,0,0,0,15,13,0,0,0,67,1,0,0,0,12,2,12,0.4291534423828125,0,0,0,0,95,71.0,1.0,10.0,0.0,1.0,0.0,1.0,1.0,1.0,17.0,1.0,-2.0,1,0,0,0,0,0.6726
USR0024,2026-01-05,1,1,0,0,1,8.866666666666667,0,0,0,0,9,9,0,0,0,70,1,0,0,0,7,1,7,0.4291534423828125,0,0,0,0,87,83.0,16.97056274847714,0.23570226039551587,0.0,0.5,0.0,1.5,0.7071067811865476,0.0,16.0,1.4142135623730951,-3.0,0,0,0,0,0,0.2353
USR0024,2026-01-06,1,1,0,0,1,9.7,0,0,0,0,20,20,0,0,0,109,1,0,0,0,4,1,4,0.4291534423828125,0,0,0,0,134,84.33333333333333,12.220201853215574,4.064308205645358,0.0,0.5,0.0,1.3333333333333333,0.5773502691896257,0.0,13.666666666666666,4.163331998932265,1.521217461148328,0,0,0,0,0,0.3028
USR0024,2026-01-07,1,1,0,0,1,9.533333333333333,0,0,0,0,19,15,0,0,0,61,1,0,0,0,12,1,12,0.4291534423828125,0,0,0,0,93,96.75,26.76284738214527,-0.1401196198018077,0.0,0.5,0.0,1.25,0.5,0.0,15.25,4.645786621588784,0.8071830037509472,0,0,0,0,0,0.2315
USR0024,2026-01-08,1,1,0,0,1,8.883333333333333,0,0,0,0,10,8,0,0,0,52,1,0,0,0,6,0,6,0.4291534423828125,0,0,0,0,69,96.0,23.2379000772445,-1.161895003862225,0.0,0.5,0.0,1.2,0.5,0.0,16.0,4.358898943540674,-1.3764944032233704,0,0,0,0,0,0.2315
USR0024,2026-01-09,1,1,0,0,1,8.883333333333333,0,0,0,0,8,8,0,0,0,52,1,0,0,0,5,2,5,0.4291534423828125,0,0,0,0,66,91.5,23.526580712037184,-1.083880412207675,0.0,0.5,0.0,1.0,0.6324555320336759,1.5811388300841895,15.0,4.604345773288535,-1.520302849670743,0,0,0,0,0,0.2669
USR0024,2026-01-12,1,1,0,0,1,9.916666666666666,1,0,0,0,15,14,0,0,0,96,1,0,0,0,10,2,10,0.4291534423828125,0,0,0,0,123,87.85714285714286,23.54023910547336,1.492884459898542,0.0,0.5,0.0,1.1428571428571428,0.6900655593423543,1.2421180068162376,14.0,4.96655480858378,0.2013468165642073,0,1,0,0,0,0.5704
USR0024,2026-01-13,1,1,1,0,1,8.266666666666667,0,0,0,0,20,19,0,0,0,116,1,0,0,0,7,0,7,0.4291534423828125,0,0,0,0,144,95.28571428571429,25.460520325360502,1.913326400708425,0.0,0.5,0.0,1.2857142857142858,0.7559289460184545,0.0,13.714285714285714,4.820590756130958,1.3039302864944395,1,0,0,0,0,0.4681
USR0024,2026-01-14,1,1,0,0,1,9.25,0,0,0,0,12,10,0,0,0,113,1,0,0,0,6,1,6,0.4291534423828125,0,0,0,0,132,102.28571428571429,31.40973461478827,0.9460215464633593,0.0,0.5,0.0,1.0,0.816496580927726,0.0,14.428571428571429,5.380741673076394,-0.45134510744555284,0,0,0,0,0,0.247
USR0024,2026-01-15,1,1,0,0,1,8.75,0,0,0,0,8,7,0,0,0,62,1,0,0,0,7,3,7,0.4291534423828125,0,0,0,0,78,108.71428571428571,32.350756228741055,-0.9494147678377461,0.0,0.5,0.0,1.0,0.816496580927726,2.449489742783178,14.857142857142858,4.980915960897534,-1.3766831062749425,0,0,0,0,0,0.2878
USR0024,2026-01-16,1,1,0,0,1,9.683333333333334,1,0,0,0,5,4,0,0,0,90,1,0,0,0,12,3,12,0.4291534423828125,0,0,0,0,109,100.71428571428571,31.97767078089692,0.2591093748661669,0.0,0.5,0.0,1.2857142857142858,1.1126972805283737,1.5406577730392863,13.142857142857142,4.980915960897534,-1.634811188701494,0,1,0,0,0,0.5519
USR0024,2026-01-19,1,1,0,0,1,8.666666666666666,0,0,0,0,16,14,0,0,0,98,1,0,0,0,6,1,6,0.4291534423828125,0,0,0,0,121,103.0,31.906112267087632,0.5641552267265004,0.0,0.5,0.0,1.5714285714285714,1.2724180205607036,0.0,11.142857142857142,5.047394424471944,0.9623069743853055,0,0,0,0,0,0.2406
USR0024,2026-01-20,1,1,0,0,1,8.516666666666667,0,0,0,0,6,5,0,0,0,54,1,0,0,0,10,1,10,0.4291534423828125,0,0,0,0,71,110.42857142857143,28.547370823814592,-1.3811629684538094,0.0,0.5,0.0,1.7142857142857142,1.1126972805283737,0.0,12.0,5.32290647422377,-1.1272037239532693,0,0,0,0,0,0.2315
USR0024,2026-01-21,1,1,0,0,1,8.783333333333333,1,0,0,0,15,13,0,0,0,89,1,0,0,0,4,0,4,0.4291534423828125,0,0,0,0,110,111.14285714285714,27.285090992631677,-0.04188577355911207,0.0,0.5,0.0,1.5714285714285714,1.1338934190276817,0.0,11.714285714285714,5.618845839799182,0.5847667616080597,0,1,0,0,0,0.5
USR0024,2026-01-22,1,1,1,0,1,8.266666666666667,0,0,0,0,19,15,0,0,0,59,1,0,0,0,4,0,4,0.4291534423828125,0,0,0,0,83,109.28571428571429,26.78130122376609,-0.9814950388739138,0.0,0.5,0.0,1.2857142857142858,1.2535663410560174,0.0,11.714285714285714,5.618845839799182,1.2966567322613498,1,0,0,0,0,0.4256
USR0024,2026-01-23,1,1,0,0,1,8.816666666666666,0,0,0,0,20,18,0,0,0,46,1,0,0,0,8,2,8,0.4291534423828125,0,0,0,0,75,100.57142857142857,23.301338608594598,-1.0974231567106905,0.0,0.5,0.0,1.2857142857142858,1.2535663410560174,0.5698028822981897,11.571428571428571,5.380741673076394,1.566433019958095,0,0,0,0,0,0.2439
USR0024,2026-01-26,1,1,1,0,1,8.45,0,0,0,0,9,9,0,0,0,111,1,0,0,0,5,1,5,0.4291534423828125,0,0,0,0,126,92.42857142857143,20.247280828604666,1.6580709703991463,0.0,0.5,0.0,1.4285714285714286,1.2724180205607036,0.0,12.714285714285714,6.26403186758299,-0.5929544729022732,1,0,0,0,0,0.4624
USR0024,2026-01-27,1,1,0,0,1,8.85,0,0,0,0,8,8,0,0,0,51,1,0,0,0,5,1,5,0.4291534423828125,0,0,0,0,65,99.28571428571429,22.544136604405494,-1.5208262302231748,0.0,0.5,0.0,1.1428571428571428,1.0690449676496976,0.0,12.857142857142858,6.148944934663492,-0.7899148404731438,0,0,0,0,0,0.2315
USR0024,2026-01-28,1,1,1,0,1,8.283333333333333,0,0,0,0,10,9,0,0,0,53,1,0,0,0,10,2,10,0.4291534423828125,0,0,0,0,74,93.0,25.344295873693838,-0.7496755914896451,0.0,0.5,0.0,0.8571428571428571,0.6900655593423544,1.6561573424216496,13.285714285714286,5.589105048046175,-0.587878427309735,1,0,0,0,0,0.4747
USR0024,2026-01-29,1,1,0,0,1,9.8,0,0,0,0,13,11,0,0,0,69,1,0,0,0,9,1,9,0.4291534423828125,0,0,0,0,92,86.28571428571429,22.78679651109601,0.250771788456668,0.0,0.5,0.0,1.0,0.8164965809277261,0.0,12.428571428571429,5.563486402641868,0.10271051820261906,0,0,0,0,0,0.2355
USR0024,2026-01-30,1,1,0,0,1,9.333333333333334,0,0,0,0,20,16,0,0,0,108,1,0,0,0,6,1,6,0.4291534423828125,0,0,0,0,135,89.28571428571429,21.79995631275661,2.0969897855958193,0.0,0.5,0.0,1.0,0.8164965809277261,0.0,13.428571428571429,4.790864322059324,1.3716582498842051,0,0,0,0,0,0.2667
USR0025,2026-01-01,1,1,1,0,1,8.466666666666667,0,0,0,0,11,11,0,0,0,77,1,0,0,0,7,0,7,0.4291534423828125,0,0,0,0,96,96.0,1.0,0.0,0.0,1.0,0.0,0.0,1.0,0.0,11.0,1.0,0.0,1,0,0,0,0,0.4256
USR0025,2026-01-02,1,1,0,0,1,9.616666666666667,0,0,0,0,17,13,0,0,0,105,1,0,0,0,12,4,12,0.4291534423828125,0,0,0,0,135,96.0,1.0,10.0,0.0,1.0,0.0,0.0,1.0,4.0,11.0,1.0,6.0,0,0,1,0,1,0.799
USR0025,2026-01-05,1,1,0,0,1,9.25,0,0,0,0,18,14,0,0,0,82,1,0,0,0,9,3,9,0.4291534423828125,0,0,0,0,110,115.5,27.577164466275352,-0.1994403741808211,0.0,0.5,0.0,2.0,2.8284271247461903,0.35355339059327373,14.0,4.242640687119285,0.9428090415820635,0,0,0,0,0,0.2391
USR0025,2026-01-06,1,1,0,0,1,9.466666666666667,0,0,0,0,9,8,0,0,0,40,1,0,0,0,5,1,5,0.4291534423828125,0,0,0,0,55,113.66666666666667,19.75685535031659,-2.9694334258375066,0.0,0.5,0.0,2.3333333333333335,2.0816659994661326,0.0,15.333333333333334,3.7859388972001824,-1.6728567220186854,0,0,0,0,0,0.2315
USR0025,2026-01-07,1,1,0,0,1,9.333333333333334,0,0,0,0,11,10,0,0,0,81,1,0,0,0,4,0,4,0.4291534423828125,0,0,0,0,97,99.0,33.47635981803677,-0.05974365226300434,0.0,0.5,0.0,2.0,1.8257418583505538,0.0,13.75,4.425306015783918,-0.6214259511526352,0,0,0,0,0,0.2315
USR0025,2026-01-08,1,1,0,0,1,9.333333333333334,0,0,0,0,6,6,0,0,0,65,1,0,0,0,7,3,7,0.4291534423828125,0,0,0,0,79,98.6,29.00517195260183,-0.6757415550588325,0.0,0.5,0.0,1.6,1.816590212458495,0.7706746355884524,13.2,4.024922359499621,-1.7888543819998317,0,0,0,0,0,0.2483
USR0025,2026-01-09,1,1,0,0,1,8.8,0,0,0,0,11,10,0,0,0,81,1,0,0,0,6,1,6,0.4291534423828125,0,0,0,0,99,95.33333333333333,27.148971742345356,0.1350572943043593,0.0,0.5,0.0,1.8333333333333333,1.7224014243685084,0.0,12.0,4.6475800154489,-0.2151657414559676,0,0,0,0,0,0.2336
USR0025,2026-01-12,1,1,0,0,1,9.733333333333333,0,0,0,0,12,12,0,0,0,68,1,0,0,0,5,1,5,0.4291534423828125,0,0,0,0,86,95.85714285714286,24.822225064301893,-0.39710955934079095,0.0,0.5,0.0,1.7142857142857142,1.6035674514745462,0.0,11.857142857142858,4.2594432902501635,0.033538923545276766,0,0,0,0,0,0.2315
USR0025,2026-01-13,1,1,0,0,1,8.883333333333333,0,0,0,0,19,16,0,0,0,95,1,0,0,0,9,2,9,0.4291534423828125,0,0,0,0,124,94.42857142857143,25.098852183962137,1.1781984432867554,0.0,0.5,0.0,1.8571428571428572,1.4638501094227998,0.09759000729485327,12.0,4.242640687119285,1.649915822768611,0,0,0,0,0,0.2531
USR0025,2026-01-14,1,1,0,0,1,8.683333333333334,0,0,0,0,14,11,0,0,0,118,1,0,0,0,8,1,8,0.4291534423828125,0,0,0,0,141,92.85714285714286,22.32658035786471,2.1563023253535754,0.0,0.5,0.0,1.5714285714285714,1.1338934190276817,0.0,12.285714285714286,4.680252333449759,0.3662806174004156,0,0,0,0,0,0.2678
USR0025,2026-01-15,1,1,0,0,1,9.5,0,0,0,0,17,16,0,0,0,65,1,0,0,0,11,3,11,0.4291534423828125,0,0,0,0,94,97.28571428571429,28.511484736939988,-0.11524178119904299,0.0,0.5,0.0,1.2857142857142858,0.9511897312113418,1.802254227558332,11.714285714285714,4.0708019567928595,1.2984454517356534,0,0,0,0,0,0.2722
USR0025,2026-01-16,1,1,0,0,1,8.85,1,0,0,0,19,16,0,0,0,52,1,0,0,0,11,1,11,0.4291534423828125,0,0,0,0,84,102.85714285714286,21.919767117289148,-0.8602802555447475,0.0,0.5,0.0,1.5714285714285714,1.1338934190276817,0.0,12.857142857142858,4.29839394148448,1.4291052021945818,0,1,0,0,0,0.5
USR0025,2026-01-19,1,1,0,0,1,8.816666666666666,0,0,0,0,20,15,0,0,0,109,1,0,0,0,6,2,6,0.4291534423828125,0,0,0,0,136,101.0,23.021728866442675,1.520302849670743,0.0,0.5,0.0,1.7142857142857142,0.9511897312113418,0.30037570459305546,14.0,4.760952285695234,1.2602520756252087,0,0,0,0,0,0.2636
USR0025,2026-01-20,1,1,0,0,1,8.883333333333333,0,0,0,0,14,13,0,0,0,108,1,0,0,0,6,2,6,0.4291534423828125,0,0,0,0,129,109.14285714285714,24.002976005963454,0.8272783696575552,0.0,0.5,0.0,1.5714285714285714,0.786795792469443,0.5447047794019223,16.0,3.6514837167011094,-0.5477225575051659,0,0,0,0,0,0.2573
USR0025,2026-01-21,1,1,0,0,1,8.766666666666667,0,0,0,0,11,11,0,0,0,84,1,0,0,0,12,3,12,0.4291534423828125,0,0,0,0,108,113.42857142857143,24.56187521924404,-0.22101616346939937,0.0,0.5,0.0,1.7142857142857142,0.7559289460184543,1.700840128541523,16.428571428571427,3.1014589500826277,-1.7503283183634597,0,0,0,0,0,0.2697
USR0025,2026-01-22,1,1,0,0,1,9.666666666666666,0,0,0,0,6,6,0,0,0,67,1,0,0,0,10,2,10,0.4291534423828125,0,0,0,0,84,116.57142857142857,21.709115925935688,-1.5003572085823988,0.0,0.5,0.0,2.0,0.8164965809277259,0.0,16.285714285714285,3.3523268393901056,-3.0,0,0,0,0,0,0.2315
USR0025,2026-01-23,1,1,1,0,1,8.3,0,0,0,0,17,15,0,0,0,88,1,0,0,0,10,3,10,0.4291534423828125,0,0,0,0,116,110.85714285714286,24.51141619347042,0.20981476966749646,0.0,0.5,0.0,2.0,0.8164965809277259,1.2247448713915892,14.428571428571429,4.859943170351649,0.5291067161269937,1,0,0,0,0,0.4665
USR0025,2026-01-26,1,1,0,0,1,9.516666666666667,0,0,0,0,12,11,0,0,0,58,1,0,0,0,11,4,11,0.4291534423828125,0,0,0,0,82,107.28571428571429,20.950053983337654,-1.2069522257949763,0.0,0.5,0.0,2.2857142857142856,0.7559289460184544,2.267786838055364,14.857142857142858,4.947341758580105,-0.5775107111183001,0,0,0,0,1,0.2834
USR0025,2026-01-27,1,1,0,0,1,8.816666666666666,0,0,0,0,18,15,0,0,0,109,1,0,0,0,4,0,4,0.4291534423828125,0,0,0,0,132,105.57142857142857,22.64109201472066,1.1672834248183899,0.0,0.5,0.0,2.4285714285714284,0.9759000729485331,0.0,14.142857142857142,4.947341758580105,0.7796394600097051,0,0,0,0,0,0.2507
USR0025,2026-01-28,1,1,0,0,1,9.683333333333334,0,0,0,0,13,11,0,0,0,74,1,0,0,0,11,3,11,0.4291534423828125,0,0,0,0,99,112.42857142857143,22.284951146884932,-0.6025847371197187,0.0,0.5,0.0,2.2857142857142856,1.2535663410560174,0.5698028822981899,14.0,4.795831523312721,-0.20851441405707472,0,0,0,0,0,0.2439
USR0025,2026-01-29,1,1,0,0,1,9.433333333333334,0,0,0,0,6,5,0,0,0,84,1,0,0,0,5,2,5,0.4291534423828125,0,0,0,0,96,107.14285714285714,20.03687077555252,-0.5561176327220124,0.0,0.5,0.0,2.4285714285714284,1.2724180205607034,0.0,13.0,4.0,-1.75,0,0,0,0,0,0.2315
USR0025,2026-01-30,1,1,0,0,1,9.3,0,0,0,0,9,8,0,0,0,99,1,0,0,0,9,2,9,0.4291534423828125,0,0,0,0,118,102.42857142857143,17.79379239001758,0.8751045437713565,0.0,0.5,0.0,2.4285714285714284,1.2724180205607034,0.0,11.857142857142858,4.740906081772816,-0.602657552767731,0,0,0,0,0,0.2458
