id,date,user,pc,to,cc,bcc,from,size,attachments
EML0000001,01/01/2026 14:27:26,AAE0190,PC-AAE0190-01,colleague8@dTA.org,,,aae0190@dTA.org,450000.0,
EML0000002,01/01/2026 09:43:41,AAE0190,PC-AAE0190-01,colleague2@dTA.org,,,aae0190@dTA.org,450000.0,memo.docx
EML0000003,01/01/2026 14:51:55,AAE0190,PC-AAE0190-01,colleague2@dTA.org,,,aae0190@dTA.org,450000.0,
EML0000004,01/01/2026 12:34:28,AAE0190,PC-AAE0190-01,colleague3@dTA.org,,,aae0190@dTA.org,450000.0,
EML0000005,01/01/2026 13:29:15,AAE0190,PC-AAE0190-01,colleague2@dTA.org,,,aae0190@dTA.org,450000.0,
EML0000006,01/01/2026 10:03:41,AAE0190,PC-AAE0190-01,colleague9@dTA.org,,,aae0190@dTA.org,450000.0,
EML0000007,01/01/2026 10:59:48,AAE0190,PC-AAE0190-01,colleague4@dTA.org,,,aae0190@dTA.org,450000.0,memo.docx
EML0000008,01/01/2026 16:30:13,AAE0190,PC-AAE0190-01,colleague7@dTA.org,,,aae0190@dTA.org,450000.0,
EML0000009,01/01/2026 11:24:00,AAE0190,PC-AAE0190-01,colleague7@dTA.org,,,aae0190@dTA.org,450000.0,
EML0000010,01/01/2026 16:18:27,AAE0190,PC-AAE0190-01,colleague9@dTA.org,,,aae0190@dTA.org,450000.0,
EML0000011,01/01/2026 11:31:13,USR0002,PC-USR0002-01,colleague6@dTA.org,,,usr0002@dTA.org,450000.0,
EML0000012,01/01/2026 14:17:56,USR0002,PC-USR0002-01,colleague10@dTA.org,,,usr0002@dTA.org,450000.0,
EML0000013,01/01/2026 13:35:00,USR0002,PC-USR0002-01,colleague9@dTA.org,,,usr0002@dTA.org,450000.0,
EML0000014,01/01/2026 10:15:46,USR0002,PC-USR0002-01,colleague7@dTA.org,,,usr0002@dTA.org,450000.0,
EML0000015,01/01/2026 12:44:30,USR0002,PC-USR0002-01,colleague8@dTA.org,,,usr0002@dTA.org,450000.0,
EML0000016,01/01/2026 09:05:18,USR0002,PC-USR0002-01,colleague4@dTA.org,,,usr0002@dTA.org,450000.0,
EML0000017,01/01/2026 12:19:42,USR0002,PC-USR0002-01,colleague10@dTA.org,,,usr0002@dTA.org,450000.0,
EML0000018,01/01/2026 14:27:47,USR0002,PC-USR0002-01,colleague9@dTA.org,,,usr0002@dTA.org,450000.0,
EML0000019,01/01/2026 16:17:19,USR0002,PC-USR0002-01,colleague5@dTA.org,,,usr0002@dTA.org,450000.0,
EML0000020,01/01/2026 14:23:27,USR0003,PC-USR0003-01,colleague3@dTA.org,,,usr0003@dTA.org,450000.0,
EML0000021,01/01/2026 15:36:43,USR0003,PC-USR0003-01,colleague3@dTA.org,,,usr0003@dTA.org,450000.0,memo.docx
EML0000022,01/01/2026 10:39:55,USR0003,PC-USR0003-01,colleague7@dTA.org,,,usr0003@dTA.org,450000.0,
EML0000023,01/01/2026 12:31:58,USR0003,PC-USR0003-01,colleague10@dTA.org,,,usr0003@dTA.org,450000.0,memo.docx
EML0000024,01/01/2026 16:40:16,USR0003,PC-USR0003-01,colleague8@dTA.org,,,usr0003@dTA.org,450000.0,
EML0000025,01/01/2026 09:57:51,USR0003,PC-USR0003-01,colleague8@dTA.org,,,usr0003@dTA.org,450000.0,
EML0000026,01/01/2026 11:04:28,USR0003,PC-USR0003-01,colleague6@dTA.org,,,usr0003@dTA.org,450000.0,
EML0000027,01/01/2026 13:40:27,USR0003,PC-USR0003-01,colleague5@dTA.org,,,usr0003@dTA.org,450000.0,
EML0000028,01/01/2026 14:42:07,USR0004,PC-USR0004-01,colleague7@dTA.org,,,usr0004@dTA.org,450000.0,
EML0000029,01/01/2026 15:55:58,USR0004,PC-USR0004-01,colleague1@dTA.org,,,usr0004@dTA.org,450000.0,
EML0000030,01/01/2026 13:22:06,USR0004,PC-USR0004-01,colleague10@dTA.org,,,usr0004@dTA.org,450000.0,
EML0000031,01/01/2026 11:42:30,USR0004,PC-USR0004-01,colleague4@dTA.org,,,usr0004@dTA.org,450000.0,
EML0000032,01/01/2026 14:54:35,USR0004,PC-USR0004-01,colleague6@dTA.org,,,usr0004@dTA.org,450000.0,memo.docx
EML0000033,01/01/2026 13:36:14,USR0004,PC-USR0004-01,colleague7@dTA.org,,,usr0004@dTA.org,450000.0,
EML0000034,01/01/2026 09:38:59,USR0004,PC-USR0004-01,colleague5@dTA.org,,,usr0004@dTA.org,450000.0,memo.docx
EML0000035,01/01/2026 13:44:48,USR0004,PC-USR0004-01,colleague5@dTA.org,,,usr0004@dTA.org,450000.0,
EML0000036,01/01/2026 14:00:11,USR0004,PC-USR0004-01,colleague3@dTA.org,,,usr0004@dTA.org,450000.0,
EML0000037,01/01/2026 15:04:09,USR0004,PC-USR0004-01,colleague1@dTA.org,,,usr0004@dTA.org,450000.0,memo.docx
EML0000038,01/01/2026 12:24:26,USR0004,PC-USR0004-01,colleague8@dTA.org,,,usr0004@dTA.org,450000.0,
EML0000039,01/01/2026 14:19:46,USR0004,PC-USR0004-01,colleague6@dTA.org,,,usr0004@dTA.org,450000.0,
EML0000040,01/01/2026 12:08:09,USR0005,PC-USR0005-01,colleague2@dTA.org,,,usr0005@dTA.org,450000.0,
EML0000041,01/01/2026 10:32:49,USR0005,PC-USR0005-01,colleague9@dTA.org,,,usr0005@dTA.org,450000.0,
EML0000042,01/01/2026 09:42:21,USR0005,PC-USR0005-01,colleague10@dTA.org,,,usr0005@dTA.org,450000.0,memo.docx
EML0000043,01/01/2026 15:09:10,USR0005,PC-USR0005-01,colleague3@dTA.org,,,usr0005@dTA.org,450000.0,
EML0000044,01/01/2026 11:46:28,USR0005,PC-USR0005-01,colleague1@dTA.org,,,usr0005@dTA.org,450000.0,
EML0000045,01/01/2026 12:28:39,USR0005,PC-USR0005-01,colleague5@dTA.org,,,usr0005@dTA.org,450000.0,
EML0000046,01/01/2026 16:14:34,USR0005,PC-USR0005-01,colleague4@dTA.org,,,usr0005@dTA.org,450000.0,
EML0000047,01/01/2026 11:20:59,USR0006,PC-USR0006-01,colleague10@dTA.org,,,usr0006@dTA.org,450000.0,
EML0000048,01/01/2026 15:39:47,USR0006,PC-USR0006-01,colleague5@dTA.org,,,usr0006@dTA.org,450000.0,
EML0000049,01/01/2026 16:45:36,USR0006,PC-USR0006-01,colleague5@dTA.org,,,usr0006@dTA.org,450000.0,
EML0000050,01/01/2026 09:23:21,USR0006,PC-USR0006-01,colleague2@dTA.org,,,usr0006@dTA.org,450000.0,
EML0000051,01/01/2026 13:50:57,USR0006,PC-USR0006-01,colleague1@dTA.org,,,usr0006@dTA.org,450000.0,
EML0000052,01/01/2026 13:41:50,USR0006,PC-USR0006-01,colleague10@dTA.org,,,usr0006@dTA.org,450000.0,
EML0000053,01/01/2026 09:37:30,USR0006,PC-USR0006-01,colleague3@dTA.org,,,usr0006@dTA.org,450000.0,
EML0000054,01/01/2026 15:09:52,USR0006,PC-USR0006-01,colleague4@dTA.org,,,usr0006@dTA.org,450000.0,memo.docx
EML0000055,01/01/2026 10:12:01,USR0006,PC-USR0006-01,colleague8@dTA.org,,,usr0006@dTA.org,450000.0,
EML0000056,01/01/2026 11:26:44,USR0006,PC-USR0006-01,colleague4@dTA.org,,,usr0006@dTA.org,450000.0,
EML0000057,01/01/2026 16:55:54,USR0006,PC-USR0006-01,colleague1@dTA.org,,,usr0006@dTA.org,450000.0,
EML0000058,01/01/2026 12:35:20,USR0006,PC-USR0006-01,colleague8@dTA.org,,,usr0006@dTA.org,450000.0,
EML0000059,01/01/2026 15:05:43,USR0007,PC-USR0007-01,colleague9@dTA.org,,,usr0007@dTA.org,450000.0,memo.docx
EML0000060,01/01/2026 14:07:11,USR0007,PC-USR0007-01,colleague9@dTA.org,,,usr0007@dTA.org,450000.0,
EML0000061,01/01/2026 11:46:14,USR0007,PC-USR0007-01,colleague1@dTA.org,,,usr0007@dTA.org,450000.0,
EML0000062,01/01/2026 13:29:43,USR0007,PC-USR0007-01,colleague9@dTA.org,,,usr0007@dTA.org,450000.0,
EML0000063,01/01/2026 15:52:14,USR0007,PC-USR0007-01,colleague4@dTA.org,,,usr0007@dTA.org,450000.0,
EML0000064,01/01/2026 11:17:12,USR0007,PC-USR0007-01,colleague2@dTA.org,,,usr0007@dTA.org,450000.0,memo.docx
EML0000065,01/01/2026 15:39:49,USR0007,PC-USR0007-01,colleague1@dTA.org,,,usr0007@dTA.org,450000.0,
EML0000066,01/01/2026 10:06:38,USR0007,PC-USR0007-01,colleague1@dTA.org,,,usr0007@dTA.org,450000.0,
EML0000067,01/01/2026 09:15:47,USR0007,PC-USR0007-01,colleague1@dTA.org,,,usr0007@dTA.org,450000.0,
EML0000068,01/01/2026 12:34:13,USR0007,PC-USR0007-01,colleague1@dTA.org,,,usr0007@dTA.org,450000.0,memo.docx
EML0000069,01/01/2026 10:19:02,USR0008,PC-USR0008-01,colleague2@dTA.org,,,usr0008@dTA.org,450000.0,memo.docx
EML0000070,01/01/2026 14:41:06,USR0008,PC-USR0008-01,colleague3@dTA.org,,,usr0008@dTA.org,450000.0,
EML0000071,01/01/2026 12:33:11,USR0008,PC-USR0008-01,colleague9@dTA.org,,,usr0008@dTA.org,450000.0,memo.docx
EML0000072,01/01/2026 15:29:14,USR0008,PC-USR0008-01,colleague7@dTA.org,,,usr0008@dTA.org,450000.0,
EML0000073,01/01/2026 11:40:42,USR0008,PC-USR0008-01,colleague7@dTA.org,,,usr0008@dTA.org,450000.0,
EML0000074,01/01/2026 12:28:37,USR0008,PC-USR0008-01,colleague7@dTA.org,,,usr0008@dTA.org,450000.0,
EML0000075,01/01/2026 12:13:17,USR0008,PC-USR0008-01,colleague2@dTA.org,,,usr0008@dTA.org,450000.0,
EML0000076,01/01/2026 11:23:20,USR0008,PC-USR0008-01,colleague4@dTA.org,,,usr0008@dTA.org,450000.0,
EML0000077,01/01/2026 13:42:55,USR0008,PC-USR0008-01,colleague8@dTA.org,,,usr0008@dTA.org,450000.0,
EML0000078,01/01/2026 09:27:42,USR0009,PC-USR0009-01,colleague3@dTA.org,,,usr0009@dTA.org,450000.0,
EML0000079,01/01/2026 13:54:20,USR0009,PC-USR0009-01,colleague7@dTA.org,,,usr0009@dTA.org,450000.0,
EML0000080,01/01/2026 14:20:28,USR0009,PC-USR0009-01,colleague5@dTA.org,,,usr0009@dTA.org,450000.0,
EML0000081,01/01/2026 12:08:49,USR0009,PC-USR0009-01,colleague10@dTA.org,,,usr0009@dTA.org,450000.0,memo.docx
EML0000082,01/01/2026 10:10:28,USR0009,PC-USR0009-01,colleague8@dTA.org,,,usr0009@dTA.org,450000.0,
EML0000083,01/01/2026 15:28:46,USR0010,PC-USR0010-01,colleague7@dTA.org,,,usr0010@dTA.org,450000.0,
EML0000084,01/01/2026 15:31:56,USR0010,PC-USR0010-01,colleague7@dTA.org,,,usr0010@dTA.org,450000.0,
EML0000085,01/01/2026 15:06:53,USR0010,PC-USR0010-01,colleague8@dTA.org,,,usr0010@dTA.org,450000.0,
EML0000086,01/01/2026 12:10:28,USR0010,PC-USR0010-01,colleague2@dTA.org,,,usr0010@dTA.org,450000.0,
EML0000087,01/01/2026 10:18:07,USR0011,PC-USR0011-01,colleague2@dTA.org,,,usr0011@dTA.org,450000.0,
EML0000088,01/01/2026 12:49:16,USR0011,PC-USR0011-01,colleague9@dTA.org,,,usr0011@dTA.org,450000.0,
EML0000089,01/01/2026 14:45:26,USR0011,PC-USR0011-01,colleague5@dTA.org,,,usr0011@dTA.org,450000.0,memo.docx
EML0000090,01/01/2026 16:58:13,USR0011,PC-USR0011-01,colleague8@dTA.org,,,usr0011@dTA.org,450000.0,
EML0000091,01/01/2026 09:00:42,USR0011,PC-USR0011-01,colleague2@dTA.org,,,usr0011@dTA.org,450000.0,
EML0000092,01/01/2026 16:09:05,USR0011,PC-USR0011-01,colleague9@dTA.org,,,usr0011@dTA.org,450000.0,memo.docx
EML0000093,01/01/2026 10:57:16,USR0011,PC-USR0011-01,colleague4@dTA.org,,,usr0011@dTA.org,450000.0,
EML0000094,01/01/2026 13:16:29,USR0011,PC-USR0011-01,colleague1@dTA.org,,,usr0011@dTA.org,450000.0,memo.docx
EML0000095,01/01/2026 11:55:02,USR0011,PC-USR0011-01,colleague5@dTA.org,,,usr0011@dTA.org,450000.0,
EML0000096,01/01/2026 14:27:47,USR0011,PC-USR0011-01,colleague2@dTA.org,,,usr0011@dTA.org,450000.0,memo.docx
EML0000097,01/01/2026 09:00:54,USR0011,PC-USR0011-01,colleague3@dTA.org,,,usr0011@dTA.org,450000.0,
EML0000098,01/01/2026 11:21:22,USR0011,PC-USR0011-01,colleague8@dTA.org,,,usr0011@dTA.org,450000.0,
EML0000099,01/01/2026 10:02:00,USR0012,PC-USR0012-01,colleague10@dTA.org,,,usr0012@dTA.org,450000.0,
EML0000100,01/01/2026 10:19:13,USR0012,PC-USR0012-01,colleague6@dTA.org,,,usr0012@dTA.org,450000.0,
EML0000101,01/01/2026 11:10:11,USR0012,PC-USR0012-01,colleague4@dTA.org,,,usr0012@dTA.org,450000.0,
EML0000102,01/01/2026 13:12:07,USR0012,PC-USR0012-01,colleague3@dTA.org,,,usr0012@dTA.org,450000.0,
EML0000103,01/01/2026 09:54:48,USR0012,PC-USR0012-01,colleague9@dTA.org,,,usr0012@dTA.org,450000.0,
EML0000104,01/01/2026 10:18:42,USR0012,PC-USR0012-01,colleague2@dTA.org,,,usr0012@dTA.org,450000.0,
EML0000105,01/01/2026 12:53:15,USR0013,PC-USR0013-01,colleague10@dTA.org,,,usr0013@dTA.org,450000.0,
EML0000106,01/01/2026 10:07:58,USR0013,PC-USR0013-01,colleague2@dTA.org,,,usr0013@dTA.org,450000.0,
EML0000107,01/01/2026 16:39:00,USR0013,PC-USR0013-01,colleague9@dTA.org,,,usr0013@dTA.org,450000.0,
EML0000108,01/01/2026 16:23:39,USR0013,PC-USR0013-01,colleague6@dTA.org,,,usr0013@dTA.org,450000.0,
EML0000109,01/01/2026 13:31:11,USR0013,PC-USR0013-01,colleague9@dTA.org,,,usr0013@dTA.org,450000.0,
EML0000110,01/01/2026 12:48:36,USR0013,PC-USR0013-01,colleague3@dTA.org,,,usr0013@dTA.org,450000.0,memo.docx
EML0000111,01/01/2026 15:30:34,USR0013,PC-USR0013-01,colleague1@dTA.org,,,usr0013@dTA.org,450000.0,
EML0000112,01/01/2026 12:36:11,USR0014,PC-USR0014-01,colleague9@dTA.org,,,usr0014@dTA.org,450000.0,
EML0000113,01/01/2026 16:17:55,USR0014,PC-USR0014-01,colleague10@dTA.org,,,usr0014@dTA.org,450000.0,
EML0000114,01/01/2026 11:04:33,USR0014,PC-USR0014-01,colleague3@dTA.org,,,usr0014@dTA.org,450000.0,
EML0000115,01/01/2026 13:34:23,USR0014,PC-USR0014-01,colleague8@dTA.org,,,usr0014@dTA.org,450000.0,memo.docx
EML0000116,01/01/2026 15:46:11,USR0014,PC-USR0014-01,colleague1@dTA.org,,,usr0014@dTA.org,450000.0,
EML0000117,01/01/2026 14:49:39,USR0014,PC-USR0014-01,colleague4@dTA.org,,,usr0014@dTA.org,450000.0,
EML0000118,01/01/2026 10:42:34,USR0014,PC-USR0014-01,colleague7@dTA.org,,,usr0014@dTA.org,450000.0,memo.docx
EML0000119,01/01/2026 16:49:35,USR0014,PC-USR0014-01,colleague3@dTA.org,,,usr0014@dTA.org,450000.0,
EML0000120,01/01/2026 14:26:41,USR0014,PC-USR0014-01,colleague6@dTA.org,,,usr0014@dTA.org,450000.0,memo.docx
EML0000121,01/01/2026 10:02:53,USR0014,PC-USR0014-01,colleague3@dTA.org,,,usr0014@dTA.org,450000.0,memo.docx
EML0000122,01/01/2026 09:12:06,USR0014,PC-USR0014-01,colleague8@dTA.org,,,usr0014@dTA.org,450000.0,memo.docx
EML0000123,01/01/2026 15:26:20,USR0015,PC-USR0015-01,colleague8@dTA.org,,,usr0015@dTA.org,450000.0,memo.docx
EML0000124,01/01/2026 16:37:57,USR0015,PC-USR0015-01,colleague4@dTA.org,,,usr0015@dTA.org,450000.0,
EML0000125,01/01/2026 10:16:20,USR0015,PC-USR0015-01,colleague3@dTA.org,,,usr0015@dTA.org,450000.0,
EML0000126,01/01/2026 10:05:07,USR0015,PC-USR0015-01,colleague8@dTA.org,,,usr0015@dTA.org,450000.0,
EML0000127,01/01/2026 10:33:45,USR0015,PC-USR0015-01,colleague7@dTA.org,,,usr0015@dTA.org,450000.0,
EML0000128,01/01/2026 11:24:35,USR0015,PC-USR0015-01,colleague7@dTA.org,,,usr0015@dTA.org,450000.0,memo.docx
EML0000129,01/01/2026 11:04:19,USR0016,PC-USR0016-01,colleague10@dTA.org,,,usr0016@dTA.org,450000.0,
EML0000130,01/01/2026 16:03:08,USR0016,PC-USR0016-01,colleague1@dTA.org,,,usr0016@dTA.org,450000.0,
EML0000131,01/01/2026 09:06:24,USR0016,PC-USR0016-01,colleague1@dTA.org,,,usr0016@dTA.org,450000.0,memo.docx
EML0000132,01/01/2026 15:11:45,USR0016,PC-USR0016-01,colleague10@dTA.org,,,usr0016@dTA.org,450000.0,
EML0000133,01/01/2026 16:39:22,USR0016,PC-USR0016-01,colleague5@dTA.org,,,usr0016@dTA.org,450000.0,
EML0000134,01/01/2026 12:45:48,USR0016,PC-USR0016-01,colleague9@dTA.org,,,usr0016@dTA.org,450000.0,memo.docx
EML0000135,01/01/2026 16:36:08,USR0016,PC-USR0016-01,colleague2@dTA.org,,,usr0016@dTA.org,450000.0,
EML0000136,01/01/2026 13:25:03,USR0017,PC-USR0017-01,colleague2@dTA.org,,,usr0017@dTA.org,450000.0,
EML0000137,01/01/2026 14:05:53,USR0017,PC-USR0017-01,colleague8@dTA.org,,,usr0017@dTA.org,450000.0,
EML0000138,01/01/2026 13:41:12,USR0017,PC-USR0017-01,colleague3@dTA.org,,,usr0017@dTA.org,450000.0,
EML0000139,01/01/2026 15:42:12,USR0017,PC-USR0017-01,colleague5@dTA.org,,,usr0017@dTA.org,450000.0,
EML0000140,01/01/2026 10:40:44,USR0017,PC-USR0017-01,colleague6@dTA.org,,,usr0017@dTA.org,450000.0,
EML0000141,01/01/2026 16:47:12,USR0017,PC-USR0017-01,colleague3@dTA.org,,,usr0017@dTA.org,450000.0,memo.docx
EML0000142,01/01/2026 09:46:37,USR0017,PC-USR0017-01,colleague4@dTA.org,,,usr0017@dTA.org,450000.0,
EML0000143,01/01/2026 10:50:34,USR0017,PC-USR0017-01,colleague5@dTA.org,,,usr0017@dTA.org,450000.0,
EML0000144,01/01/2026 16:01:02,USR0017,PC-USR0017-01,colleague6@dTA.org,,,usr0017@dTA.org,450000.0,memo.docx
EML0000145,01/01/2026 10:46:30,USR0018,PC-USR0018-01,colleague1@dTA.org,,,usr0018@dTA.org,450000.0,memo.docx
EML0000146,01/01/2026 10:19:01,USR0018,PC-USR0018-01,colleague7@dTA.org,,,usr0018@dTA.org,450000.0,
EML0000147,01/01/2026 12:28:22,USR0018,PC-USR0018-01,colleague2@dTA.org,,,usr0018@dTA.org,450000.0,
EML0000148,01/01/2026 12:37:33,USR0018,PC-USR0018-01,colleague4@dTA.org,,,usr0018@dTA.org,450000.0,
EML0000149,01/01/2026 13:12:01,USR0018,PC-USR0018-01,colleague2@dTA.org,,,usr0018@dTA.org,450000.0,
EML0000150,01/01/2026 16:43:42,USR0018,PC-USR0018-01,colleague2@dTA.org,,,usr0018@dTA.org,450000.0,
EML0000151,01/01/2026 15:12:31,USR0018,PC-USR0018-01,colleague6@dTA.org,,,usr0018@dTA.org,450000.0,
EML0000152,01/01/2026 09:58:42,USR0018,PC-USR0018-01,colleague6@dTA.org,,,usr0018@dTA.org,450000.0,
EML0000153,01/01/2026 15:23:24,USR0018,PC-USR0018-01,colleague6@dTA.org,,,usr0018@dTA.org,450000.0,memo.docx
EML0000154,01/01/2026 09:25:16,USR0019,PC-USR0019-01,colleague8@dTA.org,,,usr0019@dTA.org,450000.0,
EML0000155,01/01/2026 15:39:43,USR0019,PC-USR0019-01,colleague6@dTA.org,,,usr0019@dTA.org,450000.0,
EML0000156,01/01/2026 13:20:03,USR0019,PC-USR0019-01,colleague1@dTA.org,,,usr0019@dTA.org,450000.0,
EML0000157,01/01/2026 11:53:23,USR0019,PC-USR0019-01,colleague6@dTA.org,,,usr0019@dTA.org,450000.0,
EML0000158,01/01/2026 09:48:57,USR0019,PC-USR0019-01,colleague6@dTA.org,,,usr0019@dTA.org,450000.0,
EML0000159,01/01/2026 15:22:22,USR0019,PC-USR0019-01,colleague7@dTA.org,,,usr0019@dTA.org,450000.0,
EML0000160,01/01/2026 12:15:15,USR0019,PC-USR0019-01,colleague5@dTA.org,,,usr0019@dTA.org,450000.0,
EML0000161,01/01/2026 10:55:19,USR0019,PC-USR0019-01,colleague2@dTA.org,,,usr0019@dTA.org,450000.0,
EML0000162,01/01/2026 09:34:20,USR0019,PC-USR0019-01,colleague1@dTA.org,,,usr0019@dTA.org,450000.0,
EML0000163,01/01/2026 15:36:32,USR0019,PC-USR0019-01,colleague7@dTA.org,,,usr0019@dTA.org,450000.0,
EML0000164,01/01/2026 16:37:01,USR0019,PC-USR0019-01,colleague6@dTA.org,,,usr0019@dTA.org,450000.0,
EML0000165,01/01/2026 15:20:36,USR0019,PC-USR0019-01,colleague2@dTA.org,,,usr0019@dTA.org,450000.0,
EML0000166,01/01/2026 09:33:49,USR0020,PC-USR0020-01,colleague10@dTA.org,,,usr0020@dTA.org,450000.0,memo.docx
EML0000167,01/01/2026 10:15:49,USR0020,PC-USR0020-01,colleague8@dTA.org,,,usr0020@dTA.org,450000.0,
EML0000168,01/01/2026 14:01:18,USR0020,PC-USR0020-01,colleague2@dTA.org,,,usr0020@dTA.org,450000.0,
EML0000169,01/01/2026 10:53:20,USR0020,PC-USR0020-01,colleague3@dTA.org,,,usr0020@dTA.org,450000.0,memo.docx
EML0000170,01/01/2026 16:53:45,USR0020,PC-USR0020-01,colleague8@dTA.org,,,usr0020@dTA.org,450000.0,
EML0000171,01/01/2026 13:38:42,USR0020,PC-USR0020-01,colleague1@dTA.org,,,usr0020@dTA.org,450000.0,
EML0000172,01/01/2026 09:41:39,USR0020,PC-USR0020-01,colleague8@dTA.org,,,usr0020@dTA.org,450000.0,
EML0000173,01/01/2026 13:44:47,USR0021,PC-USR0021-01,colleague2@dTA.org,,,usr0021@dTA.org,450000.0,
EML0000174,01/01/2026 11:11:12,USR0021,PC-USR0021-01,colleague3@dTA.org,,,usr0021@dTA.org,450000.0,
EML0000175,01/01/2026 10:50:26,USR0021,PC-USR0021-01,colleague8@dTA.org,,,usr0021@dTA.org,450000.0,
EML0000176,01/01/2026 12:35:03,USR0021,PC-USR0021-01,colleague1@dTA.org,,,usr0021@dTA.org,450000.0,
EML0000177,01/01/2026 13:22:43,USR0021,PC-USR0021-01,colleague3@dTA.org,,,usr0021@dTA.org,450000.0,memo.docx
EML0000178,01/01/2026 09:51:04,USR0021,PC-USR0021-01,colleague6@dTA.org,,,usr0021@dTA.org,450000.0,
EML0000179,01/01/2026 12:07:35,USR0021,PC-USR0021-01,colleague4@dTA.org,,,usr0021@dTA.org,450000.0,
EML0000180,01/01/2026 10:35:22,USR0022,PC-USR0022-01,colleague2@dTA.org,,,usr0022@dTA.org,450000.0,
EML0000181,01/01/2026 15:30:36,USR0022,PC-USR0022-01,colleague5@dTA.org,,,usr0022@dTA.org,450000.0,
EML0000182,01/01/2026 14:50:24,USR0022,PC-USR0022-01,colleague8@dTA.org,,,usr0022@dTA.org,450000.0,
EML0000183,01/01/2026 11:48:08,USR0022,PC-USR0022-01,colleague9@dTA.org,,,usr0022@dTA.org,450000.0,
EML0000184,01/01/2026 10:37:08,USR0023,PC-USR0023-01,colleague2@dTA.org,,,usr0023@dTA.org,450000.0,memo.docx
EML0000185,01/01/2026 12:56:33,USR0023,PC-USR0023-01,colleague5@dTA.org,,,usr0023@dTA.org,450000.0,memo.docx
EML0000186,01/01/2026 09:44:43,USR0023,PC-USR0023-01,colleague9@dTA.org,,,usr0023@dTA.org,450000.0,
EML0000187,01/01/2026 16:00:27,USR0023,PC-USR0023-01,colleague1@dTA.org,,,usr0023@dTA.org,450000.0,
EML0000188,01/01/2026 14:27:54,USR0023,PC-USR0023-01,colleague7@dTA.org,,,usr0023@dTA.org,450000.0,
EML0000189,01/01/2026 16:31:23,USR0023,PC-USR0023-01,colleague9@dTA.org,,,usr0023@dTA.org,450000.0,
EML0000190,01/01/2026 14:15:03,USR0024,PC-USR0024-01,colleague5@dTA.org,,,usr0024@dTA.org,450000.0,
EML0000191,01/01/2026 16:13:46,USR0024,PC-USR0024-01,colleague2@dTA.org,,,usr0024@dTA.org,450000.0,
EML0000192,01/01/2026 10:10:32,USR0024,PC-USR0024-01,colleague7@dTA.org,,,usr0024@dTA.org,450000.0,
EML0000193,01/01/2026 14:31:33,USR0024,PC-USR0024-01,colleague8@dTA.org,,,usr0024@dTA.org,450000.0,memo.docx
EML0000194,01/01/2026 14:33:44,USR0024,PC-USR0024-01,colleague8@dTA.org,,,usr0024@dTA.org,450000.0,
EML0000195,01/01/2026 16:30:17,USR0024,PC-USR0024-01,colleague10@dTA.org,,,usr0024@dTA.org,450000.0,
EML0000196,01/01/2026 10:01:26,USR0025,PC-USR0025-01,colleague1@dTA.org,,,usr0025@dTA.org,450000.0,
EML0000197,01/01/2026 14:52:12,USR0025,PC-USR0025-01,colleague2@dTA.org,,,usr0025@dTA.org,450000.0,
EML0000198,01/01/2026 10:51:53,USR0025,PC-USR0025-01,colleague3@dTA.org,,,usr0025@dTA.org,450000.0,
EML0000199,01/01/2026 09:26:32,USR0025,PC-USR0025-01,colleague2@dTA.org,,,usr0025@dTA.org,450000.0,
EML0000200,01/01/2026 14:35:40,USR0025,PC-USR0025-01,colleague4@dTA.org,,,usr0025@dTA.org,450000.0,
EML0000201,01/01/2026 15:27:07,USR0025,PC-USR0025-01,colleague4@dTA.org,,,usr0025@dTA.org,450000.0,
EML0000202,01/01/2026 14:20:11,USR0025,PC-USR0025-01,colleague1@dTA.org,,,usr0025@dTA.org,450000.0,
EML0000203,01/02/2026 10:40:36,AAE0190,PC-AAE0190-01,colleague6@dTA.org,,,aae0190@dTA.org,450000.0,
EML0000204,01/02/2026 13:47:13,AAE0190,PC-AAE0190-01,colleague7@dTA.org,,,aae0190@dTA.org,450000.0,
EML0000205,01/02/2026 09:10:52,AAE0190,PC-AAE0190-01,colleague8@dTA.org,,,aae0190@dTA.org,450000.0,memo.docx
EML0000206,01/02/2026 10:49:44,AAE0190,PC-AAE0190-01,colleague7@dTA.org,,,aae0190@dTA.org,450000.0,
EML0000207,01/02/2026 13:46:27,AAE0190,PC-AAE0190-01,colleague3@dTA.org,,,aae0190@dTA.org,450000.0,memo.docx
EML0000208,01/02/2026 10:17:54,USR0002,PC-USR0002-01,colleague10@dTA.org,,,usr0002@dTA.org,450000.0,
EML0000209,01/02/2026 12:31:18,USR0002,PC-USR0002-01,colleague7@dTA.org,,,usr0002@dTA.org,450000.0,memo.docx
EML0000210,01/02/2026 14:09:52,USR0002,PC-USR0002-01,colleague4@dTA.org,,,usr0002@dTA.org,450000.0,
EML0000211,01/02/2026 12:44:47,USR0002,PC-USR0002-01,colleague1@dTA.org,,,usr0002@dTA.org,450000.0,
EML0000212,01/02/2026 11:54:31,USR0002,PC-USR0002-01,colleague7@dTA.org,,,usr0002@dTA.org,450000.0,
EML0000213,01/02/2026 11:01:35,USR0002,PC-USR0002-01,colleague7@dTA.org,,,usr0002@dTA.org,450000.0,
EML0000214,01/02/2026 16:22:48,USR0002,PC-USR0002-01,colleague7@dTA.org,,,usr0002@dTA.org,450000.0,
EML0000215,01/02/2026 13:18:44,USR0002,PC-USR0002-01,colleague4@dTA.org,,,usr0002@dTA.org,450000.0,
EML0000216,01/02/2026 15:06:08,USR0002,PC-USR0002-01,colleague6@dTA.org,,,usr0002@dTA.org,450000.0,
EML0000217,01/02/2026 09:54:59,USR0002,PC-USR0002-01,colleague5@dTA.org,,,usr0002@dTA.org,450000.0,
EML0000218,01/02/2026 11:36:08,USR0002,PC-USR0002-01,colleague8@dTA.org,,,usr0002@dTA.org,450000.0,
EML0000219,01/02/2026 13:57:09,USR0002,PC-USR0002-01,colleague4@dTA.org,,,usr0002@dTA.org,450000.0,
EML0000220,01/02/2026 15:08:07,USR0003,PC-USR0003-01,colleague2@dTA.org,,,usr0003@dTA.org,450000.0,
EML0000221,01/02/2026 11:09:22,USR0003,PC-USR0003-01,colleague9@dTA.org,,,usr0003@dTA.org,450000.0,memo.docx
EML0000222,01/02/2026 12:03:43,USR0003,PC-USR0003-01,colleague6@dTA.org,,,usr0003@dTA.org,450000.0,
EML0000223,01/02/2026 09:27:30,USR0003,PC-USR0003-01,colleague5@dTA.org,,,usr0003@dTA.org,450000.0,
EML0000224,01/02/2026 10:48:27,USR0003,PC-USR0003-01,colleague4@dTA.org,,,usr0003@dTA.org,450000.0,
EML0000225,01/02/2026 11:15:17,USR0003,PC-USR0003-01,colleague2@dTA.org,,,usr0003@dTA.org,450000.0,
EML0000226,01/02/2026 12:42:52,USR0003,PC-USR0003-01,colleague7@dTA.org,,,usr0003@dTA.org,450000.0,memo.docx
EML0000227,01/02/2026 10:44:46,USR0003,PC-USR0003-01,colleague9@dTA.org,,,usr0003@dTA.org,450000.0,
EML0000228,01/02/2026 12:54:37,USR0003,PC-USR0003-01,colleague3@dTA.org,,,usr0003@dTA.org,450000.0,
EML0000229,01/02/2026 11:25:02,USR0003,PC-USR0003-01,colleague5@dTA.org,,,usr0003@dTA.org,450000.0,
EML0000230,01/02/2026 11:27:01,USR0003,PC-USR0003-01,colleague10@dTA.org,,,usr0003@dTA.org,450000.0,memo.docx
EML0000231,01/02/2026 09:24:26,USR0003,PC-USR0003-01,colleague9@dTA.org,,,usr0003@dTA.org,450000.0,
EML0000232,01/02/2026 16:09:53,USR0004,PC-USR0004-01,colleague9@dTA.org,,,usr0004@dTA.org,450000.0,
EML0000233,01/02/2026 15:15:13,USR0004,PC-USR0004-01,colleague4@dTA.org,,,usr0004@dTA.org,450000.0,memo.docx
EML0000234,01/02/2026 11:07:44,USR0004,PC-USR0004-01,colleague3@dTA.org,,,usr0004@dTA.org,450000.0,
EML0000235,01/02/2026 09:44:27,USR0004,PC-USR0004-01,colleague6@dTA.org,,,usr0004@dTA.org,450000.0,memo.docx
EML0000236,01/02/2026 10:42:37,USR0004,PC-USR0004-01,colleague2@dTA.org,,,usr0004@dTA.org,450000.0,
EML0000237,01/02/2026 11:01:09,USR0004,PC-USR0004-01,colleague6@dTA.org,,,usr0004@dTA.org,450000.0,memo.docx
EML0000238,01/02/2026 12:04:00,USR0004,PC-USR0004-01,colleague10@dTA.org,,,usr0004@dTA.org,450000.0,
EML0000239,01/02/2026 15:09:48,USR0004,PC-USR0004-01,colleague3@dTA.org,,,usr0004@dTA.org,450000.0,
EML0000240,01/02/2026 14:11:35,USR0005,PC-USR0005-01,colleague10@dTA.org,,,usr0005@dTA.org,450000.0,memo.docx
EML0000241,01/02/2026 15:24:18,USR0005,PC-USR0005-01,colleague7@dTA.org,,,usr0005@dTA.org,450000.0,
EML0000242,01/02/2026 10:05:51,USR0005,PC-USR0005-01,colleague2@dTA.org,,,usr0005@dTA.org,450000.0,memo.docx
EML0000243,01/02/2026 09:39:59,USR0005,PC-USR0005-01,colleague7@dTA.org,,,usr0005@dTA.org,450000.0,memo.docx
EML0000244,01/02/2026 10:40:28,USR0005,PC-USR0005-01,colleague9@dTA.org,,,usr0005@dTA.org,450000.0,
EML0000245,01/02/2026 09:42:18,USR0005,PC-USR0005-01,colleague7@dTA.org,,,usr0005@dTA.org,450000.0,
EML0000246,01/02/2026 16:35:24,USR0005,PC-USR0005-01,colleague2@dTA.org,,,usr0005@dTA.org,450000.0,memo.docx
EML0000247,01/02/2026 16:07:22,USR0005,PC-USR0005-01,colleague8@dTA.org,,,usr0005@dTA.org,450000.0,
EML0000248,01/02/2026 15:00:23,USR0005,PC-USR0005-01,colleague4@dTA.org,,,usr0005@dTA.org,450000.0,
EML0000249,01/02/2026 13:56:42,USR0005,PC-USR0005-01,colleague5@dTA.org,,,usr0005@dTA.org,450000.0,
EML0000250,01/02/2026 09:07:03,USR0006,PC-USR0006-01,colleague5@dTA.org,,,usr0006@dTA.org,450000.0,memo.docx
EML0000251,01/02/2026 14:44:39,USR0006,PC-USR0006-01,colleague7@dTA.org,,,usr0006@dTA.org,450000.0,
EML0000252,01/02/2026 11:59:08,USR0006,PC-USR0006-01,colleague10@dTA.org,,,usr0006@dTA.org,450000.0,
EML0000253,01/02/2026 11:20:55,USR0006,PC-USR0006-01,colleague3@dTA.org,,,usr0006@dTA.org,450000.0,
EML0000254,01/02/2026 15:40:28,USR0006,PC-USR0006-01,colleague2@dTA.org,,,usr0006@dTA.org,450000.0,
EML0000255,01/02/2026 12:36:30,USR0006,PC-USR0006-01,colleague8@dTA.org,,,usr0006@dTA.org,450000.0,
EML0000256,01/02/2026 14:49:46,USR0006,PC-USR0006-01,colleague8@dTA.org,,,usr0006@dTA.org,450000.0,
EML0000257,01/02/2026 13:49:18,USR0006,PC-USR0006-01,colleague2@dTA.org,,,usr0006@dTA.org,450000.0,
EML0000258,01/02/2026 14:53:39,USR0007,PC-USR0007-01,colleague2@dTA.org,,,usr0007@dTA.org,450000.0,
EML0000259,01/02/2026 16:36:50,USR0007,PC-USR0007-01,colleague6@dTA.org,,,usr0007@dTA.org,450000.0,
EML0000260,01/02/2026 09:31:59,USR0007,PC-USR0007-01,colleague3@dTA.org,,,usr0007@dTA.org,450000.0,
EML0000261,01/02/2026 11:33:18,USR0007,PC-USR0007-01,colleague10@dTA.org,,,usr0007@dTA.org,450000.0,
EML0000262,01/02/2026 11:19:31,USR0007,PC-USR0007-01,colleague5@dTA.org,,,usr0007@dTA.org,450000.0,memo.docx
EML0000263,01/02/2026 13:00:29,USR0007,PC-USR0007-01,colleague1@dTA.org,,,usr0007@dTA.org,450000.0,
EML0000264,01/02/2026 10:03:31,USR0007,PC-USR0007-01,colleague5@dTA.org,,,usr0007@dTA.org,450000.0,memo.docx
EML0000265,01/02/2026 14:42:53,USR0007,PC-USR0007-01,colleague1@dTA.org,,,usr0007@dTA.org,450000.0,memo.docx
EML0000266,01/02/2026 11:22:56,USR0007,PC-USR0007-01,colleague5@dTA.org,,,usr0007@dTA.org,450000.0,
EML0000267,01/02/2026 11:05:45,USR0007,PC-USR0007-01,colleague5@dTA.org,,,usr0007@dTA.org,450000.0,memo.docx
EML0000268,01/02/2026 12:27:37,USR0007,PC-USR0007-01,colleague2@dTA.org,,,usr0007@dTA.org,450000.0,
EML0000269,01/02/2026 09:30:59,USR0007,PC-USR0007-01,colleague6@dTA.org,,,usr0007@dTA.org,450000.0,
EML0000270,01/02/2026 14:46:52,USR0008,PC-USR0008-01,colleague3@dTA.org,,,usr0008@dTA.org,450000.0,memo.docx
EML0000271,01/02/2026 12:44:28,USR0008,PC-USR0008-01,colleague8@dTA.org,,,usr0008@dTA.org,450000.0,
EML0000272,01/02/2026 09:31:53,USR0008,PC-USR0008-01,colleague1@dTA.org,,,usr0008@dTA.org,450000.0,
EML0000273,01/02/2026 15:19:52,USR0008,PC-USR0008-01,colleague2@dTA.org,,,usr0008@dTA.org,450000.0,memo.docx
EML0000274,01/02/2026 15:31:01,USR0008,PC-USR0008-01,colleague7@dTA.org,,,usr0008@dTA.org,450000.0,
EML0000275,01/02/2026 16:18:58,USR0009,PC-USR0009-01,colleague2@dTA.org,,,usr0009@dTA.org,450000.0,
EML0000276,01/02/2026 10:28:56,USR0009,PC-USR0009-01,colleague7@dTA.org,,,usr0009@dTA.org,450000.0,
EML0000277,01/02/2026 10:55:08,USR0009,PC-USR0009-01,colleague5@dTA.org,,,usr0009@dTA.org,450000.0,
EML0000278,01/02/2026 10:22:51,USR0009,PC-USR0009-01,colleague2@dTA.org,,,usr0009@dTA.org,450000.0,
EML0000279,01/02/2026 12:46:04,USR0009,PC-USR0009-01,colleague6@dTA.org,,,usr0009@dTA.org,450000.0,memo.docx
EML0000280,01/02/2026 14:17:29,USR0009,PC-USR0009-01,colleague9@dTA.org,,,usr0009@dTA.org,450000.0,
EML0000281,01/02/2026 15:35:28,USR0010,PC-USR0010-01,colleague8@dTA.org,,,usr0010@dTA.org,450000.0,
EML0000282,01/02/2026 13:43:07,USR0010,PC-USR0010-01,colleague9@dTA.org,,,usr0010@dTA.org,450000.0,
EML0000283,01/02/2026 14:11:01,USR0010,PC-USR0010-01,colleague6@dTA.org,,,usr0010@dTA.org,450000.0,
EML0000284,01/02/2026 14:46:27,USR0010,PC-USR0010-01,colleague4@dTA.org,,,usr0010@dTA.org,450000.0,
EML0000285,01/02/2026 12:24:23,USR0010,PC-USR0010-01,colleague3@dTA.org,,,usr0010@dTA.org,450000.0,
EML0000286,01/02/2026 09:12:28,USR0010,PC-USR0010-01,colleague6@dTA.org,,,usr0010@dTA.org,450000.0,
EML0000287,01/02/2026 15:43:29,USR0011,PC-USR0011-01,colleague1@dTA.org,,,usr0011@dTA.org,450000.0,
EML0000288,01/02/2026 15:27:49,USR0011,PC-USR0011-01,colleague1@dTA.org,,,usr0011@dTA.org,450000.0,
EML0000289,01/02/2026 13:47:40,USR0011,PC-USR0011-01,colleague2@dTA.org,,,usr0011@dTA.org,450000.0,
EML0000290,01/02/2026 16:32:23,USR0011,PC-USR0011-01,colleague8@dTA.org,,,usr0011@dTA.org,450000.0,
EML0000291,01/02/2026 14:07:50,USR0011,PC-USR0011-01,colleague3@dTA.org,,,usr0011@dTA.org,450000.0,
EML0000292,01/02/2026 15:55:43,USR0011,PC-USR0011-01,colleague2@dTA.org,,,usr0011@dTA.org,450000.0,memo.docx
EML0000293,01/02/2026 14:59:45,USR0011,PC-USR0011-01,colleague10@dTA.org,,,usr0011@dTA.org,450000.0,
EML0000294,01/02/2026 16:27:03,USR0011,PC-USR0011-01,colleague8@dTA.org,,,usr0011@dTA.org,450000.0,
EML0000295,01/02/2026 10:55:31,USR0011,PC-USR0011-01,colleague8@dTA.org,,,usr0011@dTA.org,450000.0,
EML0000296,01/02/2026 14:16:27,USR0011,PC-USR0011-01,colleague6@dTA.org,,,usr0011@dTA.org,450000.0,
EML0000297,01/02/2026 09:34:17,USR0011,PC-USR0011-01,colleague3@dTA.org,,,usr0011@dTA.org,450000.0,
EML0000298,01/02/2026 15:01:28,USR0011,PC-USR0011-01,colleague6@dTA.org,,,usr0011@dTA.org,450000.0,
EML0000299,01/02/2026 14:09:58,USR0012,PC-USR0012-01,colleague4@dTA.org,,,usr0012@dTA.org,450000.0,
EML0000300,01/02/2026 12:16:06,USR0012,PC-USR0012-01,colleague6@dTA.org,,,usr0012@dTA.org,450000.0,
EML0000301,01/02/2026 10:29:57,USR0012,PC-USR0012-01,colleague8@dTA.org,,,usr0012@dTA.org,450000.0,
EML0000302,01/02/2026 13:21:18,USR0012,PC-USR0012-01,colleague8@dTA.org,,,usr0012@dTA.org,450000.0,
EML0000303,01/02/2026 16:44:16,USR0012,PC-USR0012-01,colleague10@dTA.org,,,usr0012@dTA.org,450000.0,
EML0000304,01/02/2026 09:48:08,USR0012,PC-USR0012-01,colleague3@dTA.org,,,usr0012@dTA.org,450000.0,
EML0000305,01/02/2026 09:14:56,USR0012,PC-USR0012-01,colleague6@dTA.org,,,usr0012@dTA.org,450000.0,
EML0000306,01/02/2026 13:19:45,USR0012,PC-USR0012-01,colleague3@dTA.org,,,usr0012@dTA.org,450000.0,
EML0000307,01/02/2026 13:30:45,USR0012,PC-USR0012-01,colleague8@dTA.org,,,usr0012@dTA.org,450000.0,
EML0000308,01/02/2026 11:47:51,USR0012,PC-USR0012-01,colleague3@dTA.org,,,usr0012@dTA.org,450000.0,memo.docx
EML0000309,01/02/2026 12:13:42,USR0013,PC-USR0013-01,colleague5@dTA.org,,,usr0013@dTA.org,450000.0,
EML0000310,01/02/2026 14:01:20,USR0013,PC-USR0013-01,colleague7@dTA.org,,,usr0013@dTA.org,450000.0,
EML0000311,01/02/2026 14:35:35,USR0013,PC-USR0013-01,colleague4@dTA.org,,,usr0013@dTA.org,450000.0,
EML0000312,01/02/2026 16:54:17,USR0013,PC-USR0013-01,colleague2@dTA.org,,,usr0013@dTA.org,450000.0,memo.docx
EML0000313,01/02/2026 16:01:00,USR0014,PC-USR0014-01,colleague7@dTA.org,,,usr0014@dTA.org,450000.0,
EML0000314,01/02/2026 15:54:06,USR0014,PC-USR0014-01,colleague6@dTA.org,,,usr0014@dTA.org,450000.0,
EML0000315,01/02/2026 13:53:04,USR0014,PC-USR0014-01,colleague7@dTA.org,,,usr0014@dTA.org,450000.0,
EML0000316,01/02/2026 13:14:44,USR0014,PC-USR0014-01,colleague2@dTA.org,,,usr0014@dTA.org,450000.0,
EML0000317,01/02/2026 15:56:30,USR0014,PC-USR0014-01,colleague1@dTA.org,,,usr0014@dTA.org,450000.0,
EML0000318,01/02/2026 14:39:31,USR0015,PC-USR0015-01,colleague3@dTA.org,,,usr0015@dTA.org,450000.0,
EML0000319,01/02/2026 12:16:54,USR0015,PC-USR0015-01,colleague8@dTA.org,,,usr0015@dTA.org,450000.0,
EML0000320,01/02/2026 16:57:23,USR0015,PC-USR0015-01,colleague3@dTA.org,,,usr0015@dTA.org,450000.0,
EML0000321,01/02/2026 14:01:07,USR0015,PC-USR0015-01,colleague4@dTA.org,,,usr0015@dTA.org,450000.0,
EML0000322,01/02/2026 13:48:35,USR0015,PC-USR0015-01,colleague9@dTA.org,,,usr0015@dTA.org,450000.0,memo.docx
EML0000323,01/02/2026 10:12:05,USR0015,PC-USR0015-01,colleague2@dTA.org,,,usr0015@dTA.org,450000.0,
EML0000324,01/02/2026 15:54:16,USR0015,PC-USR0015-01,colleague3@dTA.org,,,usr0015@dTA.org,450000.0,
EML0000325,01/02/2026 14:25:08,USR0015,PC-USR0015-01,colleague7@dTA.org,,,usr0015@dTA.org,450000.0,memo.docx
EML0000326,01/02/2026 13:39:36,USR0015,PC-USR0015-01,colleague2@dTA.org,,,usr0015@dTA.org,450000.0,
EML0000327,01/02/2026 12:28:52,USR0015,PC-USR0015-01,colleague1@dTA.org,,,usr0015@dTA.org,450000.0,
EML0000328,01/02/2026 12:46:20,USR0016,PC-USR0016-01,colleague1@dTA.org,,,usr0016@dTA.org,450000.0,
EML0000329,01/02/2026 11:21:55,USR0016,PC-USR0016-01,colleague5@dTA.org,,,usr0016@dTA.org,450000.0,
EML0000330,01/02/2026 14:29:12,USR0016,PC-USR0016-01,colleague1@dTA.org,,,usr0016@dTA.org,450000.0,
EML0000331,01/02/2026 11:18:32,USR0016,PC-USR0016-01,colleague2@dTA.org,,,usr0016@dTA.org,450000.0,
EML0000332,01/02/2026 12:21:42,USR0016,PC-USR0016-01,colleague8@dTA.org,,,usr0016@dTA.org,450000.0,memo.docx
EML0000333,01/02/2026 16:04:53,USR0016,PC-USR0016-01,colleague4@dTA.org,,,usr0016@dTA.org,450000.0,
EML0000334,01/02/2026 13:35:10,USR0016,PC-USR0016-01,colleague3@dTA.org,,,usr0016@dTA.org,450000.0,
EML0000335,01/02/2026 10:20:37,USR0017,PC-USR0017-01,colleague6@dTA.org,,,usr0017@dTA.org,450000.0,
EML0000336,01/02/2026 10:36:16,USR0017,PC-USR0017-01,colleague6@dTA.org,,,usr0017@dTA.org,450000.0,
EML0000337,01/02/2026 16:23:31,USR0017,PC-USR0017-01,colleague5@dTA.org,,,usr0017@dTA.org,450000.0,
EML0000338,01/02/2026 14:34:47,USR0017,PC-USR0017-01,colleague4@dTA.org,,,usr0017@dTA.org,450000.0,
EML0000339,01/02/2026 10:25:43,USR0018,PC-USR0018-01,colleague7@dTA.org,,,usr0018@dTA.org,450000.0,memo.docx
EML0000340,01/02/2026 16:27:53,USR0018,PC-USR0018-01,colleague8@dTA.org,,,usr0018@dTA.org,450000.0,
EML0000341,01/02/2026 09:36:57,USR0018,PC-USR0018-01,colleague1@dTA.org,,,usr0018@dTA.org,450000.0,
EML0000342,01/02/2026 13:45:18,USR0018,PC-USR0018-01,colleague8@dTA.org,,,usr0018@dTA.org,450000.0,
EML0000343,01/02/2026 13:01:42,USR0018,PC-USR0018-01,colleague5@dTA.org,,,usr0018@dTA.org,450000.0,
EML0000344,01/02/2026 12:15:44,USR0018,PC-USR0018-01,colleague8@dTA.org,,,usr0018@dTA.org,450000.0,
EML0000345,01/02/2026 09:55:36,USR0018,PC-USR0018-01,colleague7@dTA.org,,,usr0018@dTA.org,450000.0,
EML0000346,01/02/2026 16:34:21,USR0019,PC-USR0019-01,colleague3@dTA.org,,,usr0019@dTA.org,450000.0,
EML0000347,01/02/2026 10:16:07,USR0019,PC-USR0019-01,colleague7@dTA.org,,,usr0019@dTA.org,450000.0,
EML0000348,01/02/2026 15:00:04,USR0019,PC-USR0019-01,colleague4@dTA.org,,,usr0019@dTA.org,450000.0,
EML0000349,01/02/2026 13:59:31,USR0019,PC-USR0019-01,colleague8@dTA.org,,,usr0019@dTA.org,450000.0,
EML0000350,01/02/2026 13:32:36,USR0019,PC-USR0019-01,colleague7@dTA.org,,,usr0019@dTA.org,450000.0,memo.docx
EML0000351,01/02/2026 09:27:40,USR0019,PC-USR0019-01,colleague8@dTA.org,,,usr0019@dTA.org,450000.0,
EML0000352,01/02/2026 16:27:24,USR0019,PC-USR0019-01,colleague6@dTA.org,,,usr0019@dTA.org,450000.0,memo.docx
EML0000353,01/02/2026 11:07:23,USR0019,PC-USR0019-01,colleague1@dTA.org,,,usr0019@dTA.org,450000.0,memo.docx
EML0000354,01/02/2026 16:58:10,USR0020,PC-USR0020-01,colleague8@dTA.org,,,usr0020@dTA.org,450000.0,memo.docx
EML0000355,01/02/2026 16:51:57,USR0020,PC-USR0020-01,colleague6@dTA.org,,,usr0020@dTA.org,450000.0,
EML0000356,01/02/2026 14:54:30,USR0020,PC-USR0020-01,colleague5@dTA.org,,,usr0020@dTA.org,450000.0,
EML0000357,01/02/2026 14:40:42,USR0020,PC-USR0020-01,colleague6@dTA.org,,,usr0020@dTA.org,450000.0,
EML0000358,01/02/2026 13:51:38,USR0020,PC-USR0020-01,colleague4@dTA.org,,,usr0020@dTA.org,450000.0,
EML0000359,01/02/2026 09:27:30,USR0020,PC-USR0020-01,colleague5@dTA.org,,,usr0020@dTA.org,450000.0,
EML0000360,01/02/2026 13:31:46,USR0020,PC-USR0020-01,colleague7@dTA.org,,,usr0020@dTA.org,450000.0,memo.docx
EML0000361,01/02/2026 12:00:36,USR0021,PC-USR0021-01,colleague6@dTA.org,,,usr0021@dTA.org,450000.0,memo.docx
EML0000362,01/02/2026 14:41:21,USR0021,PC-USR0021-01,colleague7@dTA.org,,,usr0021@dTA.org,450000.0,
EML0000363,01/02/2026 09:20:55,USR0021,PC-USR0021-01,colleague8@dTA.org,,,usr0021@dTA.org,450000.0,memo.docx
EML0000364,01/02/2026 10:38:33,USR0021,PC-USR0021-01,colleague9@dTA.org,,,usr0021@dTA.org,450000.0,
EML0000365,01/02/2026 11:30:31,USR0021,PC-USR0021-01,colleague9@dTA.org,,,usr0021@dTA.org,450000.0,
EML0000366,01/02/2026 14:07:39,USR0021,PC-USR0021-01,colleague1@dTA.org,,,usr0021@dTA.org,450000.0,
EML0000367,01/02/2026 14:15:19,USR0021,PC-USR0021-01,colleague9@dTA.org,,,usr0021@dTA.org,450000.0,
EML0000368,01/02/2026 13:02:54,USR0021,PC-USR0021-01,colleague2@dTA.org,,,usr0021@dTA.org,450000.0,memo.docx
EML0000369,01/02/2026 13:42:08,USR0021,PC-USR0021-01,colleague5@dTA.org,,,usr0021@dTA.org,450000.0,
EML0000370,01/02/2026 11:17:21,USR0021,PC-USR0021-01,colleague7@dTA.org,,,usr0021@dTA.org,450000.0,
EML0000371,01/02/2026 14:04:31,USR0021,PC-USR0021-01,colleague5@dTA.org,,,usr0021@dTA.org,450000.0,
EML0000372,01/02/2026 10:15:57,USR0022,PC-USR0022-01,colleague5@dTA.org,,,usr0022@dTA.org,450000.0,
EML0000373,01/02/2026 12:48:42,USR0022,PC-USR0022-01,colleague9@dTA.org,,,usr0022@dTA.org,450000.0,
EML0000374,01/02/2026 11:40:31,USR0022,PC-USR0022-01,colleague9@dTA.org,,,usr0022@dTA.org,450000.0,memo.docx
EML0000375,01/02/2026 09:20:49,USR0022,PC-USR0022-01,colleague9@dTA.org,,,usr0022@dTA.org,450000.0,
EML0000376,01/02/2026 14:00:30,USR0022,PC-USR0022-01,colleague4@dTA.org,,,usr0022@dTA.org,450000.0,memo.docx
EML0000377,01/02/2026 09:00:58,USR0023,PC-USR0023-01,colleague3@dTA.org,,,usr0023@dTA.org,450000.0,
EML0000378,01/02/2026 09:51:01,USR0023,PC-USR0023-01,colleague10@dTA.org,,,usr0023@dTA.org,450000.0,memo.docx
EML0000379,01/02/2026 15:07:35,USR0023,PC-USR0023-01,colleague3@dTA.org,,,usr0023@dTA.org,450000.0,
EML0000380,01/02/2026 09:15:44,USR0023,PC-USR0023-01,colleague7@dTA.org,,,usr0023@dTA.org,450000.0,
EML0000381,01/02/2026 16:16:46,USR0023,PC-USR0023-01,colleague5@dTA.org,,,usr0023@dTA.org,450000.0,
EML0000382,01/02/2026 10:46:58,USR0023,PC-USR0023-01,colleague7@dTA.org,,,usr0023@dTA.org,450000.0,
EML0000383,01/02/2026 12:25:23,USR0023,PC-USR0023-01,colleague10@dTA.org,,,usr0023@dTA.org,450000.0,
EML0000384,01/02/2026 11:56:03,USR0023,PC-USR0023-01,colleague2@dTA.org,,,usr0023@dTA.org,450000.0,
EML0000385,01/02/2026 10:51:07,USR0023,PC-USR0023-01,colleague9@dTA.org,,,usr0023@dTA.org,450000.0,
EML0000386,01/02/2026 13:06:34,USR0023,PC-USR0023-01,colleague5@dTA.org,,,usr0023@dTA.org,450000.0,
EML0000387,01/02/2026 15:33:30,USR0023,PC-USR0023-01,colleague6@dTA.org,,,usr0023@dTA.org,450000.0,
EML0000388,01/02/2026 11:48:26,USR0023,PC-USR0023-01,colleague4@dTA.org,,,usr0023@dTA.org,450000.0,memo.docx
EML0000389,01/02/2026 12:55:37,USR0024,PC-USR0024-01,colleague8@dTA.org,,,usr0024@dTA.org,450000.0,
EML0000390,01/02/2026 11:03:46,USR0024,PC-USR0024-01,colleague6@dTA.org,,,usr0024@dTA.org,450000.0,
EML0000391,01/02/2026 13:17:01,USR0024,PC-USR0024-01,colleague8@dTA.org,,,usr0024@dTA.org,450000.0,
EML0000392,01/02/2026 13:25:10,USR0024,PC-USR0024-01,colleague1@dTA.org,,,usr0024@dTA.org,450000.0,
EML0000393,01/02/2026 16:56:08,USR0024,PC-USR0024-01,colleague7@dTA.org,,,usr0024@dTA.org,450000.0,
EML0000394,01/02/2026 15:42:08,USR0024,PC-USR0024-01,colleague10@dTA.org,,,usr0024@dTA.org,450000.0,memo.docx
EML0000395,01/02/2026 09:35:51,USR0024,PC-USR0024-01,colleague2@dTA.org,,,usr0024@dTA.org,450000.0,
EML0000396,01/02/2026 16:46:40,USR0024,PC-USR0024-01,colleague8@dTA.org,,,usr0024@dTA.org,450000.0,
EML0000397,01/02/2026 09:10:36,USR0024,PC-USR0024-01,colleague10@dTA.org,,,usr0024@dTA.org,450000.0,memo.docx
EML0000398,01/02/2026 13:01:25,USR0024,PC-USR0024-01,colleague9@dTA.org,,,usr0024@dTA.org,450000.0,
EML0000399,01/02/2026 13:04:12,USR0024,PC-USR0024-01,colleague4@dTA.org,,,usr0024@dTA.org,450000.0,
EML0000400,01/02/2026 12:05:59,USR0024,PC-USR0024-01,colleague3@dTA.org,,,usr0024@dTA.org,450000.0,
EML0000401,01/02/2026 16:17:19,USR0025,PC-USR0025-01,colleague3@dTA.org,,,usr0025@dTA.org,450000.0,memo.docx
EML0000402,01/02/2026 14:32:21,USR0025,PC-USR0025-01,colleague5@dTA.org,,,usr0025@dTA.org,450000.0,
EML0000403,01/02/2026 14:46:37,USR0025,PC-USR0025-01,colleague7@dTA.org,,,usr0025@dTA.org,450000.0,
EML0000404,01/02/2026 14:50:45,USR0025,PC-USR0025-01,colleague10@dTA.org,,,usr0025@dTA.org,450000.0,
EML0000405,01/02/2026 11:19:39,USR0025,PC-USR0025-01,colleague2@dTA.org,,,usr0025@dTA.org,450000.0,
EML0000406,01/02/2026 15:21:01,USR0025,PC-USR0025-01,colleague3@dTA.org,,,usr0025@dTA.org,450000.0,
EML0000407,01/02/2026 09:56:02,USR0025,PC-USR0025-01,colleague1@dTA.org,,,usr0025@dTA.org,450000.0,memo.docx
EML0000408,01/02/2026 13:23:40,USR0025,PC-USR0025-01,colleague4@dTA.org,,,usr0025@dTA.org,450000.0,
EML0000409,01/02/2026 12:04:15,USR0025,PC-USR0025-01,colleague3@dTA.org,,,usr0025@dTA.org,450000.0,
EML0000410,01/02/2026 10:51:20,USR0025,PC-USR0025-01,colleague6@dTA.org,,,usr0025@dTA.org,450000.0,memo.docx
EML0000411,01/02/2026 09:20:21,USR0025,PC-USR0025-01,colleague8@dTA.org,,,usr0025@dTA.org,450000.0,memo.docx
EML0000412,01/02/2026 12:40:40,USR0025,PC-USR0025-01,colleague7@dTA.org,,,usr0025@dTA.org,450000.0,
EML0000413,01/05/2026 10:38:49,AAE0190,PC-AAE0190-01,colleague2@dTA.org,,,aae0190@dTA.org,450000.0,memo.docx
EML0000414,01/05/2026 15:25:06,AAE0190,PC-AAE0190-01,colleague3@dTA.org,,,aae0190@dTA.org,450000.0,
EML0000415,01/05/2026 09:07:39,AAE0190,PC-AAE0190-01,colleague1@dTA.org,,,aae0190@dTA.org,450000.0,
EML0000416,01/05/2026 14:42:47,AAE0190,PC-AAE0190-01,colleague9@dTA.org,,,aae0190@dTA.org,450000.0,
EML0000417,01/05/2026 10:34:59,USR0002,PC-USR0002-01,colleague7@dTA.org,,,usr0002@dTA.org,450000.0,
EML0000418,01/05/2026 13:34:08,USR0002,PC-USR0002-01,colleague3@dTA.org,,,usr0002@dTA.org,450000.0,
EML0000419,01/05/2026 16:56:56,USR0002,PC-USR0002-01,colleague6@dTA.org,,,usr0002@dTA.org,450000.0,
EML0000420,01/05/2026 12:36:28,USR0002,PC-USR0002-01,colleague9@dTA.org,,,usr0002@dTA.org,450000.0,
EML0000421,01/05/2026 11:00:52,USR0003,PC-USR0003-01,colleague5@dTA.org,,,usr0003@dTA.org,450000.0,
EML0000422,01/05/2026 14:31:48,USR0003,PC-USR0003-01,colleague8@dTA.org,,,usr0003@dTA.org,450000.0,
EML0000423,01/05/2026 09:36:28,USR0003,PC-USR0003-01,colleague5@dTA.org,,,usr0003@dTA.org,450000.0,
EML0000424,01/05/2026 12:12:50,USR0003,PC-USR0003-01,colleague9@dTA.org,,,usr0003@dTA.org,450000.0,
EML0000425,01/05/2026 09:27:08,USR0003,PC-USR0003-01,colleague4@dTA.org,,,usr0003@dTA.org,450000.0,
EML0000426,01/05/2026 14:16:51,USR0003,PC-USR0003-01,colleague7@dTA.org,,,usr0003@dTA.org,450000.0,
EML0000427,01/05/2026 11:54:40,USR0003,PC-USR0003-01,colleague3@dTA.org,,,usr0003@dTA.org,450000.0,
EML0000428,01/05/2026 14:44:18,USR0003,PC-USR0003-01,colleague1@dTA.org,,,usr0003@dTA.org,450000.0,memo.docx
EML0000429,01/05/2026 09:25:58,USR0004,PC-USR0004-01,colleague3@dTA.org,,,usr0004@dTA.org,450000.0,
EML0000430,01/05/2026 12:11:33,USR0004,PC-USR0004-01,colleague9@dTA.org,,,usr0004@dTA.org,450000.0,
EML0000431,01/05/2026 12:10:09,USR0004,PC-USR0004-01,colleague2@dTA.org,,,usr0004@dTA.org,450000.0,memo.docx
EML0000432,01/05/2026 10:00:11,USR0004,PC-USR0004-01,colleague4@dTA.org,,,usr0004@dTA.org,450000.0,memo.docx
EML0000433,01/05/2026 09:01:04,USR0004,PC-USR0004-01,colleague9@dTA.org,,,usr0004@dTA.org,450000.0,
EML0000434,01/05/2026 15:24:07,USR0004,PC-USR0004-01,colleague1@dTA.org,,,usr0004@dTA.org,450000.0,
EML0000435,01/05/2026 16:45:24,USR0004,PC-USR0004-01,colleague2@dTA.org,,,usr0004@dTA.org,450000.0,memo.docx
EML0000436,01/05/2026 10:52:18,USR0004,PC-USR0004-01,colleague4@dTA.org,,,usr0004@dTA.org,450000.0,
EML0000437,01/05/2026 10:18:03,USR0004,PC-USR0004-01,colleague4@dTA.org,,,usr0004@dTA.org,450000.0,
EML0000438,01/05/2026 13:59:20,USR0004,PC-USR0004-01,colleague4@dTA.org,,,usr0004@dTA.org,450000.0,
EML0000439,01/05/2026 10:37:32,USR0004,PC-USR0004-01,colleague1@dTA.org,,,usr0004@dTA.org,450000.0,
EML0000440,01/05/2026 10:24:59,USR0005,PC-USR0005-01,colleague9@dTA.org,,,usr0005@dTA.org,450000.0,
EML0000441,01/05/2026 14:00:30,USR0005,PC-USR0005-01,colleague2@dTA.org,,,usr0005@dTA.org,450000.0,memo.docx
EML0000442,01/05/2026 14:35:41,USR0005,PC-USR0005-01,colleague1@dTA.org,,,usr0005@dTA.org,450000.0,memo.docx
EML0000443,01/05/2026 14:00:39,USR0005,PC-USR0005-01,colleague3@dTA.org,,,usr0005@dTA.org,450000.0,
EML0000444,01/05/2026 10:52:42,USR0005,PC-USR0005-01,colleague2@dTA.org,,,usr0005@dTA.org,450000.0,
EML0000445,01/05/2026 15:05:47,USR0005,PC-USR0005-01,colleague1@dTA.org,,,usr0005@dTA.org,450000.0,
EML0000446,01/05/2026 12:52:55,USR0005,PC-USR0005-01,colleague8@dTA.org,,,usr0005@dTA.org,450000.0,memo.docx
EML0000447,01/05/2026 11:12:02,USR0005,PC-USR0005-01,colleague1@dTA.org,,,usr0005@dTA.org,450000.0,
EML0000448,01/05/2026 15:37:20,USR0005,PC-USR0005-01,colleague1@dTA.org,,,usr0005@dTA.org,450000.0,memo.docx
EML0000449,01/05/2026 16:16:57,USR0005,PC-USR0005-01,colleague2@dTA.org,,,usr0005@dTA.org,450000.0,
EML0000450,01/05/2026 16:34:48,USR0006,PC-USR0006-01,colleague10@dTA.org,,,usr0006@dTA.org,450000.0,
EML0000451,01/05/2026 10:35:24,USR0006,PC-USR0006-01,colleague10@dTA.org,,,usr0006@dTA.org,450000.0,
EML0000452,01/05/2026 16:57:11,USR0006,PC-USR0006-01,colleague9@dTA.org,,,usr0006@dTA.org,450000.0,
EML0000453,01/05/2026 13:55:03,USR0006,PC-USR0006-01,colleague2@dTA.org,,,usr0006@dTA.org,450000.0,
EML0000454,01/05/2026 11:10:46,USR0006,PC-USR0006-01,colleague8@dTA.org,,,usr0006@dTA.org,450000.0,memo.docx
EML0000455,01/05/2026 09:11:35,USR0006,PC-USR0006-01,colleague4@dTA.org,,,usr0006@dTA.org,450000.0,
EML0000456,01/05/2026 11:40:59,USR0006,PC-USR0006-01,colleague4@dTA.org,,,usr0006@dTA.org,450000.0,memo.docx
EML0000457,01/05/2026 10:58:43,USR0007,PC-USR0007-01,colleague1@dTA.org,,,usr0007@dTA.org,450000.0,memo.docx
EML0000458,01/05/2026 10:31:33,USR0007,PC-USR0007-01,colleague6@dTA.org,,,usr0007@dTA.org,450000.0,
EML0000459,01/05/2026 11:59:07,USR0007,PC-USR0007-01,colleague2@dTA.org,,,usr0007@dTA.org,450000.0,
EML0000460,01/05/2026 16:05:58,USR0007,PC-USR0007-01,colleague9@dTA.org,,,usr0007@dTA.org,450000.0,
EML0000461,01/05/2026 11:13:23,USR0007,PC-USR0007-01,colleague5@dTA.org,,,usr0007@dTA.org,450000.0,
EML0000462,01/05/2026 11:27:56,USR0007,PC-USR0007-01,colleague9@dTA.org,,,usr0007@dTA.org,450000.0,
EML0000463,01/05/2026 13:17:54,USR0007,PC-USR0007-01,colleague8@dTA.org,,,usr0007@dTA.org,450000.0,memo.docx
EML0000464,01/05/2026 11:10:58,USR0008,PC-USR0008-01,colleague9@dTA.org,,,usr0008@dTA.org,450000.0,memo.docx
EML0000465,01/05/2026 10:48:38,USR0008,PC-USR0008-01,colleague5@dTA.org,,,usr0008@dTA.org,450000.0,
EML0000466,01/05/2026 11:22:35,USR0008,PC-USR0008-01,colleague10@dTA.org,,,usr0008@dTA.org,450000.0,memo.docx
EML0000467,01/05/2026 11:11:46,USR0008,PC-USR0008-01,colleague6@dTA.org,,,usr0008@dTA.org,450000.0,
EML0000468,01/05/2026 15:11:52,USR0008,PC-USR0008-01,colleague10@dTA.org,,,usr0008@dTA.org,450000.0,
EML0000469,01/05/2026 14:13:23,USR0008,PC-USR0008-01,colleague1@dTA.org,,,usr0008@dTA.org,450000.0,
EML0000470,01/05/2026 16:56:18,USR0009,PC-USR0009-01,colleague2@dTA.org,,,usr0009@dTA.org,450000.0,
EML0000471,01/05/2026 12:02:19,USR0009,PC-USR0009-01,colleague4@dTA.org,,,usr0009@dTA.org,450000.0,
EML0000472,01/05/2026 09:09:14,USR0009,PC-USR0009-01,colleague9@dTA.org,,,usr0009@dTA.org,450000.0,
EML0000473,01/05/2026 14:03:10,USR0009,PC-USR0009-01,colleague3@dTA.org,,,usr0009@dTA.org,450000.0,
EML0000474,01/05/2026 13:27:25,USR0009,PC-USR0009-01,colleague6@dTA.org,,,usr0009@dTA.org,450000.0,memo.docx
EML0000475,01/05/2026 14:46:55,USR0009,PC-USR0009-01,colleague3@dTA.org,,,usr0009@dTA.org,450000.0,memo.docx
EML0000476,01/05/2026 11:33:09,USR0009,PC-USR0009-01,colleague10@dTA.org,,,usr0009@dTA.org,450000.0,
EML0000477,01/05/2026 09:08:01,USR0009,PC-USR0009-01,colleague3@dTA.org,,,usr0009@dTA.org,450000.0,
EML0000478,01/05/2026 10:13:13,USR0009,PC-USR0009-01,colleague1@dTA.org,,,usr0009@dTA.org,450000.0,
EML0000479,01/05/2026 12:12:16,USR0009,PC-USR0009-01,colleague7@dTA.org,,,usr0009@dTA.org,450000.0,
EML0000480,01/05/2026 10:46:44,USR0009,PC-USR0009-01,colleague2@dTA.org,,,usr0009@dTA.org,450000.0,
EML0000481,01/05/2026 09:24:19,USR0010,PC-USR0010-01,colleague5@dTA.org,,,usr0010@dTA.org,450000.0,
EML0000482,01/05/2026 09:02:50,USR0010,PC-USR0010-01,colleague7@dTA.org,,,usr0010@dTA.org,450000.0,memo.docx
EML0000483,01/05/2026 16:28:40,USR0010,PC-USR0010-01,colleague9@dTA.org,,,usr0010@dTA.org,450000.0,
EML0000484,01/05/2026 14:33:20,USR0010,PC-USR0010-01,colleague7@dTA.org,,,usr0010@dTA.org,450000.0,
EML0000485,01/05/2026 13:55:25,USR0010,PC-USR0010-01,colleague5@dTA.org,,,usr0010@dTA.org,450000.0,
EML0000486,01/05/2026 10:38:27,USR0010,PC-USR0010-01,colleague3@dTA.org,,,usr0010@dTA.org,450000.0,
EML0000487,01/05/2026 11:07:39,USR0010,PC-USR0010-01,colleague3@dTA.org,,,usr0010@dTA.org,450000.0,
EML0000488,01/05/2026 15:51:09,USR0010,PC-USR0010-01,colleague3@dTA.org,,,usr0010@dTA.org,450000.0,memo.docx
EML0000489,01/05/2026 11:01:19,USR0010,PC-USR0010-01,colleague2@dTA.org,,,usr0010@dTA.org,450000.0,memo.docx
EML0000490,01/05/2026 11:39:16,USR0010,PC-USR0010-01,colleague9@dTA.org,,,usr0010@dTA.org,450000.0,
EML0000491,01/05/2026 10:18:46,USR0010,PC-USR0010-01,colleague8@dTA.org,,,usr0010@dTA.org,450000.0,
EML0000492,01/05/2026 10:05:30,USR0010,PC-USR0010-01,colleague10@dTA.org,,,usr0010@dTA.org,450000.0,
EML0000493,01/05/2026 14:10:11,USR0011,PC-USR0011-01,colleague10@dTA.org,,,usr0011@dTA.org,450000.0,
EML0000494,01/05/2026 11:43:53,USR0011,PC-USR0011-01,colleague6@dTA.org,,,usr0011@dTA.org,450000.0,memo.docx
EML0000495,01/05/2026 14:06:25,USR0011,PC-USR0011-01,colleague2@dTA.org,,,usr0011@dTA.org,450000.0,
EML0000496,01/05/2026 14:31:23,USR0011,PC-USR0011-01,colleague10@dTA.org,,,usr0011@dTA.org,450000.0,memo.docx
EML0000497,01/05/2026 10:03:21,USR0011,PC-USR0011-01,colleague1@dTA.org,,,usr0011@dTA.org,450000.0,
EML0000498,01/05/2026 09:23:19,USR0011,PC-USR0011-01,colleague10@dTA.org,,,usr0011@dTA.org,450000.0,memo.docx
EML0000499,01/05/2026 16:29:19,USR0011,PC-USR0011-01,colleague5@dTA.org,,,usr0011@dTA.org,450000.0,
EML0000500,01/05/2026 14:40:13,USR0011,PC-USR0011-01,colleague6@dTA.org,,,usr0011@dTA.org,450000.0,
EML0000501,01/05/2026 13:28:55,USR0011,PC-USR0011-01,colleague9@dTA.org,,,usr0011@dTA.org,450000.0,
EML0000502,01/05/2026 13:07:53,USR0011,PC-USR0011-01,colleague8@dTA.org,,,usr0011@dTA.org,450000.0,memo.docx
EML0000503,01/05/2026 13:44:51,USR0011,PC-USR0011-01,colleague10@dTA.org,,,usr0011@dTA.org,450000.0,
EML0000504,01/05/2026 13:18:54,USR0011,PC-USR0011-01,colleague10@dTA.org,,,usr0011@dTA.org,450000.0,
EML0000505,01/05/2026 13:16:04,USR0012,PC-USR0012-01,colleague7@dTA.org,,,usr0012@dTA.org,450000.0,memo.docx
EML0000506,01/05/2026 10:39:44,USR0012,PC-USR0012-01,colleague8@dTA.org,,,usr0012@dTA.org,450000.0,
EML0000507,01/05/2026 14:40:57,USR0012,PC-USR0012-01,colleague4@dTA.org,,,usr0012@dTA.org,450000.0,
EML0000508,01/05/2026 13:26:53,USR0012,PC-USR0012-01,colleague5@dTA.org,,,usr0012@dTA.org,450000.0,memo.docx
EML0000509,01/05/2026 14:07:02,USR0012,PC-USR0012-01,colleague4@dTA.org,,,usr0012@dTA.org,450000.0,
EML0000510,01/05/2026 09:08:31,USR0012,PC-USR0012-01,colleague4@dTA.org,,,usr0012@dTA.org,450000.0,memo.docx
EML0000511,01/05/2026 11:31:26,USR0012,PC-USR0012-01,colleague4@dTA.org,,,usr0012@dTA.org,450000.0,
EML0000512,01/05/2026 10:16:40,USR0012,PC-USR0012-01,colleague5@dTA.org,,,usr0012@dTA.org,450000.0,
EML0000513,01/05/2026 16:07:33,USR0012,PC-USR0012-01,colleague10@dTA.org,,,usr0012@dTA.org,450000.0,
EML0000514,01/05/2026 14:50:13,USR0012,PC-USR0012-01,colleague1@dTA.org,,,usr0012@dTA.org,450000.0,
EML0000515,01/05/2026 15:48:44,USR0013,PC-USR0013-01,colleague5@dTA.org,,,usr0013@dTA.org,450000.0,
EML0000516,01/05/2026 15:16:30,USR0013,PC-USR0013-01,colleague9@dTA.org,,,usr0013@dTA.org,450000.0,
EML0000517,01/05/2026 15:08:13,USR0013,PC-USR0013-01,colleague8@dTA.org,,,usr0013@dTA.org,450000.0,
EML0000518,01/05/2026 09:58:00,USR0013,PC-USR0013-01,colleague9@dTA.org,,,usr0013@dTA.org,450000.0,
EML0000519,01/05/2026 13:29:16,USR0013,PC-USR0013-01,colleague1@dTA.org,,,usr0013@dTA.org,450000.0,
EML0000520,01/05/2026 12:28:52,USR0013,PC-USR0013-01,colleague9@dTA.org,,,usr0013@dTA.org,450000.0,
EML0000521,01/05/2026 10:36:02,USR0013,PC-USR0013-01,colleague8@dTA.org,,,usr0013@dTA.org,450000.0,
EML0000522,01/05/2026 11:05:27,USR0013,PC-USR0013-01,colleague5@dTA.org,,,usr0013@dTA.org,450000.0,memo.docx
EML0000523,01/05/2026 15:36:47,USR0013,PC-USR0013-01,colleague9@dTA.org,,,usr0013@dTA.org,450000.0,
EML0000524,01/05/2026 12:25:38,USR0013,PC-USR0013-01,colleague3@dTA.org,,,usr0013@dTA.org,450000.0,
EML0000525,01/05/2026 14:14:17,USR0013,PC-USR0013-01,colleague9@dTA.org,,,usr0013@dTA.org,450000.0,
EML0000526,01/05/2026 15:17:28,USR0013,PC-USR0013-01,colleague1@dTA.org,,,usr0013@dTA.org,450000.0,
EML0000527,01/05/2026 09:13:19,USR0014,PC-USR0014-01,colleague8@dTA.org,,,usr0014@dTA.org,450000.0,
EML0000528,01/05/2026 12:06:48,USR0014,PC-USR0014-01,colleague8@dTA.org,,,usr0014@dTA.org,450000.0,
EML0000529,01/05/2026 16:48:41,USR0014,PC-USR0014-01,colleague9@dTA.org,,,usr0014@dTA.org,450000.0,
EML0000530,01/05/2026 10:56:40,USR0014,PC-USR0014-01,colleague7@dTA.org,,,usr0014@dTA.org,450000.0,
EML0000531,01/05/2026 12:30:42,USR0015,PC-USR0015-01,colleague1@dTA.org,,,usr0015@dTA.org,450000.0,
EML0000532,01/05/2026 16:20:19,USR0015,PC-USR0015-01,colleague4@dTA.org,,,usr0015@dTA.org,450000.0,
EML0000533,01/05/2026 11:56:28,USR0015,PC-USR0015-01,colleague5@dTA.org,,,usr0015@dTA.org,450000.0,
EML0000534,01/05/2026 13:32:54,USR0015,PC-USR0015-01,colleague6@dTA.org,,,usr0015@dTA.org,450000.0,
EML0000535,01/05/2026 11:24:03,USR0015,PC-USR0015-01,colleague3@dTA.org,,,usr0015@dTA.org,450000.0,
EML0000536,01/05/2026 14:16:49,USR0015,PC-USR0015-01,colleague7@dTA.org,,,usr0015@dTA.org,450000.0,
EML0000537,01/05/2026 15:09:57,USR0015,PC-USR0015-01,colleague8@dTA.org,,,usr0015@dTA.org,450000.0,memo.docx
EML0000538,01/05/2026 13:02:28,USR0015,PC-USR0015-01,colleague7@dTA.org,,,usr0015@dTA.org,450000.0,
EML0000539,01/05/2026 11:00:28,USR0015,PC-USR0015-01,colleague7@dTA.org,,,usr0015@dTA.org,450000.0,
EML0000540,01/05/2026 11:30:04,USR0015,PC-USR0015-01,colleague4@dTA.org,,,usr0015@dTA.org,450000.0,
EML0000541,01/05/2026 12:46:35,USR0015,PC-USR0015-01,colleague7@dTA.org,,,usr0015@dTA.org,450000.0,
EML0000542,01/05/2026 11:22:38,USR0015,PC-USR0015-01,colleague3@dTA.org,,,usr0015@dTA.org,450000.0,
EML0000543,01/05/2026 11:16:29,USR0016,PC-USR0016-01,colleague10@dTA.org,,,usr0016@dTA.org,450000.0,
EML0000544,01/05/2026 14:44:47,USR0016,PC-USR0016-01,colleague5@dTA.org,,,usr0016@dTA.org,450000.0,
EML0000545,01/05/2026 11:05:32,USR0016,PC-USR0016-01,colleague9@dTA.org,,,usr0016@dTA.org,450000.0,
EML0000546,01/05/2026 13:40:51,USR0016,PC-USR0016-01,colleague6@dTA.org,,,usr0016@dTA.org,450000.0,
EML0000547,01/05/2026 10:37:11,USR0016,PC-USR0016-01,colleague1@dTA.org,,,usr0016@dTA.org,450000.0,
EML0000548,01/05/2026 16:31:02,USR0016,PC-USR0016-01,colleague7@dTA.org,,,usr0016@dTA.org,450000.0,
EML0000549,01/05/2026 15:53:36,USR0016,PC-USR0016-01,colleague4@dTA.org,,,usr0016@dTA.org,450000.0,
EML0000550,01/05/2026 12:48:10,USR0016,PC-USR0016-01,colleague10@dTA.org,,,usr0016@dTA.org,450000.0,
EML0000551,01/05/2026 15:22:06,USR0016,PC-USR0016-01,colleague6@dTA.org,,,usr0016@dTA.org,450000.0,
EML0000552,01/05/2026 09:10:21,USR0016,PC-USR0016-01,colleague8@dTA.org,,,usr0016@dTA.org,450000.0,
EML0000553,01/05/2026 13:27:17,USR0016,PC-USR0016-01,colleague1@dTA.org,,,usr0016@dTA.org,450000.0,
EML0000554,01/05/2026 10:39:01,USR0017,PC-USR0017-01,colleague9@dTA.org,,,usr0017@dTA.org,450000.0,
EML0000555,01/05/2026 15:21:13,USR0017,PC-USR0017-01,colleague9@dTA.org,,,usr0017@dTA.org,450000.0,
EML0000556,01/05/2026 09:24:30,USR0017,PC-USR0017-01,colleague4@dTA.org,,,usr0017@dTA.org,450000.0,
EML0000557,01/05/2026 12:19:43,USR0017,PC-USR0017-01,colleague3@dTA.org,,,usr0017@dTA.org,450000.0,
EML0000558,01/05/2026 16:25:01,USR0017,PC-USR0017-01,colleague6@dTA.org,,,usr0017@dTA.org,450000.0,
EML0000559,01/05/2026 14:54:01,USR0017,PC-USR0017-01,colleague5@dTA.org,,,usr0017@dTA.org,450000.0,
EML0000560,01/05/2026 11:53:07,USR0017,PC-USR0017-01,colleague8@dTA.org,,,usr0017@dTA.org,450000.0,memo.docx
EML0000561,01/05/2026 15:48:44,USR0017,PC-USR0017-01,colleague2@dTA.org,,,usr0017@dTA.org,450000.0,
EML0000562,01/05/2026 11:12:08,USR0018,PC-USR0018-01,colleague4@dTA.org,,,usr0018@dTA.org,450000.0,
EML0000563,01/05/2026 15:25:51,USR0018,PC-USR0018-01,colleague8@dTA.org,,,usr0018@dTA.org,450000.0,
EML0000564,01/05/2026 15:18:37,USR0018,PC-USR0018-01,colleague2@dTA.org,,,usr0018@dTA.org,450000.0,memo.docx
EML0000565,01/05/2026 13:36:52,USR0018,PC-USR0018-01,colleague8@dTA.org,,,usr0018@dTA.org,450000.0,
EML0000566,01/05/2026 11:08:47,USR0018,PC-USR0018-01,colleague1@dTA.org,,,usr0018@dTA.org,450000.0,
EML0000567,01/05/2026 11:38:33,USR0018,PC-USR0018-01,colleague7@dTA.org,,,usr0018@dTA.org,450000.0,memo.docx
EML0000568,01/05/2026 15:36:39,USR0018,PC-USR0018-01,colleague3@dTA.org,,,usr0018@dTA.org,450000.0,memo.docx
EML0000569,01/05/2026 15:25:04,USR0018,PC-USR0018-01,colleague8@dTA.org,,,usr0018@dTA.org,450000.0,
EML0000570,01/05/2026 15:11:12,USR0018,PC-USR0018-01,colleague6@dTA.org,,,usr0018@dTA.org,450000.0,
EML0000571,01/05/2026 11:37:58,USR0018,PC-USR0018-01,colleague10@dTA.org,,,usr0018@dTA.org,450000.0,
EML0000572,01/05/2026 15:20:10,USR0019,PC-USR0019-01,colleague10@dTA.org,,,usr0019@dTA.org,450000.0,
EML0000573,01/05/2026 10:57:24,USR0019,PC-USR0019-01,colleague5@dTA.org,,,usr0019@dTA.org,450000.0,
EML0000574,01/05/2026 12:55:13,USR0019,PC-USR0019-01,colleague4@dTA.org,,,usr0019@dTA.org,450000.0,
EML0000575,01/05/2026 15:08:12,USR0019,PC-USR0019-01,colleague1@dTA.org,,,usr0019@dTA.org,450000.0,
EML0000576,01/05/2026 16:19:16,USR0019,PC-USR0019-01,colleague1@dTA.org,,,usr0019@dTA.org,450000.0,
EML0000577,01/05/2026 09:48:49,USR0019,PC-USR0019-01,colleague7@dTA.org,,,usr0019@dTA.org,450000.0,
EML0000578,01/05/2026 09:40:30,USR0020,PC-USR0020-01,colleague5@dTA.org,,,usr0020@dTA.org,450000.0,
EML0000579,01/05/2026 11:57:31,USR0020,PC-USR0020-01,colleague5@dTA.org,,,usr0020@dTA.org,450000.0,memo.docx
EML0000580,01/05/2026 15:30:50,USR0020,PC-USR0020-01,colleague6@dTA.org,,,usr0020@dTA.org,450000.0,
EML0000581,01/05/2026 15:29:26,USR0020,PC-USR0020-01,colleague3@dTA.org,,,usr0020@dTA.org,450000.0,
EML0000582,01/05/2026 09:53:59,USR0020,PC-USR0020-01,colleague7@dTA.org,,,usr0020@dTA.org,450000.0,
EML0000583,01/05/2026 14:31:38,USR0021,PC-USR0021-01,colleague1@dTA.org,,,usr0021@dTA.org,450000.0,
EML0000584,01/05/2026 13:23:32,USR0021,PC-USR0021-01,colleague10@dTA.org,,,usr0021@dTA.org,450000.0,
EML0000585,01/05/2026 15:10:25,USR0021,PC-USR0021-01,colleague9@dTA.org,,,usr0021@dTA.org,450000.0,
EML0000586,01/05/2026 13:35:32,USR0021,PC-USR0021-01,colleague8@dTA.org,,,usr0021@dTA.org,450000.0,
EML0000587,01/05/2026 09:55:09,USR0021,PC-USR0021-01,colleague1@dTA.org,,,usr0021@dTA.org,450000.0,
EML0000588,01/05/2026 12:14:04,USR0022,PC-USR0022-01,colleague5@dTA.org,,,usr0022@dTA.org,450000.0,
EML0000589,01/05/2026 13:24:46,USR0022,PC-USR0022-01,colleague2@dTA.org,,,usr0022@dTA.org,450000.0,
EML0000590,01/05/2026 16:18:37,USR0022,PC-USR0022-01,colleague4@dTA.org,,,usr0022@dTA.org,450000.0,memo.docx
EML0000591,01/05/2026 10:07:16,USR0022,PC-USR0022-01,colleague10@dTA.org,,,usr0022@dTA.org,450000.0,
EML0000592,01/05/2026 16:37:52,USR0022,PC-USR0022-01,colleague6@dTA.org,,,usr0022@dTA.org,450000.0,
EML0000593,01/05/2026 11:55:44,USR0022,PC-USR0022-01,colleague1@dTA.org,,,usr0022@dTA.org,450000.0,
EML0000594,01/05/2026 14:18:15,USR0022,PC-USR0022-01,colleague8@dTA.org,,,usr0022@dTA.org,450000.0,
EML0000595,01/05/2026 15:27:06,USR0022,PC-USR0022-01,colleague9@dTA.org,,,usr0022@dTA.org,450000.0,memo.docx
EML0000596,01/05/2026 14:32:03,USR0022,PC-USR0022-01,colleague1@dTA.org,,,usr0022@dTA.org,450000.0,memo.docx
EML0000597,01/05/2026 16:15:05,USR0022,PC-USR0022-01,colleague5@dTA.org,,,usr0022@dTA.org,450000.0,
EML0000598,01/05/2026 10:20:05,USR0022,PC-USR0022-01,colleague2@dTA.org,,,usr0022@dTA.org,450000.0,
EML0000599,01/05/2026 15:59:07,USR0023,PC-USR0023-01,colleague7@dTA.org,,,usr0023@dTA.org,450000.0,
EML0000600,01/05/2026 09:47:04,USR0023,PC-USR0023-01,colleague10@dTA.org,,,usr0023@dTA.org,450000.0,
EML0000601,01/05/2026 12:18:09,USR0023,PC-USR0023-01,colleague2@dTA.org,,,usr0023@dTA.org,450000.0,
EML0000602,01/05/2026 12:16:32,USR0023,PC-USR0023-01,colleague6@dTA.org,,,usr0023@dTA.org,450000.0,
EML0000603,01/05/2026 13:56:09,USR0023,PC-USR0023-01,colleague1@dTA.org,,,usr0023@dTA.org,450000.0,
EML0000604,01/05/2026 12:04:27,USR0023,PC-USR0023-01,colleague1@dTA.org,,,usr0023@dTA.org,450000.0,
EML0000605,01/05/2026 10:31:53,USR0023,PC-USR0023-01,colleague10@dTA.org,,,usr0023@dTA.org,450000.0,memo.docx
EML0000606,01/05/2026 15:03:05,USR0023,PC-USR0023-01,colleague6@dTA.org,,,usr0023@dTA.org,450000.0,
EML0000607,01/05/2026 10:54:44,USR0023,PC-USR0023-01,colleague2@dTA.org,,,usr0023@dTA.org,450000.0,
EML0000608,01/05/2026 10:13:56,USR0023,PC-USR0023-01,colleague3@dTA.org,,,usr0023@dTA.org,450000.0,
EML0000609,01/05/2026 16:16:59,USR0024,PC-USR0024-01,colleague4@dTA.org,,,usr0024@dTA.org,450000.0,
EML0000610,01/05/2026 15:38:36,USR0024,PC-USR0024-01,colleague1@dTA.org,,,usr0024@dTA.org,450000.0,
EML0000611,01/05/2026 14:35:20,USR0024,PC-USR0024-01,colleague6@dTA.org,,,usr0024@dTA.org,450000.0,
EML0000612,01/05/2026 14:37:36,USR0024,PC-USR0024-01,colleague5@dTA.org,,,usr0024@dTA.org,450000.0,
EML0000613,01/05/2026 09:34:48,USR0024,PC-USR0024-01,colleague5@dTA.org,,,usr0024@dTA.org,450000.0,memo.docx
EML0000614,01/05/2026 09:53:26,USR0024,PC-USR0024-01,colleague10@dTA.org,,,usr0024@dTA.org,450000.0,
EML0000615,01/05/2026 09:44:19,USR0024,PC-USR0024-01,colleague6@dTA.org,,,usr0024@dTA.org,450000.0,
EML0000616,01/05/2026 10:51:09,USR0025,PC-USR0025-01,colleague8@dTA.org,,,usr0025@dTA.org,450000.0,memo.docx
EML0000617,01/05/2026 13:20:22,USR0025,PC-USR0025-01,colleague4@dTA.org,,,usr0025@dTA.org,450000.0,
EML0000618,01/05/2026 12:31:53,USR0025,PC-USR0025-01,colleague6@dTA.org,,,usr0025@dTA.org,450000.0,
EML0000619,01/05/2026 14:59:48,USR0025,PC-USR0025-01,colleague7@dTA.org,,,usr0025@dTA.org,450000.0,
EML0000620,01/05/2026 15:16:33,USR0025,PC-USR0025-01,colleague8@dTA.org,,,usr0025@dTA.org,450000.0,
EML0000621,01/05/2026 15:10:10,USR0025,PC-USR0025-01,colleague5@dTA.org,,,usr0025@dTA.org,450000.0,
EML0000622,01/05/2026 13:45:23,USR0025,PC-USR0025-01,colleague2@dTA.org,,,usr0025@dTA.org,450000.0,memo.docx
EML0000623,01/05/2026 15:40:08,USR0025,PC-USR0025-01,colleague6@dTA.org,,,usr0025@dTA.org,450000.0,memo.docx
EML0000624,01/05/2026 15:37:08,USR0025,PC-USR0025-01,colleague10@dTA.org,,,usr0025@dTA.org,450000.0,
EML0000625,01/06/2026 10:06:23,AAE0190,PC-AAE0190-01,colleague9@dTA.org,,,aae0190@dTA.org,450000.0,
EML0000626,01/06/2026 15:51:33,AAE0190,PC-AAE0190-01,colleague7@dTA.org,,,aae0190@dTA.org,450000.0,memo.docx
EML0000627,01/06/2026 16:52:53,AAE0190,PC-AAE0190-01,colleague7@dTA.org,,,aae0190@dTA.org,450000.0,
EML0000628,01/06/2026 12:42:12,AAE0190,PC-AAE0190-01,colleague3@dTA.org,,,aae0190@dTA.org,450000.0,
EML0000629,01/06/2026 16:55:02,AAE0190,PC-AAE0190-01,colleague6@dTA.org,,,aae0190@dTA.org,450000.0,
EML0000630,01/06/2026 14:34:13,AAE0190,PC-AAE0190-01,colleague6@dTA.org,,,aae0190@dTA.org,450000.0,memo.docx
EML0000631,01/06/2026 14:41:34,AAE0190,PC-AAE0190-01,colleague2@dTA.org,,,aae0190@dTA.org,450000.0,
EML0000632,01/06/2026 15:20:28,AAE0190,PC-AAE0190-01,colleague3@dTA.org,,,aae0190@dTA.org,450000.0,
EML0000633,01/06/2026 12:23:15,AAE0190,PC-AAE0190-01,colleague4@dTA.org,,,aae0190@dTA.org,450000.0,
EML0000634,01/06/2026 11:18:10,AAE0190,PC-AAE0190-01,colleague7@dTA.org,,,aae0190@dTA.org,450000.0,
EML0000635,01/06/2026 09:59:16,USR0002,PC-USR0002-01,colleague4@dTA.org,,,usr0002@dTA.org,450000.0,
EML0000636,01/06/2026 15:27:05,USR0002,PC-USR0002-01,colleague4@dTA.org,,,usr0002@dTA.org,450000.0,
EML0000637,01/06/2026 15:10:34,USR0002,PC-USR0002-01,colleague1@dTA.org,,,usr0002@dTA.org,450000.0,
EML0000638,01/06/2026 10:08:08,USR0002,PC-USR0002-01,colleague7@dTA.org,,,usr0002@dTA.org,450000.0,
EML0000639,01/06/2026 14:54:55,USR0002,PC-USR0002-01,colleague10@dTA.org,,,usr0002@dTA.org,450000.0,
EML0000640,01/06/2026 16:57:44,USR0002,PC-USR0002-01,colleague5@dTA.org,,,usr0002@dTA.org,450000.0,
EML0000641,01/06/2026 09:55:22,USR0002,PC-USR0002-01,colleague4@dTA.org,,,usr0002@dTA.org,450000.0,memo.docx
EML0000642,01/06/2026 12:05:51,USR0003,PC-USR0003-01,colleague2@dTA.org,,,usr0003@dTA.org,450000.0,memo.docx
EML0000643,01/06/2026 12:42:22,USR0003,PC-USR0003-01,colleague10@dTA.org,,,usr0003@dTA.org,450000.0,memo.docx
EML0000644,01/06/2026 11:25:22,USR0003,PC-USR0003-01,colleague3@dTA.org,,,usr0003@dTA.org,450000.0,
EML0000645,01/06/2026 13:09:35,USR0003,PC-USR0003-01,colleague7@dTA.org,,,usr0003@dTA.org,450000.0,
EML0000646,01/06/2026 15:57:11,USR0003,PC-USR0003-01,colleague6@dTA.org,,,usr0003@dTA.org,450000.0,memo.docx
EML0000647,01/06/2026 09:33:23,USR0003,PC-USR0003-01,colleague8@dTA.org,,,usr0003@dTA.org,450000.0,
EML0000648,01/06/2026 12:35:45,USR0003,PC-USR0003-01,colleague6@dTA.org,,,usr0003@dTA.org,450000.0,
EML0000649,01/06/2026 14:05:16,USR0003,PC-USR0003-01,colleague7@dTA.org,,,usr0003@dTA.org,450000.0,
EML0000650,01/06/2026 10:37:14,USR0003,PC-USR0003-01,colleague6@dTA.org,,,usr0003@dTA.org,450000.0,memo.docx
EML0000651,01/06/2026 10:04:51,USR0004,PC-USR0004-01,colleague8@dTA.org,,,usr0004@dTA.org,450000.0,
EML0000652,01/06/2026 10:43:19,USR0004,PC-USR0004-01,colleague3@dTA.org,,,usr0004@dTA.org,450000.0,
EML0000653,01/06/2026 10:23:11,USR0004,PC-USR0004-01,colleague5@dTA.org,,,usr0004@dTA.org,450000.0,
EML0000654,01/06/2026 10:38:25,USR0004,PC-USR0004-01,colleague9@dTA.org,,,usr0004@dTA.org,450000.0,
EML0000655,01/06/2026 12:56:59,USR0004,PC-USR0004-01,colleague7@dTA.org,,,usr0004@dTA.org,450000.0,
EML0000656,01/06/2026 09:53:16,USR0004,PC-USR0004-01,colleague7@dTA.org,,,usr0004@dTA.org,450000.0,
EML0000657,01/06/2026 15:37:32,USR0004,PC-USR0004-01,colleague8@dTA.org,,,usr0004@dTA.org,450000.0,
EML0000658,01/06/2026 12:24:35,USR0004,PC-USR0004-01,colleague9@dTA.org,,,usr0004@dTA.org,450000.0,
EML0000659,01/06/2026 10:29:30,USR0005,PC-USR0005-01,colleague4@dTA.org,,,usr0005@dTA.org,450000.0,
EML0000660,01/06/2026 10:26:25,USR0005,PC-USR0005-01,colleague9@dTA.org,,,usr0005@dTA.org,450000.0,memo.docx
EML0000661,01/06/2026 12:13:39,USR0005,PC-USR0005-01,colleague8@dTA.org,,,usr0005@dTA.org,450000.0,memo.docx
EML0000662,01/06/2026 15:28:01,USR0005,PC-USR0005-01,colleague8@dTA.org,,,usr0005@dTA.org,450000.0,
EML0000663,01/06/2026 10:30:42,USR0005,PC-USR0005-01,colleague4@dTA.org,,,usr0005@dTA.org,450000.0,
EML0000664,01/06/2026 09:45:58,USR0005,PC-USR0005-01,colleague3@dTA.org,,,usr0005@dTA.org,450000.0,
EML0000665,01/06/2026 12:14:23,USR0006,PC-USR0006-01,colleague8@dTA.org,,,usr0006@dTA.org,450000.0,
EML0000666,01/06/2026 10:30:45,USR0006,PC-USR0006-01,colleague1@dTA.org,,,usr0006@dTA.org,450000.0,
EML0000667,01/06/2026 12:53:07,USR0006,PC-USR0006-01,colleague8@dTA.org,,,usr0006@dTA.org,450000.0,
EML0000668,01/06/2026 14:29:29,USR0006,PC-USR0006-01,colleague7@dTA.org,,,usr0006@dTA.org,450000.0,memo.docx
EML0000669,01/06/2026 15:56:08,USR0006,PC-USR0006-01,colleague7@dTA.org,,,usr0006@dTA.org,450000.0,
EML0000670,01/06/2026 15:28:34,USR0006,PC-USR0006-01,colleague6@dTA.org,,,usr0006@dTA.org,450000.0,
EML0000671,01/06/2026 13:06:13,USR0007,PC-USR0007-01,colleague2@dTA.org,,,usr0007@dTA.org,450000.0,
EML0000672,01/06/2026 14:04:32,USR0007,PC-USR0007-01,colleague4@dTA.org,,,usr0007@dTA.org,450000.0,memo.docx
EML0000673,01/06/2026 14:32:23,USR0007,PC-USR0007-01,colleague4@dTA.org,,,usr0007@dTA.org,450000.0,
EML0000674,01/06/2026 15:49:20,USR0007,PC-USR0007-01,colleague9@dTA.org,,,usr0007@dTA.org,450000.0,
EML0000675,01/06/2026 14:13:39,USR0007,PC-USR0007-01,colleague9@dTA.org,,,usr0007@dTA.org,450000.0,
EML0000676,01/06/2026 14:40:10,USR0007,PC-USR0007-01,colleague2@dTA.org,,,usr0007@dTA.org,450000.0,
EML0000677,01/06/2026 14:21:56,USR0007,PC-USR0007-01,colleague10@dTA.org,,,usr0007@dTA.org,450000.0,
EML0000678,01/06/2026 09:51:36,USR0007,PC-USR0007-01,colleague9@dTA.org,,,usr0007@dTA.org,450000.0,
EML0000679,01/06/2026 10:58:10,USR0007,PC-USR0007-01,colleague9@dTA.org,,,usr0007@dTA.org,450000.0,
EML0000680,01/06/2026 14:23:51,USR0007,PC-USR0007-01,colleague9@dTA.org,,,usr0007@dTA.org,450000.0,
EML0000681,01/06/2026 10:24:29,USR0007,PC-USR0007-01,colleague6@dTA.org,,,usr0007@dTA.org,450000.0,
EML0000682,01/06/2026 12:05:30,USR0008,PC-USR0008-01,colleague6@dTA.org,,,usr0008@dTA.org,450000.0,
EML0000683,01/06/2026 14:38:40,USR0008,PC-USR0008-01,colleague3@dTA.org,,,usr0008@dTA.org,450000.0,
EML0000684,01/06/2026 16:17:34,USR0008,PC-USR0008-01,colleague8@dTA.org,,,usr0008@dTA.org,450000.0,
EML0000685,01/06/2026 10:43:04,USR0008,PC-USR0008-01,colleague5@dTA.org,,,usr0008@dTA.org,450000.0,
EML0000686,01/06/2026 15:43:56,USR0008,PC-USR0008-01,colleague3@dTA.org,,,usr0008@dTA.org,450000.0,
EML0000687,01/06/2026 14:48:07,USR0008,PC-USR0008-01,colleague2@dTA.org,,,usr0008@dTA.org,450000.0,
EML0000688,01/06/2026 16:27:16,USR0008,PC-USR0008-01,colleague6@dTA.org,,,usr0008@dTA.org,450000.0,
EML0000689,01/06/2026 15:22:50,USR0008,PC-USR0008-01,colleague6@dTA.org,,,usr0008@dTA.org,450000.0,memo.docx
EML0000690,01/06/2026 14:49:41,USR0008,PC-USR0008-01,colleague7@dTA.org,,,usr0008@dTA.org,450000.0,
EML0000691,01/06/2026 16:32:21,USR0009,PC-USR0009-01,colleague7@dTA.org,,,usr0009@dTA.org,450000.0,
EML0000692,01/06/2026 12:21:17,USR0009,PC-USR0009-01,colleague8@dTA.org,,,usr0009@dTA.org,450000.0,
EML0000693,01/06/2026 15:34:21,USR0009,PC-USR0009-01,colleague6@dTA.org,,,usr0009@dTA.org,450000.0,
EML0000694,01/06/2026 14:09:15,USR0009,PC-USR0009-01,colleague3@dTA.org,,,usr0009@dTA.org,450000.0,
EML0000695,01/06/2026 14:22:35,USR0009,PC-USR0009-01,colleague1@dTA.org,,,usr0009@dTA.org,450000.0,
EML0000696,01/06/2026 14:31:47,USR0009,PC-USR0009-01,colleague10@dTA.org,,,usr0009@dTA.org,450000.0,
EML0000697,01/06/2026 16:23:59,USR0009,PC-USR0009-01,colleague9@dTA.org,,,usr0009@dTA.org,450000.0,memo.docx
EML0000698,01/06/2026 15:25:02,USR0009,PC-USR0009-01,colleague3@dTA.org,,,usr0009@dTA.org,450000.0,
EML0000699,01/06/2026 13:40:40,USR0009,PC-USR0009-01,colleague2@dTA.org,,,usr0009@dTA.org,450000.0,
EML0000700,01/06/2026 12:32:01,USR0010,PC-USR0010-01,colleague6@dTA.org,,,usr0010@dTA.org,450000.0,memo.docx
EML0000701,01/06/2026 12:35:52,USR0010,PC-USR0010-01,colleague9@dTA.org,,,usr0010@dTA.org,450000.0,memo.docx
EML0000702,01/06/2026 12:28:53,USR0010,PC-USR0010-01,colleague7@dTA.org,,,usr0010@dTA.org,450000.0,
EML0000703,01/06/2026 10:34:49,USR0010,PC-USR0010-01,colleague5@dTA.org,,,usr0010@dTA.org,450000.0,
EML0000704,01/06/2026 10:16:24,USR0010,PC-USR0010-01,colleague3@dTA.org,,,usr0010@dTA.org,450000.0,memo.docx
EML0000705,01/06/2026 10:16:42,USR0010,PC-USR0010-01,colleague9@dTA.org,,,usr0010@dTA.org,450000.0,
EML0000706,01/06/2026 12:20:17,USR0010,PC-USR0010-01,colleague1@dTA.org,,,usr0010@dTA.org,450000.0,
EML0000707,01/06/2026 10:11:28,USR0010,PC-USR0010-01,colleague3@dTA.org,,,usr0010@dTA.org,450000.0,
EML0000708,01/06/2026 15:00:12,USR0010,PC-USR0010-01,colleague1@dTA.org,,,usr0010@dTA.org,450000.0,
EML0000709,01/06/2026 15:58:18,USR0010,PC-USR0010-01,colleague8@dTA.org,,,usr0010@dTA.org,450000.0,
EML0000710,01/06/2026 09:46:36,USR0010,PC-USR0010-01,colleague1@dTA.org,,,usr0010@dTA.org,450000.0,
EML0000711,01/06/2026 10:03:30,USR0011,PC-USR0011-01,colleague10@dTA.org,,,usr0011@dTA.org,450000.0,
EML0000712,01/06/2026 13:56:28,USR0011,PC-USR0011-01,colleague6@dTA.org,,,usr0011@dTA.org,450000.0,
EML0000713,01/06/2026 14:26:21,USR0011,PC-USR0011-01,colleague8@dTA.org,,,usr0011@dTA.org,450000.0,memo.docx
EML0000714,01/06/2026 16:09:10,USR0011,PC-USR0011-01,colleague7@dTA.org,,,usr0011@dTA.org,450000.0,
EML0000715,01/06/2026 12:18:32,USR0011,PC-USR0011-01,colleague6@dTA.org,,,usr0011@dTA.org,450000.0,
EML0000716,01/06/2026 16:37:21,USR0012,PC-USR0012-01,colleague9@dTA.org,,,usr0012@dTA.org,450000.0,memo.docx
EML0000717,01/06/2026 10:21:34,USR0012,PC-USR0012-01,colleague6@dTA.org,,,usr0012@dTA.org,450000.0,
EML0000718,01/06/2026 10:04:27,USR0012,PC-USR0012-01,colleague4@dTA.org,,,usr0012@dTA.org,450000.0,
EML0000719,01/06/2026 16:05:18,USR0012,PC-USR0012-01,colleague10@dTA.org,,,usr0012@dTA.org,450000.0,memo.docx
EML0000720,01/06/2026 09:57:50,USR0012,PC-USR0012-01,colleague8@dTA.org,,,usr0012@dTA.org,450000.0,
EML0000721,01/06/2026 16:19:44,USR0012,PC-USR0012-01,colleague2@dTA.org,,,usr0012@dTA.org,450000.0,
EML0000722,01/06/2026 13:58:11,USR0012,PC-USR0012-01,colleague5@dTA.org,,,usr0012@dTA.org,450000.0,
EML0000723,01/06/2026 09:22:45,USR0013,PC-USR0013-01,colleague4@dTA.org,,,usr0013@dTA.org,450000.0,
EML0000724,01/06/2026 13:39:16,USR0013,PC-USR0013-01,colleague2@dTA.org,,,usr0013@dTA.org,450000.0,
EML0000725,01/06/2026 16:07:21,USR0013,PC-USR0013-01,colleague8@dTA.org,,,usr0013@dTA.org,450000.0,
EML0000726,01/06/2026 14:22:31,USR0013,PC-USR0013-01,colleague2@dTA.org,,,usr0013@dTA.org,450000.0,
EML0000727,01/06/2026 15:27:51,USR0013,PC-USR0013-01,colleague4@dTA.org,,,usr0013@dTA.org,450000.0,memo.docx
EML0000728,01/06/2026 11:17:26,USR0013,PC-USR0013-01,colleague4@dTA.org,,,usr0013@dTA.org,450000.0,memo.docx
EML0000729,01/06/2026 15:07:47,USR0013,PC-USR0013-01,colleague7@dTA.org,,,usr0013@dTA.org,450000.0,memo.docx
EML0000730,01/06/2026 10:42:42,USR0013,PC-USR0013-01,colleague9@dTA.org,,,usr0013@dTA.org,450000.0,
EML0000731,01/06/2026 15:15:20,USR0013,PC-USR0013-01,colleague3@dTA.org,,,usr0013@dTA.org,450000.0,memo.docx
EML0000732,01/06/2026 14:52:18,USR0014,PC-USR0014-01,colleague6@dTA.org,,,usr0014@dTA.org,450000.0,
EML0000733,01/06/2026 09:21:18,USR0014,PC-USR0014-01,colleague10@dTA.org,,,usr0014@dTA.org,450000.0,
EML0000734,01/06/2026 09:42:36,USR0014,PC-USR0014-01,colleague10@dTA.org,,,usr0014@dTA.org,450000.0,
EML0000735,01/06/2026 12:36:54,USR0014,PC-USR0014-01,colleague8@dTA.org,,,usr0014@dTA.org,450000.0,
EML0000736,01/06/2026 16:15:33,USR0014,PC-USR0014-01,colleague9@dTA.org,,,usr0014@dTA.org,450000.0,
EML0000737,01/06/2026 13:24:06,USR0014,PC-USR0014-01,colleague7@dTA.org,,,usr0014@dTA.org,450000.0,
EML0000738,01/06/2026 16:17:14,USR0015,PC-USR0015-01,colleague4@dTA.org,,,usr0015@dTA.org,450000.0,
EML0000739,01/06/2026 13:42:36,USR0015,PC-USR0015-01,colleague7@dTA.org,,,usr0015@dTA.org,450000.0,
EML0000740,01/06/2026 14:23:10,USR0015,PC-USR0015-01,colleague4@dTA.org,,,usr0015@dTA.org,450000.0,
EML0000741,01/06/2026 10:30:49,USR0015,PC-USR0015-01,colleague1@dTA.org,,,usr0015@dTA.org,450000.0,
EML0000742,01/06/2026 12:23:15,USR0015,PC-USR0015-01,colleague1@dTA.org,,,usr0015@dTA.org,450000.0,
EML0000743,01/06/2026 09:19:39,USR0015,PC-USR0015-01,colleague10@dTA.org,,,usr0015@dTA.org,450000.0,
EML0000744,01/06/2026 15:40:25,USR0015,PC-USR0015-01,colleague6@dTA.org,,,usr0015@dTA.org,450000.0,
EML0000745,01/06/2026 15:45:07,USR0015,PC-USR0015-01,colleague10@dTA.org,,,usr0015@dTA.org,450000.0,
EML0000746,01/06/2026 16:15:06,USR0015,PC-USR0015-01,colleague8@dTA.org,,,usr0015@dTA.org,450000.0,
EML0000747,01/06/2026 13:48:27,USR0015,PC-USR0015-01,colleague3@dTA.org,,,usr0015@dTA.org,450000.0,
EML0000748,01/06/2026 16:49:14,USR0016,PC-USR0016-01,colleague8@dTA.org,,,usr0016@dTA.org,450000.0,
EML0000749,01/06/2026 12:38:53,USR0016,PC-USR0016-01,colleague6@dTA.org,,,usr0016@dTA.org,450000.0,
EML0000750,01/06/2026 14:48:22,USR0016,PC-USR0016-01,colleague2@dTA.org,,,usr0016@dTA.org,450000.0,
EML0000751,01/06/2026 11:16:46,USR0016,PC-USR0016-01,colleague8@dTA.org,,,usr0016@dTA.org,450000.0,
EML0000752,01/06/2026 10:04:04,USR0016,PC-USR0016-01,colleague8@dTA.org,,,usr0016@dTA.org,450000.0,
EML0000753,01/06/2026 15:59:29,USR0016,PC-USR0016-01,colleague1@dTA.org,,,usr0016@dTA.org,450000.0,
EML0000754,01/06/2026 15:09:22,USR0016,PC-USR0016-01,colleague7@dTA.org,,,usr0016@dTA.org,450000.0,
EML0000755,01/06/2026 16:55:27,USR0016,PC-USR0016-01,colleague2@dTA.org,,,usr0016@dTA.org,450000.0,memo.docx
EML0000756,01/06/2026 14:35:18,USR0016,PC-USR0016-01,colleague3@dTA.org,,,usr0016@dTA.org,450000.0,
EML0000757,01/06/2026 09:50:00,USR0016,PC-USR0016-01,colleague9@dTA.org,,,usr0016@dTA.org,450000.0,memo.docx
EML0000758,01/06/2026 15:15:02,USR0016,PC-USR0016-01,colleague9@dTA.org,,,usr0016@dTA.org,450000.0,
EML0000759,01/06/2026 15:30:33,USR0017,PC-USR0017-01,colleague5@dTA.org,,,usr0017@dTA.org,450000.0,
EML0000760,01/06/2026 12:19:43,USR0017,PC-USR0017-01,colleague1@dTA.org,,,usr0017@dTA.org,450000.0,
EML0000761,01/06/2026 12:03:28,USR0017,PC-USR0017-01,colleague2@dTA.org,,,usr0017@dTA.org,450000.0,
EML0000762,01/06/2026 16:29:24,USR0017,PC-USR0017-01,colleague2@dTA.org,,,usr0017@dTA.org,450000.0,
EML0000763,01/06/2026 12:20:42,USR0017,PC-USR0017-01,colleague1@dTA.org,,,usr0017@dTA.org,450000.0,
EML0000764,01/06/2026 16:49:55,USR0018,PC-USR0018-01,colleague1@dTA.org,,,usr0018@dTA.org,450000.0,
EML0000765,01/06/2026 10:09:57,USR0018,PC-USR0018-01,colleague10@dTA.org,,,usr0018@dTA.org,450000.0,
EML0000766,01/06/2026 16:58:09,USR0018,PC-USR0018-01,colleague9@dTA.org,,,usr0018@dTA.org,450000.0,
EML0000767,01/06/2026 15:33:03,USR0018,PC-USR0018-01,colleague10@dTA.org,,,usr0018@dTA.org,450000.0,memo.docx
EML0000768,01/06/2026 11:57:25,USR0018,PC-USR0018-01,colleague2@dTA.org,,,usr0018@dTA.org,450000.0,
EML0000769,01/06/2026 15:16:07,USR0018,PC-USR0018-01,colleague8@dTA.org,,,usr0018@dTA.org,450000.0,memo.docx
EML0000770,01/06/2026 14:12:55,USR0018,PC-USR0018-01,colleague8@dTA.org,,,usr0018@dTA.org,450000.0,memo.docx
EML0000771,01/06/2026 15:02:21,USR0018,PC-USR0018-01,colleague7@dTA.org,,,usr0018@dTA.org,450000.0,
EML0000772,01/06/2026 15:34:32,USR0018,PC-USR0018-01,colleague1@dTA.org,,,usr0018@dTA.org,450000.0,
EML0000773,01/06/2026 10:44:53,USR0018,PC-USR0018-01,colleague7@dTA.org,,,usr0018@dTA.org,450000.0,
EML0000774,01/06/2026 16:55:36,USR0018,PC-USR0018-01,colleague6@dTA.org,,,usr0018@dTA.org,450000.0,
EML0000775,01/06/2026 13:29:55,USR0019,PC-USR0019-01,colleague6@dTA.org,,,usr0019@dTA.org,450000.0,
EML0000776,01/06/2026 10:51:51,USR0019,PC-USR0019-01,colleague2@dTA.org,,,usr0019@dTA.org,450000.0,memo.docx
EML0000777,01/06/2026 10:13:34,USR0019,PC-USR0019-01,colleague1@dTA.org,,,usr0019@dTA.org,450000.0,
EML0000778,01/06/2026 11:35:57,USR0019,PC-USR0019-01,colleague8@dTA.org,,,usr0019@dTA.org,450000.0,
EML0000779,01/06/2026 09:57:25,USR0019,PC-USR0019-01,colleague7@dTA.org,,,usr0019@dTA.org,450000.0,memo.docx
EML0000780,01/06/2026 13:22:39,USR0019,PC-USR0019-01,colleague9@dTA.org,,,usr0019@dTA.org,450000.0,
EML0000781,01/06/2026 15:24:14,USR0019,PC-USR0019-01,colleague6@dTA.org,,,usr0019@dTA.org,450000.0,
EML0000782,01/06/2026 13:05:33,USR0019,PC-USR0019-01,colleague1@dTA.org,,,usr0019@dTA.org,450000.0,memo.docx
EML0000783,01/06/2026 11:30:40,USR0020,PC-USR0020-01,colleague7@dTA.org,,,usr0020@dTA.org,450000.0,
EML0000784,01/06/2026 13:29:12,USR0020,PC-USR0020-01,colleague1@dTA.org,,,usr0020@dTA.org,450000.0,
EML0000785,01/06/2026 11:19:03,USR0020,PC-USR0020-01,colleague4@dTA.org,,,usr0020@dTA.org,450000.0,
EML0000786,01/06/2026 14:43:54,USR0020,PC-USR0020-01,colleague4@dTA.org,,,usr0020@dTA.org,450000.0,memo.docx
EML0000787,01/06/2026 11:36:28,USR0021,PC-USR0021-01,colleague8@dTA.org,,,usr0021@dTA.org,450000.0,
EML0000788,01/06/2026 10:16:22,USR0021,PC-USR0021-01,colleague9@dTA.org,,,usr0021@dTA.org,450000.0,
EML0000789,01/06/2026 10:07:47,USR0021,PC-USR0021-01,colleague5@dTA.org,,,usr0021@dTA.org,450000.0,
EML0000790,01/06/2026 10:23:28,USR0021,PC-USR0021-01,colleague3@dTA.org,,,usr0021@dTA.org,450000.0,
EML0000791,01/06/2026 13:45:13,USR0021,PC-USR0021-01,colleague7@dTA.org,,,usr0021@dTA.org,450000.0,
EML0000792,01/06/2026 10:26:34,USR0021,PC-USR0021-01,colleague7@dTA.org,,,usr0021@dTA.org,450000.0,memo.docx
EML0000793,01/06/2026 13:24:58,USR0021,PC-USR0021-01,colleague1@dTA.org,,,usr0021@dTA.org,450000.0,
EML0000794,01/06/2026 15:04:05,USR0021,PC-USR0021-01,colleague9@dTA.org,,,usr0021@dTA.org,450000.0,
EML0000795,01/06/2026 15:47:47,USR0021,PC-USR0021-01,colleague1@dTA.org,,,usr0021@dTA.org,450000.0,
EML0000796,01/06/2026 09:48:36,USR0022,PC-USR0022-01,colleague8@dTA.org,,,usr0022@dTA.org,450000.0,
EML0000797,01/06/2026 13:11:46,USR0022,PC-USR0022-01,colleague5@dTA.org,,,usr0022@dTA.org,450000.0,
EML0000798,01/06/2026 16:13:46,USR0022,PC-USR0022-01,colleague9@dTA.org,,,usr0022@dTA.org,450000.0,
EML0000799,01/06/2026 14:45:11,USR0022,PC-USR0022-01,colleague4@dTA.org,,,usr0022@dTA.org,450000.0,
EML0000800,01/06/2026 16:18:35,USR0022,PC-USR0022-01,colleague8@dTA.org,,,usr0022@dTA.org,450000.0,
EML0000801,01/06/2026 09:30:35,USR0022,PC-USR0022-01,colleague9@dTA.org,,,usr0022@dTA.org,450000.0,
EML0000802,01/06/2026 11:21:15,USR0022,PC-USR0022-01,colleague3@dTA.org,,,usr0022@dTA.org,450000.0,
EML0000803,01/06/2026 13:47:28,USR0023,PC-USR0023-01,colleague8@dTA.org,,,usr0023@dTA.org,450000.0,memo.docx
EML0000804,01/06/2026 12:28:17,USR0023,PC-USR0023-01,colleague4@dTA.org,,,usr0023@dTA.org,450000.0,
EML0000805,01/06/2026 14:02:38,USR0023,PC-USR0023-01,colleague7@dTA.org,,,usr0023@dTA.org,450000.0,
EML0000806,01/06/2026 12:32:02,USR0023,PC-USR0023-01,colleague7@dTA.org,,,usr0023@dTA.org,450000.0,memo.docx
EML0000807,01/06/2026 14:03:09,USR0023,PC-USR0023-01,colleague4@dTA.org,,,usr0023@dTA.org,450000.0,memo.docx
EML0000808,01/06/2026 15:17:25,USR0023,PC-USR0023-01,colleague10@dTA.org,,,usr0023@dTA.org,450000.0,
EML0000809,01/06/2026 11:16:59,USR0023,PC-USR0023-01,colleague4@dTA.org,,,usr0023@dTA.org,450000.0,
EML0000810,01/06/2026 12:22:16,USR0023,PC-USR0023-01,colleague9@dTA.org,,,usr0023@dTA.org,450000.0,
EML0000811,01/06/2026 14:11:07,USR0023,PC-USR0023-01,colleague3@dTA.org,,,usr0023@dTA.org,450000.0,
EML0000812,01/06/2026 14:24:02,USR0023,PC-USR0023-01,colleague4@dTA.org,,,usr0023@dTA.org,450000.0,
EML0000813,01/06/2026 10:00:33,USR0023,PC-USR0023-01,colleague9@dTA.org,,,usr0023@dTA.org,450000.0,memo.docx
EML0000814,01/06/2026 14:55:19,USR0023,PC-USR0023-01,colleague7@dTA.org,,,usr0023@dTA.org,450000.0,
EML0000815,01/06/2026 15:09:55,USR0024,PC-USR0024-01,colleague5@dTA.org,,,usr0024@dTA.org,450000.0,memo.docx
EML0000816,01/06/2026 15:22:29,USR0024,PC-USR0024-01,colleague9@dTA.org,,,usr0024@dTA.org,450000.0,
EML0000817,01/06/2026 15:51:13,USR0024,PC-USR0024-01,colleague6@dTA.org,,,usr0024@dTA.org,450000.0,
EML0000818,01/06/2026 16:28:18,USR0024,PC-USR0024-01,colleague6@dTA.org,,,usr0024@dTA.org,450000.0,
EML0000819,01/06/2026 13:46:56,USR0025,PC-USR0025-01,colleague9@dTA.org,,,usr0025@dTA.org,450000.0,
EML0000820,01/06/2026 15:35:29,USR0025,PC-USR0025-01,colleague5@dTA.org,,,usr0025@dTA.org,450000.0,
EML0000821,01/06/2026 16:16:00,USR0025,PC-USR0025-01,colleague8@dTA.org,,,usr0025@dTA.org,450000.0,memo.docx
EML0000822,01/06/2026 15:24:26,USR0025,PC-USR0025-01,colleague6@dTA.org,,,usr0025@dTA.org,450000.0,
EML0000823,01/06/2026 09:43:28,USR0025,PC-USR0025-01,colleague7@dTA.org,,,usr0025@dTA.org,450000.0,
EML0000824,01/07/2026 16:11:02,AAE0190,PC-AAE0190-01,colleague10@dTA.org,,,aae0190@dTA.org,450000.0,
EML0000825,01/07/2026 10:02:51,AAE0190,PC-AAE0190-01,colleague3@dTA.org,,,aae0190@dTA.org,450000.0,
EML0000826,01/07/2026 16:11:27,AAE0190,PC-AAE0190-01,colleague5@dTA.org,,,aae0190@dTA.org,450000.0,
EML0000827,01/07/2026 11:03:23,AAE0190,PC-AAE0190-01,colleague9@dTA.org,,,aae0190@dTA.org,450000.0,
EML0000828,01/07/2026 16:10:57,AAE0190,PC-AAE0190-01,colleague5@dTA.org,,,aae0190@dTA.org,450000.0,
EML0000829,01/07/2026 16:06:42,AAE0190,PC-AAE0190-01,colleague6@dTA.org,,,aae0190@dTA.org,450000.0,
EML0000830,01/07/2026 16:39:12,AAE0190,PC-AAE0190-01,colleague3@dTA.org,,,aae0190@dTA.org,450000.0,
EML0000831,01/07/2026 16:29:00,AAE0190,PC-AAE0190-01,colleague2@dTA.org,,,aae0190@dTA.org,450000.0,memo.docx
EML0000832,01/07/2026 14:19:43,AAE0190,PC-AAE0190-01,colleague10@dTA.org,,,aae0190@dTA.org,450000.0,memo.docx
EML0000833,01/07/2026 16:43:31,AAE0190,PC-AAE0190-01,colleague4@dTA.org,,,aae0190@dTA.org,450000.0,
EML0000834,01/07/2026 16:47:33,USR0002,PC-USR0002-01,colleague6@dTA.org,,,usr0002@dTA.org,450000.0,
EML0000835,01/07/2026 13:16:17,USR0002,PC-USR0002-01,colleague1@dTA.org,,,usr0002@dTA.org,450000.0,
EML0000836,01/07/2026 14:47:37,USR0002,PC-USR0002-01,colleague4@dTA.org,,,usr0002@dTA.org,450000.0,memo.docx
EML0000837,01/07/2026 11:40:02,USR0002,PC-USR0002-01,colleague8@dTA.org,,,usr0002@dTA.org,450000.0,
EML0000838,01/07/2026 14:27:00,USR0002,PC-USR0002-01,colleague6@dTA.org,,,usr0002@dTA.org,450000.0,memo.docx
EML0000839,01/07/2026 09:07:47,USR0002,PC-USR0002-01,colleague6@dTA.org,,,usr0002@dTA.org,450000.0,memo.docx
EML0000840,01/07/2026 09:57:08,USR0002,PC-USR0002-01,colleague10@dTA.org,,,usr0002@dTA.org,450000.0,
EML0000841,01/07/2026 15:24:12,USR0002,PC-USR0002-01,colleague4@dTA.org,,,usr0002@dTA.org,450000.0,memo.docx
EML0000842,01/07/2026 11:58:15,USR0002,PC-USR0002-01,colleague6@dTA.org,,,usr0002@dTA.org,450000.0,
EML0000843,01/07/2026 15:22:16,USR0002,PC-USR0002-01,colleague1@dTA.org,,,usr0002@dTA.org,450000.0,
EML0000844,01/07/2026 10:11:18,USR0003,PC-USR0003-01,colleague3@dTA.org,,,usr0003@dTA.org,450000.0,
EML0000845,01/07/2026 15:27:18,USR0003,PC-USR0003-01,colleague8@dTA.org,,,usr0003@dTA.org,450000.0,
EML0000846,01/07/2026 15:19:17,USR0003,PC-USR0003-01,colleague1@dTA.org,,,usr0003@dTA.org,450000.0,
EML0000847,01/07/2026 12:49:43,USR0003,PC-USR0003-01,colleague3@dTA.org,,,usr0003@dTA.org,450000.0,
EML0000848,01/07/2026 15:26:15,USR0003,PC-USR0003-01,colleague8@dTA.org,,,usr0003@dTA.org,450000.0,
EML0000849,01/07/2026 14:33:05,USR0003,PC-USR0003-01,colleague9@dTA.org,,,usr0003@dTA.org,450000.0,
EML0000850,01/07/2026 13:17:39,USR0003,PC-USR0003-01,colleague10@dTA.org,,,usr0003@dTA.org,450000.0,memo.docx
EML0000851,01/07/2026 15:33:28,USR0003,PC-USR0003-01,colleague2@dTA.org,,,usr0003@dTA.org,450000.0,
EML0000852,01/07/2026 13:24:52,USR0003,PC-USR0003-01,colleague10@dTA.org,,,usr0003@dTA.org,450000.0,
EML0000853,01/07/2026 14:15:05,USR0003,PC-USR0003-01,colleague6@dTA.org,,,usr0003@dTA.org,450000.0,
EML0000854,01/07/2026 15:25:19,USR0003,PC-USR0003-01,colleague3@dTA.org,,,usr0003@dTA.org,450000.0,memo.docx
EML0000855,01/07/2026 13:00:09,USR0003,PC-USR0003-01,colleague7@dTA.org,,,usr0003@dTA.org,450000.0,
EML0000856,01/07/2026 16:01:33,USR0004,PC-USR0004-01,colleague10@dTA.org,,,usr0004@dTA.org,450000.0,
EML0000857,01/07/2026 13:46:19,USR0004,PC-USR0004-01,colleague1@dTA.org,,,usr0004@dTA.org,450000.0,
EML0000858,01/07/2026 13:59:55,USR0004,PC-USR0004-01,colleague6@dTA.org,,,usr0004@dTA.org,450000.0,
EML0000859,01/07/2026 14:36:12,USR0004,PC-USR0004-01,colleague6@dTA.org,,,usr0004@dTA.org,450000.0,
EML0000860,01/07/2026 16:54:24,USR0004,PC-USR0004-01,colleague6@dTA.org,,,usr0004@dTA.org,450000.0,memo.docx
EML0000861,01/07/2026 13:25:11,USR0004,PC-USR0004-01,colleague1@dTA.org,,,usr0004@dTA.org,450000.0,
EML0000862,01/07/2026 14:27:09,USR0004,PC-USR0004-01,colleague3@dTA.org,,,usr0004@dTA.org,450000.0,
EML0000863,01/07/2026 11:26:01,USR0004,PC-USR0004-01,colleague3@dTA.org,,,usr0004@dTA.org,450000.0,
EML0000864,01/07/2026 15:16:42,USR0005,PC-USR0005-01,colleague2@dTA.org,,,usr0005@dTA.org,450000.0,
EML0000865,01/07/2026 14:17:07,USR0005,PC-USR0005-01,colleague4@dTA.org,,,usr0005@dTA.org,450000.0,
EML0000866,01/07/2026 12:27:25,USR0005,PC-USR0005-01,colleague6@dTA.org,,,usr0005@dTA.org,450000.0,
EML0000867,01/07/2026 09:08:33,USR0005,PC-USR0005-01,colleague6@dTA.org,,,usr0005@dTA.org,450000.0,
EML0000868,01/07/2026 10:21:57,USR0005,PC-USR0005-01,colleague7@dTA.org,,,usr0005@dTA.org,450000.0,
EML0000869,01/07/2026 14:35:07,USR0005,PC-USR0005-01,colleague8@dTA.org,,,usr0005@dTA.org,450000.0,
EML0000870,01/07/2026 10:42:23,USR0005,PC-USR0005-01,colleague8@dTA.org,,,usr0005@dTA.org,450000.0,
EML0000871,01/07/2026 09:45:21,USR0005,PC-USR0005-01,colleague3@dTA.org,,,usr0005@dTA.org,450000.0,
EML0000872,01/07/2026 13:37:11,USR0005,PC-USR0005-01,colleague3@dTA.org,,,usr0005@dTA.org,450000.0,memo.docx
EML0000873,01/07/2026 12:41:19,USR0006,PC-USR0006-01,colleague8@dTA.org,,,usr0006@dTA.org,450000.0,
EML0000874,01/07/2026 12:19:19,USR0006,PC-USR0006-01,colleague3@dTA.org,,,usr0006@dTA.org,450000.0,memo.docx
EML0000875,01/07/2026 15:23:04,USR0006,PC-USR0006-01,colleague1@dTA.org,,,usr0006@dTA.org,450000.0,
EML0000876,01/07/2026 13:53:25,USR0006,PC-USR0006-01,colleague1@dTA.org,,,usr0006@dTA.org,450000.0,memo.docx
EML0000877,01/07/2026 13:07:12,USR0006,PC-USR0006-01,colleague2@dTA.org,,,usr0006@dTA.org,450000.0,
EML0000878,01/07/2026 14:21:47,USR0006,PC-USR0006-01,colleague8@dTA.org,,,usr0006@dTA.org,450000.0,
EML0000879,01/07/2026 11:03:46,USR0006,PC-USR0006-01,colleague8@dTA.org,,,usr0006@dTA.org,450000.0,
EML0000880,01/07/2026 11:43:43,USR0006,PC-USR0006-01,colleague3@dTA.org,,,usr0006@dTA.org,450000.0,
EML0000881,01/07/2026 16:03:01,USR0007,PC-USR0007-01,colleague4@dTA.org,,,usr0007@dTA.org,450000.0,
EML0000882,01/07/2026 16:17:12,USR0007,PC-USR0007-01,colleague3@dTA.org,,,usr0007@dTA.org,450000.0,
EML0000883,01/07/2026 15:51:43,USR0007,PC-USR0007-01,colleague8@dTA.org,,,usr0007@dTA.org,450000.0,
EML0000884,01/07/2026 14:13:24,USR0007,PC-USR0007-01,colleague3@dTA.org,,,usr0007@dTA.org,450000.0,
EML0000885,01/07/2026 11:13:07,USR0007,PC-USR0007-01,colleague2@dTA.org,,,usr0007@dTA.org,450000.0,
EML0000886,01/07/2026 11:05:52,USR0008,PC-USR0008-01,colleague6@dTA.org,,,usr0008@dTA.org,450000.0,memo.docx
EML0000887,01/07/2026 09:08:24,USR0008,PC-USR0008-01,colleague1@dTA.org,,,usr0008@dTA.org,450000.0,
EML0000888,01/07/2026 11:04:16,USR0008,PC-USR0008-01,colleague4@dTA.org,,,usr0008@dTA.org,450000.0,
EML0000889,01/07/2026 13:44:33,USR0008,PC-USR0008-01,colleague7@dTA.org,,,usr0008@dTA.org,450000.0,
EML0000890,01/07/2026 15:50:59,USR0008,PC-USR0008-01,colleague6@dTA.org,,,usr0008@dTA.org,450000.0,
EML0000891,01/07/2026 16:04:23,USR0008,PC-USR0008-01,colleague6@dTA.org,,,usr0008@dTA.org,450000.0,
EML0000892,01/07/2026 10:01:22,USR0008,PC-USR0008-01,colleague3@dTA.org,,,usr0008@dTA.org,450000.0,memo.docx
EML0000893,01/07/2026 12:04:35,USR0008,PC-USR0008-01,colleague8@dTA.org,,,usr0008@dTA.org,450000.0,
EML0000894,01/07/2026 14:03:30,USR0008,PC-USR0008-01,colleague10@dTA.org,,,usr0008@dTA.org,450000.0,
EML0000895,01/07/2026 12:29:28,USR0008,PC-USR0008-01,colleague4@dTA.org,,,usr0008@dTA.org,450000.0,memo.docx
EML0000896,01/07/2026 16:13:21,USR0009,PC-USR0009-01,colleague8@dTA.org,,,usr0009@dTA.org,450000.0,memo.docx
EML0000897,01/07/2026 14:24:57,USR0009,PC-USR0009-01,colleague8@dTA.org,,,usr0009@dTA.org,450000.0,
EML0000898,01/07/2026 10:09:54,USR0009,PC-USR0009-01,colleague4@dTA.org,,,usr0009@dTA.org,450000.0,memo.docx
EML0000899,01/07/2026 14:29:42,USR0009,PC-USR0009-01,colleague9@dTA.org,,,usr0009@dTA.org,450000.0,
EML0000900,01/07/2026 14:50:37,USR0009,PC-USR0009-01,colleague2@dTA.org,,,usr0009@dTA.org,450000.0,
EML0000901,01/07/2026 11:45:19,USR0009,PC-USR0009-01,colleague3@dTA.org,,,usr0009@dTA.org,450000.0,
EML0000902,01/07/2026 09:43:50,USR0010,PC-USR0010-01,colleague10@dTA.org,,,usr0010@dTA.org,450000.0,
EML0000903,01/07/2026 11:53:00,USR0010,PC-USR0010-01,colleague4@dTA.org,,,usr0010@dTA.org,450000.0,
EML0000904,01/07/2026 16:10:06,USR0010,PC-USR0010-01,colleague3@dTA.org,,,usr0010@dTA.org,450000.0,memo.docx
EML0000905,01/07/2026 14:40:04,USR0010,PC-USR0010-01,colleague10@dTA.org,,,usr0010@dTA.org,450000.0,memo.docx
EML0000906,01/07/2026 13:57:22,USR0010,PC-USR0010-01,colleague7@dTA.org,,,usr0010@dTA.org,450000.0,memo.docx
EML0000907,01/07/2026 10:59:19,USR0011,PC-USR0011-01,colleague10@dTA.org,,,usr0011@dTA.org,450000.0,
EML0000908,01/07/2026 15:05:34,USR0011,PC-USR0011-01,colleague1@dTA.org,,,usr0011@dTA.org,450000.0,
EML0000909,01/07/2026 15:10:32,USR0011,PC-USR0011-01,colleague9@dTA.org,,,usr0011@dTA.org,450000.0,
EML0000910,01/07/2026 16:39:10,USR0011,PC-USR0011-01,colleague5@dTA.org,,,usr0011@dTA.org,450000.0,
EML0000911,01/07/2026 13:56:01,USR0011,PC-USR0011-01,colleague4@dTA.org,,,usr0011@dTA.org,450000.0,
EML0000912,01/07/2026 14:05:33,USR0011,PC-USR0011-01,colleague7@dTA.org,,,usr0011@dTA.org,450000.0,
EML0000913,01/07/2026 14:26:51,USR0011,PC-USR0011-01,colleague2@dTA.org,,,usr0011@dTA.org,450000.0,
EML0000914,01/07/2026 13:17:03,USR0011,PC-USR0011-01,colleague9@dTA.org,,,usr0011@dTA.org,450000.0,
EML0000915,01/07/2026 12:44:41,USR0011,PC-USR0011-01,colleague4@dTA.org,,,usr0011@dTA.org,450000.0,
EML0000916,01/07/2026 12:08:00,USR0012,PC-USR0012-01,colleague6@dTA.org,,,usr0012@dTA.org,450000.0,memo.docx
EML0000917,01/07/2026 11:04:52,USR0012,PC-USR0012-01,colleague4@dTA.org,,,usr0012@dTA.org,450000.0,
EML0000918,01/07/2026 15:57:12,USR0012,PC-USR0012-01,colleague7@dTA.org,,,usr0012@dTA.org,450000.0,
EML0000919,01/07/2026 10:56:39,USR0012,PC-USR0012-01,colleague10@dTA.org,,,usr0012@dTA.org,450000.0,memo.docx
EML0000920,01/07/2026 09:11:19,USR0012,PC-USR0012-01,colleague1@dTA.org,,,usr0012@dTA.org,450000.0,
EML0000921,01/07/2026 10:04:43,USR0012,PC-USR0012-01,colleague8@dTA.org,,,usr0012@dTA.org,450000.0,
EML0000922,01/07/2026 13:54:30,USR0012,PC-USR0012-01,colleague2@dTA.org,,,usr0012@dTA.org,450000.0,
EML0000923,01/07/2026 16:03:42,USR0012,PC-USR0012-01,colleague7@dTA.org,,,usr0012@dTA.org,450000.0,
EML0000924,01/07/2026 14:51:54,USR0012,PC-USR0012-01,colleague8@dTA.org,,,usr0012@dTA.org,450000.0,
EML0000925,01/07/2026 15:12:40,USR0012,PC-USR0012-01,colleague2@dTA.org,,,usr0012@dTA.org,450000.0,memo.docx
EML0000926,01/07/2026 13:53:03,USR0012,PC-USR0012-01,colleague8@dTA.org,,,usr0012@dTA.org,450000.0,
EML0000927,01/07/2026 09:19:40,USR0012,PC-USR0012-01,colleague5@dTA.org,,,usr0012@dTA.org,450000.0,
EML0000928,01/07/2026 16:19:46,USR0013,PC-USR0013-01,colleague2@dTA.org,,,usr0013@dTA.org,450000.0,memo.docx
EML0000929,01/07/2026 12:38:17,USR0013,PC-USR0013-01,colleague9@dTA.org,,,usr0013@dTA.org,450000.0,memo.docx
EML0000930,01/07/2026 09:49:17,USR0013,PC-USR0013-01,colleague4@dTA.org,,,usr0013@dTA.org,450000.0,
EML0000931,01/07/2026 12:21:51,USR0013,PC-USR0013-01,colleague7@dTA.org,,,usr0013@dTA.org,450000.0,
EML0000932,01/07/2026 16:43:57,USR0014,PC-USR0014-01,colleague9@dTA.org,,,usr0014@dTA.org,450000.0,
EML0000933,01/07/2026 10:22:43,USR0014,PC-USR0014-01,colleague1@dTA.org,,,usr0014@dTA.org,450000.0,
EML0000934,01/07/2026 15:33:59,USR0014,PC-USR0014-01,colleague9@dTA.org,,,usr0014@dTA.org,450000.0,memo.docx
EML0000935,01/07/2026 14:47:29,USR0014,PC-USR0014-01,colleague2@dTA.org,,,usr0014@dTA.org,450000.0,
EML0000936,01/07/2026 14:53:26,USR0014,PC-USR0014-01,colleague7@dTA.org,,,usr0014@dTA.org,450000.0,memo.docx
EML0000937,01/07/2026 15:26:35,USR0014,PC-USR0014-01,colleague10@dTA.org,,,usr0014@dTA.org,450000.0,
EML0000938,01/07/2026 09:36:15,USR0014,PC-USR0014-01,colleague7@dTA.org,,,usr0014@dTA.org,450000.0,
EML0000939,01/07/2026 12:24:16,USR0014,PC-USR0014-01,colleague7@dTA.org,,,usr0014@dTA.org,450000.0,
EML0000940,01/07/2026 14:36:56,USR0014,PC-USR0014-01,colleague6@dTA.org,,,usr0014@dTA.org,450000.0,
EML0000941,01/07/2026 15:07:55,USR0014,PC-USR0014-01,colleague2@dTA.org,,,usr0014@dTA.org,450000.0,
EML0000942,01/07/2026 15:57:35,USR0015,PC-USR0015-01,colleague9@dTA.org,,,usr0015@dTA.org,450000.0,
EML0000943,01/07/2026 12:45:42,USR0015,PC-USR0015-01,colleague1@dTA.org,,,usr0015@dTA.org,450000.0,
EML0000944,01/07/2026 15:34:07,USR0015,PC-USR0015-01,colleague1@dTA.org,,,usr0015@dTA.org,450000.0,
EML0000945,01/07/2026 14:13:06,USR0015,PC-USR0015-01,colleague3@dTA.org,,,usr0015@dTA.org,450000.0,
EML0000946,01/07/2026 11:27:53,USR0015,PC-USR0015-01,colleague7@dTA.org,,,usr0015@dTA.org,450000.0,memo.docx
EML0000947,01/07/2026 13:31:49,USR0015,PC-USR0015-01,colleague9@dTA.org,,,usr0015@dTA.org,450000.0,
EML0000948,01/07/2026 09:36:20,USR0015,PC-USR0015-01,colleague9@dTA.org,,,usr0015@dTA.org,450000.0,memo.docx
EML0000949,01/07/2026 09:54:05,USR0015,PC-USR0015-01,colleague5@dTA.org,,,usr0015@dTA.org,450000.0,
EML0000950,01/07/2026 09:45:07,USR0016,PC-USR0016-01,colleague9@dTA.org,,,usr0016@dTA.org,450000.0,
EML0000951,01/07/2026 10:48:59,USR0016,PC-USR0016-01,colleague2@dTA.org,,,usr0016@dTA.org,450000.0,
EML0000952,01/07/2026 14:47:27,USR0016,PC-USR0016-01,colleague8@dTA.org,,,usr0016@dTA.org,450000.0,
EML0000953,01/07/2026 12:34:55,USR0016,PC-USR0016-01,colleague6@dTA.org,,,usr0016@dTA.org,450000.0,memo.docx
EML0000954,01/07/2026 16:27:18,USR0016,PC-USR0016-01,colleague7@dTA.org,,,usr0016@dTA.org,450000.0,
EML0000955,01/07/2026 09:41:23,USR0016,PC-USR0016-01,colleague1@dTA.org,,,usr0016@dTA.org,450000.0,
EML0000956,01/07/2026 09:38:34,USR0016,PC-USR0016-01,colleague4@dTA.org,,,usr0016@dTA.org,450000.0,
EML0000957,01/07/2026 12:04:55,USR0016,PC-USR0016-01,colleague10@dTA.org,,,usr0016@dTA.org,450000.0,
EML0000958,01/07/2026 15:20:44,USR0016,PC-USR0016-01,colleague1@dTA.org,,,usr0016@dTA.org,450000.0,memo.docx
EML0000959,01/07/2026 16:20:32,USR0016,PC-USR0016-01,colleague7@dTA.org,,,usr0016@dTA.org,450000.0,memo.docx
EML0000960,01/07/2026 10:02:24,USR0017,PC-USR0017-01,colleague7@dTA.org,,,usr0017@dTA.org,450000.0,
EML0000961,01/07/2026 09:11:55,USR0017,PC-USR0017-01,colleague7@dTA.org,,,usr0017@dTA.org,450000.0,
EML0000962,01/07/2026 13:26:37,USR0017,PC-USR0017-01,colleague1@dTA.org,,,usr0017@dTA.org,450000.0,
EML0000963,01/07/2026 16:16:39,USR0017,PC-USR0017-01,colleague6@dTA.org,,,usr0017@dTA.org,450000.0,memo.docx
EML0000964,01/07/2026 10:58:52,USR0017,PC-USR0017-01,colleague7@dTA.org,,,usr0017@dTA.org,450000.0,
EML0000965,01/07/2026 11:57:19,USR0017,PC-USR0017-01,colleague5@dTA.org,,,usr0017@dTA.org,450000.0,memo.docx
EML0000966,01/07/2026 09:26:24,USR0017,PC-USR0017-01,colleague8@dTA.org,,,usr0017@dTA.org,450000.0,
EML0000967,01/07/2026 13:20:30,USR0017,PC-USR0017-01,colleague4@dTA.org,,,usr0017@dTA.org,450000.0,
EML0000968,01/07/2026 11:58:04,USR0017,PC-USR0017-01,colleague7@dTA.org,,,usr0017@dTA.org,450000.0,
EML0000969,01/07/2026 11:58:43,USR0017,PC-USR0017-01,colleague5@dTA.org,,,usr0017@dTA.org,450000.0,memo.docx
EML0000970,01/07/2026 15:33:43,USR0018,PC-USR0018-01,colleague9@dTA.org,,,usr0018@dTA.org,450000.0,
EML0000971,01/07/2026 15:21:43,USR0018,PC-USR0018-01,colleague8@dTA.org,,,usr0018@dTA.org,450000.0,
EML0000972,01/07/2026 16:18:49,USR0018,PC-USR0018-01,colleague5@dTA.org,,,usr0018@dTA.org,450000.0,
EML0000973,01/07/2026 15:24:00,USR0018,PC-USR0018-01,colleague8@dTA.org,,,usr0018@dTA.org,450000.0,memo.docx
EML0000974,01/07/2026 15:24:46,USR0018,PC-USR0018-01,colleague1@dTA.org,,,usr0018@dTA.org,450000.0,
EML0000975,01/07/2026 16:16:06,USR0018,PC-USR0018-01,colleague3@dTA.org,,,usr0018@dTA.org,450000.0,memo.docx
EML0000976,01/07/2026 10:34:00,USR0018,PC-USR0018-01,colleague4@dTA.org,,,usr0018@dTA.org,450000.0,
EML0000977,01/07/2026 12:32:40,USR0018,PC-USR0018-01,colleague3@dTA.org,,,usr0018@dTA.org,450000.0,
EML0000978,01/07/2026 11:50:34,USR0018,PC-USR0018-01,colleague10@dTA.org,,,usr0018@dTA.org,450000.0,
EML0000979,01/07/2026 15:31:01,USR0019,PC-USR0019-01,colleague8@dTA.org,,,usr0019@dTA.org,450000.0,
EML0000980,01/07/2026 15:48:39,USR0019,PC-USR0019-01,colleague5@dTA.org,,,usr0019@dTA.org,450000.0,
EML0000981,01/07/2026 10:17:47,USR0019,PC-USR0019-01,colleague5@dTA.org,,,usr0019@dTA.org,450000.0,memo.docx
EML0000982,01/07/2026 09:47:46,USR0019,PC-USR0019-01,colleague5@dTA.org,,,usr0019@dTA.org,450000.0,memo.docx
EML0000983,01/07/2026 16:23:26,USR0019,PC-USR0019-01,colleague1@dTA.org,,,usr0019@dTA.org,450000.0,memo.docx
EML0000984,01/07/2026 10:03:46,USR0019,PC-USR0019-01,colleague7@dTA.org,,,usr0019@dTA.org,450000.0,
EML0000985,01/07/2026 09:28:49,USR0019,PC-USR0019-01,colleague10@dTA.org,,,usr0019@dTA.org,450000.0,
EML0000986,01/07/2026 15:33:47,USR0019,PC-USR0019-01,colleague3@dTA.org,,,usr0019@dTA.org,450000.0,memo.docx
EML0000987,01/07/2026 14:47:50,USR0019,PC-USR0019-01,colleague5@dTA.org,,,usr0019@dTA.org,450000.0,memo.docx
EML0000988,01/07/2026 15:16:06,USR0020,PC-USR0020-01,colleague3@dTA.org,,,usr0020@dTA.org,450000.0,
EML0000989,01/07/2026 12:42:55,USR0020,PC-USR0020-01,colleague10@dTA.org,,,usr0020@dTA.org,450000.0,
EML0000990,01/07/2026 14:31:16,USR0020,PC-USR0020-01,colleague6@dTA.org,,,usr0020@dTA.org,450000.0,
EML0000991,01/07/2026 10:32:47,USR0020,PC-USR0020-01,colleague1@dTA.org,,,usr0020@dTA.org,450000.0,
EML0000992,01/07/2026 12:36:15,USR0020,PC-USR0020-01,colleague5@dTA.org,,,usr0020@dTA.org,450000.0,
EML0000993,01/07/2026 09:33:14,USR0020,PC-USR0020-01,colleague6@dTA.org,,,usr0020@dTA.org,450000.0,
EML0000994,01/07/2026 13:53:09,USR0020,PC-USR0020-01,colleague8@dTA.org,,,usr0020@dTA.org,450000.0,
EML0000995,01/07/2026 14:36:34,USR0020,PC-USR0020-01,colleague9@dTA.org,,,usr0020@dTA.org,450000.0,memo.docx
EML0000996,01/07/2026 11:00:27,USR0020,PC-USR0020-01,colleague10@dTA.org,,,usr0020@dTA.org,450000.0,
EML0000997,01/07/2026 15:39:12,USR0020,PC-USR0020-01,colleague3@dTA.org,,,usr0020@dTA.org,450000.0,
EML0000998,01/07/2026 15:51:09,USR0020,PC-USR0020-01,colleague8@dTA.org,,,usr0020@dTA.org,450000.0,
EML0000999,01/07/2026 13:30:09,USR0021,PC-USR0021-01,colleague2@dTA.org,,,usr0021@dTA.org,450000.0,
EML0001000,01/07/2026 11:18:49,USR0021,PC-USR0021-01,colleague4@dTA.org,,,usr0021@dTA.org,450000.0,
EML0001001,01/07/2026 15:32:42,USR0021,PC-USR0021-01,colleague4@dTA.org,,,usr0021@dTA.org,450000.0,
EML0001002,01/07/2026 09:13:09,USR0021,PC-USR0021-01,colleague6@dTA.org,,,usr0021@dTA.org,450000.0,
EML0001003,01/07/2026 15:59:54,USR0021,PC-USR0021-01,colleague10@dTA.org,,,usr0021@dTA.org,450000.0,
EML0001004,01/07/2026 11:56:23,USR0021,PC-USR0021-01,colleague6@dTA.org,,,usr0021@dTA.org,450000.0,
EML0001005,01/07/2026 15:31:13,USR0021,PC-USR0021-01,colleague6@dTA.org,,,usr0021@dTA.org,450000.0,
EML0001006,01/07/2026 16:35:48,USR0021,PC-USR0021-01,colleague2@dTA.org,,,usr0021@dTA.org,450000.0,
EML0001007,01/07/2026 16:11:33,USR0021,PC-USR0021-01,colleague4@dTA.org,,,usr0021@dTA.org,450000.0,
EML0001008,01/07/2026 13:51:29,USR0021,PC-USR0021-01,colleague7@dTA.org,,,usr0021@dTA.org,450000.0,
EML0001009,01/07/2026 15:47:43,USR0021,PC-USR0021-01,colleague2@dTA.org,,,usr0021@dTA.org,450000.0,memo.docx
EML0001010,01/07/2026 12:30:36,USR0022,PC-USR0022-01,colleague3@dTA.org,,,usr0022@dTA.org,450000.0,memo.docx
EML0001011,01/07/2026 15:58:57,USR0022,PC-USR0022-01,colleague3@dTA.org,,,usr0022@dTA.org,450000.0,
EML0001012,01/07/2026 10:22:00,USR0022,PC-USR0022-01,colleague3@dTA.org,,,usr0022@dTA.org,450000.0,
EML0001013,01/07/2026 13:13:35,USR0022,PC-USR0022-01,colleague8@dTA.org,,,usr0022@dTA.org,450000.0,
EML0001014,01/07/2026 14:03:20,USR0022,PC-USR0022-01,colleague3@dTA.org,,,usr0022@dTA.org,450000.0,memo.docx
EML0001015,01/07/2026 13:00:20,USR0022,PC-USR0022-01,colleague1@dTA.org,,,usr0022@dTA.org,450000.0,
EML0001016,01/07/2026 11:48:26,USR0022,PC-USR0022-01,colleague1@dTA.org,,,usr0022@dTA.org,450000.0,
EML0001017,01/07/2026 12:04:31,USR0023,PC-USR0023-01,colleague1@dTA.org,,,usr0023@dTA.org,450000.0,
EML0001018,01/07/2026 10:56:25,USR0023,PC-USR0023-01,colleague7@dTA.org,,,usr0023@dTA.org,450000.0,
EML0001019,01/07/2026 10:14:57,USR0023,PC-USR0023-01,colleague1@dTA.org,,,usr0023@dTA.org,450000.0,
EML0001020,01/07/2026 13:24:38,USR0023,PC-USR0023-01,colleague2@dTA.org,,,usr0023@dTA.org,450000.0,
EML0001021,01/07/2026 10:23:03,USR0023,PC-USR0023-01,colleague2@dTA.org,,,usr0023@dTA.org,450000.0,
EML0001022,01/07/2026 14:16:59,USR0023,PC-USR0023-01,colleague7@dTA.org,,,usr0023@dTA.org,450000.0,
EML0001023,01/07/2026 11:23:28,USR0023,PC-USR0023-01,colleague4@dTA.org,,,usr0023@dTA.org,450000.0,memo.docx
EML0001024,01/07/2026 14:14:26,USR0023,PC-USR0023-01,colleague2@dTA.org,,,usr0023@dTA.org,450000.0,memo.docx
EML0001025,01/07/2026 15:37:32,USR0023,PC-USR0023-01,colleague8@dTA.org,,,usr0023@dTA.org,450000.0,
EML0001026,01/07/2026 11:50:48,USR0023,PC-USR0023-01,colleague10@dTA.org,,,usr0023@dTA.org,450000.0,
EML0001027,01/07/2026 16:50:47,USR0023,PC-USR0023-01,colleague10@dTA.org,,,usr0023@dTA.org,450000.0,
EML0001028,01/07/2026 11:09:59,USR0024,PC-USR0024-01,colleague6@dTA.org,,,usr0024@dTA.org,450000.0,memo.docx
EML0001029,01/07/2026 11:55:57,USR0024,PC-USR0024-01,colleague7@dTA.org,,,usr0024@dTA.org,450000.0,
EML0001030,01/07/2026 10:50:49,USR0024,PC-USR0024-01,colleague4@dTA.org,,,usr0024@dTA.org,450000.0,
EML0001031,01/07/2026 15:08:04,USR0024,PC-USR0024-01,colleague1@dTA.org,,,usr0024@dTA.org,450000.0,
EML0001032,01/07/2026 09:04:20,USR0024,PC-USR0024-01,colleague8@dTA.org,,,usr0024@dTA.org,450000.0,
EML0001033,01/07/2026 16:59:41,USR0024,PC-USR0024-01,colleague1@dTA.org,,,usr0024@dTA.org,450000.0,
EML0001034,01/07/2026 10:02:36,USR0024,PC-USR0024-01,colleague10@dTA.org,,,usr0024@dTA.org,450000.0,
EML0001035,01/07/2026 14:11:55,USR0024,PC-USR0024-01,colleague7@dTA.org,,,usr0024@dTA.org,450000.0,
EML0001036,01/07/2026 15:59:23,USR0024,PC-USR0024-01,colleague1@dTA.org,,,usr0024@dTA.org,450000.0,
EML0001037,01/07/2026 12:26:35,USR0024,PC-USR0024-01,colleague2@dTA.org,,,usr0024@dTA.org,450000.0,
EML0001038,01/07/2026 11:07:18,USR0024,PC-USR0024-01,colleague1@dTA.org,,,usr0024@dTA.org,450000.0,
EML0001039,01/07/2026 12:30:12,USR0024,PC-USR0024-01,colleague1@dTA.org,,,usr0024@dTA.org,450000.0,
EML0001040,01/07/2026 16:35:52,USR0025,PC-USR0025-01,colleague3@dTA.org,,,usr0025@dTA.org,450000.0,
EML0001041,01/07/2026 10:07:26,USR0025,PC-USR0025-01,colleague5@dTA.org,,,usr0025@dTA.org,450000.0,
EML0001042,01/07/2026 11:19:42,USR0025,PC-USR0025-01,colleague2@dTA.org,,,usr0025@dTA.org,450000.0,
EML0001043,01/07/2026 13:56:30,USR0025,PC-USR0025-01,colleague6@dTA.org,,,usr0025@dTA.org,450000.0,
EML0001044,01/08/2026 11:54:13,AAE0190,PC-AAE0190-01,colleague5@dTA.org,,,aae0190@dTA.org,450000.0,
EML0001045,01/08/2026 10:42:07,AAE0190,PC-AAE0190-01,colleague9@dTA.org,,,aae0190@dTA.org,450000.0,memo.docx
EML0001046,01/08/2026 11:36:41,AAE0190,PC-AAE0190-01,colleague4@dTA.org,,,aae0190@dTA.org,450000.0,
EML0001047,01/08/2026 14:03:51,AAE0190,PC-AAE0190-01,colleague3@dTA.org,,,aae0190@dTA.org,450000.0,
EML0001048,01/08/2026 13:31:30,AAE0190,PC-AAE0190-01,colleague10@dTA.org,,,aae0190@dTA.org,450000.0,
EML0001049,01/08/2026 11:21:32,AAE0190,PC-AAE0190-01,colleague8@dTA.org,,,aae0190@dTA.org,450000.0,
EML0001050,01/08/2026 12:29:04,AAE0190,PC-AAE0190-01,colleague6@dTA.org,,,aae0190@dTA.org,450000.0,
EML0001051,01/08/2026 13:06:20,AAE0190,PC-AAE0190-01,colleague4@dTA.org,,,aae0190@dTA.org,450000.0,
EML0001052,01/08/2026 09:28:49,AAE0190,PC-AAE0190-01,colleague1@dTA.org,,,aae0190@dTA.org,450000.0,
EML0001053,01/08/2026 15:43:57,AAE0190,PC-AAE0190-01,colleague8@dTA.org,,,aae0190@dTA.org,450000.0,memo.docx
EML0001054,01/08/2026 15:13:48,AAE0190,PC-AAE0190-01,colleague4@dTA.org,,,aae0190@dTA.org,450000.0,memo.docx
EML0001055,01/08/2026 10:45:27,AAE0190,PC-AAE0190-01,colleague2@dTA.org,,,aae0190@dTA.org,450000.0,
EML0001056,01/08/2026 13:22:21,USR0002,PC-USR0002-01,colleague6@dTA.org,,,usr0002@dTA.org,450000.0,
EML0001057,01/08/2026 16:24:53,USR0002,PC-USR0002-01,colleague7@dTA.org,,,usr0002@dTA.org,450000.0,
EML0001058,01/08/2026 14:44:17,USR0002,PC-USR0002-01,colleague3@dTA.org,,,usr0002@dTA.org,450000.0,memo.docx
EML0001059,01/08/2026 14:01:36,USR0002,PC-USR0002-01,colleague6@dTA.org,,,usr0002@dTA.org,450000.0,
EML0001060,01/08/2026 09:43:28,USR0002,PC-USR0002-01,colleague3@dTA.org,,,usr0002@dTA.org,450000.0,
EML0001061,01/08/2026 16:08:33,USR0002,PC-USR0002-01,colleague3@dTA.org,,,usr0002@dTA.org,450000.0,
EML0001062,01/08/2026 14:43:32,USR0002,PC-USR0002-01,colleague9@dTA.org,,,usr0002@dTA.org,450000.0,
EML0001063,01/08/2026 13:53:55,USR0002,PC-USR0002-01,colleague3@dTA.org,,,usr0002@dTA.org,450000.0,
EML0001064,01/08/2026 15:52:25,USR0002,PC-USR0002-01,colleague1@dTA.org,,,usr0002@dTA.org,450000.0,
EML0001065,01/08/2026 15:51:39,USR0002,PC-USR0002-01,colleague9@dTA.org,,,usr0002@dTA.org,450000.0,memo.docx
EML0001066,01/08/2026 11:49:29,USR0002,PC-USR0002-01,colleague7@dTA.org,,,usr0002@dTA.org,450000.0,
EML0001067,01/08/2026 13:16:34,USR0002,PC-USR0002-01,colleague3@dTA.org,,,usr0002@dTA.org,450000.0,
EML0001068,01/08/2026 13:47:08,USR0003,PC-USR0003-01,colleague10@dTA.org,,,usr0003@dTA.org,450000.0,
EML0001069,01/08/2026 13:49:09,USR0003,PC-USR0003-01,colleague7@dTA.org,,,usr0003@dTA.org,450000.0,
EML0001070,01/08/2026 09:33:34,USR0003,PC-USR0003-01,colleague1@dTA.org,,,usr0003@dTA.org,450000.0,
EML0001071,01/08/2026 09:04:21,USR0003,PC-USR0003-01,colleague2@dTA.org,,,usr0003@dTA.org,450000.0,
EML0001072,01/08/2026 15:49:56,USR0003,PC-USR0003-01,colleague3@dTA.org,,,usr0003@dTA.org,450000.0,
EML0001073,01/08/2026 13:56:39,USR0003,PC-USR0003-01,colleague8@dTA.org,,,usr0003@dTA.org,450000.0,memo.docx
EML0001074,01/08/2026 11:16:04,USR0003,PC-USR0003-01,colleague7@dTA.org,,,usr0003@dTA.org,450000.0,
EML0001075,01/08/2026 10:18:09,USR0003,PC-USR0003-01,colleague1@dTA.org,,,usr0003@dTA.org,450000.0,
EML0001076,01/08/2026 15:24:37,USR0004,PC-USR0004-01,colleague5@dTA.org,,,usr0004@dTA.org,450000.0,
EML0001077,01/08/2026 15:19:13,USR0004,PC-USR0004-01,colleague7@dTA.org,,,usr0004@dTA.org,450000.0,
EML0001078,01/08/2026 12:05:42,USR0004,PC-USR0004-01,colleague5@dTA.org,,,usr0004@dTA.org,450000.0,
EML0001079,01/08/2026 14:44:38,USR0004,PC-USR0004-01,colleague5@dTA.org,,,usr0004@dTA.org,450000.0,
EML0001080,01/08/2026 15:35:48,USR0004,PC-USR0004-01,colleague2@dTA.org,,,usr0004@dTA.org,450000.0,
EML0001081,01/08/2026 14:06:58,USR0004,PC-USR0004-01,colleague5@dTA.org,,,usr0004@dTA.org,450000.0,
EML0001082,01/08/2026 12:50:41,USR0004,PC-USR0004-01,colleague2@dTA.org,,,usr0004@dTA.org,450000.0,
EML0001083,01/08/2026 10:52:31,USR0005,PC-USR0005-01,colleague2@dTA.org,,,usr0005@dTA.org,450000.0,
EML0001084,01/08/2026 13:00:40,USR0005,PC-USR0005-01,colleague3@dTA.org,,,usr0005@dTA.org,450000.0,
EML0001085,01/08/2026 09:26:17,USR0005,PC-USR0005-01,colleague3@dTA.org,,,usr0005@dTA.org,450000.0,memo.docx
EML0001086,01/08/2026 16:26:58,USR0005,PC-USR0005-01,colleague5@dTA.org,,,usr0005@dTA.org,450000.0,
EML0001087,01/08/2026 13:48:42,USR0005,PC-USR0005-01,colleague7@dTA.org,,,usr0005@dTA.org,450000.0,
EML0001088,01/08/2026 12:05:41,USR0006,PC-USR0006-01,colleague9@dTA.org,,,usr0006@dTA.org,450000.0,
EML0001089,01/08/2026 11:01:30,USR0006,PC-USR0006-01,colleague6@dTA.org,,,usr0006@dTA.org,450000.0,
EML0001090,01/08/2026 13:17:53,USR0006,PC-USR0006-01,colleague6@dTA.org,,,usr0006@dTA.org,450000.0,
EML0001091,01/08/2026 10:39:26,USR0006,PC-USR0006-01,colleague7@dTA.org,,,usr0006@dTA.org,450000.0,
EML0001092,01/08/2026 11:27:50,USR0007,PC-USR0007-01,colleague9@dTA.org,,,usr0007@dTA.org,450000.0,
EML0001093,01/08/2026 09:39:32,USR0007,PC-USR0007-01,colleague7@dTA.org,,,usr0007@dTA.org,450000.0,
EML0001094,01/08/2026 09:40:27,USR0007,PC-USR0007-01,colleague9@dTA.org,,,usr0007@dTA.org,450000.0,memo.docx
EML0001095,01/08/2026 13:19:55,USR0007,PC-USR0007-01,colleague2@dTA.org,,,usr0007@dTA.org,450000.0,
EML0001096,01/08/2026 15:55:46,USR0007,PC-USR0007-01,colleague7@dTA.org,,,usr0007@dTA.org,450000.0,memo.docx
EML0001097,01/08/2026 11:45:15,USR0008,PC-USR0008-01,colleague3@dTA.org,,,usr0008@dTA.org,450000.0,
EML0001098,01/08/2026 14:33:34,USR0008,PC-USR0008-01,colleague9@dTA.org,,,usr0008@dTA.org,450000.0,memo.docx
EML0001099,01/08/2026 10:34:20,USR0008,PC-USR0008-01,colleague10@dTA.org,,,usr0008@dTA.org,450000.0,
EML0001100,01/08/2026 09:26:13,USR0008,PC-USR0008-01,colleague1@dTA.org,,,usr0008@dTA.org,450000.0,
EML0001101,01/08/2026 10:24:22,USR0008,PC-USR0008-01,colleague3@dTA.org,,,usr0008@dTA.org,450000.0,
EML0001102,01/08/2026 11:56:25,USR0008,PC-USR0008-01,colleague2@dTA.org,,,usr0008@dTA.org,450000.0,
EML0001103,01/08/2026 10:00:36,USR0008,PC-USR0008-01,colleague6@dTA.org,,,usr0008@dTA.org,450000.0,
EML0001104,01/08/2026 09:01:57,USR0008,PC-USR0008-01,colleague2@dTA.org,,,usr0008@dTA.org,450000.0,
EML0001105,01/08/2026 12:26:40,USR0009,PC-USR0009-01,colleague2@dTA.org,,,usr0009@dTA.org,450000.0,memo.docx
EML0001106,01/08/2026 09:36:33,USR0009,PC-USR0009-01,colleague3@dTA.org,,,usr0009@dTA.org,450000.0,
EML0001107,01/08/2026 09:41:33,USR0009,PC-USR0009-01,colleague2@dTA.org,,,usr0009@dTA.org,450000.0,
EML0001108,01/08/2026 15:42:19,USR0009,PC-USR0009-01,colleague8@dTA.org,,,usr0009@dTA.org,450000.0,memo.docx
EML0001109,01/08/2026 12:26:00,USR0009,PC-USR0009-01,colleague8@dTA.org,,,usr0009@dTA.org,450000.0,
EML0001110,01/08/2026 16:03:50,USR0009,PC-USR0009-01,colleague7@dTA.org,,,usr0009@dTA.org,450000.0,memo.docx
EML0001111,01/08/2026 11:23:10,USR0009,PC-USR0009-01,colleague6@dTA.org,,,usr0009@dTA.org,450000.0,
EML0001112,01/08/2026 12:42:42,USR0009,PC-USR0009-01,colleague2@dTA.org,,,usr0009@dTA.org,450000.0,memo.docx
EML0001113,01/08/2026 12:37:20,USR0010,PC-USR0010-01,colleague4@dTA.org,,,usr0010@dTA.org,450000.0,
EML0001114,01/08/2026 15:37:33,USR0010,PC-USR0010-01,colleague3@dTA.org,,,usr0010@dTA.org,450000.0,
EML0001115,01/08/2026 11:02:28,USR0010,PC-USR0010-01,colleague3@dTA.org,,,usr0010@dTA.org,450000.0,
EML0001116,01/08/2026 15:06:55,USR0010,PC-USR0010-01,colleague2@dTA.org,,,usr0010@dTA.org,450000.0,
EML0001117,01/08/2026 11:14:03,USR0010,PC-USR0010-01,colleague7@dTA.org,,,usr0010@dTA.org,450000.0,
EML0001118,01/08/2026 09:04:43,USR0010,PC-USR0010-01,colleague10@dTA.org,,,usr0010@dTA.org,450000.0,
EML0001119,01/08/2026 16:02:05,USR0010,PC-USR0010-01,colleague5@dTA.org,,,usr0010@dTA.org,450000.0,
EML0001120,01/08/2026 10:54:09,USR0010,PC-USR0010-01,colleague9@dTA.org,,,usr0010@dTA.org,450000.0,
EML0001121,01/08/2026 09:16:18,USR0010,PC-USR0010-01,colleague8@dTA.org,,,usr0010@dTA.org,450000.0,memo.docx
EML0001122,01/08/2026 16:48:20,USR0011,PC-USR0011-01,colleague9@dTA.org,,,usr0011@dTA.org,450000.0,
EML0001123,01/08/2026 13:06:18,USR0011,PC-USR0011-01,colleague1@dTA.org,,,usr0011@dTA.org,450000.0,memo.docx
EML0001124,01/08/2026 12:19:33,USR0011,PC-USR0011-01,colleague8@dTA.org,,,usr0011@dTA.org,450000.0,
EML0001125,01/08/2026 10:08:51,USR0011,PC-USR0011-01,colleague7@dTA.org,,,usr0011@dTA.org,450000.0,memo.docx
EML0001126,01/08/2026 12:55:28,USR0011,PC-USR0011-01,colleague10@dTA.org,,,usr0011@dTA.org,450000.0,memo.docx
EML0001127,01/08/2026 11:10:41,USR0011,PC-USR0011-01,colleague10@dTA.org,,,usr0011@dTA.org,450000.0,
EML0001128,01/08/2026 09:38:41,USR0011,PC-USR0011-01,colleague5@dTA.org,,,usr0011@dTA.org,450000.0,
EML0001129,01/08/2026 10:43:10,USR0011,PC-USR0011-01,colleague2@dTA.org,,,usr0011@dTA.org,450000.0,
EML0001130,01/08/2026 13:54:45,USR0011,PC-USR0011-01,colleague6@dTA.org,,,usr0011@dTA.org,450000.0,
EML0001131,01/08/2026 16:38:39,USR0011,PC-USR0011-01,colleague10@dTA.org,,,usr0011@dTA.org,450000.0,memo.docx
EML0001132,01/08/2026 09:30:11,USR0011,PC-USR0011-01,colleague6@dTA.org,,,usr0011@dTA.org,450000.0,
EML0001133,01/08/2026 16:08:15,USR0011,PC-USR0011-01,colleague1@dTA.org,,,usr0011@dTA.org,450000.0,
EML0001134,01/08/2026 12:04:01,USR0012,PC-USR0012-01,colleague10@dTA.org,,,usr0012@dTA.org,450000.0,
EML0001135,01/08/2026 10:34:32,USR0012,PC-USR0012-01,colleague9@dTA.org,,,usr0012@dTA.org,450000.0,
EML0001136,01/08/2026 16:35:28,USR0012,PC-USR0012-01,colleague9@dTA.org,,,usr0012@dTA.org,450000.0,
EML0001137,01/08/2026 09:43:54,USR0012,PC-USR0012-01,colleague10@dTA.org,,,usr0012@dTA.org,450000.0,
EML0001138,01/08/2026 11:46:55,USR0012,PC-USR0012-01,colleague9@dTA.org,,,usr0012@dTA.org,450000.0,
EML0001139,01/08/2026 16:33:12,USR0012,PC-USR0012-01,colleague1@dTA.org,,,usr0012@dTA.org,450000.0,
EML0001140,01/08/2026 10:35:38,USR0012,PC-USR0012-01,colleague9@dTA.org,,,usr0012@dTA.org,450000.0,
EML0001141,01/08/2026 14:40:41,USR0012,PC-USR0012-01,colleague10@dTA.org,,,usr0012@dTA.org,450000.0,
EML0001142,01/08/2026 10:00:28,USR0013,PC-USR0013-01,colleague1@dTA.org,,,usr0013@dTA.org,450000.0,
EML0001143,01/08/2026 15:33:41,USR0013,PC-USR0013-01,colleague7@dTA.org,,,usr0013@dTA.org,450000.0,
EML0001144,01/08/2026 13:06:18,USR0013,PC-USR0013-01,colleague8@dTA.org,,,usr0013@dTA.org,450000.0,
EML0001145,01/08/2026 14:55:38,USR0013,PC-USR0013-01,colleague5@dTA.org,,,usr0013@dTA.org,450000.0,
EML0001146,01/08/2026 14:12:40,USR0013,PC-USR0013-01,colleague8@dTA.org,,,usr0013@dTA.org,450000.0,
EML0001147,01/08/2026 13:54:52,USR0014,PC-USR0014-01,colleague3@dTA.org,,,usr0014@dTA.org,450000.0,
EML0001148,01/08/2026 15:13:21,USR0014,PC-USR0014-01,colleague9@dTA.org,,,usr0014@dTA.org,450000.0,
EML0001149,01/08/2026 12:19:37,USR0014,PC-USR0014-01,colleague3@dTA.org,,,usr0014@dTA.org,450000.0,
EML0001150,01/08/2026 15:12:35,USR0014,PC-USR0014-01,colleague10@dTA.org,,,usr0014@dTA.org,450000.0,
EML0001151,01/08/2026 16:41:41,USR0014,PC-USR0014-01,colleague5@dTA.org,,,usr0014@dTA.org,450000.0,
EML0001152,01/08/2026 14:38:05,USR0014,PC-USR0014-01,colleague1@dTA.org,,,usr0014@dTA.org,450000.0,
EML0001153,01/08/2026 14:37:45,USR0015,PC-USR0015-01,colleague3@dTA.org,,,usr0015@dTA.org,450000.0,
EML0001154,01/08/2026 14:44:33,USR0015,PC-USR0015-01,colleague1@dTA.org,,,usr0015@dTA.org,450000.0,
EML0001155,01/08/2026 11:18:22,USR0015,PC-USR0015-01,colleague6@dTA.org,,,usr0015@dTA.org,450000.0,
EML0001156,01/08/2026 10:58:06,USR0015,PC-USR0015-01,colleague7@dTA.org,,,usr0015@dTA.org,450000.0,
EML0001157,01/08/2026 16:17:49,USR0015,PC-USR0015-01,colleague4@dTA.org,,,usr0015@dTA.org,450000.0,
EML0001158,01/08/2026 13:38:08,USR0015,PC-USR0015-01,colleague9@dTA.org,,,usr0015@dTA.org,450000.0,
EML0001159,01/08/2026 12:08:31,USR0015,PC-USR0015-01,colleague1@dTA.org,,,usr0015@dTA.org,450000.0,memo.docx
EML0001160,01/08/2026 10:29:16,USR0015,PC-USR0015-01,colleague1@dTA.org,,,usr0015@dTA.org,450000.0,memo.docx
EML0001161,01/08/2026 09:08:31,USR0016,PC-USR0016-01,colleague4@dTA.org,,,usr0016@dTA.org,450000.0,
EML0001162,01/08/2026 14:27:30,USR0016,PC-USR0016-01,colleague3@dTA.org,,,usr0016@dTA.org,450000.0,
EML0001163,01/08/2026 16:47:59,USR0016,PC-USR0016-01,colleague4@dTA.org,,,usr0016@dTA.org,450000.0,
EML0001164,01/08/2026 11:18:20,USR0016,PC-USR0016-01,colleague10@dTA.org,,,usr0016@dTA.org,450000.0,
EML0001165,01/08/2026 16:45:28,USR0016,PC-USR0016-01,colleague8@dTA.org,,,usr0016@dTA.org,450000.0,memo.docx
EML0001166,01/08/2026 11:44:19,USR0016,PC-USR0016-01,colleague4@dTA.org,,,usr0016@dTA.org,450000.0,
EML0001167,01/08/2026 11:04:17,USR0016,PC-USR0016-01,colleague7@dTA.org,,,usr0016@dTA.org,450000.0,memo.docx
EML0001168,01/08/2026 11:10:11,USR0016,PC-USR0016-01,colleague3@dTA.org,,,usr0016@dTA.org,450000.0,
EML0001169,01/08/2026 12:12:33,USR0016,PC-USR0016-01,colleague2@dTA.org,,,usr0016@dTA.org,450000.0,memo.docx
EML0001170,01/08/2026 14:11:46,USR0016,PC-USR0016-01,colleague3@dTA.org,,,usr0016@dTA.org,450000.0,
EML0001171,01/08/2026 15:46:50,USR0017,PC-USR0017-01,colleague1@dTA.org,,,usr0017@dTA.org,450000.0,
EML0001172,01/08/2026 15:43:37,USR0017,PC-USR0017-01,colleague3@dTA.org,,,usr0017@dTA.org,450000.0,
EML0001173,01/08/2026 12:52:15,USR0017,PC-USR0017-01,colleague7@dTA.org,,,usr0017@dTA.org,450000.0,memo.docx
EML0001174,01/08/2026 09:59:59,USR0017,PC-USR0017-01,colleague10@dTA.org,,,usr0017@dTA.org,450000.0,
EML0001175,01/08/2026 12:50:04,USR0017,PC-USR0017-01,colleague10@dTA.org,,,usr0017@dTA.org,450000.0,
EML0001176,01/08/2026 13:49:03,USR0017,PC-USR0017-01,colleague1@dTA.org,,,usr0017@dTA.org,450000.0,
EML0001177,01/08/2026 10:10:53,USR0017,PC-USR0017-01,colleague10@dTA.org,,,usr0017@dTA.org,450000.0,
EML0001178,01/08/2026 10:50:37,USR0017,PC-USR0017-01,colleague3@dTA.org,,,usr0017@dTA.org,450000.0,
EML0001179,01/08/2026 11:33:33,USR0017,PC-USR0017-01,colleague8@dTA.org,,,usr0017@dTA.org,450000.0,
EML0001180,01/08/2026 13:46:04,USR0017,PC-USR0017-01,colleague6@dTA.org,,,usr0017@dTA.org,450000.0,
EML0001181,01/08/2026 13:39:09,USR0017,PC-USR0017-01,colleague6@dTA.org,,,usr0017@dTA.org,450000.0,
EML0001182,01/08/2026 12:19:45,USR0017,PC-USR0017-01,colleague6@dTA.org,,,usr0017@dTA.org,450000.0,
EML0001183,01/08/2026 10:56:25,USR0018,PC-USR0018-01,colleague7@dTA.org,,,usr0018@dTA.org,450000.0,memo.docx
EML0001184,01/08/2026 09:31:56,USR0018,PC-USR0018-01,colleague7@dTA.org,,,usr0018@dTA.org,450000.0,
EML0001185,01/08/2026 13:57:38,USR0018,PC-USR0018-01,colleague1@dTA.org,,,usr0018@dTA.org,450000.0,
EML0001186,01/08/2026 13:47:42,USR0018,PC-USR0018-01,colleague7@dTA.org,,,usr0018@dTA.org,450000.0,
EML0001187,01/08/2026 15:41:09,USR0018,PC-USR0018-01,colleague3@dTA.org,,,usr0018@dTA.org,450000.0,
EML0001188,01/08/2026 16:44:53,USR0018,PC-USR0018-01,colleague8@dTA.org,,,usr0018@dTA.org,450000.0,memo.docx
EML0001189,01/08/2026 10:01:21,USR0018,PC-USR0018-01,colleague5@dTA.org,,,usr0018@dTA.org,450000.0,
EML0001190,01/08/2026 09:10:46,USR0018,PC-USR0018-01,colleague7@dTA.org,,,usr0018@dTA.org,450000.0,memo.docx
EML0001191,01/08/2026 11:33:41,USR0018,PC-USR0018-01,colleague5@dTA.org,,,usr0018@dTA.org,450000.0,
EML0001192,01/08/2026 11:19:47,USR0019,PC-USR0019-01,colleague7@dTA.org,,,usr0019@dTA.org,450000.0,
EML0001193,01/08/2026 15:30:56,USR0019,PC-USR0019-01,colleague7@dTA.org,,,usr0019@dTA.org,450000.0,memo.docx
EML0001194,01/08/2026 10:32:08,USR0019,PC-USR0019-01,colleague3@dTA.org,,,usr0019@dTA.org,450000.0,
EML0001195,01/08/2026 11:08:16,USR0019,PC-USR0019-01,colleague8@dTA.org,,,usr0019@dTA.org,450000.0,
EML0001196,01/08/2026 15:28:02,USR0019,PC-USR0019-01,colleague8@dTA.org,,,usr0019@dTA.org,450000.0,memo.docx
EML0001197,01/08/2026 16:05:40,USR0019,PC-USR0019-01,colleague5@dTA.org,,,usr0019@dTA.org,450000.0,
EML0001198,01/08/2026 14:29:39,USR0019,PC-USR0019-01,colleague3@dTA.org,,,usr0019@dTA.org,450000.0,
EML0001199,01/08/2026 14:44:11,USR0019,PC-USR0019-01,colleague4@dTA.org,,,usr0019@dTA.org,450000.0,
EML0001200,01/08/2026 11:38:32,USR0019,PC-USR0019-01,colleague1@dTA.org,,,usr0019@dTA.org,450000.0,
EML0001201,01/08/2026 09:50:39,USR0019,PC-USR0019-01,colleague4@dTA.org,,,usr0019@dTA.org,450000.0,
EML0001202,01/08/2026 10:44:25,USR0020,PC-USR0020-01,colleague7@dTA.org,,,usr0020@dTA.org,450000.0,
EML0001203,01/08/2026 09:39:55,USR0020,PC-USR0020-01,colleague6@dTA.org,,,usr0020@dTA.org,450000.0,memo.docx
EML0001204,01/08/2026 14:43:32,USR0020,PC-USR0020-01,colleague7@dTA.org,,,usr0020@dTA.org,450000.0,
EML0001205,01/08/2026 09:16:44,USR0020,PC-USR0020-01,colleague4@dTA.org,,,usr0020@dTA.org,450000.0,
EML0001206,01/08/2026 11:37:00,USR0020,PC-USR0020-01,colleague1@dTA.org,,,usr0020@dTA.org,450000.0,
EML0001207,01/08/2026 11:20:49,USR0020,PC-USR0020-01,colleague9@dTA.org,,,usr0020@dTA.org,450000.0,
EML0001208,01/08/2026 14:30:32,USR0020,PC-USR0020-01,colleague4@dTA.org,,,usr0020@dTA.org,450000.0,
EML0001209,01/08/2026 09:12:30,USR0020,PC-USR0020-01,colleague1@dTA.org,,,usr0020@dTA.org,450000.0,
EML0001210,01/08/2026 16:13:48,USR0020,PC-USR0020-01,colleague2@dTA.org,,,usr0020@dTA.org,450000.0,memo.docx
EML0001211,01/08/2026 14:35:50,USR0020,PC-USR0020-01,colleague9@dTA.org,,,usr0020@dTA.org,450000.0,
EML0001212,01/08/2026 13:33:22,USR0020,PC-USR0020-01,colleague4@dTA.org,,,usr0020@dTA.org,450000.0,
EML0001213,01/08/2026 16:16:33,USR0020,PC-USR0020-01,colleague8@dTA.org,,,usr0020@dTA.org,450000.0,
EML0001214,01/08/2026 10:30:12,USR0021,PC-USR0021-01,colleague3@dTA.org,,,usr0021@dTA.org,450000.0,
EML0001215,01/08/2026 11:16:49,USR0021,PC-USR0021-01,colleague9@dTA.org,,,usr0021@dTA.org,450000.0,
EML0001216,01/08/2026 11:36:34,USR0021,PC-USR0021-01,colleague1@dTA.org,,,usr0021@dTA.org,450000.0,
EML0001217,01/08/2026 09:57:09,USR0021,PC-USR0021-01,colleague10@dTA.org,,,usr0021@dTA.org,450000.0,memo.docx
EML0001218,01/08/2026 16:11:24,USR0021,PC-USR0021-01,colleague6@dTA.org,,,usr0021@dTA.org,450000.0,
EML0001219,01/08/2026 12:46:16,USR0021,PC-USR0021-01,colleague3@dTA.org,,,usr0021@dTA.org,450000.0,memo.docx
EML0001220,01/08/2026 09:25:57,USR0022,PC-USR0022-01,colleague10@dTA.org,,,usr0022@dTA.org,450000.0,
EML0001221,01/08/2026 10:43:46,USR0022,PC-USR0022-01,colleague6@dTA.org,,,usr0022@dTA.org,450000.0,
EML0001222,01/08/2026 13:17:42,USR0022,PC-USR0022-01,colleague6@dTA.org,,,usr0022@dTA.org,450000.0,memo.docx
EML0001223,01/08/2026 15:16:37,USR0022,PC-USR0022-01,colleague5@dTA.org,,,usr0022@dTA.org,450000.0,memo.docx
EML0001224,01/08/2026 09:51:02,USR0022,PC-USR0022-01,colleague3@dTA.org,,,usr0022@dTA.org,450000.0,memo.docx
EML0001225,01/08/2026 15:31:25,USR0022,PC-USR0022-01,colleague1@dTA.org,,,usr0022@dTA.org,450000.0,
EML0001226,01/08/2026 15:09:15,USR0022,PC-USR0022-01,colleague3@dTA.org,,,usr0022@dTA.org,450000.0,memo.docx
EML0001227,01/08/2026 14:07:44,USR0022,PC-USR0022-01,colleague8@dTA.org,,,usr0022@dTA.org,450000.0,
EML0001228,01/08/2026 15:30:37,USR0022,PC-USR0022-01,colleague3@dTA.org,,,usr0022@dTA.org,450000.0,
EML0001229,01/08/2026 15:59:13,USR0023,PC-USR0023-01,colleague7@dTA.org,,,usr0023@dTA.org,450000.0,
EML0001230,01/08/2026 14:57:50,USR0023,PC-USR0023-01,colleague2@dTA.org,,,usr0023@dTA.org,450000.0,
EML0001231,01/08/2026 16:56:47,USR0023,PC-USR0023-01,colleague7@dTA.org,,,usr0023@dTA.org,450000.0,
EML0001232,01/08/2026 14:22:39,USR0023,PC-USR0023-01,colleague10@dTA.org,,,usr0023@dTA.org,450000.0,
EML0001233,01/08/2026 14:22:15,USR0024,PC-USR0024-01,colleague2@dTA.org,,,usr0024@dTA.org,450000.0,
EML0001234,01/08/2026 14:20:51,USR0024,PC-USR0024-01,colleague1@dTA.org,,,usr0024@dTA.org,450000.0,
EML0001235,01/08/2026 10:27:07,USR0024,PC-USR0024-01,colleague5@dTA.org,,,usr0024@dTA.org,450000.0,
EML0001236,01/08/2026 13:03:14,USR0024,PC-USR0024-01,colleague10@dTA.org,,,usr0024@dTA.org,450000.0,
EML0001237,01/08/2026 11:54:24,USR0024,PC-USR0024-01,colleague8@dTA.org,,,usr0024@dTA.org,450000.0,
EML0001238,01/08/2026 14:28:26,USR0024,PC-USR0024-01,colleague10@dTA.org,,,usr0024@dTA.org,450000.0,
EML0001239,01/08/2026 13:45:43,USR0025,PC-USR0025-01,colleague4@dTA.org,,,usr0025@dTA.org,450000.0,
EML0001240,01/08/2026 09:48:45,USR0025,PC-USR0025-01,colleague8@dTA.org,,,usr0025@dTA.org,450000.0,memo.docx
EML0001241,01/08/2026 11:53:06,USR0025,PC-USR0025-01,colleague9@dTA.org,,,usr0025@dTA.org,450000.0,memo.docx
EML0001242,01/08/2026 15:42:01,USR0025,PC-USR0025-01,colleague7@dTA.org,,,usr0025@dTA.org,450000.0,
EML0001243,01/08/2026 11:14:04,USR0025,PC-USR0025-01,colleague9@dTA.org,,,usr0025@dTA.org,450000.0,
EML0001244,01/08/2026 16:40:42,USR0025,PC-USR0025-01,colleague9@dTA.org,,,usr0025@dTA.org,450000.0,memo.docx
EML0001245,01/08/2026 10:42:51,USR0025,PC-USR0025-01,colleague1@dTA.org,,,usr0025@dTA.org,450000.0,
EML0001246,01/09/2026 10:21:56,AAE0190,PC-AAE0190-01,colleague2@dTA.org,,,aae0190@dTA.org,450000.0,
EML0001247,01/09/2026 12:29:23,AAE0190,PC-AAE0190-01,colleague8@dTA.org,,,aae0190@dTA.org,450000.0,
EML0001248,01/09/2026 09:53:54,AAE0190,PC-AAE0190-01,colleague8@dTA.org,,,aae0190@dTA.org,450000.0,
EML0001249,01/09/2026 15:42:57,AAE0190,PC-AAE0190-01,colleague1@dTA.org,,,aae0190@dTA.org,450000.0,
EML0001250,01/09/2026 15:05:58,AAE0190,PC-AAE0190-01,colleague7@dTA.org,,,aae0190@dTA.org,450000.0,
EML0001251,01/09/2026 10:13:48,AAE0190,PC-AAE0190-01,colleague6@dTA.org,,,aae0190@dTA.org,450000.0,
EML0001252,01/09/2026 11:52:34,AAE0190,PC-AAE0190-01,colleague5@dTA.org,,,aae0190@dTA.org,450000.0,
EML0001253,01/09/2026 12:24:54,AAE0190,PC-AAE0190-01,colleague10@dTA.org,,,aae0190@dTA.org,450000.0,
EML0001254,01/09/2026 10:40:56,USR0002,PC-USR0002-01,colleague6@dTA.org,,,usr0002@dTA.org,450000.0,
EML0001255,01/09/2026 16:39:26,USR0002,PC-USR0002-01,colleague9@dTA.org,,,usr0002@dTA.org,450000.0,
EML0001256,01/09/2026 13:25:11,USR0002,PC-USR0002-01,colleague2@dTA.org,,,usr0002@dTA.org,450000.0,memo.docx
EML0001257,01/09/2026 16:00:40,USR0002,PC-USR0002-01,colleague1@dTA.org,,,usr0002@dTA.org,450000.0,
EML0001258,01/09/2026 14:12:51,USR0003,PC-USR0003-01,colleague5@dTA.org,,,usr0003@dTA.org,450000.0,memo.docx
EML0001259,01/09/2026 13:36:43,USR0003,PC-USR0003-01,colleague8@dTA.org,,,usr0003@dTA.org,450000.0,
EML0001260,01/09/2026 16:08:40,USR0003,PC-USR0003-01,colleague1@dTA.org,,,usr0003@dTA.org,450000.0,
EML0001261,01/09/2026 12:11:18,USR0003,PC-USR0003-01,colleague3@dTA.org,,,usr0003@dTA.org,450000.0,
EML0001262,01/09/2026 12:52:40,USR0003,PC-USR0003-01,colleague1@dTA.org,,,usr0003@dTA.org,450000.0,
EML0001263,01/09/2026 10:43:47,USR0003,PC-USR0003-01,colleague8@dTA.org,,,usr0003@dTA.org,450000.0,
EML0001264,01/09/2026 15:12:14,USR0003,PC-USR0003-01,colleague3@dTA.org,,,usr0003@dTA.org,450000.0,
EML0001265,01/09/2026 12:00:42,USR0003,PC-USR0003-01,colleague9@dTA.org,,,usr0003@dTA.org,450000.0,
EML0001266,01/09/2026 16:48:10,USR0003,PC-USR0003-01,colleague5@dTA.org,,,usr0003@dTA.org,450000.0,
EML0001267,01/09/2026 11:22:46,USR0004,PC-USR0004-01,colleague5@dTA.org,,,usr0004@dTA.org,450000.0,
EML0001268,01/09/2026 09:46:49,USR0004,PC-USR0004-01,colleague5@dTA.org,,,usr0004@dTA.org,450000.0,
EML0001269,01/09/2026 11:51:30,USR0004,PC-USR0004-01,colleague6@dTA.org,,,usr0004@dTA.org,450000.0,
EML0001270,01/09/2026 13:37:31,USR0004,PC-USR0004-01,colleague9@dTA.org,,,usr0004@dTA.org,450000.0,
EML0001271,01/09/2026 16:33:55,USR0004,PC-USR0004-01,colleague7@dTA.org,,,usr0004@dTA.org,450000.0,
EML0001272,01/09/2026 16:59:11,USR0004,PC-USR0004-01,colleague6@dTA.org,,,usr0004@dTA.org,450000.0,
EML0001273,01/09/2026 10:21:33,USR0004,PC-USR0004-01,colleague1@dTA.org,,,usr0004@dTA.org,450000.0,
EML0001274,01/09/2026 15:28:33,USR0004,PC-USR0004-01,colleague10@dTA.org,,,usr0004@dTA.org,450000.0,
EML0001275,01/09/2026 16:07:22,USR0005,PC-USR0005-01,colleague4@dTA.org,,,usr0005@dTA.org,450000.0,
EML0001276,01/09/2026 16:32:47,USR0005,PC-USR0005-01,colleague10@dTA.org,,,usr0005@dTA.org,450000.0,
EML0001277,01/09/2026 11:33:58,USR0005,PC-USR0005-01,colleague8@dTA.org,,,usr0005@dTA.org,450000.0,
EML0001278,01/09/2026 11:59:50,USR0005,PC-USR0005-01,colleague3@dTA.org,,,usr0005@dTA.org,450000.0,
EML0001279,01/09/2026 15:27:20,USR0005,PC-USR0005-01,colleague5@dTA.org,,,usr0005@dTA.org,450000.0,
EML0001280,01/09/2026 13:08:31,USR0005,PC-USR0005-01,colleague5@dTA.org,,,usr0005@dTA.org,450000.0,
EML0001281,01/09/2026 13:27:44,USR0005,PC-USR0005-01,colleague5@dTA.org,,,usr0005@dTA.org,450000.0,
EML0001282,01/09/2026 12:06:25,USR0006,PC-USR0006-01,colleague4@dTA.org,,,usr0006@dTA.org,450000.0,
EML0001283,01/09/2026 11:56:23,USR0006,PC-USR0006-01,colleague4@dTA.org,,,usr0006@dTA.org,450000.0,
EML0001284,01/09/2026 12:45:27,USR0006,PC-USR0006-01,colleague4@dTA.org,,,usr0006@dTA.org,450000.0,memo.docx
EML0001285,01/09/2026 16:47:22,USR0006,PC-USR0006-01,colleague8@dTA.org,,,usr0006@dTA.org,450000.0,
EML0001286,01/09/2026 15:25:55,USR0006,PC-USR0006-01,colleague1@dTA.org,,,usr0006@dTA.org,450000.0,
EML0001287,01/09/2026 15:48:10,USR0007,PC-USR0007-01,colleague1@dTA.org,,,usr0007@dTA.org,450000.0,
EML0001288,01/09/2026 16:40:03,USR0007,PC-USR0007-01,colleague4@dTA.org,,,usr0007@dTA.org,450000.0,
EML0001289,01/09/2026 12:13:24,USR0007,PC-USR0007-01,colleague8@dTA.org,,,usr0007@dTA.org,450000.0,
EML0001290,01/09/2026 16:29:16,USR0007,PC-USR0007-01,colleague5@dTA.org,,,usr0007@dTA.org,450000.0,
EML0001291,01/09/2026 09:55:47,USR0007,PC-USR0007-01,colleague9@dTA.org,,,usr0007@dTA.org,450000.0,
EML0001292,01/09/2026 16:57:07,USR0007,PC-USR0007-01,colleague2@dTA.org,,,usr0007@dTA.org,450000.0,
EML0001293,01/09/2026 09:57:00,USR0007,PC-USR0007-01,colleague4@dTA.org,,,usr0007@dTA.org,450000.0,
EML0001294,01/09/2026 13:02:39,USR0007,PC-USR0007-01,colleague4@dTA.org,,,usr0007@dTA.org,450000.0,
EML0001295,01/09/2026 11:30:47,USR0007,PC-USR0007-01,colleague2@dTA.org,,,usr0007@dTA.org,450000.0,
EML0001296,01/09/2026 13:11:38,USR0008,PC-USR0008-01,colleague10@dTA.org,,,usr0008@dTA.org,450000.0,
EML0001297,01/09/2026 09:34:25,USR0008,PC-USR0008-01,colleague8@dTA.org,,,usr0008@dTA.org,450000.0,memo.docx
EML0001298,01/09/2026 11:26:42,USR0008,PC-USR0008-01,colleague7@dTA.org,,,usr0008@dTA.org,450000.0,memo.docx
EML0001299,01/09/2026 10:57:03,USR0008,PC-USR0008-01,colleague8@dTA.org,,,usr0008@dTA.org,450000.0,
EML0001300,01/09/2026 16:47:28,USR0008,PC-USR0008-01,colleague9@dTA.org,,,usr0008@dTA.org,450000.0,
EML0001301,01/09/2026 16:42:45,USR0008,PC-USR0008-01,colleague4@dTA.org,,,usr0008@dTA.org,450000.0,
EML0001302,01/09/2026 16:04:34,USR0008,PC-USR0008-01,colleague2@dTA.org,,,usr0008@dTA.org,450000.0,
EML0001303,01/09/2026 10:44:50,USR0009,PC-USR0009-01,colleague10@dTA.org,,,usr0009@dTA.org,450000.0,
EML0001304,01/09/2026 15:51:54,USR0009,PC-USR0009-01,colleague1@dTA.org,,,usr0009@dTA.org,450000.0,
EML0001305,01/09/2026 09:08:29,USR0009,PC-USR0009-01,colleague7@dTA.org,,,usr0009@dTA.org,450000.0,
EML0001306,01/09/2026 13:31:04,USR0009,PC-USR0009-01,colleague5@dTA.org,,,usr0009@dTA.org,450000.0,memo.docx
EML0001307,01/09/2026 12:10:05,USR0009,PC-USR0009-01,colleague2@dTA.org,,,usr0009@dTA.org,450000.0,memo.docx
EML0001308,01/09/2026 09:08:27,USR0009,PC-USR0009-01,colleague7@dTA.org,,,usr0009@dTA.org,450000.0,
EML0001309,01/09/2026 12:34:31,USR0010,PC-USR0010-01,colleague4@dTA.org,,,usr0010@dTA.org,450000.0,
EML0001310,01/09/2026 09:55:29,USR0010,PC-USR0010-01,colleague3@dTA.org,,,usr0010@dTA.org,450000.0,
EML0001311,01/09/2026 15:46:04,USR0010,PC-USR0010-01,colleague9@dTA.org,,,usr0010@dTA.org,450000.0,memo.docx
EML0001312,01/09/2026 13:15:57,USR0010,PC-USR0010-01,colleague9@dTA.org,,,usr0010@dTA.org,450000.0,
EML0001313,01/09/2026 10:24:52,USR0010,PC-USR0010-01,colleague9@dTA.org,,,usr0010@dTA.org,450000.0,
EML0001314,01/09/2026 11:54:29,USR0010,PC-USR0010-01,colleague3@dTA.org,,,usr0010@dTA.org,450000.0,
EML0001315,01/09/2026 09:52:38,USR0010,PC-USR0010-01,colleague10@dTA.org,,,usr0010@dTA.org,450000.0,memo.docx
EML0001316,01/09/2026 09:50:19,USR0010,PC-USR0010-01,colleague7@dTA.org,,,usr0010@dTA.org,450000.0,
EML0001317,01/09/2026 14:00:15,USR0010,PC-USR0010-01,colleague1@dTA.org,,,usr0010@dTA.org,450000.0,
EML0001318,01/09/2026 11:12:45,USR0011,PC-USR0011-01,colleague9@dTA.org,,,usr0011@dTA.org,450000.0,memo.docx
EML0001319,01/09/2026 13:21:21,USR0011,PC-USR0011-01,colleague3@dTA.org,,,usr0011@dTA.org,450000.0,
EML0001320,01/09/2026 16:27:40,USR0011,PC-USR0011-01,colleague3@dTA.org,,,usr0011@dTA.org,450000.0,
EML0001321,01/09/2026 09:56:11,USR0011,PC-USR0011-01,colleague4@dTA.org,,,usr0011@dTA.org,450000.0,
EML0001322,01/09/2026 13:01:43,USR0011,PC-USR0011-01,colleague10@dTA.org,,,usr0011@dTA.org,450000.0,
EML0001323,01/09/2026 15:32:38,USR0011,PC-USR0011-01,colleague2@dTA.org,,,usr0011@dTA.org,450000.0,
EML0001324,01/09/2026 14:00:30,USR0011,PC-USR0011-01,colleague9@dTA.org,,,usr0011@dTA.org,450000.0,
EML0001325,01/09/2026 12:15:14,USR0012,PC-USR0012-01,colleague1@dTA.org,,,usr0012@dTA.org,450000.0,memo.docx
EML0001326,01/09/2026 11:21:24,USR0012,PC-USR0012-01,colleague10@dTA.org,,,usr0012@dTA.org,450000.0,
EML0001327,01/09/2026 15:17:28,USR0012,PC-USR0012-01,colleague5@dTA.org,,,usr0012@dTA.org,450000.0,
EML0001328,01/09/2026 10:12:59,USR0012,PC-USR0012-01,colleague4@dTA.org,,,usr0012@dTA.org,450000.0,memo.docx
EML0001329,01/09/2026 10:22:05,USR0012,PC-USR0012-01,colleague10@dTA.org,,,usr0012@dTA.org,450000.0,
EML0001330,01/09/2026 12:39:18,USR0012,PC-USR0012-01,colleague9@dTA.org,,,usr0012@dTA.org,450000.0,
EML0001331,01/09/2026 13:10:09,USR0012,PC-USR0012-01,colleague7@dTA.org,,,usr0012@dTA.org,450000.0,
EML0001332,01/09/2026 12:05:23,USR0012,PC-USR0012-01,colleague5@dTA.org,,,usr0012@dTA.org,450000.0,
EML0001333,01/09/2026 09:37:56,USR0012,PC-USR0012-01,colleague10@dTA.org,,,usr0012@dTA.org,450000.0,memo.docx
EML0001334,01/09/2026 15:21:29,USR0013,PC-USR0013-01,colleague5@dTA.org,,,usr0013@dTA.org,450000.0,memo.docx
EML0001335,01/09/2026 15:09:52,USR0013,PC-USR0013-01,colleague1@dTA.org,,,usr0013@dTA.org,450000.0,
EML0001336,01/09/2026 10:19:43,USR0013,PC-USR0013-01,colleague9@dTA.org,,,usr0013@dTA.org,450000.0,
EML0001337,01/09/2026 10:37:32,USR0013,PC-USR0013-01,colleague8@dTA.org,,,usr0013@dTA.org,450000.0,memo.docx
EML0001338,01/09/2026 11:53:37,USR0013,PC-USR0013-01,colleague9@dTA.org,,,usr0013@dTA.org,450000.0,memo.docx
EML0001339,01/09/2026 12:00:48,USR0013,PC-USR0013-01,colleague1@dTA.org,,,usr0013@dTA.org,450000.0,
EML0001340,01/09/2026 12:59:41,USR0013,PC-USR0013-01,colleague4@dTA.org,,,usr0013@dTA.org,450000.0,
EML0001341,01/09/2026 13:57:05,USR0013,PC-USR0013-01,colleague10@dTA.org,,,usr0013@dTA.org,450000.0,
EML0001342,01/09/2026 15:52:33,USR0014,PC-USR0014-01,colleague7@dTA.org,,,usr0014@dTA.org,450000.0,
EML0001343,01/09/2026 16:08:06,USR0014,PC-USR0014-01,colleague9@dTA.org,,,usr0014@dTA.org,450000.0,
EML0001344,01/09/2026 12:53:22,USR0014,PC-USR0014-01,colleague9@dTA.org,,,usr0014@dTA.org,450000.0,
EML0001345,01/09/2026 09:51:51,USR0014,PC-USR0014-01,colleague5@dTA.org,,,usr0014@dTA.org,450000.0,
EML0001346,01/09/2026 14:44:29,USR0014,PC-USR0014-01,colleague2@dTA.org,,,usr0014@dTA.org,450000.0,
EML0001347,01/09/2026 11:53:26,USR0014,PC-USR0014-01,colleague6@dTA.org,,,usr0014@dTA.org,450000.0,
EML0001348,01/09/2026 14:24:54,USR0014,PC-USR0014-01,colleague5@dTA.org,,,usr0014@dTA.org,450000.0,memo.docx
EML0001349,01/09/2026 15:20:25,USR0014,PC-USR0014-01,colleague7@dTA.org,,,usr0014@dTA.org,450000.0,
EML0001350,01/09/2026 10:21:29,USR0014,PC-USR0014-01,colleague2@dTA.org,,,usr0014@dTA.org,450000.0,
EML0001351,01/09/2026 10:08:02,USR0014,PC-USR0014-01,colleague8@dTA.org,,,usr0014@dTA.org,450000.0,memo.docx
EML0001352,01/09/2026 13:24:34,USR0015,PC-USR0015-01,colleague3@dTA.org,,,usr0015@dTA.org,450000.0,
EML0001353,01/09/2026 14:05:25,USR0015,PC-USR0015-01,colleague6@dTA.org,,,usr0015@dTA.org,450000.0,memo.docx
EML0001354,01/09/2026 16:56:13,USR0015,PC-USR0015-01,colleague6@dTA.org,,,usr0015@dTA.org,450000.0,memo.docx
EML0001355,01/09/2026 16:30:33,USR0015,PC-USR0015-01,colleague7@dTA.org,,,usr0015@dTA.org,450000.0,
EML0001356,01/09/2026 10:17:18,USR0015,PC-USR0015-01,colleague9@dTA.org,,,usr0015@dTA.org,450000.0,
EML0001357,01/09/2026 16:28:19,USR0015,PC-USR0015-01,colleague8@dTA.org,,,usr0015@dTA.org,450000.0,
EML0001358,01/09/2026 12:37:28,USR0015,PC-USR0015-01,colleague2@dTA.org,,,usr0015@dTA.org,450000.0,
EML0001359,01/09/2026 14:38:46,USR0016,PC-USR0016-01,colleague7@dTA.org,,,usr0016@dTA.org,450000.0,
EML0001360,01/09/2026 13:27:33,USR0016,PC-USR0016-01,colleague5@dTA.org,,,usr0016@dTA.org,450000.0,
EML0001361,01/09/2026 12:45:06,USR0016,PC-USR0016-01,colleague1@dTA.org,,,usr0016@dTA.org,450000.0,
EML0001362,01/09/2026 09:12:54,USR0016,PC-USR0016-01,colleague6@dTA.org,,,usr0016@dTA.org,450000.0,
EML0001363,01/09/2026 14:32:45,USR0016,PC-USR0016-01,colleague8@dTA.org,,,usr0016@dTA.org,450000.0,memo.docx
EML0001364,01/09/2026 12:43:11,USR0016,PC-USR0016-01,colleague8@dTA.org,,,usr0016@dTA.org,450000.0,
EML0001365,01/09/2026 11:31:40,USR0016,PC-USR0016-01,colleague2@dTA.org,,,usr0016@dTA.org,450000.0,
EML0001366,01/09/2026 15:19:11,USR0016,PC-USR0016-01,colleague2@dTA.org,,,usr0016@dTA.org,450000.0,
EML0001367,01/09/2026 13:52:35,USR0017,PC-USR0017-01,colleague10@dTA.org,,,usr0017@dTA.org,450000.0,memo.docx
EML0001368,01/09/2026 09:05:05,USR0017,PC-USR0017-01,colleague4@dTA.org,,,usr0017@dTA.org,450000.0,
EML0001369,01/09/2026 11:06:22,USR0017,PC-USR0017-01,colleague9@dTA.org,,,usr0017@dTA.org,450000.0,
EML0001370,01/09/2026 10:37:09,USR0017,PC-USR0017-01,colleague8@dTA.org,,,usr0017@dTA.org,450000.0,
EML0001371,01/09/2026 11:17:18,USR0017,PC-USR0017-01,colleague4@dTA.org,,,usr0017@dTA.org,450000.0,
EML0001372,01/09/2026 09:31:39,USR0018,PC-USR0018-01,colleague2@dTA.org,,,usr0018@dTA.org,450000.0,memo.docx
EML0001373,01/09/2026 11:39:58,USR0018,PC-USR0018-01,colleague3@dTA.org,,,usr0018@dTA.org,450000.0,
EML0001374,01/09/2026 14:36:07,USR0018,PC-USR0018-01,colleague4@dTA.org,,,usr0018@dTA.org,450000.0,
EML0001375,01/09/2026 14:13:05,USR0018,PC-USR0018-01,colleague6@dTA.org,,,usr0018@dTA.org,450000.0,
EML0001376,01/09/2026 15:10:45,USR0018,PC-USR0018-01,colleague9@dTA.org,,,usr0018@dTA.org,450000.0,
EML0001377,01/09/2026 11:45:19,USR0018,PC-USR0018-01,colleague6@dTA.org,,,usr0018@dTA.org,450000.0,
EML0001378,01/09/2026 09:49:17,USR0018,PC-USR0018-01,colleague1@dTA.org,,,usr0018@dTA.org,450000.0,
EML0001379,01/09/2026 10:17:50,USR0018,PC-USR0018-01,colleague8@dTA.org,,,usr0018@dTA.org,450000.0,
EML0001380,01/09/2026 10:48:53,USR0018,PC-USR0018-01,colleague7@dTA.org,,,usr0018@dTA.org,450000.0,
EML0001381,01/09/2026 11:04:34,USR0018,PC-USR0018-01,colleague3@dTA.org,,,usr0018@dTA.org,450000.0,
EML0001382,01/09/2026 15:17:01,USR0019,PC-USR0019-01,colleague9@dTA.org,,,usr0019@dTA.org,450000.0,memo.docx
EML0001383,01/09/2026 15:28:07,USR0019,PC-USR0019-01,colleague1@dTA.org,,,usr0019@dTA.org,450000.0,
EML0001384,01/09/2026 16:39:24,USR0019,PC-USR0019-01,colleague6@dTA.org,,,usr0019@dTA.org,450000.0,memo.docx
EML0001385,01/09/2026 14:38:10,USR0019,PC-USR0019-01,colleague1@dTA.org,,,usr0019@dTA.org,450000.0,
EML0001386,01/09/2026 13:21:05,USR0020,PC-USR0020-01,colleague5@dTA.org,,,usr0020@dTA.org,450000.0,memo.docx
EML0001387,01/09/2026 14:29:08,USR0020,PC-USR0020-01,colleague10@dTA.org,,,usr0020@dTA.org,450000.0,
EML0001388,01/09/2026 10:16:08,USR0020,PC-USR0020-01,colleague7@dTA.org,,,usr0020@dTA.org,450000.0,
EML0001389,01/09/2026 16:04:14,USR0020,PC-USR0020-01,colleague4@dTA.org,,,usr0020@dTA.org,450000.0,
EML0001390,01/09/2026 10:17:14,USR0020,PC-USR0020-01,colleague9@dTA.org,,,usr0020@dTA.org,450000.0,memo.docx
EML0001391,01/09/2026 15:50:18,USR0020,PC-USR0020-01,colleague7@dTA.org,,,usr0020@dTA.org,450000.0,memo.docx
EML0001392,01/09/2026 11:13:46,USR0020,PC-USR0020-01,colleague10@dTA.org,,,usr0020@dTA.org,450000.0,
EML0001393,01/09/2026 13:23:47,USR0020,PC-USR0020-01,colleague3@dTA.org,,,usr0020@dTA.org,450000.0,
EML0001394,01/09/2026 13:04:03,USR0021,PC-USR0021-01,colleague2@dTA.org,,,usr0021@dTA.org,450000.0,memo.docx
EML0001395,01/09/2026 11:02:51,USR0021,PC-USR0021-01,colleague2@dTA.org,,,usr0021@dTA.org,450000.0,
EML0001396,01/09/2026 13:29:16,USR0021,PC-USR0021-01,colleague9@dTA.org,,,usr0021@dTA.org,450000.0,memo.docx
EML0001397,01/09/2026 14:43:30,USR0021,PC-USR0021-01,colleague10@dTA.org,,,usr0021@dTA.org,450000.0,
EML0001398,01/09/2026 13:56:08,USR0021,PC-USR0021-01,colleague4@dTA.org,,,usr0021@dTA.org,450000.0,
EML0001399,01/09/2026 13:34:25,USR0022,PC-USR0022-01,colleague8@dTA.org,,,usr0022@dTA.org,450000.0,memo.docx
EML0001400,01/09/2026 15:44:39,USR0022,PC-USR0022-01,colleague9@dTA.org,,,usr0022@dTA.org,450000.0,
EML0001401,01/09/2026 13:17:52,USR0022,PC-USR0022-01,colleague5@dTA.org,,,usr0022@dTA.org,450000.0,
EML0001402,01/09/2026 10:34:22,USR0022,PC-USR0022-01,colleague2@dTA.org,,,usr0022@dTA.org,450000.0,memo.docx
EML0001403,01/09/2026 14:16:42,USR0022,PC-USR0022-01,colleague3@dTA.org,,,usr0022@dTA.org,450000.0,
EML0001404,01/09/2026 13:30:58,USR0023,PC-USR0023-01,colleague10@dTA.org,,,usr0023@dTA.org,450000.0,
EML0001405,01/09/2026 15:27:58,USR0023,PC-USR0023-01,colleague8@dTA.org,,,usr0023@dTA.org,450000.0,
EML0001406,01/09/2026 09:12:06,USR0023,PC-USR0023-01,colleague8@dTA.org,,,usr0023@dTA.org,450000.0,memo.docx
EML0001407,01/09/2026 13:03:39,USR0023,PC-USR0023-01,colleague10@dTA.org,,,usr0023@dTA.org,450000.0,
EML0001408,01/09/2026 16:22:05,USR0023,PC-USR0023-01,colleague4@dTA.org,,,usr0023@dTA.org,450000.0,
EML0001409,01/09/2026 13:33:07,USR0023,PC-USR0023-01,colleague5@dTA.org,,,usr0023@dTA.org,450000.0,
EML0001410,01/09/2026 10:36:35,USR0024,PC-USR0024-01,colleague9@dTA.org,,,usr0024@dTA.org,450000.0,
EML0001411,01/09/2026 13:41:19,USR0024,PC-USR0024-01,colleague8@dTA.org,,,usr0024@dTA.org,450000.0,memo.docx
EML0001412,01/09/2026 11:05:30,USR0024,PC-USR0024-01,colleague8@dTA.org,,,usr0024@dTA.org,450000.0,
EML0001413,01/09/2026 14:18:20,USR0024,PC-USR0024-01,colleague8@dTA.org,,,usr0024@dTA.org,450000.0,
EML0001414,01/09/2026 16:59:43,USR0024,PC-USR0024-01,colleague8@dTA.org,,,usr0024@dTA.org,450000.0,memo.docx
EML0001415,01/09/2026 12:44:55,USR0025,PC-USR0025-01,colleague7@dTA.org,,,usr0025@dTA.org,450000.0,
EML0001416,01/09/2026 09:29:00,USR0025,PC-USR0025-01,colleague7@dTA.org,,,usr0025@dTA.org,450000.0,
EML0001417,01/09/2026 16:09:45,USR0025,PC-USR0025-01,colleague4@dTA.org,,,usr0025@dTA.org,450000.0,
EML0001418,01/09/2026 12:35:40,USR0025,PC-USR0025-01,colleague10@dTA.org,,,usr0025@dTA.org,450000.0,
EML0001419,01/09/2026 14:05:29,USR0025,PC-USR0025-01,colleague6@dTA.org,,,usr0025@dTA.org,450000.0,
EML0001420,01/09/2026 09:19:29,USR0025,PC-USR0025-01,colleague8@dTA.org,,,usr0025@dTA.org,450000.0,memo.docx
EML0001421,01/12/2026 12:10:10,AAE0190,PC-AAE0190-01,colleague6@dTA.org,,,aae0190@dTA.org,450000.0,
EML0001422,01/12/2026 12:21:01,AAE0190,PC-AAE0190-01,colleague3@dTA.org,,,aae0190@dTA.org,450000.0,
EML0001423,01/12/2026 11:28:59,AAE0190,PC-AAE0190-01,colleague8@dTA.org,,,aae0190@dTA.org,450000.0,
EML0001424,01/12/2026 15:40:37,AAE0190,PC-AAE0190-01,colleague1@dTA.org,,,aae0190@dTA.org,450000.0,memo.docx
EML0001425,01/12/2026 13:31:55,AAE0190,PC-AAE0190-01,colleague2@dTA.org,,,aae0190@dTA.org,450000.0,
EML0001426,01/12/2026 16:56:00,AAE0190,PC-AAE0190-01,colleague6@dTA.org,,,aae0190@dTA.org,450000.0,
EML0001427,01/12/2026 16:56:43,AAE0190,PC-AAE0190-01,colleague8@dTA.org,,,aae0190@dTA.org,450000.0,
EML0001428,01/12/2026 11:10:11,AAE0190,PC-AAE0190-01,colleague2@dTA.org,,,aae0190@dTA.org,450000.0,
EML0001429,01/12/2026 11:46:58,AAE0190,PC-AAE0190-01,colleague1@dTA.org,,,aae0190@dTA.org,450000.0,memo.docx
EML0001430,01/12/2026 13:00:40,AAE0190,PC-AAE0190-01,colleague3@dTA.org,,,aae0190@dTA.org,450000.0,
EML0001431,01/12/2026 13:08:59,AAE0190,PC-AAE0190-01,colleague1@dTA.org,,,aae0190@dTA.org,450000.0,memo.docx
EML0001432,01/12/2026 16:40:13,AAE0190,PC-AAE0190-01,colleague9@dTA.org,,,aae0190@dTA.org,450000.0,
EML0001433,01/12/2026 15:16:26,USR0002,PC-USR0002-01,colleague2@dTA.org,,,usr0002@dTA.org,450000.0,
EML0001434,01/12/2026 13:32:15,USR0002,PC-USR0002-01,colleague9@dTA.org,,,usr0002@dTA.org,450000.0,
EML0001435,01/12/2026 14:25:46,USR0002,PC-USR0002-01,colleague1@dTA.org,,,usr0002@dTA.org,450000.0,memo.docx
EML0001436,01/12/2026 15:32:21,USR0002,PC-USR0002-01,colleague9@dTA.org,,,usr0002@dTA.org,450000.0,
EML0001437,01/12/2026 09:18:41,USR0003,PC-USR0003-01,colleague4@dTA.org,,,usr0003@dTA.org,450000.0,
EML0001438,01/12/2026 16:49:36,USR0003,PC-USR0003-01,colleague3@dTA.org,,,usr0003@dTA.org,450000.0,
EML0001439,01/12/2026 12:19:57,USR0003,PC-USR0003-01,colleague2@dTA.org,,,usr0003@dTA.org,450000.0,memo.docx
EML0001440,01/12/2026 11:54:19,USR0003,PC-USR0003-01,colleague3@dTA.org,,,usr0003@dTA.org,450000.0,
EML0001441,01/12/2026 14:38:43,USR0003,PC-USR0003-01,colleague7@dTA.org,,,usr0003@dTA.org,450000.0,
EML0001442,01/12/2026 12:17:01,USR0004,PC-USR0004-01,colleague1@dTA.org,,,usr0004@dTA.org,450000.0,
EML0001443,01/12/2026 16:50:04,USR0004,PC-USR0004-01,colleague7@dTA.org,,,usr0004@dTA.org,450000.0,
EML0001444,01/12/2026 10:47:01,USR0004,PC-USR0004-01,colleague9@dTA.org,,,usr0004@dTA.org,450000.0,
EML0001445,01/12/2026 12:49:07,USR0004,PC-USR0004-01,colleague8@dTA.org,,,usr0004@dTA.org,450000.0,
EML0001446,01/12/2026 13:53:38,USR0004,PC-USR0004-01,colleague10@dTA.org,,,usr0004@dTA.org,450000.0,
EML0001447,01/12/2026 11:06:23,USR0004,PC-USR0004-01,colleague6@dTA.org,,,usr0004@dTA.org,450000.0,
EML0001448,01/12/2026 12:54:39,USR0004,PC-USR0004-01,colleague8@dTA.org,,,usr0004@dTA.org,450000.0,
EML0001449,01/12/2026 14:12:06,USR0004,PC-USR0004-01,colleague8@dTA.org,,,usr0004@dTA.org,450000.0,
EML0001450,01/12/2026 11:52:59,USR0004,PC-USR0004-01,colleague9@dTA.org,,,usr0004@dTA.org,450000.0,
EML0001451,01/12/2026 11:59:42,USR0004,PC-USR0004-01,colleague3@dTA.org,,,usr0004@dTA.org,450000.0,
EML0001452,01/12/2026 09:57:57,USR0004,PC-USR0004-01,colleague1@dTA.org,,,usr0004@dTA.org,450000.0,memo.docx
EML0001453,01/12/2026 14:36:12,USR0004,PC-USR0004-01,colleague8@dTA.org,,,usr0004@dTA.org,450000.0,
EML0001454,01/12/2026 11:06:18,USR0005,PC-USR0005-01,colleague7@dTA.org,,,usr0005@dTA.org,450000.0,
EML0001455,01/12/2026 16:03:41,USR0005,PC-USR0005-01,colleague1@dTA.org,,,usr0005@dTA.org,450000.0,
EML0001456,01/12/2026 14:33:13,USR0005,PC-USR0005-01,colleague1@dTA.org,,,usr0005@dTA.org,450000.0,
EML0001457,01/12/2026 15:13:09,USR0005,PC-USR0005-01,colleague4@dTA.org,,,usr0005@dTA.org,450000.0,memo.docx
EML0001458,01/12/2026 11:25:22,USR0005,PC-USR0005-01,colleague6@dTA.org,,,usr0005@dTA.org,450000.0,
EML0001459,01/12/2026 14:19:29,USR0006,PC-USR0006-01,colleague3@dTA.org,,,usr0006@dTA.org,450000.0,memo.docx
EML0001460,01/12/2026 11:27:17,USR0006,PC-USR0006-01,colleague7@dTA.org,,,usr0006@dTA.org,450000.0,
EML0001461,01/12/2026 11:37:26,USR0006,PC-USR0006-01,colleague8@dTA.org,,,usr0006@dTA.org,450000.0,
EML0001462,01/12/2026 13:57:30,USR0006,PC-USR0006-01,colleague2@dTA.org,,,usr0006@dTA.org,450000.0,
EML0001463,01/12/2026 11:16:30,USR0007,PC-USR0007-01,colleague7@dTA.org,,,usr0007@dTA.org,450000.0,
EML0001464,01/12/2026 16:17:03,USR0007,PC-USR0007-01,colleague4@dTA.org,,,usr0007@dTA.org,450000.0,
EML0001465,01/12/2026 12:45:02,USR0007,PC-USR0007-01,colleague1@dTA.org,,,usr0007@dTA.org,450000.0,
EML0001466,01/12/2026 15:33:17,USR0007,PC-USR0007-01,colleague2@dTA.org,,,usr0007@dTA.org,450000.0,
EML0001467,01/12/2026 11:31:13,USR0007,PC-USR0007-01,colleague5@dTA.org,,,usr0007@dTA.org,450000.0,memo.docx
EML0001468,01/12/2026 16:51:21,USR0007,PC-USR0007-01,colleague5@dTA.org,,,usr0007@dTA.org,450000.0,memo.docx
EML0001469,01/12/2026 11:24:12,USR0007,PC-USR0007-01,colleague1@dTA.org,,,usr0007@dTA.org,450000.0,
EML0001470,01/12/2026 10:51:50,USR0007,PC-USR0007-01,colleague6@dTA.org,,,usr0007@dTA.org,450000.0,
EML0001471,01/12/2026 11:08:39,USR0007,PC-USR0007-01,colleague9@dTA.org,,,usr0007@dTA.org,450000.0,
EML0001472,01/12/2026 11:09:04,USR0007,PC-USR0007-01,colleague4@dTA.org,,,usr0007@dTA.org,450000.0,
EML0001473,01/12/2026 16:01:16,USR0007,PC-USR0007-01,colleague6@dTA.org,,,usr0007@dTA.org,450000.0,
EML0001474,01/12/2026 16:13:09,USR0008,PC-USR0008-01,colleague4@dTA.org,,,usr0008@dTA.org,450000.0,
EML0001475,01/12/2026 13:55:56,USR0008,PC-USR0008-01,colleague10@dTA.org,,,usr0008@dTA.org,450000.0,
EML0001476,01/12/2026 11:38:10,USR0008,PC-USR0008-01,colleague2@dTA.org,,,usr0008@dTA.org,450000.0,
EML0001477,01/12/2026 11:19:00,USR0008,PC-USR0008-01,colleague7@dTA.org,,,usr0008@dTA.org,450000.0,memo.docx
EML0001478,01/12/2026 15:43:39,USR0008,PC-USR0008-01,colleague5@dTA.org,,,usr0008@dTA.org,450000.0,
EML0001479,01/12/2026 14:25:37,USR0008,PC-USR0008-01,colleague3@dTA.org,,,usr0008@dTA.org,450000.0,
EML0001480,01/12/2026 13:59:23,USR0008,PC-USR0008-01,colleague1@dTA.org,,,usr0008@dTA.org,450000.0,
EML0001481,01/12/2026 15:39:22,USR0008,PC-USR0008-01,colleague9@dTA.org,,,usr0008@dTA.org,450000.0,memo.docx
EML0001482,01/12/2026 10:58:54,USR0008,PC-USR0008-01,colleague7@dTA.org,,,usr0008@dTA.org,450000.0,
EML0001483,01/12/2026 10:12:17,USR0008,PC-USR0008-01,colleague4@dTA.org,,,usr0008@dTA.org,450000.0,
EML0001484,01/12/2026 10:09:48,USR0008,PC-USR0008-01,colleague6@dTA.org,,,usr0008@dTA.org,450000.0,
EML0001485,01/12/2026 13:52:19,USR0009,PC-USR0009-01,colleague4@dTA.org,,,usr0009@dTA.org,450000.0,
EML0001486,01/12/2026 09:42:25,USR0009,PC-USR0009-01,colleague9@dTA.org,,,usr0009@dTA.org,450000.0,
EML0001487,01/12/2026 13:23:29,USR0009,PC-USR0009-01,colleague10@dTA.org,,,usr0009@dTA.org,450000.0,
EML0001488,01/12/2026 14:47:51,USR0009,PC-USR0009-01,colleague8@dTA.org,,,usr0009@dTA.org,450000.0,memo.docx
EML0001489,01/12/2026 10:21:40,USR0009,PC-USR0009-01,colleague7@dTA.org,,,usr0009@dTA.org,450000.0,
EML0001490,01/12/2026 16:41:08,USR0009,PC-USR0009-01,colleague9@dTA.org,,,usr0009@dTA.org,450000.0,memo.docx
EML0001491,01/12/2026 15:05:12,USR0009,PC-USR0009-01,colleague1@dTA.org,,,usr0009@dTA.org,450000.0,memo.docx
EML0001492,01/12/2026 12:54:10,USR0009,PC-USR0009-01,colleague8@dTA.org,,,usr0009@dTA.org,450000.0,
EML0001493,01/12/2026 15:13:38,USR0009,PC-USR0009-01,colleague2@dTA.org,,,usr0009@dTA.org,450000.0,
EML0001494,01/12/2026 13:49:38,USR0009,PC-USR0009-01,colleague8@dTA.org,,,usr0009@dTA.org,450000.0,
EML0001495,01/12/2026 15:00:48,USR0010,PC-USR0010-01,colleague9@dTA.org,,,usr0010@dTA.org,450000.0,memo.docx
EML0001496,01/12/2026 16:19:00,USR0010,PC-USR0010-01,colleague8@dTA.org,,,usr0010@dTA.org,450000.0,
EML0001497,01/12/2026 13:59:13,USR0010,PC-USR0010-01,colleague5@dTA.org,,,usr0010@dTA.org,450000.0,
EML0001498,01/12/2026 10:42:29,USR0010,PC-USR0010-01,colleague6@dTA.org,,,usr0010@dTA.org,450000.0,
EML0001499,01/12/2026 15:05:53,USR0010,PC-USR0010-01,colleague10@dTA.org,,,usr0010@dTA.org,450000.0,
EML0001500,01/12/2026 10:14:10,USR0010,PC-USR0010-01,colleague4@dTA.org,,,usr0010@dTA.org,450000.0,
EML0001501,01/12/2026 11:39:23,USR0010,PC-USR0010-01,colleague1@dTA.org,,,usr0010@dTA.org,450000.0,memo.docx
EML0001502,01/12/2026 16:51:24,USR0010,PC-USR0010-01,colleague2@dTA.org,,,usr0010@dTA.org,450000.0,memo.docx
EML0001503,01/12/2026 13:26:36,USR0011,PC-USR0011-01,colleague4@dTA.org,,,usr0011@dTA.org,450000.0,
EML0001504,01/12/2026 10:26:39,USR0011,PC-USR0011-01,colleague8@dTA.org,,,usr0011@dTA.org,450000.0,
EML0001505,01/12/2026 12:42:59,USR0011,PC-USR0011-01,colleague8@dTA.org,,,usr0011@dTA.org,450000.0,
EML0001506,01/12/2026 16:30:50,USR0011,PC-USR0011-01,colleague3@dTA.org,,,usr0011@dTA.org,450000.0,
EML0001507,01/12/2026 13:14:59,USR0011,PC-USR0011-01,colleague10@dTA.org,,,usr0011@dTA.org,450000.0,
EML0001508,01/12/2026 10:32:32,USR0011,PC-USR0011-01,colleague9@dTA.org,,,usr0011@dTA.org,450000.0,
EML0001509,01/12/2026 14:35:06,USR0012,PC-USR0012-01,colleague6@dTA.org,,,usr0012@dTA.org,450000.0,memo.docx
EML0001510,01/12/2026 10:34:50,USR0012,PC-USR0012-01,colleague6@dTA.org,,,usr0012@dTA.org,450000.0,
EML0001511,01/12/2026 13:03:03,USR0012,PC-USR0012-01,colleague5@dTA.org,,,usr0012@dTA.org,450000.0,
EML0001512,01/12/2026 15:21:27,USR0012,PC-USR0012-01,colleague1@dTA.org,,,usr0012@dTA.org,450000.0,
EML0001513,01/12/2026 15:36:23,USR0012,PC-USR0012-01,colleague5@dTA.org,,,usr0012@dTA.org,450000.0,
EML0001514,01/12/2026 14:57:24,USR0012,PC-USR0012-01,colleague10@dTA.org,,,usr0012@dTA.org,450000.0,
EML0001515,01/12/2026 16:23:23,USR0012,PC-USR0012-01,colleague7@dTA.org,,,usr0012@dTA.org,450000.0,
EML0001516,01/12/2026 13:15:37,USR0013,PC-USR0013-01,colleague6@dTA.org,,,usr0013@dTA.org,450000.0,
EML0001517,01/12/2026 16:11:23,USR0013,PC-USR0013-01,colleague9@dTA.org,,,usr0013@dTA.org,450000.0,memo.docx
EML0001518,01/12/2026 14:49:14,USR0013,PC-USR0013-01,colleague6@dTA.org,,,usr0013@dTA.org,450000.0,
EML0001519,01/12/2026 15:09:55,USR0013,PC-USR0013-01,colleague1@dTA.org,,,usr0013@dTA.org,450000.0,memo.docx
EML0001520,01/12/2026 11:53:14,USR0013,PC-USR0013-01,colleague1@dTA.org,,,usr0013@dTA.org,450000.0,memo.docx
EML0001521,01/12/2026 10:58:46,USR0013,PC-USR0013-01,colleague10@dTA.org,,,usr0013@dTA.org,450000.0,memo.docx
EML0001522,01/12/2026 15:03:54,USR0013,PC-USR0013-01,colleague2@dTA.org,,,usr0013@dTA.org,450000.0,
EML0001523,01/12/2026 14:20:44,USR0013,PC-USR0013-01,colleague6@dTA.org,,,usr0013@dTA.org,450000.0,
EML0001524,01/12/2026 09:22:06,USR0013,PC-USR0013-01,colleague9@dTA.org,,,usr0013@dTA.org,450000.0,memo.docx
EML0001525,01/12/2026 16:54:43,USR0013,PC-USR0013-01,colleague7@dTA.org,,,usr0013@dTA.org,450000.0,
EML0001526,01/12/2026 10:19:10,USR0013,PC-USR0013-01,colleague7@dTA.org,,,usr0013@dTA.org,450000.0,
EML0001527,01/12/2026 11:18:19,USR0013,PC-USR0013-01,colleague4@dTA.org,,,usr0013@dTA.org,450000.0,
EML0001528,01/12/2026 15:03:57,USR0014,PC-USR0014-01,colleague2@dTA.org,,,usr0014@dTA.org,450000.0,
EML0001529,01/12/2026 10:19:30,USR0014,PC-USR0014-01,colleague3@dTA.org,,,usr0014@dTA.org,450000.0,
EML0001530,01/12/2026 11:52:43,USR0014,PC-USR0014-01,colleague3@dTA.org,,,usr0014@dTA.org,450000.0,
EML0001531,01/12/2026 13:21:12,USR0014,PC-USR0014-01,colleague2@dTA.org,,,usr0014@dTA.org,450000.0,
EML0001532,01/12/2026 14:05:24,USR0014,PC-USR0014-01,colleague5@dTA.org,,,usr0014@dTA.org,450000.0,
EML0001533,01/12/2026 10:35:42,USR0014,PC-USR0014-01,colleague1@dTA.org,,,usr0014@dTA.org,450000.0,
EML0001534,01/12/2026 13:54:00,USR0014,PC-USR0014-01,colleague1@dTA.org,,,usr0014@dTA.org,450000.0,
EML0001535,01/12/2026 11:37:19,USR0015,PC-USR0015-01,colleague3@dTA.org,,,usr0015@dTA.org,450000.0,
EML0001536,01/12/2026 10:58:37,USR0015,PC-USR0015-01,colleague2@dTA.org,,,usr0015@dTA.org,450000.0,
EML0001537,01/12/2026 12:28:44,USR0015,PC-USR0015-01,colleague10@dTA.org,,,usr0015@dTA.org,450000.0,
EML0001538,01/12/2026 09:02:17,USR0015,PC-USR0015-01,colleague8@dTA.org,,,usr0015@dTA.org,450000.0,memo.docx
EML0001539,01/12/2026 11:44:46,USR0015,PC-USR0015-01,colleague9@dTA.org,,,usr0015@dTA.org,450000.0,
EML0001540,01/12/2026 11:13:37,USR0015,PC-USR0015-01,colleague8@dTA.org,,,usr0015@dTA.org,450000.0,
EML0001541,01/12/2026 16:00:49,USR0015,PC-USR0015-01,colleague9@dTA.org,,,usr0015@dTA.org,450000.0,
EML0001542,01/12/2026 16:30:02,USR0015,PC-USR0015-01,colleague2@dTA.org,,,usr0015@dTA.org,450000.0,
EML0001543,01/12/2026 11:57:47,USR0015,PC-USR0015-01,colleague5@dTA.org,,,usr0015@dTA.org,450000.0,
EML0001544,01/12/2026 13:18:15,USR0015,PC-USR0015-01,colleague2@dTA.org,,,usr0015@dTA.org,450000.0,memo.docx
EML0001545,01/12/2026 11:39:36,USR0015,PC-USR0015-01,colleague4@dTA.org,,,usr0015@dTA.org,450000.0,
EML0001546,01/12/2026 10:56:18,USR0016,PC-USR0016-01,colleague5@dTA.org,,,usr0016@dTA.org,450000.0,
EML0001547,01/12/2026 10:30:37,USR0016,PC-USR0016-01,colleague3@dTA.org,,,usr0016@dTA.org,450000.0,
EML0001548,01/12/2026 15:21:04,USR0016,PC-USR0016-01,colleague5@dTA.org,,,usr0016@dTA.org,450000.0,
EML0001549,01/12/2026 10:55:04,USR0016,PC-USR0016-01,colleague2@dTA.org,,,usr0016@dTA.org,450000.0,
EML0001550,01/12/2026 13:57:26,USR0016,PC-USR0016-01,colleague9@dTA.org,,,usr0016@dTA.org,450000.0,
EML0001551,01/12/2026 11:24:07,USR0016,PC-USR0016-01,colleague2@dTA.org,,,usr0016@dTA.org,450000.0,
EML0001552,01/12/2026 16:00:11,USR0016,PC-USR0016-01,colleague2@dTA.org,,,usr0016@dTA.org,450000.0,
EML0001553,01/12/2026 13:22:02,USR0016,PC-USR0016-01,colleague4@dTA.org,,,usr0016@dTA.org,450000.0,
EML0001554,01/12/2026 15:59:29,USR0016,PC-USR0016-01,colleague4@dTA.org,,,usr0016@dTA.org,450000.0,memo.docx
EML0001555,01/12/2026 10:09:07,USR0016,PC-USR0016-01,colleague4@dTA.org,,,usr0016@dTA.org,450000.0,
EML0001556,01/12/2026 10:41:40,USR0017,PC-USR0017-01,colleague9@dTA.org,,,usr0017@dTA.org,450000.0,
EML0001557,01/12/2026 15:23:37,USR0017,PC-USR0017-01,colleague3@dTA.org,,,usr0017@dTA.org,450000.0,
EML0001558,01/12/2026 13:59:33,USR0017,PC-USR0017-01,colleague2@dTA.org,,,usr0017@dTA.org,450000.0,
EML0001559,01/12/2026 11:38:41,USR0017,PC-USR0017-01,colleague7@dTA.org,,,usr0017@dTA.org,450000.0,
EML0001560,01/12/2026 13:33:53,USR0017,PC-USR0017-01,colleague3@dTA.org,,,usr0017@dTA.org,450000.0,
EML0001561,01/12/2026 10:36:46,USR0017,PC-USR0017-01,colleague6@dTA.org,,,usr0017@dTA.org,450000.0,
EML0001562,01/12/2026 10:39:47,USR0017,PC-USR0017-01,colleague10@dTA.org,,,usr0017@dTA.org,450000.0,
EML0001563,01/12/2026 10:07:14,USR0018,PC-USR0018-01,colleague1@dTA.org,,,usr0018@dTA.org,450000.0,
EML0001564,01/12/2026 12:38:22,USR0018,PC-USR0018-01,colleague4@dTA.org,,,usr0018@dTA.org,450000.0,memo.docx
EML0001565,01/12/2026 15:40:39,USR0018,PC-USR0018-01,colleague6@dTA.org,,,usr0018@dTA.org,450000.0,
EML0001566,01/12/2026 10:22:51,USR0018,PC-USR0018-01,colleague3@dTA.org,,,usr0018@dTA.org,450000.0,memo.docx
EML0001567,01/12/2026 12:16:20,USR0018,PC-USR0018-01,colleague1@dTA.org,,,usr0018@dTA.org,450000.0,
EML0001568,01/12/2026 15:01:43,USR0018,PC-USR0018-01,colleague8@dTA.org,,,usr0018@dTA.org,450000.0,
EML0001569,01/12/2026 12:31:54,USR0018,PC-USR0018-01,colleague7@dTA.org,,,usr0018@dTA.org,450000.0,
EML0001570,01/12/2026 16:00:42,USR0018,PC-USR0018-01,colleague9@dTA.org,,,usr0018@dTA.org,450000.0,
EML0001571,01/12/2026 15:48:00,USR0018,PC-USR0018-01,colleague7@dTA.org,,,usr0018@dTA.org,450000.0,memo.docx
EML0001572,01/12/2026 14:45:56,USR0018,PC-USR0018-01,colleague1@dTA.org,,,usr0018@dTA.org,450000.0,
EML0001573,01/12/2026 13:01:22,USR0018,PC-USR0018-01,colleague2@dTA.org,,,usr0018@dTA.org,450000.0,memo.docx
EML0001574,01/12/2026 12:11:35,USR0018,PC-USR0018-01,colleague5@dTA.org,,,usr0018@dTA.org,450000.0,memo.docx
EML0001575,01/12/2026 09:58:17,USR0019,PC-USR0019-01,colleague5@dTA.org,,,usr0019@dTA.org,450000.0,memo.docx
EML0001576,01/12/2026 16:38:20,USR0019,PC-USR0019-01,colleague4@dTA.org,,,usr0019@dTA.org,450000.0,
EML0001577,01/12/2026 14:26:16,USR0019,PC-USR0019-01,colleague6@dTA.org,,,usr0019@dTA.org,450000.0,
EML0001578,01/12/2026 13:19:26,USR0019,PC-USR0019-01,colleague3@dTA.org,,,usr0019@dTA.org,450000.0,
EML0001579,01/12/2026 13:43:49,USR0019,PC-USR0019-01,colleague5@dTA.org,,,usr0019@dTA.org,450000.0,
EML0001580,01/12/2026 10:25:59,USR0019,PC-USR0019-01,colleague4@dTA.org,,,usr0019@dTA.org,450000.0,memo.docx
EML0001581,01/12/2026 15:49:48,USR0019,PC-USR0019-01,colleague5@dTA.org,,,usr0019@dTA.org,450000.0,
EML0001582,01/12/2026 13:17:10,USR0020,PC-USR0020-01,colleague4@dTA.org,,,usr0020@dTA.org,450000.0,
EML0001583,01/12/2026 15:17:32,USR0020,PC-USR0020-01,colleague5@dTA.org,,,usr0020@dTA.org,450000.0,memo.docx
EML0001584,01/12/2026 11:43:49,USR0020,PC-USR0020-01,colleague8@dTA.org,,,usr0020@dTA.org,450000.0,memo.docx
EML0001585,01/12/2026 11:36:02,USR0020,PC-USR0020-01,colleague8@dTA.org,,,usr0020@dTA.org,450000.0,
EML0001586,01/12/2026 13:09:50,USR0020,PC-USR0020-01,colleague3@dTA.org,,,usr0020@dTA.org,450000.0,
EML0001587,01/12/2026 13:35:37,USR0020,PC-USR0020-01,colleague9@dTA.org,,,usr0020@dTA.org,450000.0,memo.docx
EML0001588,01/12/2026 13:29:24,USR0020,PC-USR0020-01,colleague9@dTA.org,,,usr0020@dTA.org,450000.0,
EML0001589,01/12/2026 12:52:25,USR0020,PC-USR0020-01,colleague4@dTA.org,,,usr0020@dTA.org,450000.0,
EML0001590,01/12/2026 10:21:57,USR0020,PC-USR0020-01,colleague10@dTA.org,,,usr0020@dTA.org,450000.0,
EML0001591,01/12/2026 15:26:43,USR0020,PC-USR0020-01,colleague9@dTA.org,,,usr0020@dTA.org,450000.0,
EML0001592,01/12/2026 13:21:29,USR0021,PC-USR0021-01,colleague2@dTA.org,,,usr0021@dTA.org,450000.0,
EML0001593,01/12/2026 16:11:28,USR0021,PC-USR0021-01,colleague5@dTA.org,,,usr0021@dTA.org,450000.0,
EML0001594,01/12/2026 16:38:59,USR0021,PC-USR0021-01,colleague4@dTA.org,,,usr0021@dTA.org,450000.0,memo.docx
EML0001595,01/12/2026 09:28:04,USR0021,PC-USR0021-01,colleague3@dTA.org,,,usr0021@dTA.org,450000.0,
EML0001596,01/12/2026 15:28:32,USR0021,PC-USR0021-01,colleague2@dTA.org,,,usr0021@dTA.org,450000.0,
EML0001597,01/12/2026 10:21:22,USR0021,PC-USR0021-01,colleague5@dTA.org,,,usr0021@dTA.org,450000.0,
EML0001598,01/12/2026 11:53:14,USR0021,PC-USR0021-01,colleague8@dTA.org,,,usr0021@dTA.org,450000.0,
EML0001599,01/12/2026 16:28:42,USR0021,PC-USR0021-01,colleague1@dTA.org,,,usr0021@dTA.org,450000.0,
EML0001600,01/12/2026 10:16:53,USR0021,PC-USR0021-01,colleague6@dTA.org,,,usr0021@dTA.org,450000.0,
EML0001601,01/12/2026 15:05:13,USR0021,PC-USR0021-01,colleague7@dTA.org,,,usr0021@dTA.org,450000.0,
EML0001602,01/12/2026 11:15:23,USR0021,PC-USR0021-01,colleague10@dTA.org,,,usr0021@dTA.org,450000.0,
EML0001603,01/12/2026 11:25:36,USR0022,PC-USR0022-01,colleague9@dTA.org,,,usr0022@dTA.org,450000.0,memo.docx
EML0001604,01/12/2026 12:14:17,USR0022,PC-USR0022-01,colleague6@dTA.org,,,usr0022@dTA.org,450000.0,
EML0001605,01/12/2026 13:52:13,USR0022,PC-USR0022-01,colleague1@dTA.org,,,usr0022@dTA.org,450000.0,
EML0001606,01/12/2026 11:26:38,USR0022,PC-USR0022-01,colleague8@dTA.org,,,usr0022@dTA.org,450000.0,
EML0001607,01/12/2026 12:13:07,USR0022,PC-USR0022-01,colleague1@dTA.org,,,usr0022@dTA.org,450000.0,
EML0001608,01/12/2026 15:30:00,USR0023,PC-USR0023-01,colleague6@dTA.org,,,usr0023@dTA.org,450000.0,memo.docx
EML0001609,01/12/2026 12:41:53,USR0023,PC-USR0023-01,colleague1@dTA.org,,,usr0023@dTA.org,450000.0,
EML0001610,01/12/2026 14:05:38,USR0023,PC-USR0023-01,colleague9@dTA.org,,,usr0023@dTA.org,450000.0,memo.docx
EML0001611,01/12/2026 15:03:25,USR0023,PC-USR0023-01,colleague10@dTA.org,,,usr0023@dTA.org,450000.0,
EML0001612,01/12/2026 11:19:39,USR0023,PC-USR0023-01,colleague9@dTA.org,,,usr0023@dTA.org,450000.0,
EML0001613,01/12/2026 14:26:47,USR0023,PC-USR0023-01,colleague10@dTA.org,,,usr0023@dTA.org,450000.0,memo.docx
EML0001614,01/12/2026 09:53:12,USR0023,PC-USR0023-01,colleague1@dTA.org,,,usr0023@dTA.org,450000.0,
EML0001615,01/12/2026 16:55:22,USR0023,PC-USR0023-01,colleague9@dTA.org,,,usr0023@dTA.org,450000.0,
EML0001616,01/12/2026 09:59:16,USR0023,PC-USR0023-01,colleague1@dTA.org,,,usr0023@dTA.org,450000.0,
EML0001617,01/12/2026 13:06:59,USR0023,PC-USR0023-01,colleague7@dTA.org,,,usr0023@dTA.org,450000.0,memo.docx
EML0001618,01/12/2026 15:51:38,USR0024,PC-USR0024-01,colleague5@dTA.org,,,usr0024@dTA.org,450000.0,
EML0001619,01/12/2026 10:35:59,USR0024,PC-USR0024-01,colleague5@dTA.org,,,usr0024@dTA.org,450000.0,
EML0001620,01/12/2026 15:20:46,USR0024,PC-USR0024-01,colleague8@dTA.org,,,usr0024@dTA.org,450000.0,memo.docx
EML0001621,01/12/2026 10:42:31,USR0024,PC-USR0024-01,colleague9@dTA.org,,,usr0024@dTA.org,450000.0,
EML0001622,01/12/2026 13:49:42,USR0024,PC-USR0024-01,colleague2@dTA.org,,,usr0024@dTA.org,450000.0,memo.docx
EML0001623,01/12/2026 15:26:12,USR0024,PC-USR0024-01,colleague3@dTA.org,,,usr0024@dTA.org,450000.0,
EML0001624,01/12/2026 11:54:17,USR0024,PC-USR0024-01,colleague7@dTA.org,,,usr0024@dTA.org,450000.0,
EML0001625,01/12/2026 09:11:49,USR0024,PC-USR0024-01,colleague6@dTA.org,,,usr0024@dTA.org,450000.0,
EML0001626,01/12/2026 16:34:47,USR0024,PC-USR0024-01,colleague7@dTA.org,,,usr0024@dTA.org,450000.0,
EML0001627,01/12/2026 12:21:30,USR0024,PC-USR0024-01,colleague9@dTA.org,,,usr0024@dTA.org,450000.0,
EML0001628,01/12/2026 15:08:15,USR0025,PC-USR0025-01,colleague10@dTA.org,,,usr0025@dTA.org,450000.0,
EML0001629,01/12/2026 13:03:32,USR0025,PC-USR0025-01,colleague8@dTA.org,,,usr0025@dTA.org,450000.0,memo.docx
EML0001630,01/12/2026 14:30:05,USR0025,PC-USR0025-01,colleague6@dTA.org,,,usr0025@dTA.org,450000.0,
EML0001631,01/12/2026 11:48:06,USR0025,PC-USR0025-01,colleague1@dTA.org,,,usr0025@dTA.org,450000.0,
EML0001632,01/12/2026 09:16:57,USR0025,PC-USR0025-01,colleague8@dTA.org,,,usr0025@dTA.org,450000.0,
EML0001633,01/13/2026 09:02:37,AAE0190,PC-AAE0190-01,colleague10@dTA.org,,,aae0190@dTA.org,450000.0,memo.docx
EML0001634,01/13/2026 16:07:20,AAE0190,PC-AAE0190-01,colleague9@dTA.org,,,aae0190@dTA.org,450000.0,memo.docx
EML0001635,01/13/2026 14:40:07,AAE0190,PC-AAE0190-01,colleague2@dTA.org,,,aae0190@dTA.org,450000.0,
EML0001636,01/13/2026 10:53:56,AAE0190,PC-AAE0190-01,colleague6@dTA.org,,,aae0190@dTA.org,450000.0,memo.docx
EML0001637,01/13/2026 13:06:10,AAE0190,PC-AAE0190-01,colleague3@dTA.org,,,aae0190@dTA.org,450000.0,
EML0001638,01/13/2026 14:03:53,AAE0190,PC-AAE0190-01,colleague2@dTA.org,,,aae0190@dTA.org,450000.0,memo.docx
EML0001639,01/13/2026 11:57:32,AAE0190,PC-AAE0190-01,colleague8@dTA.org,,,aae0190@dTA.org,450000.0,
EML0001640,01/13/2026 14:03:33,AAE0190,PC-AAE0190-01,colleague3@dTA.org,,,aae0190@dTA.org,450000.0,
EML0001641,01/13/2026 09:12:36,AAE0190,PC-AAE0190-01,colleague1@dTA.org,,,aae0190@dTA.org,450000.0,
EML0001642,01/13/2026 12:52:30,USR0002,PC-USR0002-01,colleague2@dTA.org,,,usr0002@dTA.org,450000.0,
EML0001643,01/13/2026 09:00:30,USR0002,PC-USR0002-01,colleague5@dTA.org,,,usr0002@dTA.org,450000.0,
EML0001644,01/13/2026 12:57:32,USR0002,PC-USR0002-01,colleague3@dTA.org,,,usr0002@dTA.org,450000.0,
EML0001645,01/13/2026 11:52:03,USR0002,PC-USR0002-01,colleague2@dTA.org,,,usr0002@dTA.org,450000.0,memo.docx
EML0001646,01/13/2026 16:35:13,USR0003,PC-USR0003-01,colleague7@dTA.org,,,usr0003@dTA.org,450000.0,
EML0001647,01/13/2026 13:18:31,USR0003,PC-USR0003-01,colleague4@dTA.org,,,usr0003@dTA.org,450000.0,memo.docx
EML0001648,01/13/2026 13:21:28,USR0003,PC-USR0003-01,colleague2@dTA.org,,,usr0003@dTA.org,450000.0,
EML0001649,01/13/2026 14:54:23,USR0003,PC-USR0003-01,colleague5@dTA.org,,,usr0003@dTA.org,450000.0,
EML0001650,01/13/2026 15:34:16,USR0003,PC-USR0003-01,colleague8@dTA.org,,,usr0003@dTA.org,450000.0,memo.docx
EML0001651,01/13/2026 16:43:25,USR0003,PC-USR0003-01,colleague1@dTA.org,,,usr0003@dTA.org,450000.0,
EML0001652,01/13/2026 11:39:36,USR0004,PC-USR0004-01,colleague6@dTA.org,,,usr0004@dTA.org,450000.0,
EML0001653,01/13/2026 10:05:01,USR0004,PC-USR0004-01,colleague3@dTA.org,,,usr0004@dTA.org,450000.0,
EML0001654,01/13/2026 13:37:41,USR0004,PC-USR0004-01,colleague4@dTA.org,,,usr0004@dTA.org,450000.0,
EML0001655,01/13/2026 12:20:00,USR0004,PC-USR0004-01,colleague10@dTA.org,,,usr0004@dTA.org,450000.0,
EML0001656,01/13/2026 16:23:12,USR0004,PC-USR0004-01,colleague3@dTA.org,,,usr0004@dTA.org,450000.0,
EML0001657,01/13/2026 10:09:17,USR0005,PC-USR0005-01,colleague8@dTA.org,,,usr0005@dTA.org,450000.0,
EML0001658,01/13/2026 15:58:41,USR0005,PC-USR0005-01,colleague9@dTA.org,,,usr0005@dTA.org,450000.0,
EML0001659,01/13/2026 16:24:27,USR0005,PC-USR0005-01,colleague5@dTA.org,,,usr0005@dTA.org,450000.0,
EML0001660,01/13/2026 11:58:27,USR0005,PC-USR0005-01,colleague6@dTA.org,,,usr0005@dTA.org,450000.0,
EML0001661,01/13/2026 09:11:35,USR0005,PC-USR0005-01,colleague3@dTA.org,,,usr0005@dTA.org,450000.0,
EML0001662,01/13/2026 16:44:19,USR0005,PC-USR0005-01,colleague7@dTA.org,,,usr0005@dTA.org,450000.0,
EML0001663,01/13/2026 13:45:34,USR0005,PC-USR0005-01,colleague3@dTA.org,,,usr0005@dTA.org,450000.0,
EML0001664,01/13/2026 13:51:20,USR0005,PC-USR0005-01,colleague8@dTA.org,,,usr0005@dTA.org,450000.0,
EML0001665,01/13/2026 13:18:51,USR0005,PC-USR0005-01,colleague8@dTA.org,,,usr0005@dTA.org,450000.0,
EML0001666,01/13/2026 11:02:03,USR0005,PC-USR0005-01,colleague2@dTA.org,,,usr0005@dTA.org,450000.0,memo.docx
EML0001667,01/13/2026 16:06:17,USR0006,PC-USR0006-01,colleague2@dTA.org,,,usr0006@dTA.org,450000.0,memo.docx
EML0001668,01/13/2026 10:11:39,USR0006,PC-USR0006-01,colleague1@dTA.org,,,usr0006@dTA.org,450000.0,
EML0001669,01/13/2026 14:33:32,USR0006,PC-USR0006-01,colleague9@dTA.org,,,usr0006@dTA.org,450000.0,
EML0001670,01/13/2026 12:25:40,USR0006,PC-USR0006-01,colleague3@dTA.org,,,usr0006@dTA.org,450000.0,
EML0001671,01/13/2026 12:05:49,USR0006,PC-USR0006-01,colleague4@dTA.org,,,usr0006@dTA.org,450000.0,
EML0001672,01/13/2026 15:06:13,USR0007,PC-USR0007-01,colleague2@dTA.org,,,usr0007@dTA.org,450000.0,memo.docx
EML0001673,01/13/2026 12:56:20,USR0007,PC-USR0007-01,colleague9@dTA.org,,,usr0007@dTA.org,450000.0,memo.docx
EML0001674,01/13/2026 16:55:44,USR0007,PC-USR0007-01,colleague2@dTA.org,,,usr0007@dTA.org,450000.0,memo.docx
EML0001675,01/13/2026 10:10:03,USR0007,PC-USR0007-01,colleague5@dTA.org,,,usr0007@dTA.org,450000.0,
EML0001676,01/13/2026 12:32:30,USR0007,PC-USR0007-01,colleague10@dTA.org,,,usr0007@dTA.org,450000.0,
EML0001677,01/13/2026 15:14:33,USR0007,PC-USR0007-01,colleague5@dTA.org,,,usr0007@dTA.org,450000.0,
EML0001678,01/13/2026 14:46:17,USR0007,PC-USR0007-01,colleague7@dTA.org,,,usr0007@dTA.org,450000.0,
EML0001679,01/13/2026 10:39:26,USR0007,PC-USR0007-01,colleague7@dTA.org,,,usr0007@dTA.org,450000.0,memo.docx
EML0001680,01/13/2026 12:57:52,USR0007,PC-USR0007-01,colleague1@dTA.org,,,usr0007@dTA.org,450000.0,memo.docx
EML0001681,01/13/2026 16:14:25,USR0007,PC-USR0007-01,colleague4@dTA.org,,,usr0007@dTA.org,450000.0,
EML0001682,01/13/2026 14:30:59,USR0007,PC-USR0007-01,colleague1@dTA.org,,,usr0007@dTA.org,450000.0,
EML0001683,01/13/2026 14:04:44,USR0007,PC-USR0007-01,colleague9@dTA.org,,,usr0007@dTA.org,450000.0,
EML0001684,01/13/2026 10:51:06,USR0008,PC-USR0008-01,colleague2@dTA.org,,,usr0008@dTA.org,450000.0,
EML0001685,01/13/2026 16:14:26,USR0008,PC-USR0008-01,colleague7@dTA.org,,,usr0008@dTA.org,450000.0,memo.docx
EML0001686,01/13/2026 15:29:57,USR0008,PC-USR0008-01,colleague2@dTA.org,,,usr0008@dTA.org,450000.0,
EML0001687,01/13/2026 15:50:38,USR0008,PC-USR0008-01,colleague8@dTA.org,,,usr0008@dTA.org,450000.0,
EML0001688,01/13/2026 15:11:25,USR0008,PC-USR0008-01,colleague7@dTA.org,,,usr0008@dTA.org,450000.0,
EML0001689,01/13/2026 13:04:27,USR0008,PC-USR0008-01,colleague9@dTA.org,,,usr0008@dTA.org,450000.0,memo.docx
EML0001690,01/13/2026 14:37:31,USR0008,PC-USR0008-01,colleague1@dTA.org,,,usr0008@dTA.org,450000.0,memo.docx
EML0001691,01/13/2026 12:59:10,USR0008,PC-USR0008-01,colleague2@dTA.org,,,usr0008@dTA.org,450000.0,
EML0001692,01/13/2026 11:28:04,USR0008,PC-USR0008-01,colleague3@dTA.org,,,usr0008@dTA.org,450000.0,memo.docx
EML0001693,01/13/2026 14:07:49,USR0008,PC-USR0008-01,colleague10@dTA.org,,,usr0008@dTA.org,450000.0,
EML0001694,01/13/2026 09:38:53,USR0008,PC-USR0008-01,colleague7@dTA.org,,,usr0008@dTA.org,450000.0,
EML0001695,01/13/2026 10:18:11,USR0009,PC-USR0009-01,colleague8@dTA.org,,,usr0009@dTA.org,450000.0,memo.docx
EML0001696,01/13/2026 12:59:05,USR0009,PC-USR0009-01,colleague10@dTA.org,,,usr0009@dTA.org,450000.0,memo.docx
EML0001697,01/13/2026 11:59:45,USR0009,PC-USR0009-01,colleague2@dTA.org,,,usr0009@dTA.org,450000.0,memo.docx
EML0001698,01/13/2026 14:14:21,USR0009,PC-USR0009-01,colleague4@dTA.org,,,usr0009@dTA.org,450000.0,
EML0001699,01/13/2026 13:07:10,USR0009,PC-USR0009-01,colleague7@dTA.org,,,usr0009@dTA.org,450000.0,
EML0001700,01/13/2026 11:42:02,USR0009,PC-USR0009-01,colleague7@dTA.org,,,usr0009@dTA.org,450000.0,
EML0001701,01/13/2026 14:25:26,USR0009,PC-USR0009-01,colleague1@dTA.org,,,usr0009@dTA.org,450000.0,
EML0001702,01/13/2026 09:45:09,USR0009,PC-USR0009-01,colleague9@dTA.org,,,usr0009@dTA.org,450000.0,
EML0001703,01/13/2026 13:04:04,USR0009,PC-USR0009-01,colleague2@dTA.org,,,usr0009@dTA.org,450000.0,
EML0001704,01/13/2026 11:01:05,USR0009,PC-USR0009-01,colleague6@dTA.org,,,usr0009@dTA.org,450000.0,memo.docx
EML0001705,01/13/2026 15:56:05,USR0009,PC-USR0009-01,colleague6@dTA.org,,,usr0009@dTA.org,450000.0,
EML0001706,01/13/2026 12:08:40,USR0010,PC-USR0010-01,colleague9@dTA.org,,,usr0010@dTA.org,450000.0,
EML0001707,01/13/2026 14:12:33,USR0010,PC-USR0010-01,colleague2@dTA.org,,,usr0010@dTA.org,450000.0,
EML0001708,01/13/2026 10:57:40,USR0010,PC-USR0010-01,colleague7@dTA.org,,,usr0010@dTA.org,450000.0,
EML0001709,01/13/2026 09:54:17,USR0010,PC-USR0010-01,colleague1@dTA.org,,,usr0010@dTA.org,450000.0,
EML0001710,01/13/2026 09:47:37,USR0010,PC-USR0010-01,colleague9@dTA.org,,,usr0010@dTA.org,450000.0,
EML0001711,01/13/2026 12:47:27,USR0010,PC-USR0010-01,colleague9@dTA.org,,,usr0010@dTA.org,450000.0,
EML0001712,01/13/2026 09:04:30,USR0010,PC-USR0010-01,colleague3@dTA.org,,,usr0010@dTA.org,450000.0,memo.docx
EML0001713,01/13/2026 14:44:05,USR0010,PC-USR0010-01,colleague9@dTA.org,,,usr0010@dTA.org,450000.0,
EML0001714,01/13/2026 16:48:18,USR0010,PC-USR0010-01,colleague5@dTA.org,,,usr0010@dTA.org,450000.0,
EML0001715,01/13/2026 09:03:20,USR0010,PC-USR0010-01,colleague5@dTA.org,,,usr0010@dTA.org,450000.0,
EML0001716,01/13/2026 12:41:05,USR0010,PC-USR0010-01,colleague3@dTA.org,,,usr0010@dTA.org,450000.0,memo.docx
EML0001717,01/13/2026 15:19:37,USR0010,PC-USR0010-01,colleague3@dTA.org,,,usr0010@dTA.org,450000.0,
EML0001718,01/13/2026 11:30:33,USR0011,PC-USR0011-01,colleague8@dTA.org,,,usr0011@dTA.org,450000.0,memo.docx
EML0001719,01/13/2026 12:55:15,USR0011,PC-USR0011-01,colleague3@dTA.org,,,usr0011@dTA.org,450000.0,
EML0001720,01/13/2026 10:53:41,USR0011,PC-USR0011-01,colleague6@dTA.org,,,usr0011@dTA.org,450000.0,
EML0001721,01/13/2026 12:40:25,USR0011,PC-USR0011-01,colleague4@dTA.org,,,usr0011@dTA.org,450000.0,memo.docx
EML0001722,01/13/2026 09:24:41,USR0012,PC-USR0012-01,colleague2@dTA.org,,,usr0012@dTA.org,450000.0,memo.docx
EML0001723,01/13/2026 13:56:04,USR0012,PC-USR0012-01,colleague1@dTA.org,,,usr0012@dTA.org,450000.0,
EML0001724,01/13/2026 15:18:20,USR0012,PC-USR0012-01,colleague6@dTA.org,,,usr0012@dTA.org,450000.0,
EML0001725,01/13/2026 11:00:01,USR0012,PC-USR0012-01,colleague10@dTA.org,,,usr0012@dTA.org,450000.0,
EML0001726,01/13/2026 10:44:08,USR0012,PC-USR0012-01,colleague5@dTA.org,,,usr0012@dTA.org,450000.0,
EML0001727,01/13/2026 11:44:31,USR0013,PC-USR0013-01,colleague1@dTA.org,,,usr0013@dTA.org,450000.0,
EML0001728,01/13/2026 12:57:24,USR0013,PC-USR0013-01,colleague7@dTA.org,,,usr0013@dTA.org,450000.0,memo.docx
EML0001729,01/13/2026 15:41:51,USR0013,PC-USR0013-01,colleague3@dTA.org,,,usr0013@dTA.org,450000.0,
EML0001730,01/13/2026 13:56:17,USR0013,PC-USR0013-01,colleague8@dTA.org,,,usr0013@dTA.org,450000.0,
EML0001731,01/13/2026 15:30:16,USR0013,PC-USR0013-01,colleague6@dTA.org,,,usr0013@dTA.org,450000.0,memo.docx
EML0001732,01/13/2026 10:55:14,USR0014,PC-USR0014-01,colleague10@dTA.org,,,usr0014@dTA.org,450000.0,
EML0001733,01/13/2026 16:42:10,USR0014,PC-USR0014-01,colleague7@dTA.org,,,usr0014@dTA.org,450000.0,
EML0001734,01/13/2026 13:54:42,USR0014,PC-USR0014-01,colleague6@dTA.org,,,usr0014@dTA.org,450000.0,
EML0001735,01/13/2026 12:39:24,USR0014,PC-USR0014-01,colleague3@dTA.org,,,usr0014@dTA.org,450000.0,
EML0001736,01/13/2026 10:28:55,USR0014,PC-USR0014-01,colleague9@dTA.org,,,usr0014@dTA.org,450000.0,
EML0001737,01/13/2026 11:30:06,USR0014,PC-USR0014-01,colleague6@dTA.org,,,usr0014@dTA.org,450000.0,memo.docx
EML0001738,01/13/2026 11:28:15,USR0014,PC-USR0014-01,colleague8@dTA.org,,,usr0014@dTA.org,450000.0,
EML0001739,01/13/2026 11:46:08,USR0014,PC-USR0014-01,colleague7@dTA.org,,,usr0014@dTA.org,450000.0,memo.docx
EML0001740,01/13/2026 15:07:59,USR0014,PC-USR0014-01,colleague8@dTA.org,,,usr0014@dTA.org,450000.0,memo.docx
EML0001741,01/13/2026 11:32:46,USR0015,PC-USR0015-01,colleague1@dTA.org,,,usr0015@dTA.org,450000.0,
EML0001742,01/13/2026 13:45:44,USR0015,PC-USR0015-01,colleague4@dTA.org,,,usr0015@dTA.org,450000.0,
EML0001743,01/13/2026 10:28:47,USR0015,PC-USR0015-01,colleague5@dTA.org,,,usr0015@dTA.org,450000.0,
EML0001744,01/13/2026 11:47:13,USR0015,PC-USR0015-01,colleague9@dTA.org,,,usr0015@dTA.org,450000.0,
EML0001745,01/13/2026 15:38:56,USR0015,PC-USR0015-01,colleague2@dTA.org,,,usr0015@dTA.org,450000.0,
EML0001746,01/13/2026 10:33:03,USR0015,PC-USR0015-01,colleague10@dTA.org,,,usr0015@dTA.org,450000.0,
EML0001747,01/13/2026 16:54:28,USR0016,PC-USR0016-01,colleague7@dTA.org,,,usr0016@dTA.org,450000.0,
EML0001748,01/13/2026 12:25:45,USR0016,PC-USR0016-01,colleague10@dTA.org,,,usr0016@dTA.org,450000.0,
EML0001749,01/13/2026 12:28:35,USR0016,PC-USR0016-01,colleague7@dTA.org,,,usr0016@dTA.org,450000.0,memo.docx
EML0001750,01/13/2026 09:53:16,USR0016,PC-USR0016-01,colleague6@dTA.org,,,usr0016@dTA.org,450000.0,
EML0001751,01/13/2026 16:31:49,USR0016,PC-USR0016-01,colleague7@dTA.org,,,usr0016@dTA.org,450000.0,
EML0001752,01/13/2026 13:03:16,USR0016,PC-USR0016-01,colleague10@dTA.org,,,usr0016@dTA.org,450000.0,
EML0001753,01/13/2026 09:25:50,USR0016,PC-USR0016-01,colleague10@dTA.org,,,usr0016@dTA.org,450000.0,memo.docx
EML0001754,01/13/2026 10:47:38,USR0016,PC-USR0016-01,colleague2@dTA.org,,,usr0016@dTA.org,450000.0,memo.docx
EML0001755,01/13/2026 12:10:42,USR0017,PC-USR0017-01,colleague2@dTA.org,,,usr0017@dTA.org,450000.0,
EML0001756,01/13/2026 12:36:20,USR0017,PC-USR0017-01,colleague8@dTA.org,,,usr0017@dTA.org,450000.0,
EML0001757,01/13/2026 14:12:33,USR0017,PC-USR0017-01,colleague10@dTA.org,,,usr0017@dTA.org,450000.0,
EML0001758,01/13/2026 14:24:08,USR0017,PC-USR0017-01,colleague5@dTA.org,,,usr0017@dTA.org,450000.0,memo.docx
EML0001759,01/13/2026 14:05:29,USR0017,PC-USR0017-01,colleague9@dTA.org,,,usr0017@dTA.org,450000.0,
EML0001760,01/13/2026 10:34:41,USR0017,PC-USR0017-01,colleague10@dTA.org,,,usr0017@dTA.org,450000.0,
EML0001761,01/13/2026 15:48:14,USR0018,PC-USR0018-01,colleague6@dTA.org,,,usr0018@dTA.org,450000.0,memo.docx
EML0001762,01/13/2026 11:56:58,USR0018,PC-USR0018-01,colleague9@dTA.org,,,usr0018@dTA.org,450000.0,memo.docx
EML0001763,01/13/2026 11:55:13,USR0018,PC-USR0018-01,colleague2@dTA.org,,,usr0018@dTA.org,450000.0,
EML0001764,01/13/2026 09:42:09,USR0018,PC-USR0018-01,colleague6@dTA.org,,,usr0018@dTA.org,450000.0,memo.docx
EML0001765,01/13/2026 09:41:08,USR0018,PC-USR0018-01,colleague10@dTA.org,,,usr0018@dTA.org,450000.0,
EML0001766,01/13/2026 09:18:10,USR0018,PC-USR0018-01,colleague7@dTA.org,,,usr0018@dTA.org,450000.0,
EML0001767,01/13/2026 16:42:52,USR0019,PC-USR0019-01,colleague2@dTA.org,,,usr0019@dTA.org,450000.0,
EML0001768,01/13/2026 13:21:39,USR0019,PC-USR0019-01,colleague6@dTA.org,,,usr0019@dTA.org,450000.0,
EML0001769,01/13/2026 15:05:16,USR0019,PC-USR0019-01,colleague1@dTA.org,,,usr0019@dTA.org,450000.0,
EML0001770,01/13/2026 16:29:52,USR0019,PC-USR0019-01,colleague5@dTA.org,,,usr0019@dTA.org,450000.0,memo.docx
EML0001771,01/13/2026 13:06:53,USR0019,PC-USR0019-01,colleague3@dTA.org,,,usr0019@dTA.org,450000.0,
EML0001772,01/13/2026 13:52:01,USR0019,PC-USR0019-01,colleague6@dTA.org,,,usr0019@dTA.org,450000.0,
EML0001773,01/13/2026 12:23:08,USR0019,PC-USR0019-01,colleague10@dTA.org,,,usr0019@dTA.org,450000.0,
EML0001774,01/13/2026 11:08:29,USR0019,PC-USR0019-01,colleague7@dTA.org,,,usr0019@dTA.org,450000.0,
EML0001775,01/13/2026 16:12:44,USR0019,PC-USR0019-01,colleague1@dTA.org,,,usr0019@dTA.org,450000.0,
EML0001776,01/13/2026 16:11:07,USR0019,PC-USR0019-01,colleague9@dTA.org,,,usr0019@dTA.org,450000.0,
EML0001777,01/13/2026 14:52:56,USR0019,PC-USR0019-01,colleague4@dTA.org,,,usr0019@dTA.org,450000.0,memo.docx
EML0001778,01/13/2026 16:51:42,USR0020,PC-USR0020-01,colleague7@dTA.org,,,usr0020@dTA.org,450000.0,
EML0001779,01/13/2026 14:12:22,USR0020,PC-USR0020-01,colleague10@dTA.org,,,usr0020@dTA.org,450000.0,
EML0001780,01/13/2026 16:05:09,USR0020,PC-USR0020-01,colleague5@dTA.org,,,usr0020@dTA.org,450000.0,
EML0001781,01/13/2026 09:35:16,USR0020,PC-USR0020-01,colleague8@dTA.org,,,usr0020@dTA.org,450000.0,
EML0001782,01/13/2026 11:56:01,USR0020,PC-USR0020-01,colleague6@dTA.org,,,usr0020@dTA.org,450000.0,
EML0001783,01/13/2026 11:43:19,USR0020,PC-USR0020-01,colleague8@dTA.org,,,usr0020@dTA.org,450000.0,memo.docx
EML0001784,01/13/2026 09:12:40,USR0020,PC-USR0020-01,colleague9@dTA.org,,,usr0020@dTA.org,450000.0,
EML0001785,01/13/2026 10:51:40,USR0020,PC-USR0020-01,colleague5@dTA.org,,,usr0020@dTA.org,450000.0,
EML0001786,01/13/2026 14:00:41,USR0021,PC-USR0021-01,colleague2@dTA.org,,,usr0021@dTA.org,450000.0,
EML0001787,01/13/2026 16:33:37,USR0021,PC-USR0021-01,colleague1@dTA.org,,,usr0021@dTA.org,450000.0,
EML0001788,01/13/2026 09:41:20,USR0021,PC-USR0021-01,colleague3@dTA.org,,,usr0021@dTA.org,450000.0,
EML0001789,01/13/2026 13:09:14,USR0021,PC-USR0021-01,colleague3@dTA.org,,,usr0021@dTA.org,450000.0,
EML0001790,01/13/2026 13:56:51,USR0021,PC-USR0021-01,colleague4@dTA.org,,,usr0021@dTA.org,450000.0,
EML0001791,01/13/2026 13:38:10,USR0021,PC-USR0021-01,colleague4@dTA.org,,,usr0021@dTA.org,450000.0,memo.docx
EML0001792,01/13/2026 10:59:11,USR0021,PC-USR0021-01,colleague5@dTA.org,,,usr0021@dTA.org,450000.0,memo.docx
EML0001793,01/13/2026 09:09:21,USR0021,PC-USR0021-01,colleague9@dTA.org,,,usr0021@dTA.org,450000.0,
EML0001794,01/13/2026 12:15:44,USR0021,PC-USR0021-01,colleague1@dTA.org,,,usr0021@dTA.org,450000.0,
EML0001795,01/13/2026 11:52:51,USR0022,PC-USR0022-01,colleague4@dTA.org,,,usr0022@dTA.org,450000.0,
EML0001796,01/13/2026 14:54:05,USR0022,PC-USR0022-01,colleague8@dTA.org,,,usr0022@dTA.org,450000.0,memo.docx
EML0001797,01/13/2026 13:44:35,USR0022,PC-USR0022-01,colleague5@dTA.org,,,usr0022@dTA.org,450000.0,
EML0001798,01/13/2026 11:29:02,USR0022,PC-USR0022-01,colleague6@dTA.org,,,usr0022@dTA.org,450000.0,
EML0001799,01/13/2026 13:59:56,USR0022,PC-USR0022-01,colleague5@dTA.org,,,usr0022@dTA.org,450000.0,
EML0001800,01/13/2026 16:14:20,USR0022,PC-USR0022-01,colleague4@dTA.org,,,usr0022@dTA.org,450000.0,
EML0001801,01/13/2026 15:45:32,USR0022,PC-USR0022-01,colleague5@dTA.org,,,usr0022@dTA.org,450000.0,
EML0001802,01/13/2026 16:46:43,USR0022,PC-USR0022-01,colleague1@dTA.org,,,usr0022@dTA.org,450000.0,
EML0001803,01/13/2026 16:19:00,USR0022,PC-USR0022-01,colleague10@dTA.org,,,usr0022@dTA.org,450000.0,
EML0001804,01/13/2026 11:24:01,USR0022,PC-USR0022-01,colleague3@dTA.org,,,usr0022@dTA.org,450000.0,
EML0001805,01/13/2026 16:58:40,USR0022,PC-USR0022-01,colleague1@dTA.org,,,usr0022@dTA.org,450000.0,memo.docx
EML0001806,01/13/2026 16:52:19,USR0023,PC-USR0023-01,colleague10@dTA.org,,,usr0023@dTA.org,450000.0,memo.docx
EML0001807,01/13/2026 10:33:30,USR0023,PC-USR0023-01,colleague2@dTA.org,,,usr0023@dTA.org,450000.0,
EML0001808,01/13/2026 10:52:44,USR0023,PC-USR0023-01,colleague4@dTA.org,,,usr0023@dTA.org,450000.0,
EML0001809,01/13/2026 15:14:22,USR0023,PC-USR0023-01,colleague5@dTA.org,,,usr0023@dTA.org,450000.0,memo.docx
EML0001810,01/13/2026 10:14:15,USR0023,PC-USR0023-01,colleague2@dTA.org,,,usr0023@dTA.org,450000.0,memo.docx
EML0001811,01/13/2026 11:43:59,USR0023,PC-USR0023-01,colleague8@dTA.org,,,usr0023@dTA.org,450000.0,
EML0001812,01/13/2026 15:46:50,USR0023,PC-USR0023-01,colleague5@dTA.org,,,usr0023@dTA.org,450000.0,
EML0001813,01/13/2026 16:56:56,USR0023,PC-USR0023-01,colleague9@dTA.org,,,usr0023@dTA.org,450000.0,
EML0001814,01/13/2026 12:57:51,USR0023,PC-USR0023-01,colleague10@dTA.org,,,usr0023@dTA.org,450000.0,
EML0001815,01/13/2026 09:17:54,USR0023,PC-USR0023-01,colleague10@dTA.org,,,usr0023@dTA.org,450000.0,
EML0001816,01/13/2026 16:04:39,USR0024,PC-USR0024-01,colleague9@dTA.org,,,usr0024@dTA.org,450000.0,
EML0001817,01/13/2026 14:04:01,USR0024,PC-USR0024-01,colleague3@dTA.org,,,usr0024@dTA.org,450000.0,
EML0001818,01/13/2026 10:52:46,USR0024,PC-USR0024-01,colleague5@dTA.org,,,usr0024@dTA.org,450000.0,
EML0001819,01/13/2026 13:34:57,USR0024,PC-USR0024-01,colleague2@dTA.org,,,usr0024@dTA.org,450000.0,
EML0001820,01/13/2026 12:11:51,USR0024,PC-USR0024-01,colleague3@dTA.org,,,usr0024@dTA.org,450000.0,
EML0001821,01/13/2026 09:50:51,USR0024,PC-USR0024-01,colleague7@dTA.org,,,usr0024@dTA.org,450000.0,
EML0001822,01/13/2026 10:22:10,USR0024,PC-USR0024-01,colleague6@dTA.org,,,usr0024@dTA.org,450000.0,
EML0001823,01/13/2026 15:39:33,USR0025,PC-USR0025-01,colleague4@dTA.org,,,usr0025@dTA.org,450000.0,
EML0001824,01/13/2026 11:11:38,USR0025,PC-USR0025-01,colleague10@dTA.org,,,usr0025@dTA.org,450000.0,memo.docx
EML0001825,01/13/2026 10:10:32,USR0025,PC-USR0025-01,colleague1@dTA.org,,,usr0025@dTA.org,450000.0,
EML0001826,01/13/2026 10:51:58,USR0025,PC-USR0025-01,colleague10@dTA.org,,,usr0025@dTA.org,450000.0,
EML0001827,01/13/2026 16:30:44,USR0025,PC-USR0025-01,colleague1@dTA.org,,,usr0025@dTA.org,450000.0,memo.docx
EML0001828,01/13/2026 11:53:31,USR0025,PC-USR0025-01,colleague8@dTA.org,,,usr0025@dTA.org,450000.0,
EML0001829,01/13/2026 10:29:37,USR0025,PC-USR0025-01,colleague6@dTA.org,,,usr0025@dTA.org,450000.0,
EML0001830,01/13/2026 14:40:35,USR0025,PC-USR0025-01,colleague8@dTA.org,,,usr0025@dTA.org,450000.0,
EML0001831,01/13/2026 15:07:09,USR0025,PC-USR0025-01,colleague2@dTA.org,,,usr0025@dTA.org,450000.0,
EML0001832,01/14/2026 09:01:54,AAE0190,PC-AAE0190-01,colleague5@dTA.org,,,aae0190@dTA.org,450000.0,
EML0001833,01/14/2026 13:03:33,AAE0190,PC-AAE0190-01,colleague8@dTA.org,,,aae0190@dTA.org,450000.0,
EML0001834,01/14/2026 10:30:15,AAE0190,PC-AAE0190-01,colleague7@dTA.org,,,aae0190@dTA.org,450000.0,memo.docx
EML0001835,01/14/2026 14:28:47,AAE0190,PC-AAE0190-01,colleague6@dTA.org,,,aae0190@dTA.org,450000.0,memo.docx
EML0001836,01/14/2026 14:10:58,AAE0190,PC-AAE0190-01,colleague2@dTA.org,,,aae0190@dTA.org,450000.0,
EML0001837,01/14/2026 11:41:02,AAE0190,PC-AAE0190-01,colleague2@dTA.org,,,aae0190@dTA.org,450000.0,memo.docx
EML0001838,01/14/2026 09:33:10,AAE0190,PC-AAE0190-01,colleague10@dTA.org,,,aae0190@dTA.org,450000.0,
EML0001839,01/14/2026 14:08:05,AAE0190,PC-AAE0190-01,colleague2@dTA.org,,,aae0190@dTA.org,450000.0,
EML0001840,01/14/2026 12:41:00,USR0002,PC-USR0002-01,colleague2@dTA.org,,,usr0002@dTA.org,450000.0,
EML0001841,01/14/2026 09:47:17,USR0002,PC-USR0002-01,colleague1@dTA.org,,,usr0002@dTA.org,450000.0,
EML0001842,01/14/2026 16:48:42,USR0002,PC-USR0002-01,colleague7@dTA.org,,,usr0002@dTA.org,450000.0,memo.docx
EML0001843,01/14/2026 10:33:58,USR0002,PC-USR0002-01,colleague9@dTA.org,,,usr0002@dTA.org,450000.0,memo.docx
EML0001844,01/14/2026 16:38:03,USR0003,PC-USR0003-01,colleague4@dTA.org,,,usr0003@dTA.org,450000.0,
EML0001845,01/14/2026 15:53:16,USR0003,PC-USR0003-01,colleague10@dTA.org,,,usr0003@dTA.org,450000.0,
EML0001846,01/14/2026 13:08:42,USR0003,PC-USR0003-01,colleague3@dTA.org,,,usr0003@dTA.org,450000.0,
EML0001847,01/14/2026 10:52:25,USR0003,PC-USR0003-01,colleague10@dTA.org,,,usr0003@dTA.org,450000.0,
EML0001848,01/14/2026 11:44:32,USR0003,PC-USR0003-01,colleague7@dTA.org,,,usr0003@dTA.org,450000.0,
EML0001849,01/14/2026 16:52:37,USR0003,PC-USR0003-01,colleague4@dTA.org,,,usr0003@dTA.org,450000.0,
EML0001850,01/14/2026 14:39:27,USR0003,PC-USR0003-01,colleague4@dTA.org,,,usr0003@dTA.org,450000.0,
EML0001851,01/14/2026 16:08:08,USR0003,PC-USR0003-01,colleague4@dTA.org,,,usr0003@dTA.org,450000.0,
EML0001852,01/14/2026 14:08:49,USR0003,PC-USR0003-01,colleague7@dTA.org,,,usr0003@dTA.org,450000.0,memo.docx
EML0001853,01/14/2026 16:37:18,USR0003,PC-USR0003-01,colleague9@dTA.org,,,usr0003@dTA.org,450000.0,memo.docx
EML0001854,01/14/2026 16:20:33,USR0003,PC-USR0003-01,colleague2@dTA.org,,,usr0003@dTA.org,450000.0,
EML0001855,01/14/2026 15:51:25,USR0004,PC-USR0004-01,colleague5@dTA.org,,,usr0004@dTA.org,450000.0,
EML0001856,01/14/2026 15:12:23,USR0004,PC-USR0004-01,colleague10@dTA.org,,,usr0004@dTA.org,450000.0,
EML0001857,01/14/2026 12:00:44,USR0004,PC-USR0004-01,colleague2@dTA.org,,,usr0004@dTA.org,450000.0,
EML0001858,01/14/2026 11:24:38,USR0004,PC-USR0004-01,colleague5@dTA.org,,,usr0004@dTA.org,450000.0,memo.docx
EML0001859,01/14/2026 16:00:50,USR0005,PC-USR0005-01,colleague6@dTA.org,,,usr0005@dTA.org,450000.0,
EML0001860,01/14/2026 14:26:45,USR0005,PC-USR0005-01,colleague6@dTA.org,,,usr0005@dTA.org,450000.0,memo.docx
EML0001861,01/14/2026 13:40:05,USR0005,PC-USR0005-01,colleague5@dTA.org,,,usr0005@dTA.org,450000.0,memo.docx
EML0001862,01/14/2026 12:44:34,USR0005,PC-USR0005-01,colleague7@dTA.org,,,usr0005@dTA.org,450000.0,memo.docx
EML0001863,01/14/2026 13:20:01,USR0005,PC-USR0005-01,colleague10@dTA.org,,,usr0005@dTA.org,450000.0,
EML0001864,01/14/2026 12:40:41,USR0005,PC-USR0005-01,colleague9@dTA.org,,,usr0005@dTA.org,450000.0,memo.docx
EML0001865,01/14/2026 14:49:32,USR0005,PC-USR0005-01,colleague2@dTA.org,,,usr0005@dTA.org,450000.0,
EML0001866,01/14/2026 14:29:49,USR0006,PC-USR0006-01,colleague2@dTA.org,,,usr0006@dTA.org,450000.0,
EML0001867,01/14/2026 10:38:21,USR0006,PC-USR0006-01,colleague5@dTA.org,,,usr0006@dTA.org,450000.0,
EML0001868,01/14/2026 11:12:38,USR0006,PC-USR0006-01,colleague1@dTA.org,,,usr0006@dTA.org,450000.0,
EML0001869,01/14/2026 13:19:06,USR0006,PC-USR0006-01,colleague9@dTA.org,,,usr0006@dTA.org,450000.0,
EML0001870,01/14/2026 09:28:04,USR0006,PC-USR0006-01,colleague2@dTA.org,,,usr0006@dTA.org,450000.0,
EML0001871,01/14/2026 13:46:47,USR0007,PC-USR0007-01,colleague1@dTA.org,,,usr0007@dTA.org,450000.0,
EML0001872,01/14/2026 10:25:40,USR0007,PC-USR0007-01,colleague8@dTA.org,,,usr0007@dTA.org,450000.0,memo.docx
EML0001873,01/14/2026 12:25:37,USR0007,PC-USR0007-01,colleague4@dTA.org,,,usr0007@dTA.org,450000.0,
EML0001874,01/14/2026 09:29:13,USR0007,PC-USR0007-01,colleague9@dTA.org,,,usr0007@dTA.org,450000.0,
EML0001875,01/14/2026 09:08:41,USR0008,PC-USR0008-01,colleague1@dTA.org,,,usr0008@dTA.org,450000.0,
EML0001876,01/14/2026 13:02:11,USR0008,PC-USR0008-01,colleague9@dTA.org,,,usr0008@dTA.org,450000.0,
EML0001877,01/14/2026 12:53:26,USR0008,PC-USR0008-01,colleague6@dTA.org,,,usr0008@dTA.org,450000.0,
EML0001878,01/14/2026 09:02:47,USR0008,PC-USR0008-01,colleague4@dTA.org,,,usr0008@dTA.org,450000.0,memo.docx
EML0001879,01/14/2026 09:34:20,USR0008,PC-USR0008-01,colleague8@dTA.org,,,usr0008@dTA.org,450000.0,
EML0001880,01/14/2026 15:53:34,USR0009,PC-USR0009-01,colleague9@dTA.org,,,usr0009@dTA.org,450000.0,
EML0001881,01/14/2026 09:47:46,USR0009,PC-USR0009-01,colleague10@dTA.org,,,usr0009@dTA.org,450000.0,memo.docx
EML0001882,01/14/2026 09:51:19,USR0009,PC-USR0009-01,colleague3@dTA.org,,,usr0009@dTA.org,450000.0,
EML0001883,01/14/2026 15:47:40,USR0009,PC-USR0009-01,colleague7@dTA.org,,,usr0009@dTA.org,450000.0,
EML0001884,01/14/2026 11:08:01,USR0010,PC-USR0010-01,colleague7@dTA.org,,,usr0010@dTA.org,450000.0,
EML0001885,01/14/2026 13:45:35,USR0010,PC-USR0010-01,colleague1@dTA.org,,,usr0010@dTA.org,450000.0,
EML0001886,01/14/2026 11:56:29,USR0010,PC-USR0010-01,colleague5@dTA.org,,,usr0010@dTA.org,450000.0,
EML0001887,01/14/2026 14:24:36,USR0010,PC-USR0010-01,colleague4@dTA.org,,,usr0010@dTA.org,450000.0,
EML0001888,01/14/2026 11:32:31,USR0010,PC-USR0010-01,colleague5@dTA.org,,,usr0010@dTA.org,450000.0,
EML0001889,01/14/2026 12:57:49,USR0010,PC-USR0010-01,colleague5@dTA.org,,,usr0010@dTA.org,450000.0,memo.docx
EML0001890,01/14/2026 09:51:21,USR0010,PC-USR0010-01,colleague1@dTA.org,,,usr0010@dTA.org,450000.0,memo.docx
EML0001891,01/14/2026 11:40:15,USR0011,PC-USR0011-01,colleague9@dTA.org,,,usr0011@dTA.org,450000.0,
EML0001892,01/14/2026 14:22:07,USR0011,PC-USR0011-01,colleague6@dTA.org,,,usr0011@dTA.org,450000.0,memo.docx
EML0001893,01/14/2026 12:57:16,USR0011,PC-USR0011-01,colleague7@dTA.org,,,usr0011@dTA.org,450000.0,
EML0001894,01/14/2026 12:03:32,USR0011,PC-USR0011-01,colleague9@dTA.org,,,usr0011@dTA.org,450000.0,
EML0001895,01/14/2026 13:34:42,USR0011,PC-USR0011-01,colleague1@dTA.org,,,usr0011@dTA.org,450000.0,
EML0001896,01/14/2026 11:46:31,USR0011,PC-USR0011-01,colleague3@dTA.org,,,usr0011@dTA.org,450000.0,
EML0001897,01/14/2026 13:27:00,USR0011,PC-USR0011-01,colleague1@dTA.org,,,usr0011@dTA.org,450000.0,memo.docx
EML0001898,01/14/2026 10:05:23,USR0011,PC-USR0011-01,colleague7@dTA.org,,,usr0011@dTA.org,450000.0,
EML0001899,01/14/2026 15:15:40,USR0011,PC-USR0011-01,colleague2@dTA.org,,,usr0011@dTA.org,450000.0,
EML0001900,01/14/2026 10:01:46,USR0011,PC-USR0011-01,colleague9@dTA.org,,,usr0011@dTA.org,450000.0,
EML0001901,01/14/2026 14:21:29,USR0011,PC-USR0011-01,colleague10@dTA.org,,,usr0011@dTA.org,450000.0,
EML0001902,01/14/2026 12:55:38,USR0011,PC-USR0011-01,colleague4@dTA.org,,,usr0011@dTA.org,450000.0,
EML0001903,01/14/2026 14:31:57,USR0012,PC-USR0012-01,colleague2@dTA.org,,,usr0012@dTA.org,450000.0,
EML0001904,01/14/2026 16:31:14,USR0012,PC-USR0012-01,colleague2@dTA.org,,,usr0012@dTA.org,450000.0,
EML0001905,01/14/2026 14:15:50,USR0012,PC-USR0012-01,colleague7@dTA.org,,,usr0012@dTA.org,450000.0,
EML0001906,01/14/2026 16:34:49,USR0012,PC-USR0012-01,colleague7@dTA.org,,,usr0012@dTA.org,450000.0,
EML0001907,01/14/2026 09:14:25,USR0012,PC-USR0012-01,colleague2@dTA.org,,,usr0012@dTA.org,450000.0,
EML0001908,01/14/2026 13:15:39,USR0012,PC-USR0012-01,colleague7@dTA.org,,,usr0012@dTA.org,450000.0,
EML0001909,01/14/2026 14:06:59,USR0013,PC-USR0013-01,colleague9@dTA.org,,,usr0013@dTA.org,450000.0,
EML0001910,01/14/2026 11:35:07,USR0013,PC-USR0013-01,colleague7@dTA.org,,,usr0013@dTA.org,450000.0,memo.docx
EML0001911,01/14/2026 14:58:15,USR0013,PC-USR0013-01,colleague4@dTA.org,,,usr0013@dTA.org,450000.0,
EML0001912,01/14/2026 10:54:55,USR0013,PC-USR0013-01,colleague2@dTA.org,,,usr0013@dTA.org,450000.0,
EML0001913,01/14/2026 11:11:02,USR0013,PC-USR0013-01,colleague2@dTA.org,,,usr0013@dTA.org,450000.0,
EML0001914,01/14/2026 11:04:26,USR0013,PC-USR0013-01,colleague1@dTA.org,,,usr0013@dTA.org,450000.0,
EML0001915,01/14/2026 10:27:08,USR0014,PC-USR0014-01,colleague9@dTA.org,,,usr0014@dTA.org,450000.0,memo.docx
EML0001916,01/14/2026 10:51:45,USR0014,PC-USR0014-01,colleague4@dTA.org,,,usr0014@dTA.org,450000.0,
EML0001917,01/14/2026 11:16:14,USR0014,PC-USR0014-01,colleague5@dTA.org,,,usr0014@dTA.org,450000.0,
EML0001918,01/14/2026 10:29:42,USR0014,PC-USR0014-01,colleague4@dTA.org,,,usr0014@dTA.org,450000.0,
EML0001919,01/14/2026 14:36:14,USR0014,PC-USR0014-01,colleague3@dTA.org,,,usr0014@dTA.org,450000.0,
EML0001920,01/14/2026 13:17:46,USR0014,PC-USR0014-01,colleague1@dTA.org,,,usr0014@dTA.org,450000.0,
EML0001921,01/14/2026 14:17:49,USR0014,PC-USR0014-01,colleague7@dTA.org,,,usr0014@dTA.org,450000.0,
EML0001922,01/14/2026 11:05:35,USR0014,PC-USR0014-01,colleague3@dTA.org,,,usr0014@dTA.org,450000.0,
EML0001923,01/14/2026 09:55:48,USR0014,PC-USR0014-01,colleague7@dTA.org,,,usr0014@dTA.org,450000.0,
EML0001924,01/14/2026 11:27:35,USR0014,PC-USR0014-01,colleague7@dTA.org,,,usr0014@dTA.org,450000.0,memo.docx
EML0001925,01/14/2026 09:35:59,USR0014,PC-USR0014-01,colleague5@dTA.org,,,usr0014@dTA.org,450000.0,
EML0001926,01/14/2026 16:26:02,USR0014,PC-USR0014-01,colleague8@dTA.org,,,usr0014@dTA.org,450000.0,
EML0001927,01/14/2026 10:42:49,USR0015,PC-USR0015-01,colleague3@dTA.org,,,usr0015@dTA.org,450000.0,memo.docx
EML0001928,01/14/2026 10:30:48,USR0015,PC-USR0015-01,colleague1@dTA.org,,,usr0015@dTA.org,450000.0,
EML0001929,01/14/2026 11:40:07,USR0015,PC-USR0015-01,colleague8@dTA.org,,,usr0015@dTA.org,450000.0,
EML0001930,01/14/2026 13:08:57,USR0015,PC-USR0015-01,colleague7@dTA.org,,,usr0015@dTA.org,450000.0,
EML0001931,01/14/2026 12:09:00,USR0015,PC-USR0015-01,colleague1@dTA.org,,,usr0015@dTA.org,450000.0,
EML0001932,01/14/2026 12:42:36,USR0015,PC-USR0015-01,colleague1@dTA.org,,,usr0015@dTA.org,450000.0,memo.docx
EML0001933,01/14/2026 10:21:19,USR0015,PC-USR0015-01,colleague3@dTA.org,,,usr0015@dTA.org,450000.0,
EML0001934,01/14/2026 13:44:09,USR0015,PC-USR0015-01,colleague9@dTA.org,,,usr0015@dTA.org,450000.0,
EML0001935,01/14/2026 09:22:14,USR0016,PC-USR0016-01,colleague1@dTA.org,,,usr0016@dTA.org,450000.0,
EML0001936,01/14/2026 12:49:53,USR0016,PC-USR0016-01,colleague2@dTA.org,,,usr0016@dTA.org,450000.0,
EML0001937,01/14/2026 16:19:54,USR0016,PC-USR0016-01,colleague1@dTA.org,,,usr0016@dTA.org,450000.0,
EML0001938,01/14/2026 14:39:03,USR0016,PC-USR0016-01,colleague8@dTA.org,,,usr0016@dTA.org,450000.0,
EML0001939,01/14/2026 09:39:28,USR0016,PC-USR0016-01,colleague5@dTA.org,,,usr0016@dTA.org,450000.0,memo.docx
EML0001940,01/14/2026 12:15:36,USR0016,PC-USR0016-01,colleague8@dTA.org,,,usr0016@dTA.org,450000.0,
EML0001941,01/14/2026 10:49:01,USR0016,PC-USR0016-01,colleague10@dTA.org,,,usr0016@dTA.org,450000.0,memo.docx
EML0001942,01/14/2026 12:42:13,USR0016,PC-USR0016-01,colleague2@dTA.org,,,usr0016@dTA.org,450000.0,
EML0001943,01/14/2026 12:42:37,USR0016,PC-USR0016-01,colleague9@dTA.org,,,usr0016@dTA.org,450000.0,
EML0001944,01/14/2026 11:25:51,USR0017,PC-USR0017-01,colleague1@dTA.org,,,usr0017@dTA.org,450000.0,
EML0001945,01/14/2026 11:35:52,USR0017,PC-USR0017-01,colleague1@dTA.org,,,usr0017@dTA.org,450000.0,
EML0001946,01/14/2026 16:39:40,USR0017,PC-USR0017-01,colleague6@dTA.org,,,usr0017@dTA.org,450000.0,
EML0001947,01/14/2026 12:02:15,USR0017,PC-USR0017-01,colleague4@dTA.org,,,usr0017@dTA.org,450000.0,
EML0001948,01/14/2026 09:13:28,USR0017,PC-USR0017-01,colleague7@dTA.org,,,usr0017@dTA.org,450000.0,
EML0001949,01/14/2026 09:11:52,USR0017,PC-USR0017-01,colleague9@dTA.org,,,usr0017@dTA.org,450000.0,
EML0001950,01/14/2026 14:03:13,USR0017,PC-USR0017-01,colleague9@dTA.org,,,usr0017@dTA.org,450000.0,
EML0001951,01/14/2026 13:43:28,USR0017,PC-USR0017-01,colleague2@dTA.org,,,usr0017@dTA.org,450000.0,memo.docx
EML0001952,01/14/2026 15:33:41,USR0017,PC-USR0017-01,colleague10@dTA.org,,,usr0017@dTA.org,450000.0,
EML0001953,01/14/2026 12:49:04,USR0017,PC-USR0017-01,colleague8@dTA.org,,,usr0017@dTA.org,450000.0,
EML0001954,01/14/2026 16:12:17,USR0018,PC-USR0018-01,colleague9@dTA.org,,,usr0018@dTA.org,450000.0,memo.docx
EML0001955,01/14/2026 14:43:15,USR0018,PC-USR0018-01,colleague10@dTA.org,,,usr0018@dTA.org,450000.0,
EML0001956,01/14/2026 10:11:10,USR0018,PC-USR0018-01,colleague2@dTA.org,,,usr0018@dTA.org,450000.0,
EML0001957,01/14/2026 13:12:44,USR0018,PC-USR0018-01,colleague7@dTA.org,,,usr0018@dTA.org,450000.0,memo.docx
EML0001958,01/14/2026 14:26:36,USR0018,PC-USR0018-01,colleague1@dTA.org,,,usr0018@dTA.org,450000.0,
EML0001959,01/14/2026 12:26:50,USR0018,PC-USR0018-01,colleague5@dTA.org,,,usr0018@dTA.org,450000.0,
EML0001960,01/14/2026 13:16:46,USR0018,PC-USR0018-01,colleague7@dTA.org,,,usr0018@dTA.org,450000.0,
EML0001961,01/14/2026 13:19:08,USR0018,PC-USR0018-01,colleague2@dTA.org,,,usr0018@dTA.org,450000.0,
EML0001962,01/14/2026 09:26:28,USR0018,PC-USR0018-01,colleague1@dTA.org,,,usr0018@dTA.org,450000.0,
EML0001963,01/14/2026 09:23:13,USR0018,PC-USR0018-01,colleague1@dTA.org,,,usr0018@dTA.org,450000.0,
EML0001964,01/14/2026 10:28:53,USR0019,PC-USR0019-01,colleague10@dTA.org,,,usr0019@dTA.org,450000.0,
EML0001965,01/14/2026 11:52:45,USR0019,PC-USR0019-01,colleague2@dTA.org,,,usr0019@dTA.org,450000.0,
EML0001966,01/14/2026 14:39:11,USR0019,PC-USR0019-01,colleague8@dTA.org,,,usr0019@dTA.org,450000.0,
EML0001967,01/14/2026 12:56:45,USR0019,PC-USR0019-01,colleague4@dTA.org,,,usr0019@dTA.org,450000.0,memo.docx
EML0001968,01/14/2026 12:09:18,USR0020,PC-USR0020-01,colleague7@dTA.org,,,usr0020@dTA.org,450000.0,memo.docx
EML0001969,01/14/2026 16:48:58,USR0020,PC-USR0020-01,colleague1@dTA.org,,,usr0020@dTA.org,450000.0,
EML0001970,01/14/2026 11:44:05,USR0020,PC-USR0020-01,colleague2@dTA.org,,,usr0020@dTA.org,450000.0,
EML0001971,01/14/2026 14:00:46,USR0020,PC-USR0020-01,colleague6@dTA.org,,,usr0020@dTA.org,450000.0,
EML0001972,01/14/2026 12:25:45,USR0020,PC-USR0020-01,colleague9@dTA.org,,,usr0020@dTA.org,450000.0,
EML0001973,01/14/2026 14:49:04,USR0020,PC-USR0020-01,colleague8@dTA.org,,,usr0020@dTA.org,450000.0,
EML0001974,01/14/2026 11:17:58,USR0020,PC-USR0020-01,colleague6@dTA.org,,,usr0020@dTA.org,450000.0,
EML0001975,01/14/2026 14:41:53,USR0020,PC-USR0020-01,colleague3@dTA.org,,,usr0020@dTA.org,450000.0,
EML0001976,01/14/2026 16:58:16,USR0020,PC-USR0020-01,colleague7@dTA.org,,,usr0020@dTA.org,450000.0,
EML0001977,01/14/2026 12:18:19,USR0020,PC-USR0020-01,colleague4@dTA.org,,,usr0020@dTA.org,450000.0,memo.docx
EML0001978,01/14/2026 11:10:35,USR0020,PC-USR0020-01,colleague4@dTA.org,,,usr0020@dTA.org,450000.0,
EML0001979,01/14/2026 14:33:03,USR0021,PC-USR0021-01,colleague6@dTA.org,,,usr0021@dTA.org,450000.0,
EML0001980,01/14/2026 12:03:28,USR0021,PC-USR0021-01,colleague7@dTA.org,,,usr0021@dTA.org,450000.0,
EML0001981,01/14/2026 11:43:52,USR0021,PC-USR0021-01,colleague1@dTA.org,,,usr0021@dTA.org,450000.0,
EML0001982,01/14/2026 13:55:08,USR0021,PC-USR0021-01,colleague7@dTA.org,,,usr0021@dTA.org,450000.0,memo.docx
EML0001983,01/14/2026 13:17:08,USR0021,PC-USR0021-01,colleague2@dTA.org,,,usr0021@dTA.org,450000.0,memo.docx
EML0001984,01/14/2026 12:48:56,USR0021,PC-USR0021-01,colleague9@dTA.org,,,usr0021@dTA.org,450000.0,
EML0001985,01/14/2026 15:09:46,USR0021,PC-USR0021-01,colleague8@dTA.org,,,usr0021@dTA.org,450000.0,
EML0001986,01/14/2026 13:17:00,USR0022,PC-USR0022-01,colleague3@dTA.org,,,usr0022@dTA.org,450000.0,
EML0001987,01/14/2026 13:58:59,USR0022,PC-USR0022-01,colleague2@dTA.org,,,usr0022@dTA.org,450000.0,
EML0001988,01/14/2026 11:16:14,USR0022,PC-USR0022-01,colleague3@dTA.org,,,usr0022@dTA.org,450000.0,
EML0001989,01/14/2026 14:33:37,USR0022,PC-USR0022-01,colleague3@dTA.org,,,usr0022@dTA.org,450000.0,memo.docx
EML0001990,01/14/2026 16:39:53,USR0022,PC-USR0022-01,colleague1@dTA.org,,,usr0022@dTA.org,450000.0,
EML0001991,01/14/2026 11:24:59,USR0022,PC-USR0022-01,colleague7@dTA.org,,,usr0022@dTA.org,450000.0,memo.docx
EML0001992,01/14/2026 12:24:41,USR0022,PC-USR0022-01,colleague8@dTA.org,,,usr0022@dTA.org,450000.0,
EML0001993,01/14/2026 12:19:40,USR0022,PC-USR0022-01,colleague9@dTA.org,,,usr0022@dTA.org,450000.0,
EML0001994,01/14/2026 14:43:09,USR0022,PC-USR0022-01,colleague10@dTA.org,,,usr0022@dTA.org,450000.0,
EML0001995,01/14/2026 12:39:24,USR0023,PC-USR0023-01,colleague8@dTA.org,,,usr0023@dTA.org,450000.0,memo.docx
EML0001996,01/14/2026 12:09:49,USR0023,PC-USR0023-01,colleague4@dTA.org,,,usr0023@dTA.org,450000.0,
EML0001997,01/14/2026 12:00:09,USR0023,PC-USR0023-01,colleague2@dTA.org,,,usr0023@dTA.org,450000.0,
EML0001998,01/14/2026 14:11:09,USR0023,PC-USR0023-01,colleague4@dTA.org,,,usr0023@dTA.org,450000.0,
EML0001999,01/14/2026 12:06:21,USR0023,PC-USR0023-01,colleague10@dTA.org,,,usr0023@dTA.org,450000.0,
EML0002000,01/14/2026 10:02:22,USR0023,PC-USR0023-01,colleague2@dTA.org,,,usr0023@dTA.org,450000.0,
EML0002001,01/14/2026 14:02:41,USR0023,PC-USR0023-01,colleague8@dTA.org,,,usr0023@dTA.org,450000.0,
EML0002002,01/14/2026 16:50:08,USR0023,PC-USR0023-01,colleague3@dTA.org,,,usr0023@dTA.org,450000.0,
EML0002003,01/14/2026 10:03:46,USR0023,PC-USR0023-01,colleague9@dTA.org,,,usr0023@dTA.org,450000.0,
EML0002004,01/14/2026 10:21:55,USR0024,PC-USR0024-01,colleague8@dTA.org,,,usr0024@dTA.org,450000.0,
EML0002005,01/14/2026 13:34:39,USR0024,PC-USR0024-01,colleague6@dTA.org,,,usr0024@dTA.org,450000.0,
EML0002006,01/14/2026 15:20:17,USR0024,PC-USR0024-01,colleague7@dTA.org,,,usr0024@dTA.org,450000.0,
EML0002007,01/14/2026 16:43:38,USR0024,PC-USR0024-01,colleague4@dTA.org,,,usr0024@dTA.org,450000.0,memo.docx
EML0002008,01/14/2026 16:59:00,USR0024,PC-USR0024-01,colleague1@dTA.org,,,usr0024@dTA.org,450000.0,
EML0002009,01/14/2026 15:26:03,USR0024,PC-USR0024-01,colleague6@dTA.org,,,usr0024@dTA.org,450000.0,
EML0002010,01/14/2026 15:50:53,USR0025,PC-USR0025-01,colleague9@dTA.org,,,usr0025@dTA.org,450000.0,memo.docx
EML0002011,01/14/2026 11:03:49,USR0025,PC-USR0025-01,colleague5@dTA.org,,,usr0025@dTA.org,450000.0,
EML0002012,01/14/2026 11:48:38,USR0025,PC-USR0025-01,colleague3@dTA.org,,,usr0025@dTA.org,450000.0,
EML0002013,01/14/2026 15:54:56,USR0025,PC-USR0025-01,colleague10@dTA.org,,,usr0025@dTA.org,450000.0,
EML0002014,01/14/2026 12:11:04,USR0025,PC-USR0025-01,colleague5@dTA.org,,,usr0025@dTA.org,450000.0,
EML0002015,01/14/2026 13:23:42,USR0025,PC-USR0025-01,colleague7@dTA.org,,,usr0025@dTA.org,450000.0,
EML0002016,01/14/2026 15:56:13,USR0025,PC-USR0025-01,colleague2@dTA.org,,,usr0025@dTA.org,450000.0,
EML0002017,01/14/2026 16:49:00,USR0025,PC-USR0025-01,colleague5@dTA.org,,,usr0025@dTA.org,450000.0,
EML0002018,01/15/2026 14:20:25,AAE0190,PC-AAE0190-01,colleague1@dTA.org,,,aae0190@dTA.org,450000.0,
EML0002019,01/15/2026 11:12:12,AAE0190,PC-AAE0190-01,colleague9@dTA.org,,,aae0190@dTA.org,450000.0,
EML0002020,01/15/2026 11:20:06,AAE0190,PC-AAE0190-01,colleague7@dTA.org,,,aae0190@dTA.org,450000.0,
EML0002021,01/15/2026 10:55:14,AAE0190,PC-AAE0190-01,colleague1@dTA.org,,,aae0190@dTA.org,450000.0,
EML0002022,01/15/2026 12:06:45,AAE0190,PC-AAE0190-01,colleague3@dTA.org,,,aae0190@dTA.org,450000.0,
EML0002023,01/15/2026 14:02:15,AAE0190,PC-AAE0190-01,colleague5@dTA.org,,,aae0190@dTA.org,450000.0,
EML0002024,01/15/2026 12:57:21,AAE0190,PC-AAE0190-01,colleague10@dTA.org,,,aae0190@dTA.org,450000.0,memo.docx
EML0002025,01/15/2026 09:55:25,AAE0190,PC-AAE0190-01,colleague8@dTA.org,,,aae0190@dTA.org,450000.0,memo.docx
EML0002026,01/15/2026 10:20:10,AAE0190,PC-AAE0190-01,colleague6@dTA.org,,,aae0190@dTA.org,450000.0,
EML0002027,01/15/2026 14:28:28,USR0002,PC-USR0002-01,colleague3@dTA.org,,,usr0002@dTA.org,450000.0,
EML0002028,01/15/2026 15:00:49,USR0002,PC-USR0002-01,colleague4@dTA.org,,,usr0002@dTA.org,450000.0,
EML0002029,01/15/2026 15:55:49,USR0002,PC-USR0002-01,colleague1@dTA.org,,,usr0002@dTA.org,450000.0,
EML0002030,01/15/2026 14:36:36,USR0002,PC-USR0002-01,colleague10@dTA.org,,,usr0002@dTA.org,450000.0,
EML0002031,01/15/2026 15:28:40,USR0002,PC-USR0002-01,colleague1@dTA.org,,,usr0002@dTA.org,450000.0,memo.docx
EML0002032,01/15/2026 10:56:29,USR0002,PC-USR0002-01,colleague6@dTA.org,,,usr0002@dTA.org,450000.0,memo.docx
EML0002033,01/15/2026 10:01:20,USR0002,PC-USR0002-01,colleague4@dTA.org,,,usr0002@dTA.org,450000.0,
EML0002034,01/15/2026 10:27:11,USR0002,PC-USR0002-01,colleague3@dTA.org,,,usr0002@dTA.org,450000.0,
EML0002035,01/15/2026 15:22:08,USR0002,PC-USR0002-01,colleague3@dTA.org,,,usr0002@dTA.org,450000.0,memo.docx
EML0002036,01/15/2026 10:36:33,USR0002,PC-USR0002-01,colleague7@dTA.org,,,usr0002@dTA.org,450000.0,
EML0002037,01/15/2026 13:30:05,USR0002,PC-USR0002-01,colleague4@dTA.org,,,usr0002@dTA.org,450000.0,
EML0002038,01/15/2026 13:05:33,USR0002,PC-USR0002-01,colleague2@dTA.org,,,usr0002@dTA.org,450000.0,memo.docx
EML0002039,01/15/2026 15:03:17,USR0003,PC-USR0003-01,colleague4@dTA.org,,,usr0003@dTA.org,450000.0,memo.docx
EML0002040,01/15/2026 15:07:50,USR0003,PC-USR0003-01,colleague2@dTA.org,,,usr0003@dTA.org,450000.0,memo.docx
EML0002041,01/15/2026 16:46:00,USR0003,PC-USR0003-01,colleague5@dTA.org,,,usr0003@dTA.org,450000.0,
EML0002042,01/15/2026 16:36:26,USR0003,PC-USR0003-01,colleague6@dTA.org,,,usr0003@dTA.org,450000.0,memo.docx
EML0002043,01/15/2026 13:12:12,USR0003,PC-USR0003-01,colleague8@dTA.org,,,usr0003@dTA.org,450000.0,
EML0002044,01/15/2026 13:06:41,USR0003,PC-USR0003-01,colleague8@dTA.org,,,usr0003@dTA.org,450000.0,
EML0002045,01/15/2026 11:18:02,USR0004,PC-USR0004-01,colleague6@dTA.org,,,usr0004@dTA.org,450000.0,
EML0002046,01/15/2026 11:55:24,USR0004,PC-USR0004-01,colleague9@dTA.org,,,usr0004@dTA.org,450000.0,memo.docx
EML0002047,01/15/2026 13:32:15,USR0004,PC-USR0004-01,colleague8@dTA.org,,,usr0004@dTA.org,450000.0,
EML0002048,01/15/2026 10:25:03,USR0004,PC-USR0004-01,colleague7@dTA.org,,,usr0004@dTA.org,450000.0,
EML0002049,01/15/2026 13:02:55,USR0004,PC-USR0004-01,colleague4@dTA.org,,,usr0004@dTA.org,450000.0,
EML0002050,01/15/2026 09:34:12,USR0005,PC-USR0005-01,colleague3@dTA.org,,,usr0005@dTA.org,450000.0,
EML0002051,01/15/2026 16:35:08,USR0005,PC-USR0005-01,colleague6@dTA.org,,,usr0005@dTA.org,450000.0,memo.docx
EML0002052,01/15/2026 12:43:18,USR0005,PC-USR0005-01,colleague1@dTA.org,,,usr0005@dTA.org,450000.0,
EML0002053,01/15/2026 09:05:54,USR0005,PC-USR0005-01,colleague8@dTA.org,,,usr0005@dTA.org,450000.0,memo.docx
EML0002054,01/15/2026 16:25:18,USR0005,PC-USR0005-01,colleague1@dTA.org,,,usr0005@dTA.org,450000.0,memo.docx
EML0002055,01/15/2026 10:24:03,USR0005,PC-USR0005-01,colleague7@dTA.org,,,usr0005@dTA.org,450000.0,memo.docx
EML0002056,01/15/2026 11:26:05,USR0005,PC-USR0005-01,colleague3@dTA.org,,,usr0005@dTA.org,450000.0,
EML0002057,01/15/2026 12:14:28,USR0005,PC-USR0005-01,colleague5@dTA.org,,,usr0005@dTA.org,450000.0,
EML0002058,01/15/2026 14:26:32,USR0005,PC-USR0005-01,colleague9@dTA.org,,,usr0005@dTA.org,450000.0,
EML0002059,01/15/2026 15:59:32,USR0005,PC-USR0005-01,colleague3@dTA.org,,,usr0005@dTA.org,450000.0,
EML0002060,01/15/2026 12:16:30,USR0005,PC-USR0005-01,colleague1@dTA.org,,,usr0005@dTA.org,450000.0,
EML0002061,01/15/2026 14:14:41,USR0006,PC-USR0006-01,colleague4@dTA.org,,,usr0006@dTA.org,450000.0,
EML0002062,01/15/2026 11:58:35,USR0006,PC-USR0006-01,colleague7@dTA.org,,,usr0006@dTA.org,450000.0,
EML0002063,01/15/2026 16:30:20,USR0006,PC-USR0006-01,colleague8@dTA.org,,,usr0006@dTA.org,450000.0,
EML0002064,01/15/2026 16:12:23,USR0006,PC-USR0006-01,colleague10@dTA.org,,,usr0006@dTA.org,450000.0,
EML0002065,01/15/2026 13:26:52,USR0006,PC-USR0006-01,colleague4@dTA.org,,,usr0006@dTA.org,450000.0,
EML0002066,01/15/2026 11:32:42,USR0006,PC-USR0006-01,colleague6@dTA.org,,,usr0006@dTA.org,450000.0,
EML0002067,01/15/2026 16:12:12,USR0007,PC-USR0007-01,colleague6@dTA.org,,,usr0007@dTA.org,450000.0,
EML0002068,01/15/2026 10:50:12,USR0007,PC-USR0007-01,colleague1@dTA.org,,,usr0007@dTA.org,450000.0,
EML0002069,01/15/2026 11:18:31,USR0007,PC-USR0007-01,colleague2@dTA.org,,,usr0007@dTA.org,450000.0,
EML0002070,01/15/2026 12:22:13,USR0007,PC-USR0007-01,colleague1@dTA.org,,,usr0007@dTA.org,450000.0,
EML0002071,01/15/2026 13:29:34,USR0008,PC-USR0008-01,colleague3@dTA.org,,,usr0008@dTA.org,450000.0,memo.docx
EML0002072,01/15/2026 12:43:08,USR0008,PC-USR0008-01,colleague6@dTA.org,,,usr0008@dTA.org,450000.0,
EML0002073,01/15/2026 09:54:31,USR0008,PC-USR0008-01,colleague7@dTA.org,,,usr0008@dTA.org,450000.0,memo.docx
EML0002074,01/15/2026 11:37:47,USR0008,PC-USR0008-01,colleague3@dTA.org,,,usr0008@dTA.org,450000.0,
EML0002075,01/15/2026 09:27:42,USR0008,PC-USR0008-01,colleague6@dTA.org,,,usr0008@dTA.org,450000.0,
EML0002076,01/15/2026 12:41:24,USR0008,PC-USR0008-01,colleague7@dTA.org,,,usr0008@dTA.org,450000.0,memo.docx
EML0002077,01/15/2026 15:02:50,USR0009,PC-USR0009-01,colleague5@dTA.org,,,usr0009@dTA.org,450000.0,
EML0002078,01/15/2026 12:51:48,USR0009,PC-USR0009-01,colleague2@dTA.org,,,usr0009@dTA.org,450000.0,
EML0002079,01/15/2026 10:53:06,USR0009,PC-USR0009-01,colleague9@dTA.org,,,usr0009@dTA.org,450000.0,
EML0002080,01/15/2026 13:33:57,USR0009,PC-USR0009-01,colleague6@dTA.org,,,usr0009@dTA.org,450000.0,memo.docx
EML0002081,01/15/2026 15:06:54,USR0009,PC-USR0009-01,colleague9@dTA.org,,,usr0009@dTA.org,450000.0,
EML0002082,01/15/2026 15:15:16,USR0009,PC-USR0009-01,colleague5@dTA.org,,,usr0009@dTA.org,450000.0,memo.docx
EML0002083,01/15/2026 09:47:54,USR0009,PC-USR0009-01,colleague9@dTA.org,,,usr0009@dTA.org,450000.0,
EML0002084,01/15/2026 12:37:00,USR0010,PC-USR0010-01,colleague1@dTA.org,,,usr0010@dTA.org,450000.0,
EML0002085,01/15/2026 10:59:42,USR0010,PC-USR0010-01,colleague4@dTA.org,,,usr0010@dTA.org,450000.0,
EML0002086,01/15/2026 14:49:50,USR0010,PC-USR0010-01,colleague10@dTA.org,,,usr0010@dTA.org,450000.0,memo.docx
EML0002087,01/15/2026 09:27:06,USR0010,PC-USR0010-01,colleague9@dTA.org,,,usr0010@dTA.org,450000.0,
EML0002088,01/15/2026 14:16:38,USR0010,PC-USR0010-01,colleague7@dTA.org,,,usr0010@dTA.org,450000.0,
EML0002089,01/15/2026 13:17:29,USR0010,PC-USR0010-01,colleague2@dTA.org,,,usr0010@dTA.org,450000.0,memo.docx
EML0002090,01/15/2026 11:52:15,USR0010,PC-USR0010-01,colleague6@dTA.org,,,usr0010@dTA.org,450000.0,
EML0002091,01/15/2026 14:07:03,USR0010,PC-USR0010-01,colleague8@dTA.org,,,usr0010@dTA.org,450000.0,memo.docx
EML0002092,01/15/2026 13:41:45,USR0010,PC-USR0010-01,colleague6@dTA.org,,,usr0010@dTA.org,450000.0,
EML0002093,01/15/2026 09:10:31,USR0010,PC-USR0010-01,colleague9@dTA.org,,,usr0010@dTA.org,450000.0,
EML0002094,01/15/2026 11:07:19,USR0010,PC-USR0010-01,colleague8@dTA.org,,,usr0010@dTA.org,450000.0,
EML0002095,01/15/2026 10:08:23,USR0011,PC-USR0011-01,colleague8@dTA.org,,,usr0011@dTA.org,450000.0,
EML0002096,01/15/2026 11:07:02,USR0011,PC-USR0011-01,colleague6@dTA.org,,,usr0011@dTA.org,450000.0,
EML0002097,01/15/2026 12:13:32,USR0011,PC-USR0011-01,colleague1@dTA.org,,,usr0011@dTA.org,450000.0,
EML0002098,01/15/2026 14:08:22,USR0011,PC-USR0011-01,colleague7@dTA.org,,,usr0011@dTA.org,450000.0,
EML0002099,01/15/2026 14:53:52,USR0012,PC-USR0012-01,colleague6@dTA.org,,,usr0012@dTA.org,450000.0,
EML0002100,01/15/2026 15:44:42,USR0012,PC-USR0012-01,colleague7@dTA.org,,,usr0012@dTA.org,450000.0,
EML0002101,01/15/2026 14:20:57,USR0012,PC-USR0012-01,colleague3@dTA.org,,,usr0012@dTA.org,450000.0,
EML0002102,01/15/2026 09:35:45,USR0012,PC-USR0012-01,colleague6@dTA.org,,,usr0012@dTA.org,450000.0,
EML0002103,01/15/2026 14:18:52,USR0012,PC-USR0012-01,colleague5@dTA.org,,,usr0012@dTA.org,450000.0,
EML0002104,01/15/2026 12:19:34,USR0012,PC-USR0012-01,colleague8@dTA.org,,,usr0012@dTA.org,450000.0,memo.docx
EML0002105,01/15/2026 12:11:37,USR0012,PC-USR0012-01,colleague6@dTA.org,,,usr0012@dTA.org,450000.0,
EML0002106,01/15/2026 09:25:42,USR0012,PC-USR0012-01,colleague1@dTA.org,,,usr0012@dTA.org,450000.0,
EML0002107,01/15/2026 10:56:59,USR0012,PC-USR0012-01,colleague1@dTA.org,,,usr0012@dTA.org,450000.0,
EML0002108,01/15/2026 13:52:58,USR0012,PC-USR0012-01,colleague6@dTA.org,,,usr0012@dTA.org,450000.0,memo.docx
EML0002109,01/15/2026 16:26:05,USR0012,PC-USR0012-01,colleague10@dTA.org,,,usr0012@dTA.org,450000.0,
EML0002110,01/15/2026 16:44:31,USR0013,PC-USR0013-01,colleague6@dTA.org,,,usr0013@dTA.org,450000.0,
EML0002111,01/15/2026 10:05:33,USR0013,PC-USR0013-01,colleague5@dTA.org,,,usr0013@dTA.org,450000.0,
EML0002112,01/15/2026 16:25:10,USR0013,PC-USR0013-01,colleague10@dTA.org,,,usr0013@dTA.org,450000.0,
EML0002113,01/15/2026 13:36:53,USR0013,PC-USR0013-01,colleague5@dTA.org,,,usr0013@dTA.org,450000.0,
EML0002114,01/15/2026 10:25:46,USR0013,PC-USR0013-01,colleague2@dTA.org,,,usr0013@dTA.org,450000.0,
EML0002115,01/15/2026 10:49:51,USR0013,PC-USR0013-01,colleague1@dTA.org,,,usr0013@dTA.org,450000.0,memo.docx
EML0002116,01/15/2026 16:27:51,USR0013,PC-USR0013-01,colleague4@dTA.org,,,usr0013@dTA.org,450000.0,
EML0002117,01/15/2026 09:37:51,USR0013,PC-USR0013-01,colleague1@dTA.org,,,usr0013@dTA.org,450000.0,memo.docx
EML0002118,01/15/2026 14:31:14,USR0013,PC-USR0013-01,colleague1@dTA.org,,,usr0013@dTA.org,450000.0,
EML0002119,01/15/2026 11:12:58,USR0013,PC-USR0013-01,colleague2@dTA.org,,,usr0013@dTA.org,450000.0,
EML0002120,01/15/2026 12:16:42,USR0013,PC-USR0013-01,colleague4@dTA.org,,,usr0013@dTA.org,450000.0,
EML0002121,01/15/2026 14:52:54,USR0013,PC-USR0013-01,colleague8@dTA.org,,,usr0013@dTA.org,450000.0,
EML0002122,01/15/2026 10:47:57,USR0014,PC-USR0014-01,colleague10@dTA.org,,,usr0014@dTA.org,450000.0,
EML0002123,01/15/2026 15:50:25,USR0014,PC-USR0014-01,colleague6@dTA.org,,,usr0014@dTA.org,450000.0,memo.docx
EML0002124,01/15/2026 09:25:52,USR0014,PC-USR0014-01,colleague8@dTA.org,,,usr0014@dTA.org,450000.0,
EML0002125,01/15/2026 12:39:55,USR0014,PC-USR0014-01,colleague6@dTA.org,,,usr0014@dTA.org,450000.0,
EML0002126,01/15/2026 13:30:47,USR0014,PC-USR0014-01,colleague6@dTA.org,,,usr0014@dTA.org,450000.0,
EML0002127,01/15/2026 12:17:34,USR0015,PC-USR0015-01,colleague3@dTA.org,,,usr0015@dTA.org,450000.0,memo.docx
EML0002128,01/15/2026 13:29:05,USR0015,PC-USR0015-01,colleague6@dTA.org,,,usr0015@dTA.org,450000.0,
EML0002129,01/15/2026 14:44:07,USR0015,PC-USR0015-01,colleague6@dTA.org,,,usr0015@dTA.org,450000.0,memo.docx
EML0002130,01/15/2026 11:32:55,USR0015,PC-USR0015-01,colleague6@dTA.org,,,usr0015@dTA.org,450000.0,
EML0002131,01/15/2026 14:39:33,USR0015,PC-USR0015-01,colleague8@dTA.org,,,usr0015@dTA.org,450000.0,
EML0002132,01/15/2026 10:39:58,USR0015,PC-USR0015-01,colleague7@dTA.org,,,usr0015@dTA.org,450000.0,
EML0002133,01/15/2026 13:22:52,USR0016,PC-USR0016-01,colleague8@dTA.org,,,usr0016@dTA.org,450000.0,
EML0002134,01/15/2026 12:22:22,USR0016,PC-USR0016-01,colleague9@dTA.org,,,usr0016@dTA.org,450000.0,
EML0002135,01/15/2026 14:31:24,USR0016,PC-USR0016-01,colleague8@dTA.org,,,usr0016@dTA.org,450000.0,
EML0002136,01/15/2026 15:51:51,USR0016,PC-USR0016-01,colleague4@dTA.org,,,usr0016@dTA.org,450000.0,
EML0002137,01/15/2026 13:31:29,USR0016,PC-USR0016-01,colleague10@dTA.org,,,usr0016@dTA.org,450000.0,
EML0002138,01/15/2026 13:32:13,USR0017,PC-USR0017-01,colleague1@dTA.org,,,usr0017@dTA.org,450000.0,
EML0002139,01/15/2026 10:13:37,USR0017,PC-USR0017-01,colleague10@dTA.org,,,usr0017@dTA.org,450000.0,
EML0002140,01/15/2026 13:43:22,USR0017,PC-USR0017-01,colleague5@dTA.org,,,usr0017@dTA.org,450000.0,
EML0002141,01/15/2026 11:09:32,USR0017,PC-USR0017-01,colleague10@dTA.org,,,usr0017@dTA.org,450000.0,
EML0002142,01/15/2026 12:47:16,USR0017,PC-USR0017-01,colleague8@dTA.org,,,usr0017@dTA.org,450000.0,
EML0002143,01/15/2026 11:37:27,USR0017,PC-USR0017-01,colleague2@dTA.org,,,usr0017@dTA.org,450000.0,memo.docx
EML0002144,01/15/2026 16:07:52,USR0017,PC-USR0017-01,colleague4@dTA.org,,,usr0017@dTA.org,450000.0,
EML0002145,01/15/2026 09:58:35,USR0017,PC-USR0017-01,colleague4@dTA.org,,,usr0017@dTA.org,450000.0,
EML0002146,01/15/2026 11:04:27,USR0017,PC-USR0017-01,colleague7@dTA.org,,,usr0017@dTA.org,450000.0,
EML0002147,01/15/2026 14:28:22,USR0018,PC-USR0018-01,colleague7@dTA.org,,,usr0018@dTA.org,450000.0,
EML0002148,01/15/2026 16:35:43,USR0018,PC-USR0018-01,colleague3@dTA.org,,,usr0018@dTA.org,450000.0,memo.docx
EML0002149,01/15/2026 13:19:45,USR0018,PC-USR0018-01,colleague9@dTA.org,,,usr0018@dTA.org,450000.0,
EML0002150,01/15/2026 13:33:30,USR0018,PC-USR0018-01,colleague4@dTA.org,,,usr0018@dTA.org,450000.0,
EML0002151,01/15/2026 14:53:55,USR0018,PC-USR0018-01,colleague8@dTA.org,,,usr0018@dTA.org,450000.0,
EML0002152,01/15/2026 16:39:45,USR0018,PC-USR0018-01,colleague9@dTA.org,,,usr0018@dTA.org,450000.0,
EML0002153,01/15/2026 12:33:00,USR0019,PC-USR0019-01,colleague10@dTA.org,,,usr0019@dTA.org,450000.0,memo.docx
EML0002154,01/15/2026 12:54:06,USR0019,PC-USR0019-01,colleague8@dTA.org,,,usr0019@dTA.org,450000.0,memo.docx
EML0002155,01/15/2026 16:05:33,USR0019,PC-USR0019-01,colleague1@dTA.org,,,usr0019@dTA.org,450000.0,
EML0002156,01/15/2026 12:51:04,USR0019,PC-USR0019-01,colleague4@dTA.org,,,usr0019@dTA.org,450000.0,
EML0002157,01/15/2026 15:23:18,USR0020,PC-USR0020-01,colleague9@dTA.org,,,usr0020@dTA.org,450000.0,
EML0002158,01/15/2026 11:03:08,USR0020,PC-USR0020-01,colleague7@dTA.org,,,usr0020@dTA.org,450000.0,
EML0002159,01/15/2026 15:48:38,USR0020,PC-USR0020-01,colleague6@dTA.org,,,usr0020@dTA.org,450000.0,
EML0002160,01/15/2026 09:00:41,USR0020,PC-USR0020-01,colleague5@dTA.org,,,usr0020@dTA.org,450000.0,
EML0002161,01/15/2026 10:26:35,USR0020,PC-USR0020-01,colleague6@dTA.org,,,usr0020@dTA.org,450000.0,
EML0002162,01/15/2026 13:04:26,USR0020,PC-USR0020-01,colleague6@dTA.org,,,usr0020@dTA.org,450000.0,
EML0002163,01/15/2026 10:05:27,USR0020,PC-USR0020-01,colleague4@dTA.org,,,usr0020@dTA.org,450000.0,
EML0002164,01/15/2026 12:06:36,USR0020,PC-USR0020-01,colleague8@dTA.org,,,usr0020@dTA.org,450000.0,
EML0002165,01/15/2026 12:03:55,USR0020,PC-USR0020-01,colleague9@dTA.org,,,usr0020@dTA.org,450000.0,
EML0002166,01/15/2026 12:39:30,USR0020,PC-USR0020-01,colleague8@dTA.org,,,usr0020@dTA.org,450000.0,
EML0002167,01/15/2026 11:45:48,USR0021,PC-USR0021-01,colleague3@dTA.org,,,usr0021@dTA.org,450000.0,
EML0002168,01/15/2026 14:51:53,USR0021,PC-USR0021-01,colleague8@dTA.org,,,usr0021@dTA.org,450000.0,
EML0002169,01/15/2026 11:45:34,USR0021,PC-USR0021-01,colleague3@dTA.org,,,usr0021@dTA.org,450000.0,
EML0002170,01/15/2026 16:06:09,USR0021,PC-USR0021-01,colleague2@dTA.org,,,usr0021@dTA.org,450000.0,
EML0002171,01/15/2026 14:23:03,USR0021,PC-USR0021-01,colleague5@dTA.org,,,usr0021@dTA.org,450000.0,
EML0002172,01/15/2026 09:18:48,USR0021,PC-USR0021-01,colleague10@dTA.org,,,usr0021@dTA.org,450000.0,
EML0002173,01/15/2026 14:01:38,USR0021,PC-USR0021-01,colleague5@dTA.org,,,usr0021@dTA.org,450000.0,memo.docx
EML0002174,01/15/2026 09:10:40,USR0022,PC-USR0022-01,colleague10@dTA.org,,,usr0022@dTA.org,450000.0,
EML0002175,01/15/2026 14:42:49,USR0022,PC-USR0022-01,colleague10@dTA.org,,,usr0022@dTA.org,450000.0,
EML0002176,01/15/2026 09:49:59,USR0022,PC-USR0022-01,colleague1@dTA.org,,,usr0022@dTA.org,450000.0,memo.docx
EML0002177,01/15/2026 10:34:06,USR0022,PC-USR0022-01,colleague10@dTA.org,,,usr0022@dTA.org,450000.0,
EML0002178,01/15/2026 09:23:10,USR0022,PC-USR0022-01,colleague9@dTA.org,,,usr0022@dTA.org,450000.0,
EML0002179,01/15/2026 12:46:54,USR0022,PC-USR0022-01,colleague1@dTA.org,,,usr0022@dTA.org,450000.0,
EML0002180,01/15/2026 10:00:28,USR0022,PC-USR0022-01,colleague10@dTA.org,,,usr0022@dTA.org,450000.0,memo.docx
EML0002181,01/15/2026 09:32:59,USR0022,PC-USR0022-01,colleague8@dTA.org,,,usr0022@dTA.org,450000.0,
EML0002182,01/15/2026 16:37:53,USR0022,PC-USR0022-01,colleague9@dTA.org,,,usr0022@dTA.org,450000.0,
EML0002183,01/15/2026 15:02:20,USR0023,PC-USR0023-01,colleague1@dTA.org,,,usr0023@dTA.org,450000.0,
EML0002184,01/15/2026 09:25:59,USR0023,PC-USR0023-01,colleague6@dTA.org,,,usr0023@dTA.org,450000.0,memo.docx
EML0002185,01/15/2026 16:57:08,USR0023,PC-USR0023-01,colleague1@dTA.org,,,usr0023@dTA.org,450000.0,memo.docx
EML0002186,01/15/2026 10:54:53,USR0023,PC-USR0023-01,colleague10@dTA.org,,,usr0023@dTA.org,450000.0,
EML0002187,01/15/2026 14:13:24,USR0023,PC-USR0023-01,colleague3@dTA.org,,,usr0023@dTA.org,450000.0,
EML0002188,01/15/2026 15:15:35,USR0023,PC-USR0023-01,colleague6@dTA.org,,,usr0023@dTA.org,450000.0,
EML0002189,01/15/2026 09:23:41,USR0023,PC-USR0023-01,colleague4@dTA.org,,,usr0023@dTA.org,450000.0,
EML0002190,01/15/2026 14:26:43,USR0023,PC-USR0023-01,colleague7@dTA.org,,,usr0023@dTA.org,450000.0,
EML0002191,01/15/2026 10:37:53,USR0023,PC-USR0023-01,colleague1@dTA.org,,,usr0023@dTA.org,450000.0,memo.docx
EML0002192,01/15/2026 14:26:23,USR0024,PC-USR0024-01,colleague8@dTA.org,,,usr0024@dTA.org,450000.0,memo.docx
EML0002193,01/15/2026 11:37:19,USR0024,PC-USR0024-01,colleague7@dTA.org,,,usr0024@dTA.org,450000.0,memo.docx
EML0002194,01/15/2026 11:46:32,USR0024,PC-USR0024-01,colleague9@dTA.org,,,usr0024@dTA.org,450000.0,
EML0002195,01/15/2026 13:21:11,USR0024,PC-USR0024-01,colleague10@dTA.org,,,usr0024@dTA.org,450000.0,
EML0002196,01/15/2026 12:14:32,USR0024,PC-USR0024-01,colleague10@dTA.org,,,usr0024@dTA.org,450000.0,
EML0002197,01/15/2026 11:27:37,USR0024,PC-USR0024-01,colleague8@dTA.org,,,usr0024@dTA.org,450000.0,memo.docx
EML0002198,01/15/2026 11:49:58,USR0024,PC-USR0024-01,colleague8@dTA.org,,,usr0024@dTA.org,450000.0,
EML0002199,01/15/2026 09:41:01,USR0025,PC-USR0025-01,colleague2@dTA.org,,,usr0025@dTA.org,450000.0,
EML0002200,01/15/2026 14:38:07,USR0025,PC-USR0025-01,colleague10@dTA.org,,,usr0025@dTA.org,450000.0,
EML0002201,01/15/2026 16:00:49,USR0025,PC-USR0025-01,colleague8@dTA.org,,,usr0025@dTA.org,450000.0,
EML0002202,01/15/2026 13:14:40,USR0025,PC-USR0025-01,colleague5@dTA.org,,,usr0025@dTA.org,450000.0,
EML0002203,01/15/2026 11:05:52,USR0025,PC-USR0025-01,colleague8@dTA.org,,,usr0025@dTA.org,450000.0,
EML0002204,01/15/2026 12:35:50,USR0025,PC-USR0025-01,colleague10@dTA.org,,,usr0025@dTA.org,450000.0,memo.docx
EML0002205,01/15/2026 14:23:00,USR0025,PC-USR0025-01,colleague6@dTA.org,,,usr0025@dTA.org,450000.0,
EML0002206,01/15/2026 13:41:59,USR0025,PC-USR0025-01,colleague3@dTA.org,,,usr0025@dTA.org,450000.0,memo.docx
EML0002207,01/15/2026 13:17:26,USR0025,PC-USR0025-01,colleague5@dTA.org,,,usr0025@dTA.org,450000.0,
EML0002208,01/15/2026 11:33:47,USR0025,PC-USR0025-01,colleague6@dTA.org,,,usr0025@dTA.org,450000.0,
EML0002209,01/15/2026 14:09:45,USR0025,PC-USR0025-01,colleague6@dTA.org,,,usr0025@dTA.org,450000.0,memo.docx
EML0002210,01/16/2026 13:47:57,AAE0190,PC-AAE0190-01,colleague4@dTA.org,,,aae0190@dTA.org,450000.0,memo.docx
EML0002211,01/16/2026 10:14:40,AAE0190,PC-AAE0190-01,colleague1@dTA.org,,,aae0190@dTA.org,450000.0,
EML0002212,01/16/2026 12:28:30,AAE0190,PC-AAE0190-01,colleague5@dTA.org,,,aae0190@dTA.org,450000.0,memo.docx
EML0002213,01/16/2026 10:38:48,AAE0190,PC-AAE0190-01,colleague5@dTA.org,,,aae0190@dTA.org,450000.0,memo.docx
EML0002214,01/16/2026 11:32:22,AAE0190,PC-AAE0190-01,colleague3@dTA.org,,,aae0190@dTA.org,450000.0,memo.docx
EML0002215,01/16/2026 13:50:12,AAE0190,PC-AAE0190-01,colleague4@dTA.org,,,aae0190@dTA.org,450000.0,
EML0002216,01/16/2026 09:24:56,AAE0190,PC-AAE0190-01,colleague3@dTA.org,,,aae0190@dTA.org,450000.0,
EML0002217,01/16/2026 14:01:58,AAE0190,PC-AAE0190-01,colleague5@dTA.org,,,aae0190@dTA.org,450000.0,
EML0002218,01/16/2026 11:30:31,AAE0190,PC-AAE0190-01,colleague4@dTA.org,,,aae0190@dTA.org,450000.0,
EML0002219,01/16/2026 10:39:38,USR0002,PC-USR0002-01,colleague4@dTA.org,,,usr0002@dTA.org,450000.0,
EML0002220,01/16/2026 15:14:23,USR0002,PC-USR0002-01,colleague6@dTA.org,,,usr0002@dTA.org,450000.0,memo.docx
EML0002221,01/16/2026 10:14:15,USR0002,PC-USR0002-01,colleague6@dTA.org,,,usr0002@dTA.org,450000.0,
EML0002222,01/16/2026 15:11:25,USR0002,PC-USR0002-01,colleague9@dTA.org,,,usr0002@dTA.org,450000.0,
EML0002223,01/16/2026 09:14:53,USR0002,PC-USR0002-01,colleague9@dTA.org,,,usr0002@dTA.org,450000.0,
EML0002224,01/16/2026 09:56:17,USR0002,PC-USR0002-01,colleague5@dTA.org,,,usr0002@dTA.org,450000.0,
EML0002225,01/16/2026 15:41:03,USR0002,PC-USR0002-01,colleague2@dTA.org,,,usr0002@dTA.org,450000.0,memo.docx
EML0002226,01/16/2026 09:22:43,USR0003,PC-USR0003-01,colleague4@dTA.org,,,usr0003@dTA.org,450000.0,
EML0002227,01/16/2026 14:01:49,USR0003,PC-USR0003-01,colleague4@dTA.org,,,usr0003@dTA.org,450000.0,memo.docx
EML0002228,01/16/2026 09:54:54,USR0003,PC-USR0003-01,colleague4@dTA.org,,,usr0003@dTA.org,450000.0,memo.docx
EML0002229,01/16/2026 09:44:14,USR0003,PC-USR0003-01,colleague1@dTA.org,,,usr0003@dTA.org,450000.0,
EML0002230,01/16/2026 14:41:17,USR0003,PC-USR0003-01,colleague3@dTA.org,,,usr0003@dTA.org,450000.0,
EML0002231,01/16/2026 13:48:33,USR0003,PC-USR0003-01,colleague10@dTA.org,,,usr0003@dTA.org,450000.0,
EML0002232,01/16/2026 16:59:41,USR0003,PC-USR0003-01,colleague7@dTA.org,,,usr0003@dTA.org,450000.0,
EML0002233,01/16/2026 12:32:37,USR0003,PC-USR0003-01,colleague6@dTA.org,,,usr0003@dTA.org,450000.0,
EML0002234,01/16/2026 09:33:39,USR0003,PC-USR0003-01,colleague8@dTA.org,,,usr0003@dTA.org,450000.0,
EML0002235,01/16/2026 12:45:42,USR0003,PC-USR0003-01,colleague7@dTA.org,,,usr0003@dTA.org,450000.0,
EML0002236,01/16/2026 16:28:16,USR0003,PC-USR0003-01,colleague7@dTA.org,,,usr0003@dTA.org,450000.0,
EML0002237,01/16/2026 10:42:05,USR0003,PC-USR0003-01,colleague1@dTA.org,,,usr0003@dTA.org,450000.0,
EML0002238,01/16/2026 13:40:05,USR0004,PC-USR0004-01,colleague8@dTA.org,,,usr0004@dTA.org,450000.0,
EML0002239,01/16/2026 14:03:15,USR0004,PC-USR0004-01,colleague7@dTA.org,,,usr0004@dTA.org,450000.0,memo.docx
EML0002240,01/16/2026 10:38:13,USR0004,PC-USR0004-01,colleague1@dTA.org,,,usr0004@dTA.org,450000.0,
EML0002241,01/16/2026 10:09:29,USR0004,PC-USR0004-01,colleague2@dTA.org,,,usr0004@dTA.org,450000.0,
EML0002242,01/16/2026 10:03:59,USR0004,PC-USR0004-01,colleague10@dTA.org,,,usr0004@dTA.org,450000.0,
EML0002243,01/16/2026 13:50:16,USR0004,PC-USR0004-01,colleague7@dTA.org,,,usr0004@dTA.org,450000.0,
EML0002244,01/16/2026 11:19:40,USR0004,PC-USR0004-01,colleague9@dTA.org,,,usr0004@dTA.org,450000.0,
EML0002245,01/16/2026 09:30:42,USR0005,PC-USR0005-01,colleague4@dTA.org,,,usr0005@dTA.org,450000.0,
EML0002246,01/16/2026 16:05:21,USR0005,PC-USR0005-01,colleague1@dTA.org,,,usr0005@dTA.org,450000.0,
EML0002247,01/16/2026 12:41:33,USR0005,PC-USR0005-01,colleague1@dTA.org,,,usr0005@dTA.org,450000.0,
EML0002248,01/16/2026 13:38:02,USR0005,PC-USR0005-01,colleague1@dTA.org,,,usr0005@dTA.org,450000.0,
EML0002249,01/16/2026 11:32:33,USR0005,PC-USR0005-01,colleague1@dTA.org,,,usr0005@dTA.org,450000.0,
EML0002250,01/16/2026 12:34:14,USR0005,PC-USR0005-01,colleague1@dTA.org,,,usr0005@dTA.org,450000.0,
EML0002251,01/16/2026 13:31:38,USR0005,PC-USR0005-01,colleague5@dTA.org,,,usr0005@dTA.org,450000.0,
EML0002252,01/16/2026 10:27:07,USR0005,PC-USR0005-01,colleague3@dTA.org,,,usr0005@dTA.org,450000.0,
EML0002253,01/16/2026 14:10:34,USR0005,PC-USR0005-01,colleague10@dTA.org,,,usr0005@dTA.org,450000.0,memo.docx
EML0002254,01/16/2026 12:14:54,USR0005,PC-USR0005-01,colleague6@dTA.org,,,usr0005@dTA.org,450000.0,
EML0002255,01/16/2026 10:40:54,USR0006,PC-USR0006-01,colleague8@dTA.org,,,usr0006@dTA.org,450000.0,
EML0002256,01/16/2026 12:18:03,USR0006,PC-USR0006-01,colleague3@dTA.org,,,usr0006@dTA.org,450000.0,memo.docx
EML0002257,01/16/2026 16:51:03,USR0006,PC-USR0006-01,colleague3@dTA.org,,,usr0006@dTA.org,450000.0,memo.docx
EML0002258,01/16/2026 12:57:17,USR0006,PC-USR0006-01,colleague9@dTA.org,,,usr0006@dTA.org,450000.0,
EML0002259,01/16/2026 11:14:19,USR0006,PC-USR0006-01,colleague9@dTA.org,,,usr0006@dTA.org,450000.0,
EML0002260,01/16/2026 13:59:05,USR0006,PC-USR0006-01,colleague6@dTA.org,,,usr0006@dTA.org,450000.0,
EML0002261,01/16/2026 11:06:13,USR0006,PC-USR0006-01,colleague9@dTA.org,,,usr0006@dTA.org,450000.0,
EML0002262,01/16/2026 16:40:19,USR0006,PC-USR0006-01,colleague2@dTA.org,,,usr0006@dTA.org,450000.0,
EML0002263,01/16/2026 10:16:19,USR0006,PC-USR0006-01,colleague9@dTA.org,,,usr0006@dTA.org,450000.0,
EML0002264,01/16/2026 10:18:04,USR0007,PC-USR0007-01,colleague3@dTA.org,,,usr0007@dTA.org,450000.0,memo.docx
EML0002265,01/16/2026 14:35:00,USR0007,PC-USR0007-01,colleague5@dTA.org,,,usr0007@dTA.org,450000.0,
EML0002266,01/16/2026 13:53:36,USR0007,PC-USR0007-01,colleague6@dTA.org,,,usr0007@dTA.org,450000.0,
EML0002267,01/16/2026 10:00:23,USR0007,PC-USR0007-01,colleague6@dTA.org,,,usr0007@dTA.org,450000.0,
EML0002268,01/16/2026 16:47:51,USR0007,PC-USR0007-01,colleague3@dTA.org,,,usr0007@dTA.org,450000.0,
EML0002269,01/16/2026 16:34:16,USR0007,PC-USR0007-01,colleague2@dTA.org,,,usr0007@dTA.org,450000.0,
EML0002270,01/16/2026 14:24:29,USR0007,PC-USR0007-01,colleague9@dTA.org,,,usr0007@dTA.org,450000.0,
EML0002271,01/16/2026 12:11:46,USR0007,PC-USR0007-01,colleague2@dTA.org,,,usr0007@dTA.org,450000.0,
EML0002272,01/16/2026 12:37:08,USR0007,PC-USR0007-01,colleague7@dTA.org,,,usr0007@dTA.org,450000.0,
EML0002273,01/16/2026 16:49:11,USR0007,PC-USR0007-01,colleague5@dTA.org,,,usr0007@dTA.org,450000.0,
EML0002274,01/16/2026 15:56:48,USR0008,PC-USR0008-01,colleague9@dTA.org,,,usr0008@dTA.org,450000.0,memo.docx
EML0002275,01/16/2026 15:41:14,USR0008,PC-USR0008-01,colleague1@dTA.org,,,usr0008@dTA.org,450000.0,memo.docx
EML0002276,01/16/2026 16:51:43,USR0008,PC-USR0008-01,colleague3@dTA.org,,,usr0008@dTA.org,450000.0,memo.docx
EML0002277,01/16/2026 11:48:25,USR0008,PC-USR0008-01,colleague6@dTA.org,,,usr0008@dTA.org,450000.0,
EML0002278,01/16/2026 14:54:48,USR0008,PC-USR0008-01,colleague4@dTA.org,,,usr0008@dTA.org,450000.0,
EML0002279,01/16/2026 10:58:33,USR0008,PC-USR0008-01,colleague2@dTA.org,,,usr0008@dTA.org,450000.0,memo.docx
EML0002280,01/16/2026 15:48:53,USR0008,PC-USR0008-01,colleague5@dTA.org,,,usr0008@dTA.org,450000.0,
EML0002281,01/16/2026 13:42:51,USR0008,PC-USR0008-01,colleague4@dTA.org,,,usr0008@dTA.org,450000.0,memo.docx
EML0002282,01/16/2026 13:29:18,USR0008,PC-USR0008-01,colleague10@dTA.org,,,usr0008@dTA.org,450000.0,
EML0002283,01/16/2026 14:16:36,USR0008,PC-USR0008-01,colleague5@dTA.org,,,usr0008@dTA.org,450000.0,memo.docx
EML0002284,01/16/2026 14:36:45,USR0009,PC-USR0009-01,colleague8@dTA.org,,,usr0009@dTA.org,450000.0,
EML0002285,01/16/2026 13:42:47,USR0009,PC-USR0009-01,colleague6@dTA.org,,,usr0009@dTA.org,450000.0,
EML0002286,01/16/2026 11:44:30,USR0009,PC-USR0009-01,colleague4@dTA.org,,,usr0009@dTA.org,450000.0,memo.docx
EML0002287,01/16/2026 10:26:57,USR0009,PC-USR0009-01,colleague4@dTA.org,,,usr0009@dTA.org,450000.0,
EML0002288,01/16/2026 14:05:08,USR0010,PC-USR0010-01,colleague5@dTA.org,,,usr0010@dTA.org,450000.0,
EML0002289,01/16/2026 11:47:57,USR0010,PC-USR0010-01,colleague6@dTA.org,,,usr0010@dTA.org,450000.0,
EML0002290,01/16/2026 14:44:26,USR0010,PC-USR0010-01,colleague10@dTA.org,,,usr0010@dTA.org,450000.0,memo.docx
EML0002291,01/16/2026 12:04:33,USR0010,PC-USR0010-01,colleague4@dTA.org,,,usr0010@dTA.org,450000.0,
EML0002292,01/16/2026 13:51:11,USR0010,PC-USR0010-01,colleague6@dTA.org,,,usr0010@dTA.org,450000.0,
EML0002293,01/16/2026 12:23:06,USR0010,PC-USR0010-01,colleague9@dTA.org,,,usr0010@dTA.org,450000.0,
EML0002294,01/16/2026 12:15:39,USR0010,PC-USR0010-01,colleague2@dTA.org,,,usr0010@dTA.org,450000.0,
EML0002295,01/16/2026 13:41:56,USR0010,PC-USR0010-01,colleague9@dTA.org,,,usr0010@dTA.org,450000.0,
EML0002296,01/16/2026 15:04:43,USR0010,PC-USR0010-01,colleague6@dTA.org,,,usr0010@dTA.org,450000.0,
EML0002297,01/16/2026 13:33:23,USR0010,PC-USR0010-01,colleague5@dTA.org,,,usr0010@dTA.org,450000.0,
EML0002298,01/16/2026 13:54:13,USR0010,PC-USR0010-01,colleague10@dTA.org,,,usr0010@dTA.org,450000.0,memo.docx
EML0002299,01/16/2026 11:56:31,USR0011,PC-USR0011-01,colleague7@dTA.org,,,usr0011@dTA.org,450000.0,
EML0002300,01/16/2026 10:47:19,USR0011,PC-USR0011-01,colleague1@dTA.org,,,usr0011@dTA.org,450000.0,memo.docx
EML0002301,01/16/2026 09:51:01,USR0011,PC-USR0011-01,colleague8@dTA.org,,,usr0011@dTA.org,450000.0,
EML0002302,01/16/2026 12:07:40,USR0011,PC-USR0011-01,colleague1@dTA.org,,,usr0011@dTA.org,450000.0,
EML0002303,01/16/2026 14:10:24,USR0011,PC-USR0011-01,colleague8@dTA.org,,,usr0011@dTA.org,450000.0,
EML0002304,01/16/2026 16:27:15,USR0011,PC-USR0011-01,colleague10@dTA.org,,,usr0011@dTA.org,450000.0,
EML0002305,01/16/2026 10:29:49,USR0011,PC-USR0011-01,colleague2@dTA.org,,,usr0011@dTA.org,450000.0,memo.docx
EML0002306,01/16/2026 12:16:45,USR0011,PC-USR0011-01,colleague2@dTA.org,,,usr0011@dTA.org,450000.0,memo.docx
EML0002307,01/16/2026 15:08:32,USR0011,PC-USR0011-01,colleague7@dTA.org,,,usr0011@dTA.org,450000.0,
EML0002308,01/16/2026 16:40:38,USR0011,PC-USR0011-01,colleague3@dTA.org,,,usr0011@dTA.org,450000.0,
EML0002309,01/16/2026 16:45:47,USR0011,PC-USR0011-01,colleague7@dTA.org,,,usr0011@dTA.org,450000.0,memo.docx
EML0002310,01/16/2026 09:33:37,USR0012,PC-USR0012-01,colleague8@dTA.org,,,usr0012@dTA.org,450000.0,
EML0002311,01/16/2026 10:41:57,USR0012,PC-USR0012-01,colleague9@dTA.org,,,usr0012@dTA.org,450000.0,
EML0002312,01/16/2026 15:05:27,USR0012,PC-USR0012-01,colleague5@dTA.org,,,usr0012@dTA.org,450000.0,
EML0002313,01/16/2026 15:38:42,USR0012,PC-USR0012-01,colleague4@dTA.org,,,usr0012@dTA.org,450000.0,
EML0002314,01/16/2026 11:04:25,USR0012,PC-USR0012-01,colleague2@dTA.org,,,usr0012@dTA.org,450000.0,memo.docx
EML0002315,01/16/2026 14:33:45,USR0012,PC-USR0012-01,colleague9@dTA.org,,,usr0012@dTA.org,450000.0,
EML0002316,01/16/2026 14:04:59,USR0013,PC-USR0013-01,colleague10@dTA.org,,,usr0013@dTA.org,450000.0,
EML0002317,01/16/2026 16:27:08,USR0013,PC-USR0013-01,colleague2@dTA.org,,,usr0013@dTA.org,450000.0,
EML0002318,01/16/2026 11:25:26,USR0013,PC-USR0013-01,colleague4@dTA.org,,,usr0013@dTA.org,450000.0,
EML0002319,01/16/2026 09:20:50,USR0013,PC-USR0013-01,colleague8@dTA.org,,,usr0013@dTA.org,450000.0,memo.docx
EML0002320,01/16/2026 10:47:47,USR0013,PC-USR0013-01,colleague8@dTA.org,,,usr0013@dTA.org,450000.0,
EML0002321,01/16/2026 16:26:26,USR0013,PC-USR0013-01,colleague4@dTA.org,,,usr0013@dTA.org,450000.0,
EML0002322,01/16/2026 12:12:08,USR0013,PC-USR0013-01,colleague4@dTA.org,,,usr0013@dTA.org,450000.0,
EML0002323,01/16/2026 12:22:27,USR0013,PC-USR0013-01,colleague3@dTA.org,,,usr0013@dTA.org,450000.0,
EML0002324,01/16/2026 12:30:06,USR0013,PC-USR0013-01,colleague2@dTA.org,,,usr0013@dTA.org,450000.0,
EML0002325,01/16/2026 11:55:55,USR0013,PC-USR0013-01,colleague1@dTA.org,,,usr0013@dTA.org,450000.0,
EML0002326,01/16/2026 13:50:08,USR0014,PC-USR0014-01,colleague2@dTA.org,,,usr0014@dTA.org,450000.0,memo.docx
EML0002327,01/16/2026 13:47:21,USR0014,PC-USR0014-01,colleague9@dTA.org,,,usr0014@dTA.org,450000.0,
EML0002328,01/16/2026 10:36:31,USR0014,PC-USR0014-01,colleague9@dTA.org,,,usr0014@dTA.org,450000.0,memo.docx
EML0002329,01/16/2026 13:56:54,USR0014,PC-USR0014-01,colleague9@dTA.org,,,usr0014@dTA.org,450000.0,
EML0002330,01/16/2026 09:09:37,USR0014,PC-USR0014-01,colleague1@dTA.org,,,usr0014@dTA.org,450000.0,memo.docx
EML0002331,01/16/2026 10:34:05,USR0014,PC-USR0014-01,colleague5@dTA.org,,,usr0014@dTA.org,450000.0,memo.docx
EML0002332,01/16/2026 11:36:17,USR0014,PC-USR0014-01,colleague9@dTA.org,,,usr0014@dTA.org,450000.0,
EML0002333,01/16/2026 12:04:33,USR0014,PC-USR0014-01,colleague2@dTA.org,,,usr0014@dTA.org,450000.0,memo.docx
EML0002334,01/16/2026 16:42:01,USR0014,PC-USR0014-01,colleague6@dTA.org,,,usr0014@dTA.org,450000.0,
EML0002335,01/16/2026 14:41:13,USR0015,PC-USR0015-01,colleague8@dTA.org,,,usr0015@dTA.org,450000.0,memo.docx
EML0002336,01/16/2026 11:13:51,USR0015,PC-USR0015-01,colleague5@dTA.org,,,usr0015@dTA.org,450000.0,memo.docx
EML0002337,01/16/2026 09:01:00,USR0015,PC-USR0015-01,colleague5@dTA.org,,,usr0015@dTA.org,450000.0,
EML0002338,01/16/2026 15:39:41,USR0015,PC-USR0015-01,colleague5@dTA.org,,,usr0015@dTA.org,450000.0,
EML0002339,01/16/2026 11:57:27,USR0015,PC-USR0015-01,colleague9@dTA.org,,,usr0015@dTA.org,450000.0,memo.docx
EML0002340,01/16/2026 16:53:58,USR0015,PC-USR0015-01,colleague4@dTA.org,,,usr0015@dTA.org,450000.0,memo.docx
EML0002341,01/16/2026 09:36:40,USR0015,PC-USR0015-01,colleague6@dTA.org,,,usr0015@dTA.org,450000.0,memo.docx
EML0002342,01/16/2026 13:05:50,USR0016,PC-USR0016-01,colleague9@dTA.org,,,usr0016@dTA.org,450000.0,
EML0002343,01/16/2026 16:34:54,USR0016,PC-USR0016-01,colleague7@dTA.org,,,usr0016@dTA.org,450000.0,
EML0002344,01/16/2026 09:29:32,USR0016,PC-USR0016-01,colleague2@dTA.org,,,usr0016@dTA.org,450000.0,
EML0002345,01/16/2026 15:21:37,USR0016,PC-USR0016-01,colleague8@dTA.org,,,usr0016@dTA.org,450000.0,
EML0002346,01/16/2026 14:10:15,USR0017,PC-USR0017-01,colleague5@dTA.org,,,usr0017@dTA.org,450000.0,
EML0002347,01/16/2026 12:45:47,USR0017,PC-USR0017-01,colleague3@dTA.org,,,usr0017@dTA.org,450000.0,
EML0002348,01/16/2026 13:05:20,USR0017,PC-USR0017-01,colleague7@dTA.org,,,usr0017@dTA.org,450000.0,
EML0002349,01/16/2026 09:48:55,USR0017,PC-USR0017-01,colleague8@dTA.org,,,usr0017@dTA.org,450000.0,memo.docx
EML0002350,01/16/2026 14:27:00,USR0017,PC-USR0017-01,colleague1@dTA.org,,,usr0017@dTA.org,450000.0,
EML0002351,01/16/2026 14:01:41,USR0017,PC-USR0017-01,colleague2@dTA.org,,,usr0017@dTA.org,450000.0,
EML0002352,01/16/2026 09:58:42,USR0017,PC-USR0017-01,colleague6@dTA.org,,,usr0017@dTA.org,450000.0,memo.docx
EML0002353,01/16/2026 09:48:49,USR0017,PC-USR0017-01,colleague6@dTA.org,,,usr0017@dTA.org,450000.0,memo.docx
EML0002354,01/16/2026 10:36:52,USR0017,PC-USR0017-01,colleague4@dTA.org,,,usr0017@dTA.org,450000.0,memo.docx
EML0002355,01/16/2026 09:06:26,USR0018,PC-USR0018-01,colleague4@dTA.org,,,usr0018@dTA.org,450000.0,
EML0002356,01/16/2026 10:30:31,USR0018,PC-USR0018-01,colleague3@dTA.org,,,usr0018@dTA.org,450000.0,
EML0002357,01/16/2026 11:00:51,USR0018,PC-USR0018-01,colleague2@dTA.org,,,usr0018@dTA.org,450000.0,memo.docx
EML0002358,01/16/2026 12:55:11,USR0018,PC-USR0018-01,colleague9@dTA.org,,,usr0018@dTA.org,450000.0,
EML0002359,01/16/2026 09:09:59,USR0019,PC-USR0019-01,colleague9@dTA.org,,,usr0019@dTA.org,450000.0,
EML0002360,01/16/2026 14:25:08,USR0019,PC-USR0019-01,colleague1@dTA.org,,,usr0019@dTA.org,450000.0,
EML0002361,01/16/2026 14:03:03,USR0019,PC-USR0019-01,colleague6@dTA.org,,,usr0019@dTA.org,450000.0,
EML0002362,01/16/2026 12:04:24,USR0019,PC-USR0019-01,colleague6@dTA.org,,,usr0019@dTA.org,450000.0,
EML0002363,01/16/2026 16:50:07,USR0019,PC-USR0019-01,colleague3@dTA.org,,,usr0019@dTA.org,450000.0,memo.docx
EML0002364,01/16/2026 09:07:08,USR0019,PC-USR0019-01,colleague3@dTA.org,,,usr0019@dTA.org,450000.0,
EML0002365,01/16/2026 15:17:41,USR0020,PC-USR0020-01,colleague6@dTA.org,,,usr0020@dTA.org,450000.0,
EML0002366,01/16/2026 16:06:46,USR0020,PC-USR0020-01,colleague6@dTA.org,,,usr0020@dTA.org,450000.0,
EML0002367,01/16/2026 16:46:16,USR0020,PC-USR0020-01,colleague4@dTA.org,,,usr0020@dTA.org,450000.0,
EML0002368,01/16/2026 13:13:50,USR0020,PC-USR0020-01,colleague5@dTA.org,,,usr0020@dTA.org,450000.0,memo.docx
EML0002369,01/16/2026 11:40:47,USR0020,PC-USR0020-01,colleague6@dTA.org,,,usr0020@dTA.org,450000.0,
EML0002370,01/16/2026 10:59:50,USR0020,PC-USR0020-01,colleague5@dTA.org,,,usr0020@dTA.org,450000.0,
EML0002371,01/16/2026 15:47:44,USR0020,PC-USR0020-01,colleague5@dTA.org,,,usr0020@dTA.org,450000.0,memo.docx
EML0002372,01/16/2026 11:10:37,USR0020,PC-USR0020-01,colleague5@dTA.org,,,usr0020@dTA.org,450000.0,
EML0002373,01/16/2026 12:03:44,USR0020,PC-USR0020-01,colleague3@dTA.org,,,usr0020@dTA.org,450000.0,
EML0002374,01/16/2026 11:00:47,USR0020,PC-USR0020-01,colleague5@dTA.org,,,usr0020@dTA.org,450000.0,
EML0002375,01/16/2026 14:34:27,USR0021,PC-USR0021-01,colleague2@dTA.org,,,usr0021@dTA.org,450000.0,memo.docx
EML0002376,01/16/2026 16:24:04,USR0021,PC-USR0021-01,colleague6@dTA.org,,,usr0021@dTA.org,450000.0,
EML0002377,01/16/2026 09:06:11,USR0021,PC-USR0021-01,colleague9@dTA.org,,,usr0021@dTA.org,450000.0,
EML0002378,01/16/2026 09:05:18,USR0021,PC-USR0021-01,colleague4@dTA.org,,,usr0021@dTA.org,450000.0,
EML0002379,01/16/2026 11:18:22,USR0021,PC-USR0021-01,colleague4@dTA.org,,,usr0021@dTA.org,450000.0,
EML0002380,01/16/2026 09:25:29,USR0021,PC-USR0021-01,colleague8@dTA.org,,,usr0021@dTA.org,450000.0,
EML0002381,01/16/2026 11:19:12,USR0021,PC-USR0021-01,colleague4@dTA.org,,,usr0021@dTA.org,450000.0,
EML0002382,01/16/2026 15:36:20,USR0021,PC-USR0021-01,colleague5@dTA.org,,,usr0021@dTA.org,450000.0,
EML0002383,01/16/2026 11:26:32,USR0022,PC-USR0022-01,colleague7@dTA.org,,,usr0022@dTA.org,450000.0,memo.docx
EML0002384,01/16/2026 14:58:55,USR0022,PC-USR0022-01,colleague9@dTA.org,,,usr0022@dTA.org,450000.0,memo.docx
EML0002385,01/16/2026 13:02:36,USR0022,PC-USR0022-01,colleague2@dTA.org,,,usr0022@dTA.org,450000.0,
EML0002386,01/16/2026 16:07:17,USR0022,PC-USR0022-01,colleague8@dTA.org,,,usr0022@dTA.org,450000.0,memo.docx
EML0002387,01/16/2026 09:15:49,USR0022,PC-USR0022-01,colleague10@dTA.org,,,usr0022@dTA.org,450000.0,memo.docx
EML0002388,01/16/2026 14:17:40,USR0022,PC-USR0022-01,colleague10@dTA.org,,,usr0022@dTA.org,450000.0,
EML0002389,01/16/2026 12:20:12,USR0022,PC-USR0022-01,colleague4@dTA.org,,,usr0022@dTA.org,450000.0,
EML0002390,01/16/2026 11:39:27,USR0022,PC-USR0022-01,colleague8@dTA.org,,,usr0022@dTA.org,450000.0,
EML0002391,01/16/2026 09:27:12,USR0022,PC-USR0022-01,colleague8@dTA.org,,,usr0022@dTA.org,450000.0,
EML0002392,01/16/2026 12:48:56,USR0022,PC-USR0022-01,colleague3@dTA.org,,,usr0022@dTA.org,450000.0,
EML0002393,01/16/2026 14:23:16,USR0022,PC-USR0022-01,colleague10@dTA.org,,,usr0022@dTA.org,450000.0,
EML0002394,01/16/2026 14:12:39,USR0023,PC-USR0023-01,colleague1@dTA.org,,,usr0023@dTA.org,450000.0,
EML0002395,01/16/2026 09:39:00,USR0023,PC-USR0023-01,colleague6@dTA.org,,,usr0023@dTA.org,450000.0,
EML0002396,01/16/2026 13:59:33,USR0023,PC-USR0023-01,colleague2@dTA.org,,,usr0023@dTA.org,450000.0,
EML0002397,01/16/2026 14:26:49,USR0023,PC-USR0023-01,colleague6@dTA.org,,,usr0023@dTA.org,450000.0,
EML0002398,01/16/2026 16:36:34,USR0024,PC-USR0024-01,colleague8@dTA.org,,,usr0024@dTA.org,450000.0,
EML0002399,01/16/2026 10:04:06,USR0024,PC-USR0024-01,colleague4@dTA.org,,,usr0024@dTA.org,450000.0,memo.docx
EML0002400,01/16/2026 16:53:35,USR0024,PC-USR0024-01,colleague6@dTA.org,,,usr0024@dTA.org,450000.0,
EML0002401,01/16/2026 11:04:02,USR0024,PC-USR0024-01,colleague7@dTA.org,,,usr0024@dTA.org,450000.0,memo.docx
EML0002402,01/16/2026 10:51:55,USR0024,PC-USR0024-01,colleague3@dTA.org,,,usr0024@dTA.org,450000.0,
EML0002403,01/16/2026 13:01:32,USR0024,PC-USR0024-01,colleague10@dTA.org,,,usr0024@dTA.org,450000.0,
EML0002404,01/16/2026 15:52:01,USR0024,PC-USR0024-01,colleague3@dTA.org,,,usr0024@dTA.org,450000.0,
EML0002405,01/16/2026 15:43:47,USR0024,PC-USR0024-01,colleague3@dTA.org,,,usr0024@dTA.org,450000.0,
EML0002406,01/16/2026 16:52:58,USR0024,PC-USR0024-01,colleague3@dTA.org,,,usr0024@dTA.org,450000.0,
EML0002407,01/16/2026 14:52:32,USR0024,PC-USR0024-01,colleague1@dTA.org,,,usr0024@dTA.org,450000.0,
EML0002408,01/16/2026 14:13:00,USR0024,PC-USR0024-01,colleague3@dTA.org,,,usr0024@dTA.org,450000.0,memo.docx
EML0002409,01/16/2026 12:13:04,USR0024,PC-USR0024-01,colleague6@dTA.org,,,usr0024@dTA.org,450000.0,
EML0002410,01/16/2026 14:18:26,USR0025,PC-USR0025-01,colleague3@dTA.org,,,usr0025@dTA.org,450000.0,
EML0002411,01/16/2026 09:25:06,USR0025,PC-USR0025-01,colleague7@dTA.org,,,usr0025@dTA.org,450000.0,
EML0002412,01/16/2026 11:45:50,USR0025,PC-USR0025-01,colleague9@dTA.org,,,usr0025@dTA.org,450000.0,
EML0002413,01/16/2026 12:36:55,USR0025,PC-USR0025-01,colleague7@dTA.org,,,usr0025@dTA.org,450000.0,
EML0002414,01/16/2026 14:43:52,USR0025,PC-USR0025-01,colleague8@dTA.org,,,usr0025@dTA.org,450000.0,memo.docx
EML0002415,01/16/2026 14:56:16,USR0025,PC-USR0025-01,colleague1@dTA.org,,,usr0025@dTA.org,450000.0,
EML0002416,01/16/2026 10:19:36,USR0025,PC-USR0025-01,colleague10@dTA.org,,,usr0025@dTA.org,450000.0,
EML0002417,01/16/2026 10:27:10,USR0025,PC-USR0025-01,colleague2@dTA.org,,,usr0025@dTA.org,450000.0,
EML0002418,01/16/2026 11:59:38,USR0025,PC-USR0025-01,colleague4@dTA.org,,,usr0025@dTA.org,450000.0,
EML0002419,01/16/2026 11:14:50,USR0025,PC-USR0025-01,colleague2@dTA.org,,,usr0025@dTA.org,450000.0,
EML0002420,01/16/2026 10:46:00,USR0025,PC-USR0025-01,colleague5@dTA.org,,,usr0025@dTA.org,450000.0,
EML0002421,01/19/2026 13:55:24,AAE0190,PC-AAE0190-01,colleague5@dTA.org,,,aae0190@dTA.org,450000.0,
EML0002422,01/19/2026 16:54:15,AAE0190,PC-AAE0190-01,colleague2@dTA.org,,,aae0190@dTA.org,450000.0,
EML0002423,01/19/2026 14:34:02,AAE0190,PC-AAE0190-01,colleague10@dTA.org,,,aae0190@dTA.org,450000.0,
EML0002424,01/19/2026 13:45:44,AAE0190,PC-AAE0190-01,colleague6@dTA.org,,,aae0190@dTA.org,450000.0,
EML0002425,01/19/2026 15:30:40,AAE0190,PC-AAE0190-01,colleague3@dTA.org,,,aae0190@dTA.org,450000.0,
EML0002426,01/19/2026 15:33:05,AAE0190,PC-AAE0190-01,colleague2@dTA.org,,,aae0190@dTA.org,450000.0,
EML0002427,01/19/2026 09:18:04,AAE0190,PC-AAE0190-01,colleague5@dTA.org,,,aae0190@dTA.org,450000.0,
EML0002428,01/19/2026 10:28:57,AAE0190,PC-AAE0190-01,colleague5@dTA.org,,,aae0190@dTA.org,450000.0,
EML0002429,01/19/2026 15:16:49,AAE0190,PC-AAE0190-01,colleague7@dTA.org,,,aae0190@dTA.org,450000.0,
EML0002430,01/19/2026 10:05:18,AAE0190,PC-AAE0190-01,colleague1@dTA.org,,,aae0190@dTA.org,450000.0,memo.docx
EML0002431,01/19/2026 16:34:57,USR0002,PC-USR0002-01,colleague1@dTA.org,,,usr0002@dTA.org,450000.0,
EML0002432,01/19/2026 09:28:43,USR0002,PC-USR0002-01,colleague3@dTA.org,,,usr0002@dTA.org,450000.0,
EML0002433,01/19/2026 12:06:46,USR0002,PC-USR0002-01,colleague3@dTA.org,,,usr0002@dTA.org,450000.0,
EML0002434,01/19/2026 15:35:13,USR0002,PC-USR0002-01,colleague6@dTA.org,,,usr0002@dTA.org,450000.0,memo.docx
EML0002435,01/19/2026 11:52:00,USR0002,PC-USR0002-01,colleague5@dTA.org,,,usr0002@dTA.org,450000.0,
EML0002436,01/19/2026 11:23:26,USR0002,PC-USR0002-01,colleague4@dTA.org,,,usr0002@dTA.org,450000.0,
EML0002437,01/19/2026 12:49:04,USR0002,PC-USR0002-01,colleague3@dTA.org,,,usr0002@dTA.org,450000.0,memo.docx
EML0002438,01/19/2026 14:44:34,USR0003,PC-USR0003-01,colleague10@dTA.org,,,usr0003@dTA.org,450000.0,
EML0002439,01/19/2026 13:43:05,USR0003,PC-USR0003-01,colleague5@dTA.org,,,usr0003@dTA.org,450000.0,
EML0002440,01/19/2026 11:21:38,USR0003,PC-USR0003-01,colleague9@dTA.org,,,usr0003@dTA.org,450000.0,
EML0002441,01/19/2026 13:49:44,USR0003,PC-USR0003-01,colleague2@dTA.org,,,usr0003@dTA.org,450000.0,
EML0002442,01/19/2026 11:08:52,USR0003,PC-USR0003-01,colleague9@dTA.org,,,usr0003@dTA.org,450000.0,
EML0002443,01/19/2026 14:47:54,USR0003,PC-USR0003-01,colleague1@dTA.org,,,usr0003@dTA.org,450000.0,
EML0002444,01/19/2026 11:30:59,USR0003,PC-USR0003-01,colleague5@dTA.org,,,usr0003@dTA.org,450000.0,
EML0002445,01/19/2026 14:04:09,USR0004,PC-USR0004-01,colleague7@dTA.org,,,usr0004@dTA.org,450000.0,
EML0002446,01/19/2026 12:37:01,USR0004,PC-USR0004-01,colleague9@dTA.org,,,usr0004@dTA.org,450000.0,
EML0002447,01/19/2026 15:37:54,USR0004,PC-USR0004-01,colleague5@dTA.org,,,usr0004@dTA.org,450000.0,
EML0002448,01/19/2026 12:31:16,USR0004,PC-USR0004-01,colleague1@dTA.org,,,usr0004@dTA.org,450000.0,
EML0002449,01/19/2026 14:44:20,USR0004,PC-USR0004-01,colleague3@dTA.org,,,usr0004@dTA.org,450000.0,
EML0002450,01/19/2026 13:45:02,USR0004,PC-USR0004-01,colleague1@dTA.org,,,usr0004@dTA.org,450000.0,
EML0002451,01/19/2026 12:40:23,USR0004,PC-USR0004-01,colleague4@dTA.org,,,usr0004@dTA.org,450000.0,
EML0002452,01/19/2026 13:55:18,USR0004,PC-USR0004-01,colleague6@dTA.org,,,usr0004@dTA.org,450000.0,
EML0002453,01/19/2026 12:13:20,USR0004,PC-USR0004-01,colleague2@dTA.org,,,usr0004@dTA.org,450000.0,
EML0002454,01/19/2026 09:31:30,USR0004,PC-USR0004-01,colleague4@dTA.org,,,usr0004@dTA.org,450000.0,
EML0002455,01/19/2026 12:16:06,USR0005,PC-USR0005-01,colleague6@dTA.org,,,usr0005@dTA.org,450000.0,
EML0002456,01/19/2026 14:35:13,USR0005,PC-USR0005-01,colleague10@dTA.org,,,usr0005@dTA.org,450000.0,memo.docx
EML0002457,01/19/2026 15:03:21,USR0005,PC-USR0005-01,colleague6@dTA.org,,,usr0005@dTA.org,450000.0,
EML0002458,01/19/2026 12:28:46,USR0005,PC-USR0005-01,colleague9@dTA.org,,,usr0005@dTA.org,450000.0,memo.docx
EML0002459,01/19/2026 16:21:18,USR0006,PC-USR0006-01,colleague1@dTA.org,,,usr0006@dTA.org,450000.0,
EML0002460,01/19/2026 14:31:00,USR0006,PC-USR0006-01,colleague3@dTA.org,,,usr0006@dTA.org,450000.0,
EML0002461,01/19/2026 13:21:35,USR0006,PC-USR0006-01,colleague6@dTA.org,,,usr0006@dTA.org,450000.0,memo.docx
EML0002462,01/19/2026 16:49:07,USR0006,PC-USR0006-01,colleague4@dTA.org,,,usr0006@dTA.org,450000.0,memo.docx
EML0002463,01/19/2026 14:58:39,USR0006,PC-USR0006-01,colleague8@dTA.org,,,usr0006@dTA.org,450000.0,
EML0002464,01/19/2026 09:07:23,USR0006,PC-USR0006-01,colleague6@dTA.org,,,usr0006@dTA.org,450000.0,memo.docx
EML0002465,01/19/2026 12:12:18,USR0006,PC-USR0006-01,colleague2@dTA.org,,,usr0006@dTA.org,450000.0,memo.docx
EML0002466,01/19/2026 10:22:03,USR0006,PC-USR0006-01,colleague4@dTA.org,,,usr0006@dTA.org,450000.0,
EML0002467,01/19/2026 16:30:42,USR0006,PC-USR0006-01,colleague5@dTA.org,,,usr0006@dTA.org,450000.0,
EML0002468,01/19/2026 16:56:54,USR0006,PC-USR0006-01,colleague5@dTA.org,,,usr0006@dTA.org,450000.0,
EML0002469,01/19/2026 15:30:15,USR0006,PC-USR0006-01,colleague9@dTA.org,,,usr0006@dTA.org,450000.0,
EML0002470,01/19/2026 09:00:03,USR0006,PC-USR0006-01,colleague4@dTA.org,,,usr0006@dTA.org,450000.0,
EML0002471,01/19/2026 09:29:41,USR0007,PC-USR0007-01,colleague10@dTA.org,,,usr0007@dTA.org,450000.0,
EML0002472,01/19/2026 12:20:23,USR0007,PC-USR0007-01,colleague4@dTA.org,,,usr0007@dTA.org,450000.0,
EML0002473,01/19/2026 10:00:25,USR0007,PC-USR0007-01,colleague7@dTA.org,,,usr0007@dTA.org,450000.0,
EML0002474,01/19/2026 10:11:35,USR0007,PC-USR0007-01,colleague2@dTA.org,,,usr0007@dTA.org,450000.0,
EML0002475,01/19/2026 13:07:14,USR0007,PC-USR0007-01,colleague3@dTA.org,,,usr0007@dTA.org,450000.0,
EML0002476,01/19/2026 09:36:44,USR0007,PC-USR0007-01,colleague7@dTA.org,,,usr0007@dTA.org,450000.0,
EML0002477,01/19/2026 14:34:52,USR0007,PC-USR0007-01,colleague8@dTA.org,,,usr0007@dTA.org,450000.0,
EML0002478,01/19/2026 11:53:04,USR0007,PC-USR0007-01,colleague3@dTA.org,,,usr0007@dTA.org,450000.0,
EML0002479,01/19/2026 10:27:00,USR0007,PC-USR0007-01,colleague4@dTA.org,,,usr0007@dTA.org,450000.0,
EML0002480,01/19/2026 09:23:41,USR0007,PC-USR0007-01,colleague3@dTA.org,,,usr0007@dTA.org,450000.0,memo.docx
EML0002481,01/19/2026 11:23:46,USR0007,PC-USR0007-01,colleague8@dTA.org,,,usr0007@dTA.org,450000.0,
EML0002482,01/19/2026 13:07:39,USR0007,PC-USR0007-01,colleague3@dTA.org,,,usr0007@dTA.org,450000.0,memo.docx
EML0002483,01/19/2026 10:10:39,USR0008,PC-USR0008-01,colleague1@dTA.org,,,usr0008@dTA.org,450000.0,
EML0002484,01/19/2026 11:34:11,USR0008,PC-USR0008-01,colleague2@dTA.org,,,usr0008@dTA.org,450000.0,memo.docx
EML0002485,01/19/2026 12:22:39,USR0008,PC-USR0008-01,colleague2@dTA.org,,,usr0008@dTA.org,450000.0,
EML0002486,01/19/2026 10:12:25,USR0008,PC-USR0008-01,colleague6@dTA.org,,,usr0008@dTA.org,450000.0,
EML0002487,01/19/2026 14:48:37,USR0008,PC-USR0008-01,colleague5@dTA.org,,,usr0008@dTA.org,450000.0,
EML0002488,01/19/2026 11:44:50,USR0008,PC-USR0008-01,colleague10@dTA.org,,,usr0008@dTA.org,450000.0,memo.docx
EML0002489,01/19/2026 13:29:35,USR0008,PC-USR0008-01,colleague4@dTA.org,,,usr0008@dTA.org,450000.0,
EML0002490,01/19/2026 10:26:59,USR0008,PC-USR0008-01,colleague10@dTA.org,,,usr0008@dTA.org,450000.0,
EML0002491,01/19/2026 12:12:51,USR0008,PC-USR0008-01,colleague7@dTA.org,,,usr0008@dTA.org,450000.0,memo.docx
EML0002492,01/19/2026 09:29:11,USR0008,PC-USR0008-01,colleague7@dTA.org,,,usr0008@dTA.org,450000.0,
EML0002493,01/19/2026 10:58:48,USR0009,PC-USR0009-01,colleague10@dTA.org,,,usr0009@dTA.org,450000.0,memo.docx
EML0002494,01/19/2026 16:06:12,USR0009,PC-USR0009-01,colleague4@dTA.org,,,usr0009@dTA.org,450000.0,
EML0002495,01/19/2026 13:51:21,USR0009,PC-USR0009-01,colleague1@dTA.org,,,usr0009@dTA.org,450000.0,memo.docx
EML0002496,01/19/2026 13:23:15,USR0009,PC-USR0009-01,colleague2@dTA.org,,,usr0009@dTA.org,450000.0,memo.docx
EML0002497,01/19/2026 16:19:39,USR0009,PC-USR0009-01,colleague8@dTA.org,,,usr0009@dTA.org,450000.0,
EML0002498,01/19/2026 15:50:44,USR0009,PC-USR0009-01,colleague7@dTA.org,,,usr0009@dTA.org,450000.0,
EML0002499,01/19/2026 12:39:06,USR0009,PC-USR0009-01,colleague4@dTA.org,,,usr0009@dTA.org,450000.0,memo.docx
EML0002500,01/19/2026 15:04:18,USR0009,PC-USR0009-01,colleague6@dTA.org,,,usr0009@dTA.org,450000.0,
EML0002501,01/19/2026 09:24:47,USR0010,PC-USR0010-01,colleague3@dTA.org,,,usr0010@dTA.org,450000.0,memo.docx
EML0002502,01/19/2026 13:16:25,USR0010,PC-USR0010-01,colleague5@dTA.org,,,usr0010@dTA.org,450000.0,
EML0002503,01/19/2026 16:38:48,USR0010,PC-USR0010-01,colleague8@dTA.org,,,usr0010@dTA.org,450000.0,
EML0002504,01/19/2026 15:06:34,USR0010,PC-USR0010-01,colleague6@dTA.org,,,usr0010@dTA.org,450000.0,
EML0002505,01/19/2026 13:15:32,USR0010,PC-USR0010-01,colleague7@dTA.org,,,usr0010@dTA.org,450000.0,
EML0002506,01/19/2026 11:22:03,USR0010,PC-USR0010-01,colleague3@dTA.org,,,usr0010@dTA.org,450000.0,
EML0002507,01/19/2026 13:48:20,USR0010,PC-USR0010-01,colleague2@dTA.org,,,usr0010@dTA.org,450000.0,
EML0002508,01/19/2026 10:32:21,USR0010,PC-USR0010-01,colleague4@dTA.org,,,usr0010@dTA.org,450000.0,
EML0002509,01/19/2026 11:16:15,USR0010,PC-USR0010-01,colleague9@dTA.org,,,usr0010@dTA.org,450000.0,
EML0002510,01/19/2026 12:05:52,USR0010,PC-USR0010-01,colleague2@dTA.org,,,usr0010@dTA.org,450000.0,
EML0002511,01/19/2026 09:02:38,USR0010,PC-USR0010-01,colleague6@dTA.org,,,usr0010@dTA.org,450000.0,
EML0002512,01/19/2026 13:08:35,USR0011,PC-USR0011-01,colleague9@dTA.org,,,usr0011@dTA.org,450000.0,memo.docx
EML0002513,01/19/2026 10:32:19,USR0011,PC-USR0011-01,colleague7@dTA.org,,,usr0011@dTA.org,450000.0,
EML0002514,01/19/2026 11:37:32,USR0011,PC-USR0011-01,colleague3@dTA.org,,,usr0011@dTA.org,450000.0,memo.docx
EML0002515,01/19/2026 09:56:31,USR0011,PC-USR0011-01,colleague3@dTA.org,,,usr0011@dTA.org,450000.0,memo.docx
EML0002516,01/19/2026 16:07:47,USR0011,PC-USR0011-01,colleague2@dTA.org,,,usr0011@dTA.org,450000.0,
EML0002517,01/19/2026 13:33:33,USR0011,PC-USR0011-01,colleague8@dTA.org,,,usr0011@dTA.org,450000.0,
EML0002518,01/19/2026 12:14:41,USR0011,PC-USR0011-01,colleague8@dTA.org,,,usr0011@dTA.org,450000.0,
EML0002519,01/19/2026 11:30:48,USR0012,PC-USR0012-01,colleague8@dTA.org,,,usr0012@dTA.org,450000.0,
EML0002520,01/19/2026 09:07:25,USR0012,PC-USR0012-01,colleague9@dTA.org,,,usr0012@dTA.org,450000.0,
EML0002521,01/19/2026 16:57:09,USR0012,PC-USR0012-01,colleague8@dTA.org,,,usr0012@dTA.org,450000.0,
EML0002522,01/19/2026 14:24:05,USR0012,PC-USR0012-01,colleague4@dTA.org,,,usr0012@dTA.org,450000.0,
EML0002523,01/19/2026 11:26:11,USR0012,PC-USR0012-01,colleague9@dTA.org,,,usr0012@dTA.org,450000.0,
EML0002524,01/19/2026 15:08:09,USR0013,PC-USR0013-01,colleague8@dTA.org,,,usr0013@dTA.org,450000.0,
EML0002525,01/19/2026 16:36:10,USR0013,PC-USR0013-01,colleague8@dTA.org,,,usr0013@dTA.org,450000.0,
EML0002526,01/19/2026 09:42:21,USR0013,PC-USR0013-01,colleague5@dTA.org,,,usr0013@dTA.org,450000.0,memo.docx
EML0002527,01/19/2026 12:56:12,USR0013,PC-USR0013-01,colleague2@dTA.org,,,usr0013@dTA.org,450000.0,
EML0002528,01/19/2026 13:47:27,USR0013,PC-USR0013-01,colleague3@dTA.org,,,usr0013@dTA.org,450000.0,
EML0002529,01/19/2026 12:43:26,USR0013,PC-USR0013-01,colleague4@dTA.org,,,usr0013@dTA.org,450000.0,
EML0002530,01/19/2026 09:21:00,USR0013,PC-USR0013-01,colleague8@dTA.org,,,usr0013@dTA.org,450000.0,
EML0002531,01/19/2026 15:10:25,USR0014,PC-USR0014-01,colleague6@dTA.org,,,usr0014@dTA.org,450000.0,
EML0002532,01/19/2026 15:51:09,USR0014,PC-USR0014-01,colleague6@dTA.org,,,usr0014@dTA.org,450000.0,
EML0002533,01/19/2026 09:32:05,USR0014,PC-USR0014-01,colleague1@dTA.org,,,usr0014@dTA.org,450000.0,
EML0002534,01/19/2026 16:52:50,USR0014,PC-USR0014-01,colleague9@dTA.org,,,usr0014@dTA.org,450000.0,
EML0002535,01/19/2026 09:00:19,USR0014,PC-USR0014-01,colleague6@dTA.org,,,usr0014@dTA.org,450000.0,
EML0002536,01/19/2026 12:17:05,USR0014,PC-USR0014-01,colleague10@dTA.org,,,usr0014@dTA.org,450000.0,
EML0002537,01/19/2026 10:28:42,USR0014,PC-USR0014-01,colleague7@dTA.org,,,usr0014@dTA.org,450000.0,
EML0002538,01/19/2026 13:15:08,USR0014,PC-USR0014-01,colleague10@dTA.org,,,usr0014@dTA.org,450000.0,memo.docx
EML0002539,01/19/2026 15:20:35,USR0014,PC-USR0014-01,colleague3@dTA.org,,,usr0014@dTA.org,450000.0,
EML0002540,01/19/2026 15:03:04,USR0015,PC-USR0015-01,colleague7@dTA.org,,,usr0015@dTA.org,450000.0,memo.docx
EML0002541,01/19/2026 11:11:13,USR0015,PC-USR0015-01,colleague9@dTA.org,,,usr0015@dTA.org,450000.0,
EML0002542,01/19/2026 16:02:34,USR0015,PC-USR0015-01,colleague10@dTA.org,,,usr0015@dTA.org,450000.0,
EML0002543,01/19/2026 14:09:46,USR0015,PC-USR0015-01,colleague1@dTA.org,,,usr0015@dTA.org,450000.0,
EML0002544,01/19/2026 10:47:07,USR0015,PC-USR0015-01,colleague5@dTA.org,,,usr0015@dTA.org,450000.0,
EML0002545,01/19/2026 09:55:41,USR0015,PC-USR0015-01,colleague1@dTA.org,,,usr0015@dTA.org,450000.0,
EML0002546,01/19/2026 10:46:50,USR0015,PC-USR0015-01,colleague9@dTA.org,,,usr0015@dTA.org,450000.0,
EML0002547,01/19/2026 10:03:51,USR0015,PC-USR0015-01,colleague10@dTA.org,,,usr0015@dTA.org,450000.0,memo.docx
EML0002548,01/19/2026 15:46:41,USR0015,PC-USR0015-01,colleague8@dTA.org,,,usr0015@dTA.org,450000.0,
EML0002549,01/19/2026 10:35:10,USR0015,PC-USR0015-01,colleague9@dTA.org,,,usr0015@dTA.org,450000.0,
EML0002550,01/19/2026 12:42:05,USR0015,PC-USR0015-01,colleague1@dTA.org,,,usr0015@dTA.org,450000.0,
EML0002551,01/19/2026 10:36:13,USR0015,PC-USR0015-01,colleague10@dTA.org,,,usr0015@dTA.org,450000.0,
EML0002552,01/19/2026 11:40:46,USR0016,PC-USR0016-01,colleague6@dTA.org,,,usr0016@dTA.org,450000.0,
EML0002553,01/19/2026 11:38:06,USR0016,PC-USR0016-01,colleague10@dTA.org,,,usr0016@dTA.org,450000.0,
EML0002554,01/19/2026 14:44:24,USR0016,PC-USR0016-01,colleague8@dTA.org,,,usr0016@dTA.org,450000.0,
EML0002555,01/19/2026 10:16:45,USR0016,PC-USR0016-01,colleague8@dTA.org,,,usr0016@dTA.org,450000.0,memo.docx
EML0002556,01/19/2026 15:43:31,USR0016,PC-USR0016-01,colleague9@dTA.org,,,usr0016@dTA.org,450000.0,
EML0002557,01/19/2026 09:17:16,USR0016,PC-USR0016-01,colleague3@dTA.org,,,usr0016@dTA.org,450000.0,memo.docx
EML0002558,01/19/2026 09:39:28,USR0016,PC-USR0016-01,colleague7@dTA.org,,,usr0016@dTA.org,450000.0,
EML0002559,01/19/2026 13:32:50,USR0016,PC-USR0016-01,colleague2@dTA.org,,,usr0016@dTA.org,450000.0,
EML0002560,01/19/2026 09:12:13,USR0016,PC-USR0016-01,colleague2@dTA.org,,,usr0016@dTA.org,450000.0,
EML0002561,01/19/2026 10:52:33,USR0016,PC-USR0016-01,colleague1@dTA.org,,,usr0016@dTA.org,450000.0,memo.docx
EML0002562,01/19/2026 10:16:33,USR0017,PC-USR0017-01,colleague3@dTA.org,,,usr0017@dTA.org,450000.0,memo.docx
EML0002563,01/19/2026 15:41:21,USR0017,PC-USR0017-01,colleague8@dTA.org,,,usr0017@dTA.org,450000.0,
EML0002564,01/19/2026 14:59:50,USR0017,PC-USR0017-01,colleague8@dTA.org,,,usr0017@dTA.org,450000.0,
EML0002565,01/19/2026 16:45:12,USR0017,PC-USR0017-01,colleague9@dTA.org,,,usr0017@dTA.org,450000.0,
EML0002566,01/19/2026 10:42:14,USR0017,PC-USR0017-01,colleague5@dTA.org,,,usr0017@dTA.org,450000.0,memo.docx
EML0002567,01/19/2026 13:11:31,USR0017,PC-USR0017-01,colleague2@dTA.org,,,usr0017@dTA.org,450000.0,
EML0002568,01/19/2026 14:58:41,USR0017,PC-USR0017-01,colleague8@dTA.org,,,usr0017@dTA.org,450000.0,
EML0002569,01/19/2026 12:40:10,USR0017,PC-USR0017-01,colleague9@dTA.org,,,usr0017@dTA.org,450000.0,
EML0002570,01/19/2026 13:18:12,USR0017,PC-USR0017-01,colleague9@dTA.org,,,usr0017@dTA.org,450000.0,memo.docx
EML0002571,01/19/2026 14:42:53,USR0017,PC-USR0017-01,colleague10@dTA.org,,,usr0017@dTA.org,450000.0,
EML0002572,01/19/2026 12:04:58,USR0017,PC-USR0017-01,colleague8@dTA.org,,,usr0017@dTA.org,450000.0,
EML0002573,01/19/2026 10:55:40,USR0018,PC-USR0018-01,colleague1@dTA.org,,,usr0018@dTA.org,450000.0,
EML0002574,01/19/2026 13:15:55,USR0018,PC-USR0018-01,colleague9@dTA.org,,,usr0018@dTA.org,450000.0,
EML0002575,01/19/2026 10:49:59,USR0018,PC-USR0018-01,colleague4@dTA.org,,,usr0018@dTA.org,450000.0,memo.docx
EML0002576,01/19/2026 12:41:05,USR0018,PC-USR0018-01,colleague10@dTA.org,,,usr0018@dTA.org,450000.0,
EML0002577,01/19/2026 10:53:01,USR0018,PC-USR0018-01,colleague8@dTA.org,,,usr0018@dTA.org,450000.0,
EML0002578,01/19/2026 16:35:39,USR0018,PC-USR0018-01,colleague7@dTA.org,,,usr0018@dTA.org,450000.0,
EML0002579,01/19/2026 15:52:38,USR0019,PC-USR0019-01,colleague10@dTA.org,,,usr0019@dTA.org,450000.0,
EML0002580,01/19/2026 16:37:01,USR0019,PC-USR0019-01,colleague5@dTA.org,,,usr0019@dTA.org,450000.0,
EML0002581,01/19/2026 13:27:18,USR0019,PC-USR0019-01,colleague4@dTA.org,,,usr0019@dTA.org,450000.0,
EML0002582,01/19/2026 12:33:44,USR0019,PC-USR0019-01,colleague2@dTA.org,,,usr0019@dTA.org,450000.0,
EML0002583,01/19/2026 13:31:40,USR0019,PC-USR0019-01,colleague5@dTA.org,,,usr0019@dTA.org,450000.0,memo.docx
EML0002584,01/19/2026 15:34:23,USR0019,PC-USR0019-01,colleague6@dTA.org,,,usr0019@dTA.org,450000.0,
EML0002585,01/19/2026 13:50:24,USR0019,PC-USR0019-01,colleague2@dTA.org,,,usr0019@dTA.org,450000.0,memo.docx
EML0002586,01/19/2026 10:29:46,USR0020,PC-USR0020-01,colleague8@dTA.org,,,usr0020@dTA.org,450000.0,
EML0002587,01/19/2026 14:31:21,USR0020,PC-USR0020-01,colleague3@dTA.org,,,usr0020@dTA.org,450000.0,
EML0002588,01/19/2026 14:07:21,USR0020,PC-USR0020-01,colleague7@dTA.org,,,usr0020@dTA.org,450000.0,
EML0002589,01/19/2026 15:04:33,USR0020,PC-USR0020-01,colleague3@dTA.org,,,usr0020@dTA.org,450000.0,memo.docx
EML0002590,01/19/2026 10:00:31,USR0020,PC-USR0020-01,colleague4@dTA.org,,,usr0020@dTA.org,450000.0,memo.docx
EML0002591,01/19/2026 16:12:46,USR0020,PC-USR0020-01,colleague4@dTA.org,,,usr0020@dTA.org,450000.0,memo.docx
EML0002592,01/19/2026 10:08:11,USR0020,PC-USR0020-01,colleague3@dTA.org,,,usr0020@dTA.org,450000.0,
EML0002593,01/19/2026 11:30:07,USR0020,PC-USR0020-01,colleague9@dTA.org,,,usr0020@dTA.org,450000.0,memo.docx
EML0002594,01/19/2026 10:00:03,USR0020,PC-USR0020-01,colleague8@dTA.org,,,usr0020@dTA.org,450000.0,memo.docx
EML0002595,01/19/2026 12:18:20,USR0021,PC-USR0021-01,colleague3@dTA.org,,,usr0021@dTA.org,450000.0,
EML0002596,01/19/2026 15:09:47,USR0021,PC-USR0021-01,colleague5@dTA.org,,,usr0021@dTA.org,450000.0,
EML0002597,01/19/2026 12:43:59,USR0021,PC-USR0021-01,colleague4@dTA.org,,,usr0021@dTA.org,450000.0,
EML0002598,01/19/2026 14:15:59,USR0021,PC-USR0021-01,colleague4@dTA.org,,,usr0021@dTA.org,450000.0,
EML0002599,01/19/2026 09:43:46,USR0021,PC-USR0021-01,colleague3@dTA.org,,,usr0021@dTA.org,450000.0,
EML0002600,01/19/2026 15:58:23,USR0021,PC-USR0021-01,colleague2@dTA.org,,,usr0021@dTA.org,450000.0,
EML0002601,01/19/2026 11:07:14,USR0021,PC-USR0021-01,colleague10@dTA.org,,,usr0021@dTA.org,450000.0,
EML0002602,01/19/2026 11:07:51,USR0021,PC-USR0021-01,colleague7@dTA.org,,,usr0021@dTA.org,450000.0,
EML0002603,01/19/2026 14:33:23,USR0021,PC-USR0021-01,colleague6@dTA.org,,,usr0021@dTA.org,450000.0,
EML0002604,01/19/2026 12:36:48,USR0021,PC-USR0021-01,colleague1@dTA.org,,,usr0021@dTA.org,450000.0,
EML0002605,01/19/2026 12:40:13,USR0021,PC-USR0021-01,colleague5@dTA.org,,,usr0021@dTA.org,450000.0,
EML0002606,01/19/2026 15:16:21,USR0021,PC-USR0021-01,colleague3@dTA.org,,,usr0021@dTA.org,450000.0,
EML0002607,01/19/2026 15:09:01,USR0022,PC-USR0022-01,colleague6@dTA.org,,,usr0022@dTA.org,450000.0,memo.docx
EML0002608,01/19/2026 15:09:08,USR0022,PC-USR0022-01,colleague10@dTA.org,,,usr0022@dTA.org,450000.0,
EML0002609,01/19/2026 15:21:05,USR0022,PC-USR0022-01,colleague6@dTA.org,,,usr0022@dTA.org,450000.0,
EML0002610,01/19/2026 16:09:32,USR0022,PC-USR0022-01,colleague1@dTA.org,,,usr0022@dTA.org,450000.0,
EML0002611,01/19/2026 10:22:36,USR0022,PC-USR0022-01,colleague2@dTA.org,,,usr0022@dTA.org,450000.0,
EML0002612,01/19/2026 15:26:07,USR0022,PC-USR0022-01,colleague3@dTA.org,,,usr0022@dTA.org,450000.0,
EML0002613,01/19/2026 14:50:43,USR0022,PC-USR0022-01,colleague1@dTA.org,,,usr0022@dTA.org,450000.0,memo.docx
EML0002614,01/19/2026 13:02:26,USR0022,PC-USR0022-01,colleague3@dTA.org,,,usr0022@dTA.org,450000.0,
EML0002615,01/19/2026 11:49:16,USR0022,PC-USR0022-01,colleague1@dTA.org,,,usr0022@dTA.org,450000.0,
EML0002616,01/19/2026 13:09:23,USR0022,PC-USR0022-01,colleague2@dTA.org,,,usr0022@dTA.org,450000.0,
EML0002617,01/19/2026 14:55:00,USR0023,PC-USR0023-01,colleague10@dTA.org,,,usr0023@dTA.org,450000.0,
EML0002618,01/19/2026 15:22:25,USR0023,PC-USR0023-01,colleague9@dTA.org,,,usr0023@dTA.org,450000.0,
EML0002619,01/19/2026 10:34:39,USR0023,PC-USR0023-01,colleague1@dTA.org,,,usr0023@dTA.org,450000.0,
EML0002620,01/19/2026 13:28:10,USR0023,PC-USR0023-01,colleague4@dTA.org,,,usr0023@dTA.org,450000.0,
EML0002621,01/19/2026 12:33:34,USR0023,PC-USR0023-01,colleague8@dTA.org,,,usr0023@dTA.org,450000.0,
EML0002622,01/19/2026 15:36:14,USR0023,PC-USR0023-01,colleague10@dTA.org,,,usr0023@dTA.org,450000.0,
EML0002623,01/19/2026 11:35:24,USR0024,PC-USR0024-01,colleague7@dTA.org,,,usr0024@dTA.org,450000.0,
EML0002624,01/19/2026 14:04:27,USR0024,PC-USR0024-01,colleague2@dTA.org,,,usr0024@dTA.org,450000.0,
EML0002625,01/19/2026 09:05:54,USR0024,PC-USR0024-01,colleague10@dTA.org,,,usr0024@dTA.org,450000.0,
EML0002626,01/19/2026 09:44:24,USR0024,PC-USR0024-01,colleague4@dTA.org,,,usr0024@dTA.org,450000.0,
EML0002627,01/19/2026 12:03:17,USR0024,PC-USR0024-01,colleague9@dTA.org,,,usr0024@dTA.org,450000.0,memo.docx
EML0002628,01/19/2026 09:08:14,USR0024,PC-USR0024-01,colleague7@dTA.org,,,usr0024@dTA.org,450000.0,
EML0002629,01/19/2026 16:57:53,USR0025,PC-USR0025-01,colleague1@dTA.org,,,usr0025@dTA.org,450000.0,memo.docx
EML0002630,01/19/2026 09:34:25,USR0025,PC-USR0025-01,colleague8@dTA.org,,,usr0025@dTA.org,450000.0,
EML0002631,01/19/2026 13:15:57,USR0025,PC-USR0025-01,colleague7@dTA.org,,,usr0025@dTA.org,450000.0,
EML0002632,01/19/2026 13:46:47,USR0025,PC-USR0025-01,colleague9@dTA.org,,,usr0025@dTA.org,450000.0,
EML0002633,01/19/2026 11:20:36,USR0025,PC-USR0025-01,colleague6@dTA.org,,,usr0025@dTA.org,450000.0,memo.docx
EML0002634,01/19/2026 10:43:04,USR0025,PC-USR0025-01,colleague1@dTA.org,,,usr0025@dTA.org,450000.0,
EML0002635,01/20/2026 15:56:02,AAE0190,PC-AAE0190-01,colleague7@dTA.org,,,aae0190@dTA.org,450000.0,
EML0002636,01/20/2026 14:50:22,AAE0190,PC-AAE0190-01,colleague5@dTA.org,,,aae0190@dTA.org,450000.0,memo.docx
EML0002637,01/20/2026 10:07:30,AAE0190,PC-AAE0190-01,colleague4@dTA.org,,,aae0190@dTA.org,450000.0,
EML0002638,01/20/2026 11:05:17,AAE0190,PC-AAE0190-01,colleague7@dTA.org,,,aae0190@dTA.org,450000.0,
EML0002639,01/20/2026 10:37:07,AAE0190,PC-AAE0190-01,colleague10@dTA.org,,,aae0190@dTA.org,450000.0,
EML0002640,01/20/2026 12:36:07,AAE0190,PC-AAE0190-01,colleague4@dTA.org,,,aae0190@dTA.org,450000.0,
EML0002641,01/20/2026 11:55:42,AAE0190,PC-AAE0190-01,colleague4@dTA.org,,,aae0190@dTA.org,450000.0,memo.docx
EML0002642,01/20/2026 12:02:27,AAE0190,PC-AAE0190-01,colleague2@dTA.org,,,aae0190@dTA.org,450000.0,memo.docx
EML0002643,01/20/2026 13:40:47,AAE0190,PC-AAE0190-01,colleague4@dTA.org,,,aae0190@dTA.org,450000.0,
EML0002644,01/20/2026 11:15:47,AAE0190,PC-AAE0190-01,colleague2@dTA.org,,,aae0190@dTA.org,450000.0,
EML0002645,01/20/2026 11:03:05,AAE0190,PC-AAE0190-01,colleague5@dTA.org,,,aae0190@dTA.org,450000.0,
EML0002646,01/20/2026 12:23:59,USR0002,PC-USR0002-01,colleague1@dTA.org,,,usr0002@dTA.org,450000.0,
EML0002647,01/20/2026 12:32:10,USR0002,PC-USR0002-01,colleague2@dTA.org,,,usr0002@dTA.org,450000.0,
EML0002648,01/20/2026 15:10:42,USR0002,PC-USR0002-01,colleague6@dTA.org,,,usr0002@dTA.org,450000.0,memo.docx
EML0002649,01/20/2026 10:58:59,USR0002,PC-USR0002-01,colleague4@dTA.org,,,usr0002@dTA.org,450000.0,memo.docx
EML0002650,01/20/2026 14:20:30,USR0002,PC-USR0002-01,colleague4@dTA.org,,,usr0002@dTA.org,450000.0,memo.docx
EML0002651,01/20/2026 16:38:54,USR0002,PC-USR0002-01,colleague1@dTA.org,,,usr0002@dTA.org,450000.0,
EML0002652,01/20/2026 16:03:48,USR0002,PC-USR0002-01,colleague8@dTA.org,,,usr0002@dTA.org,450000.0,memo.docx
EML0002653,01/20/2026 11:25:38,USR0003,PC-USR0003-01,colleague3@dTA.org,,,usr0003@dTA.org,450000.0,
EML0002654,01/20/2026 11:45:20,USR0003,PC-USR0003-01,colleague6@dTA.org,,,usr0003@dTA.org,450000.0,memo.docx
EML0002655,01/20/2026 12:55:04,USR0003,PC-USR0003-01,colleague6@dTA.org,,,usr0003@dTA.org,450000.0,memo.docx
EML0002656,01/20/2026 09:30:48,USR0003,PC-USR0003-01,colleague8@dTA.org,,,usr0003@dTA.org,450000.0,
EML0002657,01/20/2026 15:13:06,USR0003,PC-USR0003-01,colleague3@dTA.org,,,usr0003@dTA.org,450000.0,memo.docx
EML0002658,01/20/2026 11:24:10,USR0003,PC-USR0003-01,colleague9@dTA.org,,,usr0003@dTA.org,450000.0,
EML0002659,01/20/2026 16:15:28,USR0003,PC-USR0003-01,colleague6@dTA.org,,,usr0003@dTA.org,450000.0,
EML0002660,01/20/2026 15:32:44,USR0003,PC-USR0003-01,colleague5@dTA.org,,,usr0003@dTA.org,450000.0,
EML0002661,01/20/2026 15:08:22,USR0003,PC-USR0003-01,colleague2@dTA.org,,,usr0003@dTA.org,450000.0,
EML0002662,01/20/2026 10:33:41,USR0003,PC-USR0003-01,colleague1@dTA.org,,,usr0003@dTA.org,450000.0,memo.docx
EML0002663,01/20/2026 10:28:14,USR0004,PC-USR0004-01,colleague4@dTA.org,,,usr0004@dTA.org,450000.0,
EML0002664,01/20/2026 10:07:52,USR0004,PC-USR0004-01,colleague10@dTA.org,,,usr0004@dTA.org,450000.0,
EML0002665,01/20/2026 12:14:59,USR0004,PC-USR0004-01,colleague3@dTA.org,,,usr0004@dTA.org,450000.0,
EML0002666,01/20/2026 11:14:27,USR0004,PC-USR0004-01,colleague9@dTA.org,,,usr0004@dTA.org,450000.0,
EML0002667,01/20/2026 12:04:09,USR0004,PC-USR0004-01,colleague9@dTA.org,,,usr0004@dTA.org,450000.0,
EML0002668,01/20/2026 12:43:09,USR0004,PC-USR0004-01,colleague1@dTA.org,,,usr0004@dTA.org,450000.0,
EML0002669,01/20/2026 09:33:52,USR0004,PC-USR0004-01,colleague4@dTA.org,,,usr0004@dTA.org,450000.0,
EML0002670,01/20/2026 13:31:18,USR0004,PC-USR0004-01,colleague5@dTA.org,,,usr0004@dTA.org,450000.0,
EML0002671,01/20/2026 15:35:14,USR0004,PC-USR0004-01,colleague10@dTA.org,,,usr0004@dTA.org,450000.0,
EML0002672,01/20/2026 11:36:50,USR0004,PC-USR0004-01,colleague3@dTA.org,,,usr0004@dTA.org,450000.0,
EML0002673,01/20/2026 15:26:00,USR0005,PC-USR0005-01,colleague2@dTA.org,,,usr0005@dTA.org,450000.0,
EML0002674,01/20/2026 12:16:19,USR0005,PC-USR0005-01,colleague1@dTA.org,,,usr0005@dTA.org,450000.0,
EML0002675,01/20/2026 12:10:22,USR0005,PC-USR0005-01,colleague2@dTA.org,,,usr0005@dTA.org,450000.0,
EML0002676,01/20/2026 09:08:03,USR0005,PC-USR0005-01,colleague10@dTA.org,,,usr0005@dTA.org,450000.0,memo.docx
EML0002677,01/20/2026 14:18:11,USR0005,PC-USR0005-01,colleague5@dTA.org,,,usr0005@dTA.org,450000.0,
EML0002678,01/20/2026 09:29:03,USR0005,PC-USR0005-01,colleague2@dTA.org,,,usr0005@dTA.org,450000.0,
EML0002679,01/20/2026 09:27:42,USR0006,PC-USR0006-01,colleague1@dTA.org,,,usr0006@dTA.org,450000.0,
EML0002680,01/20/2026 15:16:59,USR0006,PC-USR0006-01,colleague10@dTA.org,,,usr0006@dTA.org,450000.0,memo.docx
EML0002681,01/20/2026 16:36:52,USR0006,PC-USR0006-01,colleague2@dTA.org,,,usr0006@dTA.org,450000.0,
EML0002682,01/20/2026 13:19:38,USR0006,PC-USR0006-01,colleague10@dTA.org,,,usr0006@dTA.org,450000.0,
EML0002683,01/20/2026 16:01:19,USR0006,PC-USR0006-01,colleague6@dTA.org,,,usr0006@dTA.org,450000.0,
EML0002684,01/20/2026 13:35:50,USR0006,PC-USR0006-01,colleague3@dTA.org,,,usr0006@dTA.org,450000.0,memo.docx
EML0002685,01/20/2026 14:59:42,USR0006,PC-USR0006-01,colleague5@dTA.org,,,usr0006@dTA.org,450000.0,
EML0002686,01/20/2026 16:49:45,USR0006,PC-USR0006-01,colleague6@dTA.org,,,usr0006@dTA.org,450000.0,
EML0002687,01/20/2026 12:23:12,USR0006,PC-USR0006-01,colleague9@dTA.org,,,usr0006@dTA.org,450000.0,
EML0002688,01/20/2026 15:48:05,USR0006,PC-USR0006-01,colleague3@dTA.org,,,usr0006@dTA.org,450000.0,
EML0002689,01/20/2026 09:15:23,USR0007,PC-USR0007-01,colleague10@dTA.org,,,usr0007@dTA.org,450000.0,memo.docx
EML0002690,01/20/2026 09:05:17,USR0007,PC-USR0007-01,colleague2@dTA.org,,,usr0007@dTA.org,450000.0,
EML0002691,01/20/2026 09:55:14,USR0007,PC-USR0007-01,colleague9@dTA.org,,,usr0007@dTA.org,450000.0,
EML0002692,01/20/2026 11:26:21,USR0007,PC-USR0007-01,colleague8@dTA.org,,,usr0007@dTA.org,450000.0,
EML0002693,01/20/2026 15:57:09,USR0007,PC-USR0007-01,colleague2@dTA.org,,,usr0007@dTA.org,450000.0,
EML0002694,01/20/2026 13:48:48,USR0007,PC-USR0007-01,colleague5@dTA.org,,,usr0007@dTA.org,450000.0,
EML0002695,01/20/2026 13:32:35,USR0007,PC-USR0007-01,colleague8@dTA.org,,,usr0007@dTA.org,450000.0,
EML0002696,01/20/2026 15:38:27,USR0007,PC-USR0007-01,colleague2@dTA.org,,,usr0007@dTA.org,450000.0,
EML0002697,01/20/2026 14:37:39,USR0007,PC-USR0007-01,colleague2@dTA.org,,,usr0007@dTA.org,450000.0,memo.docx
EML0002698,01/20/2026 16:26:30,USR0007,PC-USR0007-01,colleague8@dTA.org,,,usr0007@dTA.org,450000.0,memo.docx
EML0002699,01/20/2026 10:02:31,USR0008,PC-USR0008-01,colleague3@dTA.org,,,usr0008@dTA.org,450000.0,
EML0002700,01/20/2026 13:23:24,USR0008,PC-USR0008-01,colleague3@dTA.org,,,usr0008@dTA.org,450000.0,
EML0002701,01/20/2026 10:08:08,USR0008,PC-USR0008-01,colleague2@dTA.org,,,usr0008@dTA.org,450000.0,memo.docx
EML0002702,01/20/2026 13:13:29,USR0008,PC-USR0008-01,colleague10@dTA.org,,,usr0008@dTA.org,450000.0,
EML0002703,01/20/2026 15:08:28,USR0008,PC-USR0008-01,colleague1@dTA.org,,,usr0008@dTA.org,450000.0,
EML0002704,01/20/2026 13:56:33,USR0008,PC-USR0008-01,colleague8@dTA.org,,,usr0008@dTA.org,450000.0,
EML0002705,01/20/2026 11:29:41,USR0008,PC-USR0008-01,colleague9@dTA.org,,,usr0008@dTA.org,450000.0,
EML0002706,01/20/2026 14:52:51,USR0008,PC-USR0008-01,colleague9@dTA.org,,,usr0008@dTA.org,450000.0,
EML0002707,01/20/2026 14:44:35,USR0008,PC-USR0008-01,colleague3@dTA.org,,,usr0008@dTA.org,450000.0,
EML0002708,01/20/2026 15:12:52,USR0008,PC-USR0008-01,colleague1@dTA.org,,,usr0008@dTA.org,450000.0,
EML0002709,01/20/2026 15:08:28,USR0008,PC-USR0008-01,colleague8@dTA.org,,,usr0008@dTA.org,450000.0,
EML0002710,01/20/2026 13:00:07,USR0009,PC-USR0009-01,colleague5@dTA.org,,,usr0009@dTA.org,450000.0,memo.docx
EML0002711,01/20/2026 11:57:21,USR0009,PC-USR0009-01,colleague5@dTA.org,,,usr0009@dTA.org,450000.0,
EML0002712,01/20/2026 15:14:23,USR0009,PC-USR0009-01,colleague1@dTA.org,,,usr0009@dTA.org,450000.0,
EML0002713,01/20/2026 11:27:13,USR0009,PC-USR0009-01,colleague7@dTA.org,,,usr0009@dTA.org,450000.0,
EML0002714,01/20/2026 12:59:24,USR0009,PC-USR0009-01,colleague9@dTA.org,,,usr0009@dTA.org,450000.0,
EML0002715,01/20/2026 16:30:53,USR0009,PC-USR0009-01,colleague7@dTA.org,,,usr0009@dTA.org,450000.0,
EML0002716,01/20/2026 12:11:31,USR0009,PC-USR0009-01,colleague2@dTA.org,,,usr0009@dTA.org,450000.0,
EML0002717,01/20/2026 13:13:34,USR0009,PC-USR0009-01,colleague4@dTA.org,,,usr0009@dTA.org,450000.0,memo.docx
EML0002718,01/20/2026 16:22:44,USR0009,PC-USR0009-01,colleague1@dTA.org,,,usr0009@dTA.org,450000.0,
EML0002719,01/20/2026 09:35:51,USR0009,PC-USR0009-01,colleague7@dTA.org,,,usr0009@dTA.org,450000.0,memo.docx
EML0002720,01/20/2026 13:10:39,USR0009,PC-USR0009-01,colleague8@dTA.org,,,usr0009@dTA.org,450000.0,
EML0002721,01/20/2026 14:44:51,USR0010,PC-USR0010-01,colleague6@dTA.org,,,usr0010@dTA.org,450000.0,
EML0002722,01/20/2026 12:32:59,USR0010,PC-USR0010-01,colleague6@dTA.org,,,usr0010@dTA.org,450000.0,
EML0002723,01/20/2026 12:19:32,USR0010,PC-USR0010-01,colleague7@dTA.org,,,usr0010@dTA.org,450000.0,
EML0002724,01/20/2026 13:59:45,USR0010,PC-USR0010-01,colleague8@dTA.org,,,usr0010@dTA.org,450000.0,
EML0002725,01/20/2026 15:43:15,USR0010,PC-USR0010-01,colleague5@dTA.org,,,usr0010@dTA.org,450000.0,
EML0002726,01/20/2026 11:49:44,USR0011,PC-USR0011-01,colleague5@dTA.org,,,usr0011@dTA.org,450000.0,
EML0002727,01/20/2026 12:47:39,USR0011,PC-USR0011-01,colleague6@dTA.org,,,usr0011@dTA.org,450000.0,memo.docx
EML0002728,01/20/2026 15:24:36,USR0011,PC-USR0011-01,colleague10@dTA.org,,,usr0011@dTA.org,450000.0,
EML0002729,01/20/2026 14:47:23,USR0011,PC-USR0011-01,colleague9@dTA.org,,,usr0011@dTA.org,450000.0,
EML0002730,01/20/2026 10:20:04,USR0012,PC-USR0012-01,colleague9@dTA.org,,,usr0012@dTA.org,450000.0,memo.docx
EML0002731,01/20/2026 11:09:45,USR0012,PC-USR0012-01,colleague3@dTA.org,,,usr0012@dTA.org,450000.0,memo.docx
EML0002732,01/20/2026 09:38:21,USR0012,PC-USR0012-01,colleague8@dTA.org,,,usr0012@dTA.org,450000.0,
EML0002733,01/20/2026 11:10:28,USR0012,PC-USR0012-01,colleague2@dTA.org,,,usr0012@dTA.org,450000.0,
EML0002734,01/20/2026 16:49:21,USR0012,PC-USR0012-01,colleague7@dTA.org,,,usr0012@dTA.org,450000.0,
EML0002735,01/20/2026 09:39:13,USR0012,PC-USR0012-01,colleague4@dTA.org,,,usr0012@dTA.org,450000.0,
EML0002736,01/20/2026 12:59:11,USR0012,PC-USR0012-01,colleague9@dTA.org,,,usr0012@dTA.org,450000.0,
EML0002737,01/20/2026 16:33:40,USR0012,PC-USR0012-01,colleague7@dTA.org,,,usr0012@dTA.org,450000.0,memo.docx
EML0002738,01/20/2026 11:38:06,USR0013,PC-USR0013-01,colleague10@dTA.org,,,usr0013@dTA.org,450000.0,
EML0002739,01/20/2026 15:06:33,USR0013,PC-USR0013-01,colleague6@dTA.org,,,usr0013@dTA.org,450000.0,
EML0002740,01/20/2026 11:19:31,USR0013,PC-USR0013-01,colleague3@dTA.org,,,usr0013@dTA.org,450000.0,
EML0002741,01/20/2026 16:44:21,USR0013,PC-USR0013-01,colleague9@dTA.org,,,usr0013@dTA.org,450000.0,
EML0002742,01/20/2026 16:49:29,USR0014,PC-USR0014-01,colleague1@dTA.org,,,usr0014@dTA.org,450000.0,
EML0002743,01/20/2026 09:53:24,USR0014,PC-USR0014-01,colleague10@dTA.org,,,usr0014@dTA.org,450000.0,
EML0002744,01/20/2026 10:29:16,USR0014,PC-USR0014-01,colleague2@dTA.org,,,usr0014@dTA.org,450000.0,memo.docx
EML0002745,01/20/2026 12:04:32,USR0014,PC-USR0014-01,colleague3@dTA.org,,,usr0014@dTA.org,450000.0,
EML0002746,01/20/2026 12:43:38,USR0014,PC-USR0014-01,colleague10@dTA.org,,,usr0014@dTA.org,450000.0,
EML0002747,01/20/2026 11:45:34,USR0014,PC-USR0014-01,colleague4@dTA.org,,,usr0014@dTA.org,450000.0,
EML0002748,01/20/2026 12:05:35,USR0014,PC-USR0014-01,colleague6@dTA.org,,,usr0014@dTA.org,450000.0,
EML0002749,01/20/2026 16:23:04,USR0014,PC-USR0014-01,colleague6@dTA.org,,,usr0014@dTA.org,450000.0,
EML0002750,01/20/2026 12:32:51,USR0014,PC-USR0014-01,colleague3@dTA.org,,,usr0014@dTA.org,450000.0,
EML0002751,01/20/2026 13:13:22,USR0014,PC-USR0014-01,colleague9@dTA.org,,,usr0014@dTA.org,450000.0,
EML0002752,01/20/2026 16:09:14,USR0014,PC-USR0014-01,colleague2@dTA.org,,,usr0014@dTA.org,450000.0,
EML0002753,01/20/2026 14:00:16,USR0014,PC-USR0014-01,colleague1@dTA.org,,,usr0014@dTA.org,450000.0,
EML0002754,01/20/2026 16:41:10,USR0015,PC-USR0015-01,colleague8@dTA.org,,,usr0015@dTA.org,450000.0,
EML0002755,01/20/2026 09:53:35,USR0015,PC-USR0015-01,colleague9@dTA.org,,,usr0015@dTA.org,450000.0,
EML0002756,01/20/2026 09:36:06,USR0015,PC-USR0015-01,colleague2@dTA.org,,,usr0015@dTA.org,450000.0,
EML0002757,01/20/2026 15:08:43,USR0015,PC-USR0015-01,colleague7@dTA.org,,,usr0015@dTA.org,450000.0,
EML0002758,01/20/2026 16:58:32,USR0015,PC-USR0015-01,colleague10@dTA.org,,,usr0015@dTA.org,450000.0,memo.docx
EML0002759,01/20/2026 09:02:06,USR0015,PC-USR0015-01,colleague1@dTA.org,,,usr0015@dTA.org,450000.0,
EML0002760,01/20/2026 10:37:19,USR0015,PC-USR0015-01,colleague1@dTA.org,,,usr0015@dTA.org,450000.0,
EML0002761,01/20/2026 12:49:56,USR0015,PC-USR0015-01,colleague7@dTA.org,,,usr0015@dTA.org,450000.0,
EML0002762,01/20/2026 14:07:15,USR0015,PC-USR0015-01,colleague5@dTA.org,,,usr0015@dTA.org,450000.0,
EML0002763,01/20/2026 11:31:12,USR0015,PC-USR0015-01,colleague5@dTA.org,,,usr0015@dTA.org,450000.0,
EML0002764,01/20/2026 13:16:26,USR0015,PC-USR0015-01,colleague5@dTA.org,,,usr0015@dTA.org,450000.0,
EML0002765,01/20/2026 14:57:20,USR0016,PC-USR0016-01,colleague2@dTA.org,,,usr0016@dTA.org,450000.0,
EML0002766,01/20/2026 09:48:27,USR0016,PC-USR0016-01,colleague4@dTA.org,,,usr0016@dTA.org,450000.0,memo.docx
EML0002767,01/20/2026 16:31:15,USR0016,PC-USR0016-01,colleague2@dTA.org,,,usr0016@dTA.org,450000.0,
EML0002768,01/20/2026 12:43:12,USR0016,PC-USR0016-01,colleague3@dTA.org,,,usr0016@dTA.org,450000.0,
EML0002769,01/20/2026 12:32:43,USR0016,PC-USR0016-01,colleague5@dTA.org,,,usr0016@dTA.org,450000.0,
EML0002770,01/20/2026 12:35:13,USR0016,PC-USR0016-01,colleague7@dTA.org,,,usr0016@dTA.org,450000.0,
EML0002771,01/20/2026 14:02:36,USR0017,PC-USR0017-01,colleague4@dTA.org,,,usr0017@dTA.org,450000.0,
EML0002772,01/20/2026 09:50:24,USR0017,PC-USR0017-01,colleague6@dTA.org,,,usr0017@dTA.org,450000.0,
EML0002773,01/20/2026 09:41:10,USR0017,PC-USR0017-01,colleague8@dTA.org,,,usr0017@dTA.org,450000.0,
EML0002774,01/20/2026 16:51:25,USR0017,PC-USR0017-01,colleague2@dTA.org,,,usr0017@dTA.org,450000.0,
EML0002775,01/20/2026 10:10:36,USR0017,PC-USR0017-01,colleague2@dTA.org,,,usr0017@dTA.org,450000.0,
EML0002776,01/20/2026 09:54:43,USR0017,PC-USR0017-01,colleague9@dTA.org,,,usr0017@dTA.org,450000.0,
EML0002777,01/20/2026 09:26:44,USR0017,PC-USR0017-01,colleague8@dTA.org,,,usr0017@dTA.org,450000.0,
EML0002778,01/20/2026 15:49:28,USR0017,PC-USR0017-01,colleague3@dTA.org,,,usr0017@dTA.org,450000.0,
EML0002779,01/20/2026 15:10:58,USR0017,PC-USR0017-01,colleague2@dTA.org,,,usr0017@dTA.org,450000.0,
EML0002780,01/20/2026 16:43:41,USR0017,PC-USR0017-01,colleague2@dTA.org,,,usr0017@dTA.org,450000.0,
EML0002781,01/20/2026 10:02:08,USR0017,PC-USR0017-01,colleague1@dTA.org,,,usr0017@dTA.org,450000.0,memo.docx
EML0002782,01/20/2026 14:40:58,USR0017,PC-USR0017-01,colleague1@dTA.org,,,usr0017@dTA.org,450000.0,
EML0002783,01/20/2026 14:49:59,USR0018,PC-USR0018-01,colleague5@dTA.org,,,usr0018@dTA.org,450000.0,
EML0002784,01/20/2026 14:29:29,USR0018,PC-USR0018-01,colleague8@dTA.org,,,usr0018@dTA.org,450000.0,
EML0002785,01/20/2026 09:50:20,USR0018,PC-USR0018-01,colleague6@dTA.org,,,usr0018@dTA.org,450000.0,
EML0002786,01/20/2026 15:02:51,USR0018,PC-USR0018-01,colleague2@dTA.org,,,usr0018@dTA.org,450000.0,
EML0002787,01/20/2026 11:31:57,USR0018,PC-USR0018-01,colleague1@dTA.org,,,usr0018@dTA.org,450000.0,
EML0002788,01/20/2026 16:16:49,USR0018,PC-USR0018-01,colleague4@dTA.org,,,usr0018@dTA.org,450000.0,
EML0002789,01/20/2026 12:33:28,USR0019,PC-USR0019-01,colleague4@dTA.org,,,usr0019@dTA.org,450000.0,memo.docx
EML0002790,01/20/2026 16:58:09,USR0019,PC-USR0019-01,colleague2@dTA.org,,,usr0019@dTA.org,450000.0,memo.docx
EML0002791,01/20/2026 15:39:51,USR0019,PC-USR0019-01,colleague9@dTA.org,,,usr0019@dTA.org,450000.0,
EML0002792,01/20/2026 14:00:55,USR0019,PC-USR0019-01,colleague7@dTA.org,,,usr0019@dTA.org,450000.0,
EML0002793,01/20/2026 16:42:41,USR0020,PC-USR0020-01,colleague6@dTA.org,,,usr0020@dTA.org,450000.0,
EML0002794,01/20/2026 13:15:00,USR0020,PC-USR0020-01,colleague1@dTA.org,,,usr0020@dTA.org,450000.0,
EML0002795,01/20/2026 12:24:33,USR0020,PC-USR0020-01,colleague6@dTA.org,,,usr0020@dTA.org,450000.0,
EML0002796,01/20/2026 13:23:56,USR0020,PC-USR0020-01,colleague2@dTA.org,,,usr0020@dTA.org,450000.0,memo.docx
EML0002797,01/20/2026 16:28:08,USR0020,PC-USR0020-01,colleague5@dTA.org,,,usr0020@dTA.org,450000.0,
EML0002798,01/20/2026 09:13:56,USR0020,PC-USR0020-01,colleague8@dTA.org,,,usr0020@dTA.org,450000.0,
EML0002799,01/20/2026 16:20:22,USR0020,PC-USR0020-01,colleague4@dTA.org,,,usr0020@dTA.org,450000.0,
EML0002800,01/20/2026 10:09:05,USR0020,PC-USR0020-01,colleague4@dTA.org,,,usr0020@dTA.org,450000.0,memo.docx
EML0002801,01/20/2026 10:16:55,USR0020,PC-USR0020-01,colleague1@dTA.org,,,usr0020@dTA.org,450000.0,
EML0002802,01/20/2026 11:11:37,USR0020,PC-USR0020-01,colleague2@dTA.org,,,usr0020@dTA.org,450000.0,
EML0002803,01/20/2026 09:19:48,USR0021,PC-USR0021-01,colleague7@dTA.org,,,usr0021@dTA.org,450000.0,
EML0002804,01/20/2026 13:52:31,USR0021,PC-USR0021-01,colleague3@dTA.org,,,usr0021@dTA.org,450000.0,
EML0002805,01/20/2026 09:10:00,USR0021,PC-USR0021-01,colleague8@dTA.org,,,usr0021@dTA.org,450000.0,
EML0002806,01/20/2026 14:39:58,USR0021,PC-USR0021-01,colleague2@dTA.org,,,usr0021@dTA.org,450000.0,
EML0002807,01/20/2026 16:13:11,USR0021,PC-USR0021-01,colleague3@dTA.org,,,usr0021@dTA.org,450000.0,
EML0002808,01/20/2026 12:17:52,USR0022,PC-USR0022-01,colleague4@dTA.org,,,usr0022@dTA.org,450000.0,
EML0002809,01/20/2026 09:45:46,USR0022,PC-USR0022-01,colleague7@dTA.org,,,usr0022@dTA.org,450000.0,memo.docx
EML0002810,01/20/2026 16:45:40,USR0022,PC-USR0022-01,colleague2@dTA.org,,,usr0022@dTA.org,450000.0,
EML0002811,01/20/2026 12:05:16,USR0022,PC-USR0022-01,colleague4@dTA.org,,,usr0022@dTA.org,450000.0,
EML0002812,01/20/2026 12:58:08,USR0022,PC-USR0022-01,colleague6@dTA.org,,,usr0022@dTA.org,450000.0,
EML0002813,01/20/2026 11:14:02,USR0023,PC-USR0023-01,colleague7@dTA.org,,,usr0023@dTA.org,450000.0,
EML0002814,01/20/2026 10:30:52,USR0023,PC-USR0023-01,colleague8@dTA.org,,,usr0023@dTA.org,450000.0,
EML0002815,01/20/2026 13:58:48,USR0023,PC-USR0023-01,colleague2@dTA.org,,,usr0023@dTA.org,450000.0,memo.docx
EML0002816,01/20/2026 09:54:50,USR0023,PC-USR0023-01,colleague4@dTA.org,,,usr0023@dTA.org,450000.0,
EML0002817,01/20/2026 13:34:27,USR0023,PC-USR0023-01,colleague9@dTA.org,,,usr0023@dTA.org,450000.0,
EML0002818,01/20/2026 16:16:50,USR0023,PC-USR0023-01,colleague8@dTA.org,,,usr0023@dTA.org,450000.0,
EML0002819,01/20/2026 10:55:15,USR0024,PC-USR0024-01,colleague3@dTA.org,,,usr0024@dTA.org,450000.0,
EML0002820,01/20/2026 09:24:38,USR0024,PC-USR0024-01,colleague1@dTA.org,,,usr0024@dTA.org,450000.0,
EML0002821,01/20/2026 09:40:01,USR0024,PC-USR0024-01,colleague3@dTA.org,,,usr0024@dTA.org,450000.0,
EML0002822,01/20/2026 11:43:17,USR0024,PC-USR0024-01,colleague6@dTA.org,,,usr0024@dTA.org,450000.0,
EML0002823,01/20/2026 13:28:51,USR0024,PC-USR0024-01,colleague9@dTA.org,,,usr0024@dTA.org,450000.0,
EML0002824,01/20/2026 09:45:25,USR0024,PC-USR0024-01,colleague4@dTA.org,,,usr0024@dTA.org,450000.0,memo.docx
EML0002825,01/20/2026 14:35:24,USR0024,PC-USR0024-01,colleague3@dTA.org,,,usr0024@dTA.org,450000.0,
EML0002826,01/20/2026 12:10:44,USR0024,PC-USR0024-01,colleague4@dTA.org,,,usr0024@dTA.org,450000.0,
EML0002827,01/20/2026 10:37:59,USR0024,PC-USR0024-01,colleague2@dTA.org,,,usr0024@dTA.org,450000.0,
EML0002828,01/20/2026 13:27:30,USR0024,PC-USR0024-01,colleague8@dTA.org,,,usr0024@dTA.org,450000.0,
EML0002829,01/20/2026 09:24:34,USR0025,PC-USR0025-01,colleague1@dTA.org,,,usr0025@dTA.org,450000.0,memo.docx
EML0002830,01/20/2026 11:33:30,USR0025,PC-USR0025-01,colleague2@dTA.org,,,usr0025@dTA.org,450000.0,memo.docx
EML0002831,01/20/2026 12:00:13,USR0025,PC-USR0025-01,colleague2@dTA.org,,,usr0025@dTA.org,450000.0,
EML0002832,01/20/2026 12:39:12,USR0025,PC-USR0025-01,colleague4@dTA.org,,,usr0025@dTA.org,450000.0,
EML0002833,01/20/2026 10:49:11,USR0025,PC-USR0025-01,colleague2@dTA.org,,,usr0025@dTA.org,450000.0,
EML0002834,01/20/2026 10:13:41,USR0025,PC-USR0025-01,colleague9@dTA.org,,,usr0025@dTA.org,450000.0,
EML0002835,01/21/2026 23:52:07,AAE0190,PC-AAE0190-01,colleague8@dTA.org,,,aae0190@dTA.org,450000.0,
EML0002836,01/21/2026 23:09:17,AAE0190,PC-AAE0190-01,alex_personal@gmail.com,,,aae0190@dTA.org,18500000.0,confidential_archive.zip;database_dump.sql
EML0002837,01/21/2026 22:02:10,AAE0190,PC-AAE0190-01,alex_personal@gmail.com,,,aae0190@dTA.org,18500000.0,confidential_archive.zip;database_dump.sql
EML0002838,01/21/2026 23:58:50,AAE0190,PC-AAE0190-01,colleague1@dTA.org,,,aae0190@dTA.org,450000.0,memo.docx
EML0002839,01/21/2026 23:20:33,AAE0190,PC-AAE0190-01,colleague3@dTA.org,,,aae0190@dTA.org,450000.0,
EML0002840,01/21/2026 21:17:26,AAE0190,PC-AAE0190-01,alex_personal@gmail.com,,,aae0190@dTA.org,18500000.0,confidential_archive.zip;database_dump.sql
EML0002841,01/21/2026 23:27:19,AAE0190,PC-AAE0190-01,alex_personal@gmail.com,,,aae0190@dTA.org,18500000.0,confidential_archive.zip;database_dump.sql
EML0002842,01/21/2026 21:05:25,AAE0190,PC-AAE0190-01,alex_personal@gmail.com,,,aae0190@dTA.org,18500000.0,confidential_archive.zip;database_dump.sql
EML0002843,01/21/2026 21:26:12,AAE0190,PC-AAE0190-01,alex_personal@gmail.com,,,aae0190@dTA.org,18500000.0,confidential_archive.zip;database_dump.sql
EML0002844,01/21/2026 22:31:32,AAE0190,PC-AAE0190-01,alex_personal@gmail.com,,,aae0190@dTA.org,18500000.0,confidential_archive.zip;database_dump.sql
EML0002845,01/21/2026 21:15:33,AAE0190,PC-AAE0190-01,colleague1@dTA.org,,,aae0190@dTA.org,450000.0,
EML0002846,01/21/2026 22:43:14,AAE0190,PC-AAE0190-01,colleague4@dTA.org,,,aae0190@dTA.org,450000.0,
EML0002847,01/21/2026 23:46:57,AAE0190,PC-AAE0190-01,colleague2@dTA.org,,,aae0190@dTA.org,450000.0,
EML0002848,01/21/2026 23:05:53,AAE0190,PC-AAE0190-01,colleague5@dTA.org,,,aae0190@dTA.org,450000.0,
EML0002849,01/21/2026 21:15:08,AAE0190,PC-AAE0190-01,colleague5@dTA.org,,,aae0190@dTA.org,450000.0,
EML0002850,01/21/2026 23:43:00,AAE0190,PC-AAE0190-01,alex_personal@gmail.com,,,aae0190@dTA.org,18500000.0,confidential_archive.zip;database_dump.sql
EML0002851,01/21/2026 22:47:11,AAE0190,PC-AAE0190-01,colleague7@dTA.org,,,aae0190@dTA.org,450000.0,memo.docx
EML0002852,01/21/2026 21:39:30,AAE0190,PC-AAE0190-01,alex_personal@gmail.com,,,aae0190@dTA.org,18500000.0,confidential_archive.zip;database_dump.sql
EML0002853,01/21/2026 21:11:51,AAE0190,PC-AAE0190-01,colleague8@dTA.org,,,aae0190@dTA.org,450000.0,
EML0002854,01/21/2026 21:59:58,AAE0190,PC-AAE0190-01,colleague6@dTA.org,,,aae0190@dTA.org,450000.0,
EML0002855,01/21/2026 22:26:06,AAE0190,PC-AAE0190-01,colleague8@dTA.org,,,aae0190@dTA.org,450000.0,
EML0002856,01/21/2026 16:52:32,USR0002,PC-USR0002-01,colleague3@dTA.org,,,usr0002@dTA.org,450000.0,
EML0002857,01/21/2026 09:19:44,USR0002,PC-USR0002-01,colleague4@dTA.org,,,usr0002@dTA.org,450000.0,
EML0002858,01/21/2026 12:20:49,USR0002,PC-USR0002-01,colleague1@dTA.org,,,usr0002@dTA.org,450000.0,memo.docx
EML0002859,01/21/2026 09:36:27,USR0002,PC-USR0002-01,colleague5@dTA.org,,,usr0002@dTA.org,450000.0,memo.docx
EML0002860,01/21/2026 16:08:08,USR0003,PC-USR0003-01,colleague3@dTA.org,,,usr0003@dTA.org,450000.0,
EML0002861,01/21/2026 10:23:47,USR0003,PC-USR0003-01,colleague7@dTA.org,,,usr0003@dTA.org,450000.0,
EML0002862,01/21/2026 16:19:08,USR0003,PC-USR0003-01,colleague4@dTA.org,,,usr0003@dTA.org,450000.0,
EML0002863,01/21/2026 11:34:07,USR0003,PC-USR0003-01,colleague3@dTA.org,,,usr0003@dTA.org,450000.0,
EML0002864,01/21/2026 10:52:32,USR0003,PC-USR0003-01,colleague5@dTA.org,,,usr0003@dTA.org,450000.0,
EML0002865,01/21/2026 15:12:42,USR0004,PC-USR0004-01,colleague8@dTA.org,,,usr0004@dTA.org,450000.0,
EML0002866,01/21/2026 12:08:32,USR0004,PC-USR0004-01,colleague9@dTA.org,,,usr0004@dTA.org,450000.0,
EML0002867,01/21/2026 15:09:22,USR0004,PC-USR0004-01,colleague9@dTA.org,,,usr0004@dTA.org,450000.0,
EML0002868,01/21/2026 09:50:11,USR0004,PC-USR0004-01,colleague4@dTA.org,,,usr0004@dTA.org,450000.0,
EML0002869,01/21/2026 13:53:19,USR0004,PC-USR0004-01,colleague3@dTA.org,,,usr0004@dTA.org,450000.0,memo.docx
EML0002870,01/21/2026 10:58:55,USR0004,PC-USR0004-01,colleague8@dTA.org,,,usr0004@dTA.org,450000.0,memo.docx
EML0002871,01/21/2026 13:01:04,USR0004,PC-USR0004-01,colleague5@dTA.org,,,usr0004@dTA.org,450000.0,
EML0002872,01/21/2026 16:09:41,USR0004,PC-USR0004-01,colleague3@dTA.org,,,usr0004@dTA.org,450000.0,
EML0002873,01/21/2026 11:46:19,USR0004,PC-USR0004-01,colleague10@dTA.org,,,usr0004@dTA.org,450000.0,
EML0002874,01/21/2026 09:19:58,USR0004,PC-USR0004-01,colleague6@dTA.org,,,usr0004@dTA.org,450000.0,
EML0002875,01/21/2026 12:19:05,USR0005,PC-USR0005-01,colleague3@dTA.org,,,usr0005@dTA.org,450000.0,memo.docx
EML0002876,01/21/2026 16:16:07,USR0005,PC-USR0005-01,colleague2@dTA.org,,,usr0005@dTA.org,450000.0,memo.docx
EML0002877,01/21/2026 11:33:17,USR0005,PC-USR0005-01,colleague3@dTA.org,,,usr0005@dTA.org,450000.0,
EML0002878,01/21/2026 15:16:08,USR0005,PC-USR0005-01,colleague1@dTA.org,,,usr0005@dTA.org,450000.0,
EML0002879,01/21/2026 14:08:39,USR0005,PC-USR0005-01,colleague7@dTA.org,,,usr0005@dTA.org,450000.0,
EML0002880,01/21/2026 11:01:25,USR0005,PC-USR0005-01,colleague10@dTA.org,,,usr0005@dTA.org,450000.0,
EML0002881,01/21/2026 11:55:52,USR0005,PC-USR0005-01,colleague8@dTA.org,,,usr0005@dTA.org,450000.0,
EML0002882,01/21/2026 13:35:07,USR0005,PC-USR0005-01,colleague4@dTA.org,,,usr0005@dTA.org,450000.0,
EML0002883,01/21/2026 09:18:32,USR0005,PC-USR0005-01,colleague6@dTA.org,,,usr0005@dTA.org,450000.0,
EML0002884,01/21/2026 13:09:47,USR0006,PC-USR0006-01,colleague6@dTA.org,,,usr0006@dTA.org,450000.0,
EML0002885,01/21/2026 09:49:53,USR0006,PC-USR0006-01,colleague7@dTA.org,,,usr0006@dTA.org,450000.0,memo.docx
EML0002886,01/21/2026 12:46:49,USR0006,PC-USR0006-01,colleague8@dTA.org,,,usr0006@dTA.org,450000.0,
EML0002887,01/21/2026 11:56:53,USR0006,PC-USR0006-01,colleague2@dTA.org,,,usr0006@dTA.org,450000.0,
EML0002888,01/21/2026 16:52:40,USR0006,PC-USR0006-01,colleague2@dTA.org,,,usr0006@dTA.org,450000.0,
EML0002889,01/21/2026 11:58:07,USR0006,PC-USR0006-01,colleague10@dTA.org,,,usr0006@dTA.org,450000.0,memo.docx
EML0002890,01/21/2026 14:36:57,USR0006,PC-USR0006-01,colleague1@dTA.org,,,usr0006@dTA.org,450000.0,
EML0002891,01/21/2026 16:22:36,USR0006,PC-USR0006-01,colleague3@dTA.org,,,usr0006@dTA.org,450000.0,
EML0002892,01/21/2026 12:44:02,USR0007,PC-USR0007-01,colleague4@dTA.org,,,usr0007@dTA.org,450000.0,
EML0002893,01/21/2026 09:55:44,USR0007,PC-USR0007-01,colleague6@dTA.org,,,usr0007@dTA.org,450000.0,memo.docx
EML0002894,01/21/2026 12:09:24,USR0007,PC-USR0007-01,colleague4@dTA.org,,,usr0007@dTA.org,450000.0,
EML0002895,01/21/2026 13:52:55,USR0007,PC-USR0007-01,colleague5@dTA.org,,,usr0007@dTA.org,450000.0,
EML0002896,01/21/2026 12:51:25,USR0007,PC-USR0007-01,colleague8@dTA.org,,,usr0007@dTA.org,450000.0,memo.docx
EML0002897,01/21/2026 10:38:48,USR0007,PC-USR0007-01,colleague6@dTA.org,,,usr0007@dTA.org,450000.0,
EML0002898,01/21/2026 13:04:34,USR0007,PC-USR0007-01,colleague5@dTA.org,,,usr0007@dTA.org,450000.0,
EML0002899,01/21/2026 10:54:09,USR0007,PC-USR0007-01,colleague5@dTA.org,,,usr0007@dTA.org,450000.0,
EML0002900,01/21/2026 14:02:57,USR0008,PC-USR0008-01,colleague4@dTA.org,,,usr0008@dTA.org,450000.0,
EML0002901,01/21/2026 11:18:29,USR0008,PC-USR0008-01,colleague6@dTA.org,,,usr0008@dTA.org,450000.0,
EML0002902,01/21/2026 11:44:01,USR0008,PC-USR0008-01,colleague7@dTA.org,,,usr0008@dTA.org,450000.0,memo.docx
EML0002903,01/21/2026 11:52:44,USR0008,PC-USR0008-01,colleague6@dTA.org,,,usr0008@dTA.org,450000.0,
EML0002904,01/21/2026 11:18:03,USR0008,PC-USR0008-01,colleague8@dTA.org,,,usr0008@dTA.org,450000.0,
EML0002905,01/21/2026 15:05:58,USR0008,PC-USR0008-01,colleague6@dTA.org,,,usr0008@dTA.org,450000.0,
EML0002906,01/21/2026 13:23:27,USR0008,PC-USR0008-01,colleague5@dTA.org,,,usr0008@dTA.org,450000.0,
EML0002907,01/21/2026 16:54:05,USR0008,PC-USR0008-01,colleague8@dTA.org,,,usr0008@dTA.org,450000.0,memo.docx
EML0002908,01/21/2026 09:09:36,USR0009,PC-USR0009-01,colleague7@dTA.org,,,usr0009@dTA.org,450000.0,
EML0002909,01/21/2026 13:11:26,USR0009,PC-USR0009-01,colleague1@dTA.org,,,usr0009@dTA.org,450000.0,
EML0002910,01/21/2026 15:10:00,USR0009,PC-USR0009-01,colleague2@dTA.org,,,usr0009@dTA.org,450000.0,
EML0002911,01/21/2026 12:12:44,USR0009,PC-USR0009-01,colleague6@dTA.org,,,usr0009@dTA.org,450000.0,
EML0002912,01/21/2026 16:20:03,USR0009,PC-USR0009-01,colleague2@dTA.org,,,usr0009@dTA.org,450000.0,
EML0002913,01/21/2026 12:51:26,USR0009,PC-USR0009-01,colleague10@dTA.org,,,usr0009@dTA.org,450000.0,
EML0002914,01/21/2026 10:21:17,USR0010,PC-USR0010-01,colleague4@dTA.org,,,usr0010@dTA.org,450000.0,
EML0002915,01/21/2026 14:14:03,USR0010,PC-USR0010-01,colleague5@dTA.org,,,usr0010@dTA.org,450000.0,memo.docx
EML0002916,01/21/2026 16:04:07,USR0010,PC-USR0010-01,colleague8@dTA.org,,,usr0010@dTA.org,450000.0,
EML0002917,01/21/2026 11:12:46,USR0010,PC-USR0010-01,colleague4@dTA.org,,,usr0010@dTA.org,450000.0,
EML0002918,01/21/2026 11:04:35,USR0010,PC-USR0010-01,colleague6@dTA.org,,,usr0010@dTA.org,450000.0,
EML0002919,01/21/2026 09:15:00,USR0010,PC-USR0010-01,colleague8@dTA.org,,,usr0010@dTA.org,450000.0,
EML0002920,01/21/2026 15:55:07,USR0011,PC-USR0011-01,colleague7@dTA.org,,,usr0011@dTA.org,450000.0,
EML0002921,01/21/2026 12:08:50,USR0011,PC-USR0011-01,colleague3@dTA.org,,,usr0011@dTA.org,450000.0,
EML0002922,01/21/2026 16:29:20,USR0011,PC-USR0011-01,colleague8@dTA.org,,,usr0011@dTA.org,450000.0,
EML0002923,01/21/2026 12:24:40,USR0011,PC-USR0011-01,colleague1@dTA.org,,,usr0011@dTA.org,450000.0,memo.docx
EML0002924,01/21/2026 16:52:08,USR0011,PC-USR0011-01,colleague9@dTA.org,,,usr0011@dTA.org,450000.0,memo.docx
EML0002925,01/21/2026 15:06:15,USR0011,PC-USR0011-01,colleague6@dTA.org,,,usr0011@dTA.org,450000.0,
EML0002926,01/21/2026 15:58:45,USR0012,PC-USR0012-01,colleague4@dTA.org,,,usr0012@dTA.org,450000.0,memo.docx
EML0002927,01/21/2026 09:23:42,USR0012,PC-USR0012-01,colleague3@dTA.org,,,usr0012@dTA.org,450000.0,
EML0002928,01/21/2026 16:09:59,USR0012,PC-USR0012-01,colleague3@dTA.org,,,usr0012@dTA.org,450000.0,memo.docx
EML0002929,01/21/2026 14:07:49,USR0012,PC-USR0012-01,colleague4@dTA.org,,,usr0012@dTA.org,450000.0,
EML0002930,01/21/2026 11:34:49,USR0012,PC-USR0012-01,colleague10@dTA.org,,,usr0012@dTA.org,450000.0,
EML0002931,01/21/2026 12:51:14,USR0012,PC-USR0012-01,colleague8@dTA.org,,,usr0012@dTA.org,450000.0,
EML0002932,01/21/2026 15:08:32,USR0012,PC-USR0012-01,colleague8@dTA.org,,,usr0012@dTA.org,450000.0,
EML0002933,01/21/2026 16:17:03,USR0013,PC-USR0013-01,colleague3@dTA.org,,,usr0013@dTA.org,450000.0,
EML0002934,01/21/2026 13:54:45,USR0013,PC-USR0013-01,colleague7@dTA.org,,,usr0013@dTA.org,450000.0,
EML0002935,01/21/2026 11:26:34,USR0013,PC-USR0013-01,colleague2@dTA.org,,,usr0013@dTA.org,450000.0,
EML0002936,01/21/2026 11:16:24,USR0013,PC-USR0013-01,colleague10@dTA.org,,,usr0013@dTA.org,450000.0,
EML0002937,01/21/2026 15:15:14,USR0014,PC-USR0014-01,colleague4@dTA.org,,,usr0014@dTA.org,450000.0,
EML0002938,01/21/2026 13:13:59,USR0014,PC-USR0014-01,colleague9@dTA.org,,,usr0014@dTA.org,450000.0,
EML0002939,01/21/2026 13:43:55,USR0014,PC-USR0014-01,colleague4@dTA.org,,,usr0014@dTA.org,450000.0,
EML0002940,01/21/2026 12:49:35,USR0014,PC-USR0014-01,colleague5@dTA.org,,,usr0014@dTA.org,450000.0,
EML0002941,01/21/2026 11:44:13,USR0014,PC-USR0014-01,colleague6@dTA.org,,,usr0014@dTA.org,450000.0,
EML0002942,01/21/2026 14:26:10,USR0014,PC-USR0014-01,colleague6@dTA.org,,,usr0014@dTA.org,450000.0,
EML0002943,01/21/2026 12:17:48,USR0014,PC-USR0014-01,colleague1@dTA.org,,,usr0014@dTA.org,450000.0,memo.docx
EML0002944,01/21/2026 14:33:54,USR0015,PC-USR0015-01,colleague4@dTA.org,,,usr0015@dTA.org,450000.0,memo.docx
EML0002945,01/21/2026 14:11:53,USR0015,PC-USR0015-01,colleague9@dTA.org,,,usr0015@dTA.org,450000.0,
EML0002946,01/21/2026 14:19:22,USR0015,PC-USR0015-01,colleague7@dTA.org,,,usr0015@dTA.org,450000.0,
EML0002947,01/21/2026 15:46:23,USR0015,PC-USR0015-01,colleague2@dTA.org,,,usr0015@dTA.org,450000.0,
EML0002948,01/21/2026 15:33:19,USR0016,PC-USR0016-01,colleague3@dTA.org,,,usr0016@dTA.org,450000.0,
EML0002949,01/21/2026 09:10:42,USR0016,PC-USR0016-01,colleague9@dTA.org,,,usr0016@dTA.org,450000.0,
EML0002950,01/21/2026 14:30:10,USR0016,PC-USR0016-01,colleague2@dTA.org,,,usr0016@dTA.org,450000.0,
EML0002951,01/21/2026 11:57:08,USR0016,PC-USR0016-01,colleague10@dTA.org,,,usr0016@dTA.org,450000.0,
EML0002952,01/21/2026 14:38:05,USR0016,PC-USR0016-01,colleague5@dTA.org,,,usr0016@dTA.org,450000.0,memo.docx
EML0002953,01/21/2026 12:26:43,USR0016,PC-USR0016-01,colleague4@dTA.org,,,usr0016@dTA.org,450000.0,
EML0002954,01/21/2026 16:29:34,USR0016,PC-USR0016-01,colleague6@dTA.org,,,usr0016@dTA.org,450000.0,memo.docx
EML0002955,01/21/2026 12:53:12,USR0016,PC-USR0016-01,colleague5@dTA.org,,,usr0016@dTA.org,450000.0,memo.docx
EML0002956,01/21/2026 09:19:02,USR0016,PC-USR0016-01,colleague4@dTA.org,,,usr0016@dTA.org,450000.0,
EML0002957,01/21/2026 09:04:01,USR0016,PC-USR0016-01,colleague5@dTA.org,,,usr0016@dTA.org,450000.0,
EML0002958,01/21/2026 12:25:37,USR0016,PC-USR0016-01,colleague6@dTA.org,,,usr0016@dTA.org,450000.0,memo.docx
EML0002959,01/21/2026 12:44:52,USR0017,PC-USR0017-01,colleague4@dTA.org,,,usr0017@dTA.org,450000.0,
EML0002960,01/21/2026 11:15:45,USR0017,PC-USR0017-01,colleague10@dTA.org,,,usr0017@dTA.org,450000.0,
EML0002961,01/21/2026 11:45:07,USR0017,PC-USR0017-01,colleague9@dTA.org,,,usr0017@dTA.org,450000.0,memo.docx
EML0002962,01/21/2026 16:19:06,USR0017,PC-USR0017-01,colleague1@dTA.org,,,usr0017@dTA.org,450000.0,
EML0002963,01/21/2026 11:03:36,USR0017,PC-USR0017-01,colleague5@dTA.org,,,usr0017@dTA.org,450000.0,memo.docx
EML0002964,01/21/2026 13:51:32,USR0017,PC-USR0017-01,colleague8@dTA.org,,,usr0017@dTA.org,450000.0,memo.docx
EML0002965,01/21/2026 14:31:56,USR0017,PC-USR0017-01,colleague3@dTA.org,,,usr0017@dTA.org,450000.0,
EML0002966,01/21/2026 11:44:15,USR0018,PC-USR0018-01,colleague1@dTA.org,,,usr0018@dTA.org,450000.0,
EML0002967,01/21/2026 09:47:07,USR0018,PC-USR0018-01,colleague9@dTA.org,,,usr0018@dTA.org,450000.0,
EML0002968,01/21/2026 11:21:11,USR0018,PC-USR0018-01,colleague10@dTA.org,,,usr0018@dTA.org,450000.0,
EML0002969,01/21/2026 13:26:17,USR0018,PC-USR0018-01,colleague2@dTA.org,,,usr0018@dTA.org,450000.0,
EML0002970,01/21/2026 16:31:35,USR0018,PC-USR0018-01,colleague4@dTA.org,,,usr0018@dTA.org,450000.0,
EML0002971,01/21/2026 11:51:01,USR0018,PC-USR0018-01,colleague5@dTA.org,,,usr0018@dTA.org,450000.0,
EML0002972,01/21/2026 12:07:53,USR0018,PC-USR0018-01,colleague5@dTA.org,,,usr0018@dTA.org,450000.0,
EML0002973,01/21/2026 09:57:56,USR0018,PC-USR0018-01,colleague5@dTA.org,,,usr0018@dTA.org,450000.0,memo.docx
EML0002974,01/21/2026 14:28:34,USR0018,PC-USR0018-01,colleague9@dTA.org,,,usr0018@dTA.org,450000.0,memo.docx
EML0002975,01/21/2026 15:28:39,USR0019,PC-USR0019-01,colleague1@dTA.org,,,usr0019@dTA.org,450000.0,memo.docx
EML0002976,01/21/2026 12:21:52,USR0019,PC-USR0019-01,colleague7@dTA.org,,,usr0019@dTA.org,450000.0,
EML0002977,01/21/2026 16:36:45,USR0019,PC-USR0019-01,colleague1@dTA.org,,,usr0019@dTA.org,450000.0,
EML0002978,01/21/2026 15:35:45,USR0019,PC-USR0019-01,colleague8@dTA.org,,,usr0019@dTA.org,450000.0,
EML0002979,01/21/2026 16:02:07,USR0019,PC-USR0019-01,colleague8@dTA.org,,,usr0019@dTA.org,450000.0,
EML0002980,01/21/2026 12:07:45,USR0019,PC-USR0019-01,colleague5@dTA.org,,,usr0019@dTA.org,450000.0,
EML0002981,01/21/2026 15:45:46,USR0019,PC-USR0019-01,colleague3@dTA.org,,,usr0019@dTA.org,450000.0,memo.docx
EML0002982,01/21/2026 10:48:28,USR0020,PC-USR0020-01,colleague10@dTA.org,,,usr0020@dTA.org,450000.0,
EML0002983,01/21/2026 09:29:01,USR0020,PC-USR0020-01,colleague6@dTA.org,,,usr0020@dTA.org,450000.0,
EML0002984,01/21/2026 09:04:57,USR0020,PC-USR0020-01,colleague9@dTA.org,,,usr0020@dTA.org,450000.0,
EML0002985,01/21/2026 11:13:08,USR0020,PC-USR0020-01,colleague6@dTA.org,,,usr0020@dTA.org,450000.0,
EML0002986,01/21/2026 12:26:27,USR0020,PC-USR0020-01,colleague9@dTA.org,,,usr0020@dTA.org,450000.0,
EML0002987,01/21/2026 14:21:47,USR0020,PC-USR0020-01,colleague6@dTA.org,,,usr0020@dTA.org,450000.0,
EML0002988,01/21/2026 10:02:47,USR0020,PC-USR0020-01,colleague10@dTA.org,,,usr0020@dTA.org,450000.0,
EML0002989,01/21/2026 16:14:08,USR0020,PC-USR0020-01,colleague5@dTA.org,,,usr0020@dTA.org,450000.0,
EML0002990,01/21/2026 09:18:10,USR0020,PC-USR0020-01,colleague5@dTA.org,,,usr0020@dTA.org,450000.0,memo.docx
EML0002991,01/21/2026 15:12:41,USR0020,PC-USR0020-01,colleague5@dTA.org,,,usr0020@dTA.org,450000.0,
EML0002992,01/21/2026 13:23:28,USR0020,PC-USR0020-01,colleague8@dTA.org,,,usr0020@dTA.org,450000.0,
EML0002993,01/21/2026 09:37:41,USR0021,PC-USR0021-01,colleague10@dTA.org,,,usr0021@dTA.org,450000.0,
EML0002994,01/21/2026 13:00:36,USR0021,PC-USR0021-01,colleague5@dTA.org,,,usr0021@dTA.org,450000.0,
EML0002995,01/21/2026 11:43:58,USR0021,PC-USR0021-01,colleague3@dTA.org,,,usr0021@dTA.org,450000.0,
EML0002996,01/21/2026 10:25:41,USR0021,PC-USR0021-01,colleague2@dTA.org,,,usr0021@dTA.org,450000.0,
EML0002997,01/21/2026 10:04:14,USR0021,PC-USR0021-01,colleague8@dTA.org,,,usr0021@dTA.org,450000.0,
EML0002998,01/21/2026 11:15:38,USR0021,PC-USR0021-01,colleague1@dTA.org,,,usr0021@dTA.org,450000.0,memo.docx
EML0002999,01/21/2026 14:51:23,USR0022,PC-USR0022-01,colleague3@dTA.org,,,usr0022@dTA.org,450000.0,
EML0003000,01/21/2026 15:11:25,USR0022,PC-USR0022-01,colleague2@dTA.org,,,usr0022@dTA.org,450000.0,
EML0003001,01/21/2026 13:39:58,USR0022,PC-USR0022-01,colleague8@dTA.org,,,usr0022@dTA.org,450000.0,
EML0003002,01/21/2026 14:39:27,USR0022,PC-USR0022-01,colleague4@dTA.org,,,usr0022@dTA.org,450000.0,
EML0003003,01/21/2026 09:24:29,USR0022,PC-USR0022-01,colleague7@dTA.org,,,usr0022@dTA.org,450000.0,
EML0003004,01/21/2026 16:02:10,USR0022,PC-USR0022-01,colleague3@dTA.org,,,usr0022@dTA.org,450000.0,
EML0003005,01/21/2026 12:30:38,USR0023,PC-USR0023-01,colleague8@dTA.org,,,usr0023@dTA.org,450000.0,
EML0003006,01/21/2026 13:26:25,USR0023,PC-USR0023-01,colleague2@dTA.org,,,usr0023@dTA.org,450000.0,
EML0003007,01/21/2026 14:51:37,USR0023,PC-USR0023-01,colleague1@dTA.org,,,usr0023@dTA.org,450000.0,
EML0003008,01/21/2026 11:49:16,USR0023,PC-USR0023-01,colleague5@dTA.org,,,usr0023@dTA.org,450000.0,
EML0003009,01/21/2026 13:07:41,USR0024,PC-USR0024-01,colleague5@dTA.org,,,usr0024@dTA.org,450000.0,
EML0003010,01/21/2026 16:03:06,USR0024,PC-USR0024-01,colleague1@dTA.org,,,usr0024@dTA.org,450000.0,
EML0003011,01/21/2026 09:47:07,USR0024,PC-USR0024-01,colleague7@dTA.org,,,usr0024@dTA.org,450000.0,
EML0003012,01/21/2026 12:58:22,USR0024,PC-USR0024-01,colleague2@dTA.org,,,usr0024@dTA.org,450000.0,
EML0003013,01/21/2026 13:51:58,USR0025,PC-USR0025-01,colleague9@dTA.org,,,usr0025@dTA.org,450000.0,memo.docx
EML0003014,01/21/2026 13:42:15,USR0025,PC-USR0025-01,colleague6@dTA.org,,,usr0025@dTA.org,450000.0,
EML0003015,01/21/2026 10:21:03,USR0025,PC-USR0025-01,colleague2@dTA.org,,,usr0025@dTA.org,450000.0,
EML0003016,01/21/2026 10:50:45,USR0025,PC-USR0025-01,colleague4@dTA.org,,,usr0025@dTA.org,450000.0,memo.docx
EML0003017,01/21/2026 16:40:38,USR0025,PC-USR0025-01,colleague3@dTA.org,,,usr0025@dTA.org,450000.0,
EML0003018,01/21/2026 14:05:11,USR0025,PC-USR0025-01,colleague6@dTA.org,,,usr0025@dTA.org,450000.0,memo.docx
EML0003019,01/21/2026 11:33:12,USR0025,PC-USR0025-01,colleague4@dTA.org,,,usr0025@dTA.org,450000.0,
EML0003020,01/21/2026 13:11:59,USR0025,PC-USR0025-01,colleague5@dTA.org,,,usr0025@dTA.org,450000.0,
EML0003021,01/21/2026 10:22:51,USR0025,PC-USR0025-01,colleague2@dTA.org,,,usr0025@dTA.org,450000.0,
EML0003022,01/21/2026 15:46:48,USR0025,PC-USR0025-01,colleague2@dTA.org,,,usr0025@dTA.org,450000.0,
EML0003023,01/21/2026 13:50:35,USR0025,PC-USR0025-01,colleague4@dTA.org,,,usr0025@dTA.org,450000.0,
EML0003024,01/21/2026 09:20:11,USR0025,PC-USR0025-01,colleague4@dTA.org,,,usr0025@dTA.org,450000.0,
EML0003025,01/22/2026 23:13:15,AAE0190,PC-AAE0190-01,colleague2@dTA.org,,,aae0190@dTA.org,450000.0,
EML0003026,01/22/2026 23:19:30,AAE0190,PC-AAE0190-01,colleague10@dTA.org,,,aae0190@dTA.org,450000.0,
EML0003027,01/22/2026 23:21:38,AAE0190,PC-AAE0190-01,alex_personal@gmail.com,,,aae0190@dTA.org,18500000.0,confidential_archive.zip;database_dump.sql
EML0003028,01/22/2026 23:38:16,AAE0190,PC-AAE0190-01,alex_personal@gmail.com,,,aae0190@dTA.org,18500000.0,confidential_archive.zip;database_dump.sql
EML0003029,01/22/2026 22:47:07,AAE0190,PC-AAE0190-01,colleague1@dTA.org,,,aae0190@dTA.org,450000.0,
EML0003030,01/22/2026 21:58:43,AAE0190,PC-AAE0190-01,alex_personal@gmail.com,,,aae0190@dTA.org,18500000.0,confidential_archive.zip;database_dump.sql
EML0003031,01/22/2026 21:07:11,AAE0190,PC-AAE0190-01,colleague1@dTA.org,,,aae0190@dTA.org,450000.0,
EML0003032,01/22/2026 22:16:46,AAE0190,PC-AAE0190-01,colleague2@dTA.org,,,aae0190@dTA.org,450000.0,
EML0003033,01/22/2026 23:09:05,AAE0190,PC-AAE0190-01,alex_personal@gmail.com,,,aae0190@dTA.org,18500000.0,confidential_archive.zip;database_dump.sql
EML0003034,01/22/2026 22:54:33,AAE0190,PC-AAE0190-01,colleague4@dTA.org,,,aae0190@dTA.org,450000.0,
EML0003035,01/22/2026 22:38:01,AAE0190,PC-AAE0190-01,colleague2@dTA.org,,,aae0190@dTA.org,450000.0,
EML0003036,01/22/2026 23:05:27,AAE0190,PC-AAE0190-01,alex_personal@gmail.com,,,aae0190@dTA.org,18500000.0,confidential_archive.zip;database_dump.sql
EML0003037,01/22/2026 21:26:00,AAE0190,PC-AAE0190-01,colleague8@dTA.org,,,aae0190@dTA.org,450000.0,
EML0003038,01/22/2026 21:58:44,AAE0190,PC-AAE0190-01,colleague9@dTA.org,,,aae0190@dTA.org,450000.0,memo.docx
EML0003039,01/22/2026 21:06:40,AAE0190,PC-AAE0190-01,alex_personal@gmail.com,,,aae0190@dTA.org,18500000.0,confidential_archive.zip;database_dump.sql
EML0003040,01/22/2026 23:42:50,AAE0190,PC-AAE0190-01,colleague1@dTA.org,,,aae0190@dTA.org,450000.0,
EML0003041,01/22/2026 22:40:49,AAE0190,PC-AAE0190-01,colleague5@dTA.org,,,aae0190@dTA.org,450000.0,memo.docx
EML0003042,01/22/2026 23:16:34,AAE0190,PC-AAE0190-01,alex_personal@gmail.com,,,aae0190@dTA.org,18500000.0,confidential_archive.zip;database_dump.sql
EML0003043,01/22/2026 22:30:41,AAE0190,PC-AAE0190-01,colleague3@dTA.org,,,aae0190@dTA.org,450000.0,
EML0003044,01/22/2026 21:20:56,AAE0190,PC-AAE0190-01,alex_personal@gmail.com,,,aae0190@dTA.org,18500000.0,confidential_archive.zip;database_dump.sql
EML0003045,01/22/2026 22:08:43,AAE0190,PC-AAE0190-01,alex_personal@gmail.com,,,aae0190@dTA.org,18500000.0,confidential_archive.zip;database_dump.sql
EML0003046,01/22/2026 11:20:27,USR0002,PC-USR0002-01,colleague10@dTA.org,,,usr0002@dTA.org,450000.0,memo.docx
EML0003047,01/22/2026 11:51:55,USR0002,PC-USR0002-01,colleague5@dTA.org,,,usr0002@dTA.org,450000.0,
EML0003048,01/22/2026 15:45:48,USR0002,PC-USR0002-01,colleague2@dTA.org,,,usr0002@dTA.org,450000.0,
EML0003049,01/22/2026 13:47:27,USR0002,PC-USR0002-01,colleague6@dTA.org,,,usr0002@dTA.org,450000.0,
EML0003050,01/22/2026 11:53:07,USR0002,PC-USR0002-01,colleague3@dTA.org,,,usr0002@dTA.org,450000.0,
EML0003051,01/22/2026 10:42:48,USR0002,PC-USR0002-01,colleague7@dTA.org,,,usr0002@dTA.org,450000.0,
EML0003052,01/22/2026 14:41:28,USR0002,PC-USR0002-01,colleague4@dTA.org,,,usr0002@dTA.org,450000.0,memo.docx
EML0003053,01/22/2026 11:51:31,USR0002,PC-USR0002-01,colleague9@dTA.org,,,usr0002@dTA.org,450000.0,
EML0003054,01/22/2026 10:42:24,USR0002,PC-USR0002-01,colleague4@dTA.org,,,usr0002@dTA.org,450000.0,memo.docx
EML0003055,01/22/2026 15:02:51,USR0003,PC-USR0003-01,colleague10@dTA.org,,,usr0003@dTA.org,450000.0,memo.docx
EML0003056,01/22/2026 10:03:33,USR0003,PC-USR0003-01,colleague5@dTA.org,,,usr0003@dTA.org,450000.0,
EML0003057,01/22/2026 16:35:49,USR0003,PC-USR0003-01,colleague10@dTA.org,,,usr0003@dTA.org,450000.0,memo.docx
EML0003058,01/22/2026 09:28:18,USR0003,PC-USR0003-01,colleague1@dTA.org,,,usr0003@dTA.org,450000.0,
EML0003059,01/22/2026 16:42:23,USR0003,PC-USR0003-01,colleague7@dTA.org,,,usr0003@dTA.org,450000.0,
EML0003060,01/22/2026 16:42:51,USR0003,PC-USR0003-01,colleague4@dTA.org,,,usr0003@dTA.org,450000.0,
EML0003061,01/22/2026 13:44:48,USR0003,PC-USR0003-01,colleague1@dTA.org,,,usr0003@dTA.org,450000.0,
EML0003062,01/22/2026 14:49:36,USR0003,PC-USR0003-01,colleague2@dTA.org,,,usr0003@dTA.org,450000.0,
EML0003063,01/22/2026 12:46:32,USR0003,PC-USR0003-01,colleague4@dTA.org,,,usr0003@dTA.org,450000.0,
EML0003064,01/22/2026 11:01:38,USR0004,PC-USR0004-01,colleague9@dTA.org,,,usr0004@dTA.org,450000.0,
EML0003065,01/22/2026 11:09:52,USR0004,PC-USR0004-01,colleague10@dTA.org,,,usr0004@dTA.org,450000.0,
EML0003066,01/22/2026 16:04:24,USR0004,PC-USR0004-01,colleague8@dTA.org,,,usr0004@dTA.org,450000.0,
EML0003067,01/22/2026 09:14:56,USR0004,PC-USR0004-01,colleague7@dTA.org,,,usr0004@dTA.org,450000.0,
EML0003068,01/22/2026 16:33:20,USR0004,PC-USR0004-01,colleague7@dTA.org,,,usr0004@dTA.org,450000.0,memo.docx
EML0003069,01/22/2026 14:59:05,USR0004,PC-USR0004-01,colleague10@dTA.org,,,usr0004@dTA.org,450000.0,
EML0003070,01/22/2026 11:09:22,USR0004,PC-USR0004-01,colleague10@dTA.org,,,usr0004@dTA.org,450000.0,
EML0003071,01/22/2026 12:43:25,USR0004,PC-USR0004-01,colleague4@dTA.org,,,usr0004@dTA.org,450000.0,memo.docx
EML0003072,01/22/2026 13:43:53,USR0005,PC-USR0005-01,colleague4@dTA.org,,,usr0005@dTA.org,450000.0,memo.docx
EML0003073,01/22/2026 09:51:36,USR0005,PC-USR0005-01,colleague10@dTA.org,,,usr0005@dTA.org,450000.0,
EML0003074,01/22/2026 12:53:50,USR0005,PC-USR0005-01,colleague4@dTA.org,,,usr0005@dTA.org,450000.0,
EML0003075,01/22/2026 15:25:06,USR0005,PC-USR0005-01,colleague3@dTA.org,,,usr0005@dTA.org,450000.0,
EML0003076,01/22/2026 13:45:00,USR0006,PC-USR0006-01,colleague7@dTA.org,,,usr0006@dTA.org,450000.0,
EML0003077,01/22/2026 11:19:46,USR0006,PC-USR0006-01,colleague10@dTA.org,,,usr0006@dTA.org,450000.0,
EML0003078,01/22/2026 11:49:51,USR0006,PC-USR0006-01,colleague2@dTA.org,,,usr0006@dTA.org,450000.0,
EML0003079,01/22/2026 13:23:02,USR0006,PC-USR0006-01,colleague2@dTA.org,,,usr0006@dTA.org,450000.0,
EML0003080,01/22/2026 11:08:31,USR0006,PC-USR0006-01,colleague1@dTA.org,,,usr0006@dTA.org,450000.0,memo.docx
EML0003081,01/22/2026 13:48:13,USR0006,PC-USR0006-01,colleague8@dTA.org,,,usr0006@dTA.org,450000.0,
EML0003082,01/22/2026 09:40:18,USR0006,PC-USR0006-01,colleague8@dTA.org,,,usr0006@dTA.org,450000.0,
EML0003083,01/22/2026 12:42:42,USR0006,PC-USR0006-01,colleague8@dTA.org,,,usr0006@dTA.org,450000.0,
EML0003084,01/22/2026 15:43:48,USR0006,PC-USR0006-01,colleague3@dTA.org,,,usr0006@dTA.org,450000.0,
EML0003085,01/22/2026 14:58:31,USR0006,PC-USR0006-01,colleague2@dTA.org,,,usr0006@dTA.org,450000.0,
EML0003086,01/22/2026 09:34:06,USR0007,PC-USR0007-01,colleague9@dTA.org,,,usr0007@dTA.org,450000.0,
EML0003087,01/22/2026 15:54:42,USR0007,PC-USR0007-01,colleague9@dTA.org,,,usr0007@dTA.org,450000.0,memo.docx
EML0003088,01/22/2026 09:33:06,USR0007,PC-USR0007-01,colleague6@dTA.org,,,usr0007@dTA.org,450000.0,
EML0003089,01/22/2026 14:31:12,USR0007,PC-USR0007-01,colleague3@dTA.org,,,usr0007@dTA.org,450000.0,
EML0003090,01/22/2026 14:16:49,USR0007,PC-USR0007-01,colleague9@dTA.org,,,usr0007@dTA.org,450000.0,
EML0003091,01/22/2026 10:55:34,USR0007,PC-USR0007-01,colleague1@dTA.org,,,usr0007@dTA.org,450000.0,
EML0003092,01/22/2026 12:53:29,USR0007,PC-USR0007-01,colleague7@dTA.org,,,usr0007@dTA.org,450000.0,
EML0003093,01/22/2026 16:49:25,USR0007,PC-USR0007-01,colleague8@dTA.org,,,usr0007@dTA.org,450000.0,
EML0003094,01/22/2026 15:23:04,USR0007,PC-USR0007-01,colleague9@dTA.org,,,usr0007@dTA.org,450000.0,
EML0003095,01/22/2026 10:41:49,USR0007,PC-USR0007-01,colleague10@dTA.org,,,usr0007@dTA.org,450000.0,memo.docx
EML0003096,01/22/2026 15:58:42,USR0007,PC-USR0007-01,colleague2@dTA.org,,,usr0007@dTA.org,450000.0,
EML0003097,01/22/2026 14:23:54,USR0008,PC-USR0008-01,colleague8@dTA.org,,,usr0008@dTA.org,450000.0,
EML0003098,01/22/2026 15:22:03,USR0008,PC-USR0008-01,colleague4@dTA.org,,,usr0008@dTA.org,450000.0,
EML0003099,01/22/2026 13:33:49,USR0008,PC-USR0008-01,colleague4@dTA.org,,,usr0008@dTA.org,450000.0,
EML0003100,01/22/2026 16:56:03,USR0008,PC-USR0008-01,colleague4@dTA.org,,,usr0008@dTA.org,450000.0,
EML0003101,01/22/2026 16:18:05,USR0008,PC-USR0008-01,colleague4@dTA.org,,,usr0008@dTA.org,450000.0,
EML0003102,01/22/2026 16:12:44,USR0008,PC-USR0008-01,colleague6@dTA.org,,,usr0008@dTA.org,450000.0,memo.docx
EML0003103,01/22/2026 15:07:14,USR0008,PC-USR0008-01,colleague1@dTA.org,,,usr0008@dTA.org,450000.0,
EML0003104,01/22/2026 16:19:29,USR0008,PC-USR0008-01,colleague4@dTA.org,,,usr0008@dTA.org,450000.0,
EML0003105,01/22/2026 11:57:18,USR0008,PC-USR0008-01,colleague1@dTA.org,,,usr0008@dTA.org,450000.0,
EML0003106,01/22/2026 12:06:22,USR0008,PC-USR0008-01,colleague5@dTA.org,,,usr0008@dTA.org,450000.0,
EML0003107,01/22/2026 14:40:14,USR0008,PC-USR0008-01,colleague7@dTA.org,,,usr0008@dTA.org,450000.0,
EML0003108,01/22/2026 16:23:21,USR0009,PC-USR0009-01,colleague9@dTA.org,,,usr0009@dTA.org,450000.0,
EML0003109,01/22/2026 11:22:46,USR0009,PC-USR0009-01,colleague10@dTA.org,,,usr0009@dTA.org,450000.0,
EML0003110,01/22/2026 11:13:41,USR0009,PC-USR0009-01,colleague8@dTA.org,,,usr0009@dTA.org,450000.0,
EML0003111,01/22/2026 10:17:36,USR0009,PC-USR0009-01,colleague1@dTA.org,,,usr0009@dTA.org,450000.0,memo.docx
EML0003112,01/22/2026 12:35:09,USR0009,PC-USR0009-01,colleague9@dTA.org,,,usr0009@dTA.org,450000.0,
EML0003113,01/22/2026 15:43:05,USR0009,PC-USR0009-01,colleague3@dTA.org,,,usr0009@dTA.org,450000.0,
EML0003114,01/22/2026 10:59:26,USR0009,PC-USR0009-01,colleague6@dTA.org,,,usr0009@dTA.org,450000.0,
EML0003115,01/22/2026 10:07:26,USR0009,PC-USR0009-01,colleague3@dTA.org,,,usr0009@dTA.org,450000.0,
EML0003116,01/22/2026 13:26:51,USR0010,PC-USR0010-01,colleague9@dTA.org,,,usr0010@dTA.org,450000.0,
EML0003117,01/22/2026 11:31:53,USR0010,PC-USR0010-01,colleague6@dTA.org,,,usr0010@dTA.org,450000.0,
EML0003118,01/22/2026 09:46:00,USR0010,PC-USR0010-01,colleague10@dTA.org,,,usr0010@dTA.org,450000.0,
EML0003119,01/22/2026 14:30:22,USR0010,PC-USR0010-01,colleague1@dTA.org,,,usr0010@dTA.org,450000.0,
EML0003120,01/22/2026 10:45:26,USR0010,PC-USR0010-01,colleague9@dTA.org,,,usr0010@dTA.org,450000.0,
EML0003121,01/22/2026 13:08:17,USR0010,PC-USR0010-01,colleague4@dTA.org,,,usr0010@dTA.org,450000.0,
EML0003122,01/22/2026 16:47:21,USR0010,PC-USR0010-01,colleague7@dTA.org,,,usr0010@dTA.org,450000.0,
EML0003123,01/22/2026 14:46:03,USR0010,PC-USR0010-01,colleague10@dTA.org,,,usr0010@dTA.org,450000.0,
EML0003124,01/22/2026 09:04:27,USR0010,PC-USR0010-01,colleague3@dTA.org,,,usr0010@dTA.org,450000.0,
EML0003125,01/22/2026 14:17:29,USR0011,PC-USR0011-01,colleague4@dTA.org,,,usr0011@dTA.org,450000.0,
EML0003126,01/22/2026 09:12:29,USR0011,PC-USR0011-01,colleague9@dTA.org,,,usr0011@dTA.org,450000.0,
EML0003127,01/22/2026 13:50:05,USR0011,PC-USR0011-01,colleague2@dTA.org,,,usr0011@dTA.org,450000.0,
EML0003128,01/22/2026 10:15:03,USR0011,PC-USR0011-01,colleague7@dTA.org,,,usr0011@dTA.org,450000.0,
EML0003129,01/22/2026 10:09:05,USR0011,PC-USR0011-01,colleague9@dTA.org,,,usr0011@dTA.org,450000.0,
EML0003130,01/22/2026 13:12:35,USR0011,PC-USR0011-01,colleague5@dTA.org,,,usr0011@dTA.org,450000.0,
EML0003131,01/22/2026 09:08:16,USR0011,PC-USR0011-01,colleague7@dTA.org,,,usr0011@dTA.org,450000.0,
EML0003132,01/22/2026 10:56:13,USR0011,PC-USR0011-01,colleague6@dTA.org,,,usr0011@dTA.org,450000.0,
EML0003133,01/22/2026 14:43:11,USR0011,PC-USR0011-01,colleague10@dTA.org,,,usr0011@dTA.org,450000.0,
EML0003134,01/22/2026 16:20:36,USR0011,PC-USR0011-01,colleague4@dTA.org,,,usr0011@dTA.org,450000.0,memo.docx
EML0003135,01/22/2026 12:45:25,USR0011,PC-USR0011-01,colleague4@dTA.org,,,usr0011@dTA.org,450000.0,
EML0003136,01/22/2026 09:46:48,USR0012,PC-USR0012-01,colleague8@dTA.org,,,usr0012@dTA.org,450000.0,
EML0003137,01/22/2026 13:04:22,USR0012,PC-USR0012-01,colleague4@dTA.org,,,usr0012@dTA.org,450000.0,
EML0003138,01/22/2026 13:18:23,USR0012,PC-USR0012-01,colleague1@dTA.org,,,usr0012@dTA.org,450000.0,
EML0003139,01/22/2026 10:17:21,USR0012,PC-USR0012-01,colleague7@dTA.org,,,usr0012@dTA.org,450000.0,memo.docx
EML0003140,01/22/2026 14:23:47,USR0013,PC-USR0013-01,colleague2@dTA.org,,,usr0013@dTA.org,450000.0,
EML0003141,01/22/2026 12:07:15,USR0013,PC-USR0013-01,colleague2@dTA.org,,,usr0013@dTA.org,450000.0,
EML0003142,01/22/2026 13:58:06,USR0013,PC-USR0013-01,colleague8@dTA.org,,,usr0013@dTA.org,450000.0,
EML0003143,01/22/2026 12:13:57,USR0013,PC-USR0013-01,colleague8@dTA.org,,,usr0013@dTA.org,450000.0,memo.docx
EML0003144,01/22/2026 15:26:46,USR0013,PC-USR0013-01,colleague2@dTA.org,,,usr0013@dTA.org,450000.0,
EML0003145,01/22/2026 14:19:00,USR0013,PC-USR0013-01,colleague3@dTA.org,,,usr0013@dTA.org,450000.0,
EML0003146,01/22/2026 12:49:43,USR0014,PC-USR0014-01,colleague1@dTA.org,,,usr0014@dTA.org,450000.0,
EML0003147,01/22/2026 09:52:56,USR0014,PC-USR0014-01,colleague6@dTA.org,,,usr0014@dTA.org,450000.0,memo.docx
EML0003148,01/22/2026 09:16:44,USR0014,PC-USR0014-01,colleague8@dTA.org,,,usr0014@dTA.org,450000.0,
EML0003149,01/22/2026 11:07:27,USR0014,PC-USR0014-01,colleague10@dTA.org,,,usr0014@dTA.org,450000.0,
EML0003150,01/22/2026 10:00:09,USR0014,PC-USR0014-01,colleague9@dTA.org,,,usr0014@dTA.org,450000.0,
EML0003151,01/22/2026 12:53:55,USR0014,PC-USR0014-01,colleague9@dTA.org,,,usr0014@dTA.org,450000.0,
EML0003152,01/22/2026 13:14:06,USR0014,PC-USR0014-01,colleague5@dTA.org,,,usr0014@dTA.org,450000.0,
EML0003153,01/22/2026 16:34:05,USR0015,PC-USR0015-01,colleague5@dTA.org,,,usr0015@dTA.org,450000.0,memo.docx
EML0003154,01/22/2026 14:31:11,USR0015,PC-USR0015-01,colleague4@dTA.org,,,usr0015@dTA.org,450000.0,
EML0003155,01/22/2026 16:09:21,USR0015,PC-USR0015-01,colleague9@dTA.org,,,usr0015@dTA.org,450000.0,
EML0003156,01/22/2026 16:59:03,USR0015,PC-USR0015-01,colleague8@dTA.org,,,usr0015@dTA.org,450000.0,memo.docx
EML0003157,01/22/2026 11:09:32,USR0016,PC-USR0016-01,colleague3@dTA.org,,,usr0016@dTA.org,450000.0,memo.docx
EML0003158,01/22/2026 15:43:40,USR0016,PC-USR0016-01,colleague9@dTA.org,,,usr0016@dTA.org,450000.0,
EML0003159,01/22/2026 11:35:13,USR0016,PC-USR0016-01,colleague2@dTA.org,,,usr0016@dTA.org,450000.0,
EML0003160,01/22/2026 13:09:44,USR0016,PC-USR0016-01,colleague10@dTA.org,,,usr0016@dTA.org,450000.0,memo.docx
EML0003161,01/22/2026 14:44:34,USR0016,PC-USR0016-01,colleague4@dTA.org,,,usr0016@dTA.org,450000.0,
EML0003162,01/22/2026 10:58:21,USR0016,PC-USR0016-01,colleague4@dTA.org,,,usr0016@dTA.org,450000.0,
EML0003163,01/22/2026 13:26:25,USR0016,PC-USR0016-01,colleague2@dTA.org,,,usr0016@dTA.org,450000.0,
EML0003164,01/22/2026 12:05:39,USR0016,PC-USR0016-01,colleague5@dTA.org,,,usr0016@dTA.org,450000.0,
EML0003165,01/22/2026 09:09:30,USR0017,PC-USR0017-01,colleague5@dTA.org,,,usr0017@dTA.org,450000.0,
EML0003166,01/22/2026 15:22:49,USR0017,PC-USR0017-01,colleague1@dTA.org,,,usr0017@dTA.org,450000.0,
EML0003167,01/22/2026 12:49:12,USR0017,PC-USR0017-01,colleague8@dTA.org,,,usr0017@dTA.org,450000.0,
EML0003168,01/22/2026 10:18:21,USR0017,PC-USR0017-01,colleague4@dTA.org,,,usr0017@dTA.org,450000.0,
EML0003169,01/22/2026 10:56:53,USR0017,PC-USR0017-01,colleague4@dTA.org,,,usr0017@dTA.org,450000.0,
EML0003170,01/22/2026 14:48:41,USR0018,PC-USR0018-01,colleague8@dTA.org,,,usr0018@dTA.org,450000.0,
EML0003171,01/22/2026 16:30:28,USR0018,PC-USR0018-01,colleague7@dTA.org,,,usr0018@dTA.org,450000.0,memo.docx
EML0003172,01/22/2026 13:37:43,USR0018,PC-USR0018-01,colleague10@dTA.org,,,usr0018@dTA.org,450000.0,
EML0003173,01/22/2026 15:48:20,USR0018,PC-USR0018-01,colleague2@dTA.org,,,usr0018@dTA.org,450000.0,
EML0003174,01/22/2026 10:29:00,USR0019,PC-USR0019-01,colleague3@dTA.org,,,usr0019@dTA.org,450000.0,
EML0003175,01/22/2026 10:41:43,USR0019,PC-USR0019-01,colleague7@dTA.org,,,usr0019@dTA.org,450000.0,
EML0003176,01/22/2026 13:28:12,USR0019,PC-USR0019-01,colleague5@dTA.org,,,usr0019@dTA.org,450000.0,
EML0003177,01/22/2026 14:45:10,USR0019,PC-USR0019-01,colleague9@dTA.org,,,usr0019@dTA.org,450000.0,
EML0003178,01/22/2026 12:52:59,USR0019,PC-USR0019-01,colleague4@dTA.org,,,usr0019@dTA.org,450000.0,
EML0003179,01/22/2026 15:37:54,USR0019,PC-USR0019-01,colleague4@dTA.org,,,usr0019@dTA.org,450000.0,
EML0003180,01/22/2026 13:43:06,USR0019,PC-USR0019-01,colleague9@dTA.org,,,usr0019@dTA.org,450000.0,
EML0003181,01/22/2026 09:26:26,USR0019,PC-USR0019-01,colleague4@dTA.org,,,usr0019@dTA.org,450000.0,
EML0003182,01/22/2026 13:55:51,USR0020,PC-USR0020-01,colleague10@dTA.org,,,usr0020@dTA.org,450000.0,memo.docx
EML0003183,01/22/2026 15:04:21,USR0020,PC-USR0020-01,colleague10@dTA.org,,,usr0020@dTA.org,450000.0,
EML0003184,01/22/2026 10:28:04,USR0020,PC-USR0020-01,colleague8@dTA.org,,,usr0020@dTA.org,450000.0,
EML0003185,01/22/2026 10:43:53,USR0020,PC-USR0020-01,colleague9@dTA.org,,,usr0020@dTA.org,450000.0,memo.docx
EML0003186,01/22/2026 14:39:52,USR0021,PC-USR0021-01,colleague3@dTA.org,,,usr0021@dTA.org,450000.0,
EML0003187,01/22/2026 14:01:55,USR0021,PC-USR0021-01,colleague3@dTA.org,,,usr0021@dTA.org,450000.0,memo.docx
EML0003188,01/22/2026 10:46:51,USR0021,PC-USR0021-01,colleague7@dTA.org,,,usr0021@dTA.org,450000.0,
EML0003189,01/22/2026 09:53:24,USR0021,PC-USR0021-01,colleague10@dTA.org,,,usr0021@dTA.org,450000.0,
EML0003190,01/22/2026 16:05:21,USR0021,PC-USR0021-01,colleague10@dTA.org,,,usr0021@dTA.org,450000.0,
EML0003191,01/22/2026 10:10:35,USR0021,PC-USR0021-01,colleague10@dTA.org,,,usr0021@dTA.org,450000.0,
EML0003192,01/22/2026 12:56:52,USR0022,PC-USR0022-01,colleague3@dTA.org,,,usr0022@dTA.org,450000.0,
EML0003193,01/22/2026 12:44:59,USR0022,PC-USR0022-01,colleague9@dTA.org,,,usr0022@dTA.org,450000.0,
EML0003194,01/22/2026 16:51:03,USR0022,PC-USR0022-01,colleague3@dTA.org,,,usr0022@dTA.org,450000.0,
EML0003195,01/22/2026 15:20:36,USR0022,PC-USR0022-01,colleague10@dTA.org,,,usr0022@dTA.org,450000.0,
EML0003196,01/22/2026 14:48:36,USR0022,PC-USR0022-01,colleague6@dTA.org,,,usr0022@dTA.org,450000.0,
EML0003197,01/22/2026 10:36:08,USR0022,PC-USR0022-01,colleague5@dTA.org,,,usr0022@dTA.org,450000.0,
EML0003198,01/22/2026 13:23:56,USR0022,PC-USR0022-01,colleague6@dTA.org,,,usr0022@dTA.org,450000.0,
EML0003199,01/22/2026 10:55:50,USR0022,PC-USR0022-01,colleague4@dTA.org,,,usr0022@dTA.org,450000.0,memo.docx
EML0003200,01/22/2026 14:46:18,USR0022,PC-USR0022-01,colleague2@dTA.org,,,usr0022@dTA.org,450000.0,
EML0003201,01/22/2026 13:41:06,USR0022,PC-USR0022-01,colleague7@dTA.org,,,usr0022@dTA.org,450000.0,memo.docx
EML0003202,01/22/2026 15:10:03,USR0022,PC-USR0022-01,colleague2@dTA.org,,,usr0022@dTA.org,450000.0,memo.docx
EML0003203,01/22/2026 11:05:30,USR0023,PC-USR0023-01,colleague7@dTA.org,,,usr0023@dTA.org,450000.0,memo.docx
EML0003204,01/22/2026 14:33:34,USR0023,PC-USR0023-01,colleague10@dTA.org,,,usr0023@dTA.org,450000.0,
EML0003205,01/22/2026 11:02:04,USR0023,PC-USR0023-01,colleague2@dTA.org,,,usr0023@dTA.org,450000.0,
EML0003206,01/22/2026 15:02:59,USR0023,PC-USR0023-01,colleague9@dTA.org,,,usr0023@dTA.org,450000.0,memo.docx
EML0003207,01/22/2026 12:36:20,USR0023,PC-USR0023-01,colleague6@dTA.org,,,usr0023@dTA.org,450000.0,
EML0003208,01/22/2026 15:09:41,USR0024,PC-USR0024-01,colleague5@dTA.org,,,usr0024@dTA.org,450000.0,
EML0003209,01/22/2026 09:43:49,USR0024,PC-USR0024-01,colleague10@dTA.org,,,usr0024@dTA.org,450000.0,
EML0003210,01/22/2026 16:20:41,USR0024,PC-USR0024-01,colleague4@dTA.org,,,usr0024@dTA.org,450000.0,
EML0003211,01/22/2026 13:49:11,USR0024,PC-USR0024-01,colleague7@dTA.org,,,usr0024@dTA.org,450000.0,
EML0003212,01/22/2026 16:27:15,USR0025,PC-USR0025-01,colleague4@dTA.org,,,usr0025@dTA.org,450000.0,
EML0003213,01/22/2026 11:08:22,USR0025,PC-USR0025-01,colleague1@dTA.org,,,usr0025@dTA.org,450000.0,
EML0003214,01/22/2026 15:35:42,USR0025,PC-USR0025-01,colleague8@dTA.org,,,usr0025@dTA.org,450000.0,memo.docx
EML0003215,01/22/2026 16:39:31,USR0025,PC-USR0025-01,colleague9@dTA.org,,,usr0025@dTA.org,450000.0,
EML0003216,01/22/2026 12:18:56,USR0025,PC-USR0025-01,colleague5@dTA.org,,,usr0025@dTA.org,450000.0,
EML0003217,01/22/2026 14:28:09,USR0025,PC-USR0025-01,colleague10@dTA.org,,,usr0025@dTA.org,450000.0,
EML0003218,01/22/2026 12:40:00,USR0025,PC-USR0025-01,colleague7@dTA.org,,,usr0025@dTA.org,450000.0,
EML0003219,01/22/2026 15:38:48,USR0025,PC-USR0025-01,colleague3@dTA.org,,,usr0025@dTA.org,450000.0,memo.docx
EML0003220,01/22/2026 11:40:22,USR0025,PC-USR0025-01,colleague7@dTA.org,,,usr0025@dTA.org,450000.0,
EML0003221,01/22/2026 14:01:12,USR0025,PC-USR0025-01,colleague5@dTA.org,,,usr0025@dTA.org,450000.0,
EML0003222,01/23/2026 22:27:42,AAE0190,PC-AAE0190-01,colleague6@dTA.org,,,aae0190@dTA.org,450000.0,
EML0003223,01/23/2026 23:06:21,AAE0190,PC-AAE0190-01,alex_personal@gmail.com,,,aae0190@dTA.org,18500000.0,confidential_archive.zip;database_dump.sql
EML0003224,01/23/2026 23:46:27,AAE0190,PC-AAE0190-01,alex_personal@gmail.com,,,aae0190@dTA.org,18500000.0,confidential_archive.zip;database_dump.sql
EML0003225,01/23/2026 21:51:19,AAE0190,PC-AAE0190-01,colleague4@dTA.org,,,aae0190@dTA.org,450000.0,
EML0003226,01/23/2026 23:35:23,AAE0190,PC-AAE0190-01,alex_personal@gmail.com,,,aae0190@dTA.org,18500000.0,confidential_archive.zip;database_dump.sql
EML0003227,01/23/2026 21:02:43,AAE0190,PC-AAE0190-01,alex_personal@gmail.com,,,aae0190@dTA.org,18500000.0,confidential_archive.zip;database_dump.sql
EML0003228,01/23/2026 22:38:50,AAE0190,PC-AAE0190-01,alex_personal@gmail.com,,,aae0190@dTA.org,18500000.0,confidential_archive.zip;database_dump.sql
EML0003229,01/23/2026 23:46:49,AAE0190,PC-AAE0190-01,alex_personal@gmail.com,,,aae0190@dTA.org,18500000.0,confidential_archive.zip;database_dump.sql
EML0003230,01/23/2026 21:31:18,AAE0190,PC-AAE0190-01,colleague7@dTA.org,,,aae0190@dTA.org,450000.0,memo.docx
EML0003231,01/23/2026 23:28:25,AAE0190,PC-AAE0190-01,colleague4@dTA.org,,,aae0190@dTA.org,450000.0,
EML0003232,01/23/2026 21:22:02,AAE0190,PC-AAE0190-01,alex_personal@gmail.com,,,aae0190@dTA.org,18500000.0,confidential_archive.zip;database_dump.sql
EML0003233,01/23/2026 23:34:25,AAE0190,PC-AAE0190-01,colleague2@dTA.org,,,aae0190@dTA.org,450000.0,
EML0003234,01/23/2026 21:03:43,AAE0190,PC-AAE0190-01,colleague2@dTA.org,,,aae0190@dTA.org,450000.0,
EML0003235,01/23/2026 22:35:13,AAE0190,PC-AAE0190-01,alex_personal@gmail.com,,,aae0190@dTA.org,18500000.0,confidential_archive.zip;database_dump.sql
EML0003236,01/23/2026 21:34:45,AAE0190,PC-AAE0190-01,colleague9@dTA.org,,,aae0190@dTA.org,450000.0,memo.docx
EML0003237,01/23/2026 23:32:08,AAE0190,PC-AAE0190-01,colleague4@dTA.org,,,aae0190@dTA.org,450000.0,
EML0003238,01/23/2026 22:12:39,AAE0190,PC-AAE0190-01,alex_personal@gmail.com,,,aae0190@dTA.org,18500000.0,confidential_archive.zip;database_dump.sql
EML0003239,01/23/2026 22:20:55,AAE0190,PC-AAE0190-01,colleague9@dTA.org,,,aae0190@dTA.org,450000.0,
EML0003240,01/23/2026 22:14:28,AAE0190,PC-AAE0190-01,alex_personal@gmail.com,,,aae0190@dTA.org,18500000.0,confidential_archive.zip;database_dump.sql
EML0003241,01/23/2026 22:56:37,AAE0190,PC-AAE0190-01,alex_personal@gmail.com,,,aae0190@dTA.org,18500000.0,confidential_archive.zip;database_dump.sql
EML0003242,01/23/2026 23:44:06,AAE0190,PC-AAE0190-01,colleague1@dTA.org,,,aae0190@dTA.org,450000.0,
EML0003243,01/23/2026 21:50:46,AAE0190,PC-AAE0190-01,alex_personal@gmail.com,,,aae0190@dTA.org,18500000.0,confidential_archive.zip;database_dump.sql
EML0003244,01/23/2026 23:32:17,AAE0190,PC-AAE0190-01,colleague9@dTA.org,,,aae0190@dTA.org,450000.0,
EML0003245,01/23/2026 22:29:50,AAE0190,PC-AAE0190-01,colleague7@dTA.org,,,aae0190@dTA.org,450000.0,memo.docx
EML0003246,01/23/2026 23:25:36,AAE0190,PC-AAE0190-01,alex_personal@gmail.com,,,aae0190@dTA.org,18500000.0,confidential_archive.zip;database_dump.sql
EML0003247,01/23/2026 23:56:21,AAE0190,PC-AAE0190-01,colleague9@dTA.org,,,aae0190@dTA.org,450000.0,
EML0003248,01/23/2026 21:50:34,AAE0190,PC-AAE0190-01,colleague2@dTA.org,,,aae0190@dTA.org,450000.0,
EML0003249,01/23/2026 22:48:18,AAE0190,PC-AAE0190-01,colleague4@dTA.org,,,aae0190@dTA.org,450000.0,
EML0003250,01/23/2026 23:12:11,AAE0190,PC-AAE0190-01,colleague6@dTA.org,,,aae0190@dTA.org,450000.0,
EML0003251,01/23/2026 23:52:53,AAE0190,PC-AAE0190-01,colleague8@dTA.org,,,aae0190@dTA.org,450000.0,
EML0003252,01/23/2026 22:02:31,AAE0190,PC-AAE0190-01,colleague10@dTA.org,,,aae0190@dTA.org,450000.0,
EML0003253,01/23/2026 23:49:45,AAE0190,PC-AAE0190-01,colleague4@dTA.org,,,aae0190@dTA.org,450000.0,
EML0003254,01/23/2026 22:49:51,AAE0190,PC-AAE0190-01,alex_personal@gmail.com,,,aae0190@dTA.org,18500000.0,confidential_archive.zip;database_dump.sql
EML0003255,01/23/2026 22:43:18,AAE0190,PC-AAE0190-01,alex_personal@gmail.com,,,aae0190@dTA.org,18500000.0,confidential_archive.zip;database_dump.sql
EML0003256,01/23/2026 21:15:49,AAE0190,PC-AAE0190-01,alex_personal@gmail.com,,,aae0190@dTA.org,18500000.0,confidential_archive.zip;database_dump.sql
EML0003257,01/23/2026 22:55:34,AAE0190,PC-AAE0190-01,colleague3@dTA.org,,,aae0190@dTA.org,450000.0,
EML0003258,01/23/2026 21:05:01,AAE0190,PC-AAE0190-01,colleague6@dTA.org,,,aae0190@dTA.org,450000.0,
EML0003259,01/23/2026 21:17:30,AAE0190,PC-AAE0190-01,alex_personal@gmail.com,,,aae0190@dTA.org,18500000.0,confidential_archive.zip;database_dump.sql
EML0003260,01/23/2026 22:07:33,AAE0190,PC-AAE0190-01,colleague2@dTA.org,,,aae0190@dTA.org,450000.0,
EML0003261,01/23/2026 23:11:58,AAE0190,PC-AAE0190-01,colleague9@dTA.org,,,aae0190@dTA.org,450000.0,
EML0003262,01/23/2026 21:58:26,AAE0190,PC-AAE0190-01,alex_personal@gmail.com,,,aae0190@dTA.org,18500000.0,confidential_archive.zip;database_dump.sql
EML0003263,01/23/2026 23:38:13,AAE0190,PC-AAE0190-01,colleague6@dTA.org,,,aae0190@dTA.org,450000.0,
EML0003264,01/23/2026 10:39:15,USR0002,PC-USR0002-01,colleague5@dTA.org,,,usr0002@dTA.org,450000.0,
EML0003265,01/23/2026 16:58:33,USR0002,PC-USR0002-01,colleague5@dTA.org,,,usr0002@dTA.org,450000.0,
EML0003266,01/23/2026 16:35:02,USR0002,PC-USR0002-01,colleague9@dTA.org,,,usr0002@dTA.org,450000.0,
EML0003267,01/23/2026 15:10:13,USR0002,PC-USR0002-01,colleague9@dTA.org,,,usr0002@dTA.org,450000.0,
EML0003268,01/23/2026 16:35:20,USR0002,PC-USR0002-01,colleague1@dTA.org,,,usr0002@dTA.org,450000.0,
EML0003269,01/23/2026 16:32:03,USR0002,PC-USR0002-01,colleague8@dTA.org,,,usr0002@dTA.org,450000.0,
EML0003270,01/23/2026 09:36:26,USR0002,PC-USR0002-01,colleague3@dTA.org,,,usr0002@dTA.org,450000.0,
EML0003271,01/23/2026 12:36:30,USR0002,PC-USR0002-01,colleague9@dTA.org,,,usr0002@dTA.org,450000.0,
EML0003272,01/23/2026 16:02:26,USR0003,PC-USR0003-01,colleague2@dTA.org,,,usr0003@dTA.org,450000.0,memo.docx
EML0003273,01/23/2026 16:00:11,USR0003,PC-USR0003-01,colleague8@dTA.org,,,usr0003@dTA.org,450000.0,
EML0003274,01/23/2026 10:46:17,USR0003,PC-USR0003-01,colleague7@dTA.org,,,usr0003@dTA.org,450000.0,
EML0003275,01/23/2026 14:19:55,USR0003,PC-USR0003-01,colleague10@dTA.org,,,usr0003@dTA.org,450000.0,
EML0003276,01/23/2026 14:05:14,USR0004,PC-USR0004-01,colleague5@dTA.org,,,usr0004@dTA.org,450000.0,memo.docx
EML0003277,01/23/2026 09:31:52,USR0004,PC-USR0004-01,colleague4@dTA.org,,,usr0004@dTA.org,450000.0,memo.docx
EML0003278,01/23/2026 15:05:46,USR0004,PC-USR0004-01,colleague2@dTA.org,,,usr0004@dTA.org,450000.0,memo.docx
EML0003279,01/23/2026 14:25:42,USR0004,PC-USR0004-01,colleague6@dTA.org,,,usr0004@dTA.org,450000.0,
EML0003280,01/23/2026 14:19:31,USR0004,PC-USR0004-01,colleague2@dTA.org,,,usr0004@dTA.org,450000.0,
EML0003281,01/23/2026 16:14:39,USR0004,PC-USR0004-01,colleague6@dTA.org,,,usr0004@dTA.org,450000.0,memo.docx
EML0003282,01/23/2026 15:32:00,USR0004,PC-USR0004-01,colleague6@dTA.org,,,usr0004@dTA.org,450000.0,memo.docx
EML0003283,01/23/2026 09:45:05,USR0005,PC-USR0005-01,colleague9@dTA.org,,,usr0005@dTA.org,450000.0,
EML0003284,01/23/2026 13:38:44,USR0005,PC-USR0005-01,colleague6@dTA.org,,,usr0005@dTA.org,450000.0,memo.docx
EML0003285,01/23/2026 16:35:26,USR0005,PC-USR0005-01,colleague1@dTA.org,,,usr0005@dTA.org,450000.0,memo.docx
EML0003286,01/23/2026 13:56:32,USR0005,PC-USR0005-01,colleague10@dTA.org,,,usr0005@dTA.org,450000.0,
EML0003287,01/23/2026 10:18:50,USR0005,PC-USR0005-01,colleague9@dTA.org,,,usr0005@dTA.org,450000.0,
EML0003288,01/23/2026 13:22:18,USR0005,PC-USR0005-01,colleague1@dTA.org,,,usr0005@dTA.org,450000.0,memo.docx
EML0003289,01/23/2026 13:01:28,USR0005,PC-USR0005-01,colleague10@dTA.org,,,usr0005@dTA.org,450000.0,
EML0003290,01/23/2026 16:07:09,USR0006,PC-USR0006-01,colleague7@dTA.org,,,usr0006@dTA.org,450000.0,
EML0003291,01/23/2026 16:49:34,USR0006,PC-USR0006-01,colleague9@dTA.org,,,usr0006@dTA.org,450000.0,memo.docx
EML0003292,01/23/2026 15:59:23,USR0006,PC-USR0006-01,colleague3@dTA.org,,,usr0006@dTA.org,450000.0,
EML0003293,01/23/2026 12:23:33,USR0006,PC-USR0006-01,colleague4@dTA.org,,,usr0006@dTA.org,450000.0,
EML0003294,01/23/2026 11:29:45,USR0006,PC-USR0006-01,colleague5@dTA.org,,,usr0006@dTA.org,450000.0,
EML0003295,01/23/2026 16:49:30,USR0006,PC-USR0006-01,colleague2@dTA.org,,,usr0006@dTA.org,450000.0,
EML0003296,01/23/2026 11:09:32,USR0006,PC-USR0006-01,colleague2@dTA.org,,,usr0006@dTA.org,450000.0,
EML0003297,01/23/2026 15:19:44,USR0007,PC-USR0007-01,colleague3@dTA.org,,,usr0007@dTA.org,450000.0,
EML0003298,01/23/2026 15:03:38,USR0007,PC-USR0007-01,colleague2@dTA.org,,,usr0007@dTA.org,450000.0,
EML0003299,01/23/2026 13:41:20,USR0007,PC-USR0007-01,colleague9@dTA.org,,,usr0007@dTA.org,450000.0,
EML0003300,01/23/2026 13:38:57,USR0007,PC-USR0007-01,colleague6@dTA.org,,,usr0007@dTA.org,450000.0,
EML0003301,01/23/2026 13:28:25,USR0007,PC-USR0007-01,colleague2@dTA.org,,,usr0007@dTA.org,450000.0,
EML0003302,01/23/2026 09:58:18,USR0007,PC-USR0007-01,colleague2@dTA.org,,,usr0007@dTA.org,450000.0,
EML0003303,01/23/2026 09:09:14,USR0008,PC-USR0008-01,colleague7@dTA.org,,,usr0008@dTA.org,450000.0,
EML0003304,01/23/2026 10:52:24,USR0008,PC-USR0008-01,colleague7@dTA.org,,,usr0008@dTA.org,450000.0,
EML0003305,01/23/2026 14:07:54,USR0008,PC-USR0008-01,colleague1@dTA.org,,,usr0008@dTA.org,450000.0,
EML0003306,01/23/2026 10:08:44,USR0008,PC-USR0008-01,colleague6@dTA.org,,,usr0008@dTA.org,450000.0,
EML0003307,01/23/2026 14:19:42,USR0008,PC-USR0008-01,colleague4@dTA.org,,,usr0008@dTA.org,450000.0,
EML0003308,01/23/2026 16:59:45,USR0008,PC-USR0008-01,colleague8@dTA.org,,,usr0008@dTA.org,450000.0,
EML0003309,01/23/2026 14:18:41,USR0008,PC-USR0008-01,colleague8@dTA.org,,,usr0008@dTA.org,450000.0,memo.docx
EML0003310,01/23/2026 13:15:50,USR0008,PC-USR0008-01,colleague1@dTA.org,,,usr0008@dTA.org,450000.0,
EML0003311,01/23/2026 11:54:37,USR0009,PC-USR0009-01,colleague10@dTA.org,,,usr0009@dTA.org,450000.0,
EML0003312,01/23/2026 11:14:11,USR0009,PC-USR0009-01,colleague1@dTA.org,,,usr0009@dTA.org,450000.0,
EML0003313,01/23/2026 13:36:32,USR0009,PC-USR0009-01,colleague3@dTA.org,,,usr0009@dTA.org,450000.0,
EML0003314,01/23/2026 12:33:58,USR0009,PC-USR0009-01,colleague6@dTA.org,,,usr0009@dTA.org,450000.0,
EML0003315,01/23/2026 12:32:06,USR0009,PC-USR0009-01,colleague10@dTA.org,,,usr0009@dTA.org,450000.0,memo.docx
EML0003316,01/23/2026 16:26:31,USR0009,PC-USR0009-01,colleague6@dTA.org,,,usr0009@dTA.org,450000.0,memo.docx
EML0003317,01/23/2026 13:24:28,USR0009,PC-USR0009-01,colleague6@dTA.org,,,usr0009@dTA.org,450000.0,
EML0003318,01/23/2026 15:28:48,USR0010,PC-USR0010-01,colleague5@dTA.org,,,usr0010@dTA.org,450000.0,
EML0003319,01/23/2026 13:51:55,USR0010,PC-USR0010-01,colleague7@dTA.org,,,usr0010@dTA.org,450000.0,
EML0003320,01/23/2026 14:08:41,USR0010,PC-USR0010-01,colleague9@dTA.org,,,usr0010@dTA.org,450000.0,
EML0003321,01/23/2026 15:18:59,USR0010,PC-USR0010-01,colleague4@dTA.org,,,usr0010@dTA.org,450000.0,
EML0003322,01/23/2026 11:27:19,USR0010,PC-USR0010-01,colleague5@dTA.org,,,usr0010@dTA.org,450000.0,
EML0003323,01/23/2026 16:31:30,USR0010,PC-USR0010-01,colleague7@dTA.org,,,usr0010@dTA.org,450000.0,memo.docx
EML0003324,01/23/2026 14:26:58,USR0010,PC-USR0010-01,colleague5@dTA.org,,,usr0010@dTA.org,450000.0,memo.docx
EML0003325,01/23/2026 10:46:52,USR0011,PC-USR0011-01,colleague1@dTA.org,,,usr0011@dTA.org,450000.0,
EML0003326,01/23/2026 11:14:19,USR0011,PC-USR0011-01,colleague3@dTA.org,,,usr0011@dTA.org,450000.0,
EML0003327,01/23/2026 13:32:07,USR0011,PC-USR0011-01,colleague1@dTA.org,,,usr0011@dTA.org,450000.0,
EML0003328,01/23/2026 11:21:36,USR0011,PC-USR0011-01,colleague7@dTA.org,,,usr0011@dTA.org,450000.0,
EML0003329,01/23/2026 11:59:08,USR0011,PC-USR0011-01,colleague10@dTA.org,,,usr0011@dTA.org,450000.0,memo.docx
EML0003330,01/23/2026 13:16:49,USR0011,PC-USR0011-01,colleague6@dTA.org,,,usr0011@dTA.org,450000.0,memo.docx
EML0003331,01/23/2026 10:39:19,USR0011,PC-USR0011-01,colleague10@dTA.org,,,usr0011@dTA.org,450000.0,memo.docx
EML0003332,01/23/2026 16:22:07,USR0012,PC-USR0012-01,colleague6@dTA.org,,,usr0012@dTA.org,450000.0,
EML0003333,01/23/2026 10:23:01,USR0012,PC-USR0012-01,colleague10@dTA.org,,,usr0012@dTA.org,450000.0,
EML0003334,01/23/2026 14:49:30,USR0012,PC-USR0012-01,colleague7@dTA.org,,,usr0012@dTA.org,450000.0,memo.docx
EML0003335,01/23/2026 12:08:05,USR0012,PC-USR0012-01,colleague1@dTA.org,,,usr0012@dTA.org,450000.0,
EML0003336,01/23/2026 13:42:31,USR0012,PC-USR0012-01,colleague2@dTA.org,,,usr0012@dTA.org,450000.0,
EML0003337,01/23/2026 11:32:49,USR0012,PC-USR0012-01,colleague3@dTA.org,,,usr0012@dTA.org,450000.0,memo.docx
EML0003338,01/23/2026 14:25:29,USR0012,PC-USR0012-01,colleague4@dTA.org,,,usr0012@dTA.org,450000.0,memo.docx
EML0003339,01/23/2026 13:01:49,USR0012,PC-USR0012-01,colleague10@dTA.org,,,usr0012@dTA.org,450000.0,
EML0003340,01/23/2026 16:45:44,USR0012,PC-USR0012-01,colleague3@dTA.org,,,usr0012@dTA.org,450000.0,memo.docx
EML0003341,01/23/2026 10:42:56,USR0012,PC-USR0012-01,colleague1@dTA.org,,,usr0012@dTA.org,450000.0,
EML0003342,01/23/2026 11:57:56,USR0013,PC-USR0013-01,colleague2@dTA.org,,,usr0013@dTA.org,450000.0,
EML0003343,01/23/2026 16:42:59,USR0013,PC-USR0013-01,colleague8@dTA.org,,,usr0013@dTA.org,450000.0,
EML0003344,01/23/2026 16:45:47,USR0013,PC-USR0013-01,colleague7@dTA.org,,,usr0013@dTA.org,450000.0,memo.docx
EML0003345,01/23/2026 10:46:25,USR0013,PC-USR0013-01,colleague2@dTA.org,,,usr0013@dTA.org,450000.0,
EML0003346,01/23/2026 10:56:16,USR0013,PC-USR0013-01,colleague9@dTA.org,,,usr0013@dTA.org,450000.0,
EML0003347,01/23/2026 12:04:24,USR0013,PC-USR0013-01,colleague7@dTA.org,,,usr0013@dTA.org,450000.0,
EML0003348,01/23/2026 12:30:49,USR0013,PC-USR0013-01,colleague4@dTA.org,,,usr0013@dTA.org,450000.0,memo.docx
EML0003349,01/23/2026 14:08:41,USR0013,PC-USR0013-01,colleague3@dTA.org,,,usr0013@dTA.org,450000.0,
EML0003350,01/23/2026 12:21:09,USR0013,PC-USR0013-01,colleague1@dTA.org,,,usr0013@dTA.org,450000.0,
EML0003351,01/23/2026 11:58:56,USR0013,PC-USR0013-01,colleague7@dTA.org,,,usr0013@dTA.org,450000.0,memo.docx
EML0003352,01/23/2026 13:58:06,USR0013,PC-USR0013-01,colleague2@dTA.org,,,usr0013@dTA.org,450000.0,memo.docx
EML0003353,01/23/2026 14:58:16,USR0014,PC-USR0014-01,colleague7@dTA.org,,,usr0014@dTA.org,450000.0,
EML0003354,01/23/2026 12:50:27,USR0014,PC-USR0014-01,colleague2@dTA.org,,,usr0014@dTA.org,450000.0,
EML0003355,01/23/2026 09:09:20,USR0014,PC-USR0014-01,colleague9@dTA.org,,,usr0014@dTA.org,450000.0,memo.docx
EML0003356,01/23/2026 16:10:45,USR0014,PC-USR0014-01,colleague2@dTA.org,,,usr0014@dTA.org,450000.0,
EML0003357,01/23/2026 11:35:26,USR0014,PC-USR0014-01,colleague4@dTA.org,,,usr0014@dTA.org,450000.0,memo.docx
EML0003358,01/23/2026 12:17:27,USR0015,PC-USR0015-01,colleague2@dTA.org,,,usr0015@dTA.org,450000.0,
EML0003359,01/23/2026 12:43:03,USR0015,PC-USR0015-01,colleague3@dTA.org,,,usr0015@dTA.org,450000.0,
EML0003360,01/23/2026 13:22:31,USR0015,PC-USR0015-01,colleague8@dTA.org,,,usr0015@dTA.org,450000.0,
EML0003361,01/23/2026 16:28:18,USR0015,PC-USR0015-01,colleague3@dTA.org,,,usr0015@dTA.org,450000.0,
EML0003362,01/23/2026 14:02:25,USR0015,PC-USR0015-01,colleague10@dTA.org,,,usr0015@dTA.org,450000.0,
EML0003363,01/23/2026 16:59:04,USR0015,PC-USR0015-01,colleague10@dTA.org,,,usr0015@dTA.org,450000.0,
EML0003364,01/23/2026 11:15:28,USR0015,PC-USR0015-01,colleague4@dTA.org,,,usr0015@dTA.org,450000.0,memo.docx
EML0003365,01/23/2026 16:07:54,USR0015,PC-USR0015-01,colleague2@dTA.org,,,usr0015@dTA.org,450000.0,
EML0003366,01/23/2026 09:52:44,USR0015,PC-USR0015-01,colleague6@dTA.org,,,usr0015@dTA.org,450000.0,
EML0003367,01/23/2026 12:05:46,USR0015,PC-USR0015-01,colleague3@dTA.org,,,usr0015@dTA.org,450000.0,memo.docx
EML0003368,01/23/2026 15:40:29,USR0016,PC-USR0016-01,colleague1@dTA.org,,,usr0016@dTA.org,450000.0,
EML0003369,01/23/2026 13:59:24,USR0016,PC-USR0016-01,colleague10@dTA.org,,,usr0016@dTA.org,450000.0,
EML0003370,01/23/2026 13:49:56,USR0016,PC-USR0016-01,colleague5@dTA.org,,,usr0016@dTA.org,450000.0,
EML0003371,01/23/2026 13:37:58,USR0016,PC-USR0016-01,colleague8@dTA.org,,,usr0016@dTA.org,450000.0,memo.docx
EML0003372,01/23/2026 16:49:05,USR0016,PC-USR0016-01,colleague1@dTA.org,,,usr0016@dTA.org,450000.0,
EML0003373,01/23/2026 09:52:55,USR0016,PC-USR0016-01,colleague6@dTA.org,,,usr0016@dTA.org,450000.0,
EML0003374,01/23/2026 12:13:19,USR0016,PC-USR0016-01,colleague4@dTA.org,,,usr0016@dTA.org,450000.0,
EML0003375,01/23/2026 15:19:42,USR0017,PC-USR0017-01,colleague4@dTA.org,,,usr0017@dTA.org,450000.0,memo.docx
EML0003376,01/23/2026 12:00:45,USR0017,PC-USR0017-01,colleague7@dTA.org,,,usr0017@dTA.org,450000.0,memo.docx
EML0003377,01/23/2026 09:30:21,USR0017,PC-USR0017-01,colleague4@dTA.org,,,usr0017@dTA.org,450000.0,
EML0003378,01/23/2026 15:46:15,USR0017,PC-USR0017-01,colleague6@dTA.org,,,usr0017@dTA.org,450000.0,
EML0003379,01/23/2026 10:38:03,USR0017,PC-USR0017-01,colleague10@dTA.org,,,usr0017@dTA.org,450000.0,
EML0003380,01/23/2026 14:48:44,USR0017,PC-USR0017-01,colleague4@dTA.org,,,usr0017@dTA.org,450000.0,
EML0003381,01/23/2026 11:37:33,USR0017,PC-USR0017-01,colleague8@dTA.org,,,usr0017@dTA.org,450000.0,
EML0003382,01/23/2026 15:16:46,USR0017,PC-USR0017-01,colleague3@dTA.org,,,usr0017@dTA.org,450000.0,
EML0003383,01/23/2026 16:24:13,USR0017,PC-USR0017-01,colleague4@dTA.org,,,usr0017@dTA.org,450000.0,
EML0003384,01/23/2026 16:38:23,USR0017,PC-USR0017-01,colleague6@dTA.org,,,usr0017@dTA.org,450000.0,
EML0003385,01/23/2026 11:47:36,USR0017,PC-USR0017-01,colleague9@dTA.org,,,usr0017@dTA.org,450000.0,
EML0003386,01/23/2026 15:08:20,USR0018,PC-USR0018-01,colleague6@dTA.org,,,usr0018@dTA.org,450000.0,
EML0003387,01/23/2026 09:09:51,USR0018,PC-USR0018-01,colleague4@dTA.org,,,usr0018@dTA.org,450000.0,
EML0003388,01/23/2026 16:29:10,USR0018,PC-USR0018-01,colleague1@dTA.org,,,usr0018@dTA.org,450000.0,
EML0003389,01/23/2026 10:52:05,USR0018,PC-USR0018-01,colleague2@dTA.org,,,usr0018@dTA.org,450000.0,
EML0003390,01/23/2026 15:50:06,USR0019,PC-USR0019-01,colleague2@dTA.org,,,usr0019@dTA.org,450000.0,
EML0003391,01/23/2026 14:48:37,USR0019,PC-USR0019-01,colleague10@dTA.org,,,usr0019@dTA.org,450000.0,
EML0003392,01/23/2026 11:18:32,USR0019,PC-USR0019-01,colleague3@dTA.org,,,usr0019@dTA.org,450000.0,
EML0003393,01/23/2026 13:44:13,USR0019,PC-USR0019-01,colleague7@dTA.org,,,usr0019@dTA.org,450000.0,
EML0003394,01/23/2026 10:21:15,USR0019,PC-USR0019-01,colleague4@dTA.org,,,usr0019@dTA.org,450000.0,
EML0003395,01/23/2026 10:57:12,USR0019,PC-USR0019-01,colleague1@dTA.org,,,usr0019@dTA.org,450000.0,memo.docx
EML0003396,01/23/2026 14:25:44,USR0019,PC-USR0019-01,colleague9@dTA.org,,,usr0019@dTA.org,450000.0,
EML0003397,01/23/2026 15:23:31,USR0019,PC-USR0019-01,colleague2@dTA.org,,,usr0019@dTA.org,450000.0,
EML0003398,01/23/2026 12:28:10,USR0019,PC-USR0019-01,colleague3@dTA.org,,,usr0019@dTA.org,450000.0,
EML0003399,01/23/2026 09:49:41,USR0019,PC-USR0019-01,colleague10@dTA.org,,,usr0019@dTA.org,450000.0,
EML0003400,01/23/2026 09:47:00,USR0019,PC-USR0019-01,colleague2@dTA.org,,,usr0019@dTA.org,450000.0,
EML0003401,01/23/2026 11:43:00,USR0020,PC-USR0020-01,colleague4@dTA.org,,,usr0020@dTA.org,450000.0,
EML0003402,01/23/2026 15:24:44,USR0020,PC-USR0020-01,colleague4@dTA.org,,,usr0020@dTA.org,450000.0,
EML0003403,01/23/2026 14:15:45,USR0020,PC-USR0020-01,colleague2@dTA.org,,,usr0020@dTA.org,450000.0,
EML0003404,01/23/2026 12:11:53,USR0020,PC-USR0020-01,colleague2@dTA.org,,,usr0020@dTA.org,450000.0,
EML0003405,01/23/2026 11:59:20,USR0020,PC-USR0020-01,colleague6@dTA.org,,,usr0020@dTA.org,450000.0,
EML0003406,01/23/2026 11:54:45,USR0020,PC-USR0020-01,colleague3@dTA.org,,,usr0020@dTA.org,450000.0,
EML0003407,01/23/2026 16:17:51,USR0020,PC-USR0020-01,colleague6@dTA.org,,,usr0020@dTA.org,450000.0,
EML0003408,01/23/2026 13:15:20,USR0020,PC-USR0020-01,colleague1@dTA.org,,,usr0020@dTA.org,450000.0,
EML0003409,01/23/2026 11:25:45,USR0020,PC-USR0020-01,colleague8@dTA.org,,,usr0020@dTA.org,450000.0,
EML0003410,01/23/2026 11:43:47,USR0020,PC-USR0020-01,colleague6@dTA.org,,,usr0020@dTA.org,450000.0,
EML0003411,01/23/2026 15:01:16,USR0021,PC-USR0021-01,colleague10@dTA.org,,,usr0021@dTA.org,450000.0,
EML0003412,01/23/2026 13:11:22,USR0021,PC-USR0021-01,colleague9@dTA.org,,,usr0021@dTA.org,450000.0,
EML0003413,01/23/2026 14:37:05,USR0021,PC-USR0021-01,colleague2@dTA.org,,,usr0021@dTA.org,450000.0,
EML0003414,01/23/2026 14:01:53,USR0021,PC-USR0021-01,colleague10@dTA.org,,,usr0021@dTA.org,450000.0,
EML0003415,01/23/2026 11:03:58,USR0021,PC-USR0021-01,colleague7@dTA.org,,,usr0021@dTA.org,450000.0,memo.docx
EML0003416,01/23/2026 16:46:05,USR0021,PC-USR0021-01,colleague3@dTA.org,,,usr0021@dTA.org,450000.0,
EML0003417,01/23/2026 11:41:47,USR0021,PC-USR0021-01,colleague1@dTA.org,,,usr0021@dTA.org,450000.0,
EML0003418,01/23/2026 13:49:36,USR0021,PC-USR0021-01,colleague8@dTA.org,,,usr0021@dTA.org,450000.0,memo.docx
EML0003419,01/23/2026 13:00:02,USR0021,PC-USR0021-01,colleague4@dTA.org,,,usr0021@dTA.org,450000.0,
EML0003420,01/23/2026 12:26:23,USR0021,PC-USR0021-01,colleague7@dTA.org,,,usr0021@dTA.org,450000.0,
EML0003421,01/23/2026 12:24:37,USR0022,PC-USR0022-01,colleague5@dTA.org,,,usr0022@dTA.org,450000.0,
EML0003422,01/23/2026 13:35:54,USR0022,PC-USR0022-01,colleague6@dTA.org,,,usr0022@dTA.org,450000.0,memo.docx
EML0003423,01/23/2026 09:43:01,USR0022,PC-USR0022-01,colleague9@dTA.org,,,usr0022@dTA.org,450000.0,
EML0003424,01/23/2026 13:19:54,USR0022,PC-USR0022-01,colleague4@dTA.org,,,usr0022@dTA.org,450000.0,memo.docx
EML0003425,01/23/2026 11:57:11,USR0022,PC-USR0022-01,colleague4@dTA.org,,,usr0022@dTA.org,450000.0,
EML0003426,01/23/2026 15:31:33,USR0022,PC-USR0022-01,colleague1@dTA.org,,,usr0022@dTA.org,450000.0,memo.docx
EML0003427,01/23/2026 11:53:47,USR0023,PC-USR0023-01,colleague7@dTA.org,,,usr0023@dTA.org,450000.0,
EML0003428,01/23/2026 11:31:39,USR0023,PC-USR0023-01,colleague4@dTA.org,,,usr0023@dTA.org,450000.0,
EML0003429,01/23/2026 11:56:41,USR0023,PC-USR0023-01,colleague6@dTA.org,,,usr0023@dTA.org,450000.0,
EML0003430,01/23/2026 14:15:57,USR0023,PC-USR0023-01,colleague7@dTA.org,,,usr0023@dTA.org,450000.0,
EML0003431,01/23/2026 15:31:58,USR0023,PC-USR0023-01,colleague1@dTA.org,,,usr0023@dTA.org,450000.0,
EML0003432,01/23/2026 09:35:26,USR0023,PC-USR0023-01,colleague2@dTA.org,,,usr0023@dTA.org,450000.0,
EML0003433,01/23/2026 13:56:50,USR0023,PC-USR0023-01,colleague9@dTA.org,,,usr0023@dTA.org,450000.0,
EML0003434,01/23/2026 10:30:22,USR0023,PC-USR0023-01,colleague9@dTA.org,,,usr0023@dTA.org,450000.0,
EML0003435,01/23/2026 11:24:56,USR0023,PC-USR0023-01,colleague5@dTA.org,,,usr0023@dTA.org,450000.0,
EML0003436,01/23/2026 09:02:03,USR0023,PC-USR0023-01,colleague3@dTA.org,,,usr0023@dTA.org,450000.0,memo.docx
EML0003437,01/23/2026 14:49:11,USR0024,PC-USR0024-01,colleague1@dTA.org,,,usr0024@dTA.org,450000.0,
EML0003438,01/23/2026 10:12:32,USR0024,PC-USR0024-01,colleague1@dTA.org,,,usr0024@dTA.org,450000.0,memo.docx
EML0003439,01/23/2026 11:15:03,USR0024,PC-USR0024-01,colleague8@dTA.org,,,usr0024@dTA.org,450000.0,
EML0003440,01/23/2026 13:29:54,USR0024,PC-USR0024-01,colleague1@dTA.org,,,usr0024@dTA.org,450000.0,memo.docx
EML0003441,01/23/2026 16:44:10,USR0024,PC-USR0024-01,colleague4@dTA.org,,,usr0024@dTA.org,450000.0,
EML0003442,01/23/2026 10:48:06,USR0024,PC-USR0024-01,colleague10@dTA.org,,,usr0024@dTA.org,450000.0,
EML0003443,01/23/2026 13:39:10,USR0024,PC-USR0024-01,colleague7@dTA.org,,,usr0024@dTA.org,450000.0,
EML0003444,01/23/2026 16:14:43,USR0024,PC-USR0024-01,colleague10@dTA.org,,,usr0024@dTA.org,450000.0,
EML0003445,01/23/2026 13:56:21,USR0025,PC-USR0025-01,colleague1@dTA.org,,,usr0025@dTA.org,450000.0,
EML0003446,01/23/2026 16:05:08,USR0025,PC-USR0025-01,colleague9@dTA.org,,,usr0025@dTA.org,450000.0,
EML0003447,01/23/2026 11:39:55,USR0025,PC-USR0025-01,colleague7@dTA.org,,,usr0025@dTA.org,450000.0,memo.docx
EML0003448,01/23/2026 13:03:21,USR0025,PC-USR0025-01,colleague9@dTA.org,,,usr0025@dTA.org,450000.0,memo.docx
EML0003449,01/23/2026 14:29:34,USR0025,PC-USR0025-01,colleague8@dTA.org,,,usr0025@dTA.org,450000.0,
EML0003450,01/23/2026 15:38:10,USR0025,PC-USR0025-01,colleague10@dTA.org,,,usr0025@dTA.org,450000.0,
EML0003451,01/23/2026 11:43:03,USR0025,PC-USR0025-01,colleague4@dTA.org,,,usr0025@dTA.org,450000.0,
EML0003452,01/23/2026 11:24:37,USR0025,PC-USR0025-01,colleague6@dTA.org,,,usr0025@dTA.org,450000.0,memo.docx
EML0003453,01/23/2026 11:20:15,USR0025,PC-USR0025-01,colleague7@dTA.org,,,usr0025@dTA.org,450000.0,
EML0003454,01/23/2026 09:24:30,USR0025,PC-USR0025-01,colleague8@dTA.org,,,usr0025@dTA.org,450000.0,
EML0003455,01/24/2026 21:33:05,AAE0190,PC-AAE0190-01,alex_personal@gmail.com,,,aae0190@dTA.org,18500000.0,confidential_archive.zip;database_dump.sql
EML0003456,01/24/2026 21:46:53,AAE0190,PC-AAE0190-01,colleague8@dTA.org,,,aae0190@dTA.org,450000.0,
EML0003457,01/24/2026 23:09:04,AAE0190,PC-AAE0190-01,colleague8@dTA.org,,,aae0190@dTA.org,450000.0,
EML0003458,01/24/2026 23:46:49,AAE0190,PC-AAE0190-01,colleague2@dTA.org,,,aae0190@dTA.org,450000.0,
EML0003459,01/24/2026 21:35:18,AAE0190,PC-AAE0190-01,colleague9@dTA.org,,,aae0190@dTA.org,450000.0,
EML0003460,01/24/2026 23:32:37,AAE0190,PC-AAE0190-01,colleague8@dTA.org,,,aae0190@dTA.org,450000.0,memo.docx
EML0003461,01/24/2026 23:22:51,AAE0190,PC-AAE0190-01,alex_personal@gmail.com,,,aae0190@dTA.org,18500000.0,confidential_archive.zip;database_dump.sql
EML0003462,01/24/2026 23:48:39,AAE0190,PC-AAE0190-01,alex_personal@gmail.com,,,aae0190@dTA.org,18500000.0,confidential_archive.zip;database_dump.sql
EML0003463,01/24/2026 22:19:25,AAE0190,PC-AAE0190-01,alex_personal@gmail.com,,,aae0190@dTA.org,18500000.0,confidential_archive.zip;database_dump.sql
EML0003464,01/24/2026 22:38:05,AAE0190,PC-AAE0190-01,alex_personal@gmail.com,,,aae0190@dTA.org,18500000.0,confidential_archive.zip;database_dump.sql
EML0003465,01/24/2026 22:18:23,AAE0190,PC-AAE0190-01,colleague5@dTA.org,,,aae0190@dTA.org,450000.0,
EML0003466,01/24/2026 23:00:25,AAE0190,PC-AAE0190-01,colleague8@dTA.org,,,aae0190@dTA.org,450000.0,memo.docx
EML0003467,01/24/2026 23:44:39,AAE0190,PC-AAE0190-01,colleague4@dTA.org,,,aae0190@dTA.org,450000.0,
EML0003468,01/24/2026 23:28:22,AAE0190,PC-AAE0190-01,alex_personal@gmail.com,,,aae0190@dTA.org,18500000.0,confidential_archive.zip;database_dump.sql
EML0003469,01/24/2026 21:59:26,AAE0190,PC-AAE0190-01,colleague4@dTA.org,,,aae0190@dTA.org,450000.0,
EML0003470,01/24/2026 21:24:37,AAE0190,PC-AAE0190-01,alex_personal@gmail.com,,,aae0190@dTA.org,18500000.0,confidential_archive.zip;database_dump.sql
EML0003471,01/24/2026 21:31:12,AAE0190,PC-AAE0190-01,colleague3@dTA.org,,,aae0190@dTA.org,450000.0,
EML0003472,01/24/2026 23:36:08,AAE0190,PC-AAE0190-01,alex_personal@gmail.com,,,aae0190@dTA.org,18500000.0,confidential_archive.zip;database_dump.sql
EML0003473,01/24/2026 23:37:30,AAE0190,PC-AAE0190-01,alex_personal@gmail.com,,,aae0190@dTA.org,18500000.0,confidential_archive.zip;database_dump.sql
EML0003474,01/24/2026 21:33:30,AAE0190,PC-AAE0190-01,alex_personal@gmail.com,,,aae0190@dTA.org,18500000.0,confidential_archive.zip;database_dump.sql
EML0003475,01/24/2026 21:45:59,AAE0190,PC-AAE0190-01,colleague7@dTA.org,,,aae0190@dTA.org,450000.0,
EML0003476,01/24/2026 22:34:55,AAE0190,PC-AAE0190-01,colleague5@dTA.org,,,aae0190@dTA.org,450000.0,memo.docx
EML0003477,01/24/2026 21:25:48,AAE0190,PC-AAE0190-01,colleague1@dTA.org,,,aae0190@dTA.org,450000.0,
EML0003478,01/24/2026 21:05:46,AAE0190,PC-AAE0190-01,colleague9@dTA.org,,,aae0190@dTA.org,450000.0,memo.docx
EML0003479,01/24/2026 21:59:20,AAE0190,PC-AAE0190-01,colleague1@dTA.org,,,aae0190@dTA.org,450000.0,memo.docx
EML0003480,01/24/2026 22:38:21,AAE0190,PC-AAE0190-01,alex_personal@gmail.com,,,aae0190@dTA.org,18500000.0,confidential_archive.zip;database_dump.sql
EML0003481,01/24/2026 21:34:17,AAE0190,PC-AAE0190-01,alex_personal@gmail.com,,,aae0190@dTA.org,18500000.0,confidential_archive.zip;database_dump.sql
EML0003482,01/24/2026 23:26:35,AAE0190,PC-AAE0190-01,alex_personal@gmail.com,,,aae0190@dTA.org,18500000.0,confidential_archive.zip;database_dump.sql
EML0003483,01/24/2026 21:08:25,AAE0190,PC-AAE0190-01,alex_personal@gmail.com,,,aae0190@dTA.org,18500000.0,confidential_archive.zip;database_dump.sql
EML0003484,01/24/2026 21:35:29,AAE0190,PC-AAE0190-01,colleague9@dTA.org,,,aae0190@dTA.org,450000.0,
EML0003485,01/25/2026 21:46:48,AAE0190,PC-AAE0190-01,colleague4@dTA.org,,,aae0190@dTA.org,450000.0,memo.docx
EML0003486,01/25/2026 23:18:16,AAE0190,PC-AAE0190-01,colleague9@dTA.org,,,aae0190@dTA.org,450000.0,memo.docx
EML0003487,01/25/2026 21:24:22,AAE0190,PC-AAE0190-01,alex_personal@gmail.com,,,aae0190@dTA.org,18500000.0,confidential_archive.zip;database_dump.sql
EML0003488,01/25/2026 23:47:32,AAE0190,PC-AAE0190-01,colleague1@dTA.org,,,aae0190@dTA.org,450000.0,
EML0003489,01/25/2026 21:51:50,AAE0190,PC-AAE0190-01,alex_personal@gmail.com,,,aae0190@dTA.org,18500000.0,confidential_archive.zip;database_dump.sql
EML0003490,01/25/2026 21:40:23,AAE0190,PC-AAE0190-01,colleague6@dTA.org,,,aae0190@dTA.org,450000.0,
EML0003491,01/25/2026 23:32:31,AAE0190,PC-AAE0190-01,alex_personal@gmail.com,,,aae0190@dTA.org,18500000.0,confidential_archive.zip;database_dump.sql
EML0003492,01/25/2026 22:00:11,AAE0190,PC-AAE0190-01,colleague4@dTA.org,,,aae0190@dTA.org,450000.0,memo.docx
EML0003493,01/25/2026 23:07:25,AAE0190,PC-AAE0190-01,colleague5@dTA.org,,,aae0190@dTA.org,450000.0,
EML0003494,01/25/2026 21:18:54,AAE0190,PC-AAE0190-01,colleague5@dTA.org,,,aae0190@dTA.org,450000.0,
EML0003495,01/25/2026 21:12:22,AAE0190,PC-AAE0190-01,colleague1@dTA.org,,,aae0190@dTA.org,450000.0,
EML0003496,01/25/2026 21:57:38,AAE0190,PC-AAE0190-01,alex_personal@gmail.com,,,aae0190@dTA.org,18500000.0,confidential_archive.zip;database_dump.sql
EML0003497,01/25/2026 21:29:16,AAE0190,PC-AAE0190-01,alex_personal@gmail.com,,,aae0190@dTA.org,18500000.0,confidential_archive.zip;database_dump.sql
EML0003498,01/25/2026 23:13:28,AAE0190,PC-AAE0190-01,alex_personal@gmail.com,,,aae0190@dTA.org,18500000.0,confidential_archive.zip;database_dump.sql
EML0003499,01/25/2026 22:48:47,AAE0190,PC-AAE0190-01,colleague1@dTA.org,,,aae0190@dTA.org,450000.0,
EML0003500,01/25/2026 23:13:01,AAE0190,PC-AAE0190-01,colleague3@dTA.org,,,aae0190@dTA.org,450000.0,
EML0003501,01/25/2026 23:30:01,AAE0190,PC-AAE0190-01,colleague4@dTA.org,,,aae0190@dTA.org,450000.0,
EML0003502,01/25/2026 22:02:25,AAE0190,PC-AAE0190-01,alex_personal@gmail.com,,,aae0190@dTA.org,18500000.0,confidential_archive.zip;database_dump.sql
EML0003503,01/25/2026 21:51:26,AAE0190,PC-AAE0190-01,alex_personal@gmail.com,,,aae0190@dTA.org,18500000.0,confidential_archive.zip;database_dump.sql
EML0003504,01/25/2026 23:11:36,AAE0190,PC-AAE0190-01,colleague2@dTA.org,,,aae0190@dTA.org,450000.0,
EML0003505,01/25/2026 21:37:09,AAE0190,PC-AAE0190-01,alex_personal@gmail.com,,,aae0190@dTA.org,18500000.0,confidential_archive.zip;database_dump.sql
EML0003506,01/25/2026 23:34:25,AAE0190,PC-AAE0190-01,colleague9@dTA.org,,,aae0190@dTA.org,450000.0,
EML0003507,01/25/2026 23:08:40,AAE0190,PC-AAE0190-01,colleague3@dTA.org,,,aae0190@dTA.org,450000.0,
EML0003508,01/25/2026 23:18:35,AAE0190,PC-AAE0190-01,colleague1@dTA.org,,,aae0190@dTA.org,450000.0,
EML0003509,01/25/2026 21:47:33,AAE0190,PC-AAE0190-01,colleague10@dTA.org,,,aae0190@dTA.org,450000.0,
EML0003510,01/25/2026 21:54:27,AAE0190,PC-AAE0190-01,colleague6@dTA.org,,,aae0190@dTA.org,450000.0,memo.docx
EML0003511,01/25/2026 23:13:09,AAE0190,PC-AAE0190-01,colleague4@dTA.org,,,aae0190@dTA.org,450000.0,
EML0003512,01/25/2026 21:45:30,AAE0190,PC-AAE0190-01,alex_personal@gmail.com,,,aae0190@dTA.org,18500000.0,confidential_archive.zip;database_dump.sql
EML0003513,01/25/2026 21:17:30,AAE0190,PC-AAE0190-01,colleague4@dTA.org,,,aae0190@dTA.org,450000.0,
EML0003514,01/25/2026 23:50:26,AAE0190,PC-AAE0190-01,colleague4@dTA.org,,,aae0190@dTA.org,450000.0,
EML0003515,01/25/2026 23:33:43,AAE0190,PC-AAE0190-01,colleague9@dTA.org,,,aae0190@dTA.org,450000.0,
EML0003516,01/25/2026 21:09:25,AAE0190,PC-AAE0190-01,alex_personal@gmail.com,,,aae0190@dTA.org,18500000.0,confidential_archive.zip;database_dump.sql
EML0003517,01/25/2026 22:31:30,AAE0190,PC-AAE0190-01,colleague9@dTA.org,,,aae0190@dTA.org,450000.0,
EML0003518,01/25/2026 21:38:58,AAE0190,PC-AAE0190-01,colleague1@dTA.org,,,aae0190@dTA.org,450000.0,memo.docx
EML0003519,01/25/2026 23:18:59,AAE0190,PC-AAE0190-01,colleague3@dTA.org,,,aae0190@dTA.org,450000.0,
EML0003520,01/25/2026 21:49:43,AAE0190,PC-AAE0190-01,alex_personal@gmail.com,,,aae0190@dTA.org,18500000.0,confidential_archive.zip;database_dump.sql
EML0003521,01/25/2026 22:40:36,AAE0190,PC-AAE0190-01,alex_personal@gmail.com,,,aae0190@dTA.org,18500000.0,confidential_archive.zip;database_dump.sql
EML0003522,01/25/2026 22:01:32,AAE0190,PC-AAE0190-01,alex_personal@gmail.com,,,aae0190@dTA.org,18500000.0,confidential_archive.zip;database_dump.sql
EML0003523,01/26/2026 22:44:29,AAE0190,PC-AAE0190-01,colleague8@dTA.org,,,aae0190@dTA.org,450000.0,memo.docx
EML0003524,01/26/2026 21:46:18,AAE0190,PC-AAE0190-01,colleague1@dTA.org,,,aae0190@dTA.org,450000.0,
EML0003525,01/26/2026 23:31:02,AAE0190,PC-AAE0190-01,colleague7@dTA.org,,,aae0190@dTA.org,450000.0,
EML0003526,01/26/2026 21:44:52,AAE0190,PC-AAE0190-01,alex_personal@gmail.com,,,aae0190@dTA.org,18500000.0,confidential_archive.zip;database_dump.sql
EML0003527,01/26/2026 21:41:49,AAE0190,PC-AAE0190-01,alex_personal@gmail.com,,,aae0190@dTA.org,18500000.0,confidential_archive.zip;database_dump.sql
EML0003528,01/26/2026 21:01:50,AAE0190,PC-AAE0190-01,colleague3@dTA.org,,,aae0190@dTA.org,450000.0,
EML0003529,01/26/2026 22:39:37,AAE0190,PC-AAE0190-01,colleague4@dTA.org,,,aae0190@dTA.org,450000.0,
EML0003530,01/26/2026 21:57:16,AAE0190,PC-AAE0190-01,alex_personal@gmail.com,,,aae0190@dTA.org,18500000.0,confidential_archive.zip;database_dump.sql
EML0003531,01/26/2026 21:14:03,AAE0190,PC-AAE0190-01,colleague2@dTA.org,,,aae0190@dTA.org,450000.0,
EML0003532,01/26/2026 23:56:15,AAE0190,PC-AAE0190-01,alex_personal@gmail.com,,,aae0190@dTA.org,18500000.0,confidential_archive.zip;database_dump.sql
EML0003533,01/26/2026 22:10:30,AAE0190,PC-AAE0190-01,alex_personal@gmail.com,,,aae0190@dTA.org,18500000.0,confidential_archive.zip;database_dump.sql
EML0003534,01/26/2026 23:48:53,AAE0190,PC-AAE0190-01,alex_personal@gmail.com,,,aae0190@dTA.org,18500000.0,confidential_archive.zip;database_dump.sql
EML0003535,01/26/2026 22:30:48,AAE0190,PC-AAE0190-01,alex_personal@gmail.com,,,aae0190@dTA.org,18500000.0,confidential_archive.zip;database_dump.sql
EML0003536,01/26/2026 22:17:05,AAE0190,PC-AAE0190-01,colleague4@dTA.org,,,aae0190@dTA.org,450000.0,memo.docx
EML0003537,01/26/2026 21:32:55,AAE0190,PC-AAE0190-01,colleague6@dTA.org,,,aae0190@dTA.org,450000.0,memo.docx
EML0003538,01/26/2026 21:34:31,AAE0190,PC-AAE0190-01,colleague9@dTA.org,,,aae0190@dTA.org,450000.0,
EML0003539,01/26/2026 22:35:35,AAE0190,PC-AAE0190-01,colleague9@dTA.org,,,aae0190@dTA.org,450000.0,memo.docx
EML0003540,01/26/2026 21:59:59,AAE0190,PC-AAE0190-01,alex_personal@gmail.com,,,aae0190@dTA.org,18500000.0,confidential_archive.zip;database_dump.sql
EML0003541,01/26/2026 22:57:00,AAE0190,PC-AAE0190-01,colleague4@dTA.org,,,aae0190@dTA.org,450000.0,
EML0003542,01/26/2026 23:58:16,AAE0190,PC-AAE0190-01,alex_personal@gmail.com,,,aae0190@dTA.org,18500000.0,confidential_archive.zip;database_dump.sql
EML0003543,01/26/2026 22:24:52,AAE0190,PC-AAE0190-01,colleague10@dTA.org,,,aae0190@dTA.org,450000.0,
EML0003544,01/26/2026 22:22:29,AAE0190,PC-AAE0190-01,colleague9@dTA.org,,,aae0190@dTA.org,450000.0,
EML0003545,01/26/2026 22:57:16,AAE0190,PC-AAE0190-01,colleague5@dTA.org,,,aae0190@dTA.org,450000.0,
EML0003546,01/26/2026 22:01:05,AAE0190,PC-AAE0190-01,colleague10@dTA.org,,,aae0190@dTA.org,450000.0,
EML0003547,01/26/2026 21:22:30,AAE0190,PC-AAE0190-01,alex_personal@gmail.com,,,aae0190@dTA.org,18500000.0,confidential_archive.zip;database_dump.sql
EML0003548,01/26/2026 23:41:38,AAE0190,PC-AAE0190-01,colleague5@dTA.org,,,aae0190@dTA.org,450000.0,
EML0003549,01/26/2026 23:39:59,AAE0190,PC-AAE0190-01,colleague6@dTA.org,,,aae0190@dTA.org,450000.0,
EML0003550,01/26/2026 22:15:28,AAE0190,PC-AAE0190-01,alex_personal@gmail.com,,,aae0190@dTA.org,18500000.0,confidential_archive.zip;database_dump.sql
EML0003551,01/26/2026 23:10:58,AAE0190,PC-AAE0190-01,colleague8@dTA.org,,,aae0190@dTA.org,450000.0,
EML0003552,01/26/2026 23:22:26,AAE0190,PC-AAE0190-01,alex_personal@gmail.com,,,aae0190@dTA.org,18500000.0,confidential_archive.zip;database_dump.sql
EML0003553,01/26/2026 23:15:50,AAE0190,PC-AAE0190-01,colleague8@dTA.org,,,aae0190@dTA.org,450000.0,
EML0003554,01/26/2026 22:16:48,AAE0190,PC-AAE0190-01,colleague9@dTA.org,,,aae0190@dTA.org,450000.0,
EML0003555,01/26/2026 21:55:16,AAE0190,PC-AAE0190-01,colleague7@dTA.org,,,aae0190@dTA.org,450000.0,memo.docx
EML0003556,01/26/2026 22:57:35,AAE0190,PC-AAE0190-01,alex_personal@gmail.com,,,aae0190@dTA.org,18500000.0,confidential_archive.zip;database_dump.sql
EML0003557,01/26/2026 22:36:41,AAE0190,PC-AAE0190-01,alex_personal@gmail.com,,,aae0190@dTA.org,18500000.0,confidential_archive.zip;database_dump.sql
EML0003558,01/26/2026 21:10:30,AAE0190,PC-AAE0190-01,colleague9@dTA.org,,,aae0190@dTA.org,450000.0,
EML0003559,01/26/2026 23:47:29,AAE0190,PC-AAE0190-01,colleague8@dTA.org,,,aae0190@dTA.org,450000.0,
EML0003560,01/26/2026 23:21:48,AAE0190,PC-AAE0190-01,colleague10@dTA.org,,,aae0190@dTA.org,450000.0,
EML0003561,01/26/2026 22:12:54,AAE0190,PC-AAE0190-01,alex_personal@gmail.com,,,aae0190@dTA.org,18500000.0,confidential_archive.zip;database_dump.sql
EML0003562,01/26/2026 21:57:43,AAE0190,PC-AAE0190-01,colleague6@dTA.org,,,aae0190@dTA.org,450000.0,
EML0003563,01/26/2026 10:35:47,USR0002,PC-USR0002-01,colleague8@dTA.org,,,usr0002@dTA.org,450000.0,memo.docx
EML0003564,01/26/2026 16:02:51,USR0002,PC-USR0002-01,colleague9@dTA.org,,,usr0002@dTA.org,450000.0,
EML0003565,01/26/2026 15:56:38,USR0002,PC-USR0002-01,colleague10@dTA.org,,,usr0002@dTA.org,450000.0,memo.docx
EML0003566,01/26/2026 11:44:30,USR0002,PC-USR0002-01,colleague6@dTA.org,,,usr0002@dTA.org,450000.0,memo.docx
EML0003567,01/26/2026 14:13:13,USR0002,PC-USR0002-01,colleague7@dTA.org,,,usr0002@dTA.org,450000.0,memo.docx
EML0003568,01/26/2026 16:13:08,USR0002,PC-USR0002-01,colleague7@dTA.org,,,usr0002@dTA.org,450000.0,
EML0003569,01/26/2026 15:52:53,USR0002,PC-USR0002-01,colleague7@dTA.org,,,usr0002@dTA.org,450000.0,
EML0003570,01/26/2026 15:21:38,USR0002,PC-USR0002-01,colleague9@dTA.org,,,usr0002@dTA.org,450000.0,
EML0003571,01/26/2026 09:44:34,USR0002,PC-USR0002-01,colleague6@dTA.org,,,usr0002@dTA.org,450000.0,
EML0003572,01/26/2026 16:04:46,USR0003,PC-USR0003-01,colleague10@dTA.org,,,usr0003@dTA.org,450000.0,memo.docx
EML0003573,01/26/2026 13:17:54,USR0003,PC-USR0003-01,colleague3@dTA.org,,,usr0003@dTA.org,450000.0,
EML0003574,01/26/2026 12:44:33,USR0003,PC-USR0003-01,colleague1@dTA.org,,,usr0003@dTA.org,450000.0,memo.docx
EML0003575,01/26/2026 09:25:42,USR0003,PC-USR0003-01,colleague6@dTA.org,,,usr0003@dTA.org,450000.0,
EML0003576,01/26/2026 16:06:06,USR0003,PC-USR0003-01,colleague2@dTA.org,,,usr0003@dTA.org,450000.0,
EML0003577,01/26/2026 16:52:02,USR0003,PC-USR0003-01,colleague4@dTA.org,,,usr0003@dTA.org,450000.0,
EML0003578,01/26/2026 15:00:27,USR0003,PC-USR0003-01,colleague3@dTA.org,,,usr0003@dTA.org,450000.0,
EML0003579,01/26/2026 15:31:07,USR0004,PC-USR0004-01,colleague1@dTA.org,,,usr0004@dTA.org,450000.0,memo.docx
EML0003580,01/26/2026 16:03:42,USR0004,PC-USR0004-01,colleague10@dTA.org,,,usr0004@dTA.org,450000.0,
EML0003581,01/26/2026 13:12:33,USR0004,PC-USR0004-01,colleague3@dTA.org,,,usr0004@dTA.org,450000.0,
EML0003582,01/26/2026 14:37:54,USR0004,PC-USR0004-01,colleague5@dTA.org,,,usr0004@dTA.org,450000.0,
EML0003583,01/26/2026 10:56:11,USR0004,PC-USR0004-01,colleague3@dTA.org,,,usr0004@dTA.org,450000.0,
EML0003584,01/26/2026 12:20:56,USR0005,PC-USR0005-01,colleague3@dTA.org,,,usr0005@dTA.org,450000.0,
EML0003585,01/26/2026 11:29:37,USR0005,PC-USR0005-01,colleague7@dTA.org,,,usr0005@dTA.org,450000.0,
EML0003586,01/26/2026 14:19:27,USR0005,PC-USR0005-01,colleague6@dTA.org,,,usr0005@dTA.org,450000.0,
EML0003587,01/26/2026 12:52:48,USR0005,PC-USR0005-01,colleague1@dTA.org,,,usr0005@dTA.org,450000.0,
EML0003588,01/26/2026 14:06:14,USR0005,PC-USR0005-01,colleague8@dTA.org,,,usr0005@dTA.org,450000.0,
EML0003589,01/26/2026 11:28:48,USR0005,PC-USR0005-01,colleague5@dTA.org,,,usr0005@dTA.org,450000.0,
EML0003590,01/26/2026 15:29:41,USR0005,PC-USR0005-01,colleague2@dTA.org,,,usr0005@dTA.org,450000.0,
EML0003591,01/26/2026 11:47:54,USR0005,PC-USR0005-01,colleague4@dTA.org,,,usr0005@dTA.org,450000.0,
EML0003592,01/26/2026 12:46:52,USR0005,PC-USR0005-01,colleague5@dTA.org,,,usr0005@dTA.org,450000.0,
EML0003593,01/26/2026 09:38:24,USR0005,PC-USR0005-01,colleague2@dTA.org,,,usr0005@dTA.org,450000.0,
EML0003594,01/26/2026 10:30:24,USR0006,PC-USR0006-01,colleague10@dTA.org,,,usr0006@dTA.org,450000.0,memo.docx
EML0003595,01/26/2026 09:43:21,USR0006,PC-USR0006-01,colleague9@dTA.org,,,usr0006@dTA.org,450000.0,
EML0003596,01/26/2026 10:03:42,USR0006,PC-USR0006-01,colleague4@dTA.org,,,usr0006@dTA.org,450000.0,memo.docx
EML0003597,01/26/2026 12:26:12,USR0006,PC-USR0006-01,colleague7@dTA.org,,,usr0006@dTA.org,450000.0,
EML0003598,01/26/2026 11:41:32,USR0006,PC-USR0006-01,colleague1@dTA.org,,,usr0006@dTA.org,450000.0,
EML0003599,01/26/2026 13:22:34,USR0006,PC-USR0006-01,colleague4@dTA.org,,,usr0006@dTA.org,450000.0,
EML0003600,01/26/2026 14:31:25,USR0006,PC-USR0006-01,colleague10@dTA.org,,,usr0006@dTA.org,450000.0,
EML0003601,01/26/2026 12:29:17,USR0006,PC-USR0006-01,colleague10@dTA.org,,,usr0006@dTA.org,450000.0,
EML0003602,01/26/2026 15:03:40,USR0006,PC-USR0006-01,colleague4@dTA.org,,,usr0006@dTA.org,450000.0,
EML0003603,01/26/2026 16:17:41,USR0006,PC-USR0006-01,colleague8@dTA.org,,,usr0006@dTA.org,450000.0,
EML0003604,01/26/2026 09:10:20,USR0007,PC-USR0007-01,colleague1@dTA.org,,,usr0007@dTA.org,450000.0,
EML0003605,01/26/2026 15:45:12,USR0007,PC-USR0007-01,colleague10@dTA.org,,,usr0007@dTA.org,450000.0,memo.docx
EML0003606,01/26/2026 16:55:51,USR0007,PC-USR0007-01,colleague6@dTA.org,,,usr0007@dTA.org,450000.0,
EML0003607,01/26/2026 14:22:10,USR0007,PC-USR0007-01,colleague9@dTA.org,,,usr0007@dTA.org,450000.0,memo.docx
EML0003608,01/26/2026 11:40:45,USR0007,PC-USR0007-01,colleague6@dTA.org,,,usr0007@dTA.org,450000.0,
EML0003609,01/26/2026 11:14:37,USR0007,PC-USR0007-01,colleague1@dTA.org,,,usr0007@dTA.org,450000.0,
EML0003610,01/26/2026 11:14:54,USR0007,PC-USR0007-01,colleague3@dTA.org,,,usr0007@dTA.org,450000.0,
EML0003611,01/26/2026 12:52:44,USR0007,PC-USR0007-01,colleague1@dTA.org,,,usr0007@dTA.org,450000.0,memo.docx
EML0003612,01/26/2026 16:37:54,USR0007,PC-USR0007-01,colleague7@dTA.org,,,usr0007@dTA.org,450000.0,memo.docx
EML0003613,01/26/2026 14:07:04,USR0007,PC-USR0007-01,colleague6@dTA.org,,,usr0007@dTA.org,450000.0,memo.docx
EML0003614,01/26/2026 09:30:23,USR0007,PC-USR0007-01,colleague9@dTA.org,,,usr0007@dTA.org,450000.0,memo.docx
EML0003615,01/26/2026 15:57:26,USR0007,PC-USR0007-01,colleague6@dTA.org,,,usr0007@dTA.org,450000.0,
EML0003616,01/26/2026 10:38:35,USR0008,PC-USR0008-01,colleague7@dTA.org,,,usr0008@dTA.org,450000.0,
EML0003617,01/26/2026 13:16:56,USR0008,PC-USR0008-01,colleague4@dTA.org,,,usr0008@dTA.org,450000.0,
EML0003618,01/26/2026 10:31:50,USR0008,PC-USR0008-01,colleague8@dTA.org,,,usr0008@dTA.org,450000.0,
EML0003619,01/26/2026 15:36:29,USR0008,PC-USR0008-01,colleague4@dTA.org,,,usr0008@dTA.org,450000.0,
EML0003620,01/26/2026 11:36:45,USR0008,PC-USR0008-01,colleague3@dTA.org,,,usr0008@dTA.org,450000.0,
EML0003621,01/26/2026 12:55:03,USR0008,PC-USR0008-01,colleague2@dTA.org,,,usr0008@dTA.org,450000.0,memo.docx
EML0003622,01/26/2026 12:45:58,USR0008,PC-USR0008-01,colleague10@dTA.org,,,usr0008@dTA.org,450000.0,
EML0003623,01/26/2026 16:03:17,USR0008,PC-USR0008-01,colleague3@dTA.org,,,usr0008@dTA.org,450000.0,
EML0003624,01/26/2026 13:21:59,USR0008,PC-USR0008-01,colleague4@dTA.org,,,usr0008@dTA.org,450000.0,
EML0003625,01/26/2026 15:49:43,USR0008,PC-USR0008-01,colleague2@dTA.org,,,usr0008@dTA.org,450000.0,
EML0003626,01/26/2026 16:41:59,USR0009,PC-USR0009-01,colleague9@dTA.org,,,usr0009@dTA.org,450000.0,
EML0003627,01/26/2026 14:08:17,USR0009,PC-USR0009-01,colleague2@dTA.org,,,usr0009@dTA.org,450000.0,
EML0003628,01/26/2026 11:44:42,USR0009,PC-USR0009-01,colleague4@dTA.org,,,usr0009@dTA.org,450000.0,
EML0003629,01/26/2026 11:15:34,USR0009,PC-USR0009-01,colleague4@dTA.org,,,usr0009@dTA.org,450000.0,
EML0003630,01/26/2026 09:14:25,USR0009,PC-USR0009-01,colleague9@dTA.org,,,usr0009@dTA.org,450000.0,
EML0003631,01/26/2026 12:43:30,USR0009,PC-USR0009-01,colleague10@dTA.org,,,usr0009@dTA.org,450000.0,memo.docx
EML0003632,01/26/2026 09:54:19,USR0009,PC-USR0009-01,colleague7@dTA.org,,,usr0009@dTA.org,450000.0,
EML0003633,01/26/2026 13:13:17,USR0009,PC-USR0009-01,colleague9@dTA.org,,,usr0009@dTA.org,450000.0,
EML0003634,01/26/2026 09:12:21,USR0009,PC-USR0009-01,colleague6@dTA.org,,,usr0009@dTA.org,450000.0,memo.docx
EML0003635,01/26/2026 14:29:18,USR0009,PC-USR0009-01,colleague9@dTA.org,,,usr0009@dTA.org,450000.0,
EML0003636,01/26/2026 12:32:08,USR0010,PC-USR0010-01,colleague8@dTA.org,,,usr0010@dTA.org,450000.0,
EML0003637,01/26/2026 12:30:51,USR0010,PC-USR0010-01,colleague7@dTA.org,,,usr0010@dTA.org,450000.0,
EML0003638,01/26/2026 14:45:09,USR0010,PC-USR0010-01,colleague3@dTA.org,,,usr0010@dTA.org,450000.0,
EML0003639,01/26/2026 14:10:46,USR0010,PC-USR0010-01,colleague6@dTA.org,,,usr0010@dTA.org,450000.0,
EML0003640,01/26/2026 09:24:37,USR0010,PC-USR0010-01,colleague4@dTA.org,,,usr0010@dTA.org,450000.0,
EML0003641,01/26/2026 15:21:11,USR0010,PC-USR0010-01,colleague7@dTA.org,,,usr0010@dTA.org,450000.0,
EML0003642,01/26/2026 16:21:13,USR0010,PC-USR0010-01,colleague3@dTA.org,,,usr0010@dTA.org,450000.0,memo.docx
EML0003643,01/26/2026 11:10:24,USR0010,PC-USR0010-01,colleague7@dTA.org,,,usr0010@dTA.org,450000.0,
EML0003644,01/26/2026 13:55:03,USR0011,PC-USR0011-01,colleague3@dTA.org,,,usr0011@dTA.org,450000.0,
EML0003645,01/26/2026 12:43:34,USR0011,PC-USR0011-01,colleague7@dTA.org,,,usr0011@dTA.org,450000.0,memo.docx
EML0003646,01/26/2026 10:44:16,USR0011,PC-USR0011-01,colleague10@dTA.org,,,usr0011@dTA.org,450000.0,memo.docx
EML0003647,01/26/2026 11:23:59,USR0011,PC-USR0011-01,colleague6@dTA.org,,,usr0011@dTA.org,450000.0,memo.docx
EML0003648,01/26/2026 16:49:42,USR0011,PC-USR0011-01,colleague10@dTA.org,,,usr0011@dTA.org,450000.0,
EML0003649,01/26/2026 16:40:16,USR0011,PC-USR0011-01,colleague10@dTA.org,,,usr0011@dTA.org,450000.0,
EML0003650,01/26/2026 16:48:40,USR0011,PC-USR0011-01,colleague6@dTA.org,,,usr0011@dTA.org,450000.0,
EML0003651,01/26/2026 14:34:10,USR0011,PC-USR0011-01,colleague1@dTA.org,,,usr0011@dTA.org,450000.0,
EML0003652,01/26/2026 10:36:38,USR0011,PC-USR0011-01,colleague6@dTA.org,,,usr0011@dTA.org,450000.0,memo.docx
EML0003653,01/26/2026 11:28:46,USR0011,PC-USR0011-01,colleague10@dTA.org,,,usr0011@dTA.org,450000.0,memo.docx
EML0003654,01/26/2026 12:11:39,USR0012,PC-USR0012-01,colleague2@dTA.org,,,usr0012@dTA.org,450000.0,memo.docx
EML0003655,01/26/2026 14:37:02,USR0012,PC-USR0012-01,colleague8@dTA.org,,,usr0012@dTA.org,450000.0,
EML0003656,01/26/2026 09:41:05,USR0012,PC-USR0012-01,colleague9@dTA.org,,,usr0012@dTA.org,450000.0,
EML0003657,01/26/2026 09:33:14,USR0012,PC-USR0012-01,colleague2@dTA.org,,,usr0012@dTA.org,450000.0,
EML0003658,01/26/2026 12:34:27,USR0012,PC-USR0012-01,colleague9@dTA.org,,,usr0012@dTA.org,450000.0,
EML0003659,01/26/2026 09:48:16,USR0013,PC-USR0013-01,colleague2@dTA.org,,,usr0013@dTA.org,450000.0,memo.docx
EML0003660,01/26/2026 13:28:38,USR0013,PC-USR0013-01,colleague5@dTA.org,,,usr0013@dTA.org,450000.0,
EML0003661,01/26/2026 13:23:03,USR0013,PC-USR0013-01,colleague8@dTA.org,,,usr0013@dTA.org,450000.0,
EML0003662,01/26/2026 13:55:19,USR0013,PC-USR0013-01,colleague9@dTA.org,,,usr0013@dTA.org,450000.0,
EML0003663,01/26/2026 13:01:16,USR0013,PC-USR0013-01,colleague6@dTA.org,,,usr0013@dTA.org,450000.0,
EML0003664,01/26/2026 10:45:14,USR0013,PC-USR0013-01,colleague4@dTA.org,,,usr0013@dTA.org,450000.0,
EML0003665,01/26/2026 16:56:39,USR0013,PC-USR0013-01,colleague1@dTA.org,,,usr0013@dTA.org,450000.0,
EML0003666,01/26/2026 11:45:04,USR0014,PC-USR0014-01,colleague4@dTA.org,,,usr0014@dTA.org,450000.0,memo.docx
EML0003667,01/26/2026 13:37:16,USR0014,PC-USR0014-01,colleague4@dTA.org,,,usr0014@dTA.org,450000.0,
EML0003668,01/26/2026 12:56:34,USR0014,PC-USR0014-01,colleague6@dTA.org,,,usr0014@dTA.org,450000.0,
EML0003669,01/26/2026 11:50:41,USR0014,PC-USR0014-01,colleague5@dTA.org,,,usr0014@dTA.org,450000.0,
EML0003670,01/26/2026 10:40:34,USR0014,PC-USR0014-01,colleague4@dTA.org,,,usr0014@dTA.org,450000.0,
EML0003671,01/26/2026 13:13:33,USR0014,PC-USR0014-01,colleague5@dTA.org,,,usr0014@dTA.org,450000.0,
EML0003672,01/26/2026 09:37:46,USR0014,PC-USR0014-01,colleague7@dTA.org,,,usr0014@dTA.org,450000.0,memo.docx
EML0003673,01/26/2026 14:08:25,USR0015,PC-USR0015-01,colleague2@dTA.org,,,usr0015@dTA.org,450000.0,
EML0003674,01/26/2026 12:30:54,USR0015,PC-USR0015-01,colleague1@dTA.org,,,usr0015@dTA.org,450000.0,
EML0003675,01/26/2026 15:43:25,USR0015,PC-USR0015-01,colleague2@dTA.org,,,usr0015@dTA.org,450000.0,
EML0003676,01/26/2026 09:02:33,USR0015,PC-USR0015-01,colleague2@dTA.org,,,usr0015@dTA.org,450000.0,memo.docx
EML0003677,01/26/2026 13:51:08,USR0015,PC-USR0015-01,colleague9@dTA.org,,,usr0015@dTA.org,450000.0,
EML0003678,01/26/2026 09:40:25,USR0015,PC-USR0015-01,colleague6@dTA.org,,,usr0015@dTA.org,450000.0,
EML0003679,01/26/2026 15:51:20,USR0015,PC-USR0015-01,colleague10@dTA.org,,,usr0015@dTA.org,450000.0,memo.docx
EML0003680,01/26/2026 12:59:25,USR0016,PC-USR0016-01,colleague8@dTA.org,,,usr0016@dTA.org,450000.0,
EML0003681,01/26/2026 15:23:10,USR0016,PC-USR0016-01,colleague8@dTA.org,,,usr0016@dTA.org,450000.0,
EML0003682,01/26/2026 13:44:10,USR0016,PC-USR0016-01,colleague8@dTA.org,,,usr0016@dTA.org,450000.0,
EML0003683,01/26/2026 15:57:12,USR0016,PC-USR0016-01,colleague6@dTA.org,,,usr0016@dTA.org,450000.0,
EML0003684,01/26/2026 12:57:27,USR0016,PC-USR0016-01,colleague2@dTA.org,,,usr0016@dTA.org,450000.0,memo.docx
EML0003685,01/26/2026 14:40:24,USR0016,PC-USR0016-01,colleague10@dTA.org,,,usr0016@dTA.org,450000.0,
EML0003686,01/26/2026 16:57:57,USR0016,PC-USR0016-01,colleague5@dTA.org,,,usr0016@dTA.org,450000.0,
EML0003687,01/26/2026 15:50:48,USR0016,PC-USR0016-01,colleague3@dTA.org,,,usr0016@dTA.org,450000.0,
EML0003688,01/26/2026 13:59:36,USR0016,PC-USR0016-01,colleague4@dTA.org,,,usr0016@dTA.org,450000.0,
EML0003689,01/26/2026 13:26:43,USR0016,PC-USR0016-01,colleague8@dTA.org,,,usr0016@dTA.org,450000.0,memo.docx
EML0003690,01/26/2026 10:05:14,USR0017,PC-USR0017-01,colleague5@dTA.org,,,usr0017@dTA.org,450000.0,memo.docx
EML0003691,01/26/2026 10:27:43,USR0017,PC-USR0017-01,colleague3@dTA.org,,,usr0017@dTA.org,450000.0,
EML0003692,01/26/2026 13:38:53,USR0017,PC-USR0017-01,colleague6@dTA.org,,,usr0017@dTA.org,450000.0,
EML0003693,01/26/2026 16:31:39,USR0017,PC-USR0017-01,colleague1@dTA.org,,,usr0017@dTA.org,450000.0,
EML0003694,01/26/2026 16:32:06,USR0017,PC-USR0017-01,colleague10@dTA.org,,,usr0017@dTA.org,450000.0,
EML0003695,01/26/2026 16:51:01,USR0017,PC-USR0017-01,colleague4@dTA.org,,,usr0017@dTA.org,450000.0,
EML0003696,01/26/2026 15:47:41,USR0017,PC-USR0017-01,colleague10@dTA.org,,,usr0017@dTA.org,450000.0,
EML0003697,01/26/2026 11:09:10,USR0017,PC-USR0017-01,colleague2@dTA.org,,,usr0017@dTA.org,450000.0,
EML0003698,01/26/2026 09:31:07,USR0017,PC-USR0017-01,colleague7@dTA.org,,,usr0017@dTA.org,450000.0,
EML0003699,01/26/2026 16:06:56,USR0017,PC-USR0017-01,colleague1@dTA.org,,,usr0017@dTA.org,450000.0,
EML0003700,01/26/2026 09:36:03,USR0017,PC-USR0017-01,colleague3@dTA.org,,,usr0017@dTA.org,450000.0,
EML0003701,01/26/2026 10:13:38,USR0018,PC-USR0018-01,colleague6@dTA.org,,,usr0018@dTA.org,450000.0,
EML0003702,01/26/2026 11:07:46,USR0018,PC-USR0018-01,colleague2@dTA.org,,,usr0018@dTA.org,450000.0,
EML0003703,01/26/2026 11:59:21,USR0018,PC-USR0018-01,colleague1@dTA.org,,,usr0018@dTA.org,450000.0,
EML0003704,01/26/2026 15:53:35,USR0018,PC-USR0018-01,colleague1@dTA.org,,,usr0018@dTA.org,450000.0,
EML0003705,01/26/2026 09:43:06,USR0018,PC-USR0018-01,colleague10@dTA.org,,,usr0018@dTA.org,450000.0,
EML0003706,01/26/2026 14:42:33,USR0018,PC-USR0018-01,colleague6@dTA.org,,,usr0018@dTA.org,450000.0,
EML0003707,01/26/2026 15:08:34,USR0018,PC-USR0018-01,colleague5@dTA.org,,,usr0018@dTA.org,450000.0,
EML0003708,01/26/2026 16:06:12,USR0018,PC-USR0018-01,colleague3@dTA.org,,,usr0018@dTA.org,450000.0,
EML0003709,01/26/2026 13:15:04,USR0018,PC-USR0018-01,colleague2@dTA.org,,,usr0018@dTA.org,450000.0,
EML0003710,01/26/2026 10:15:10,USR0018,PC-USR0018-01,colleague3@dTA.org,,,usr0018@dTA.org,450000.0,
EML0003711,01/26/2026 13:04:50,USR0018,PC-USR0018-01,colleague10@dTA.org,,,usr0018@dTA.org,450000.0,
EML0003712,01/26/2026 15:21:44,USR0019,PC-USR0019-01,colleague4@dTA.org,,,usr0019@dTA.org,450000.0,
EML0003713,01/26/2026 12:21:16,USR0019,PC-USR0019-01,colleague3@dTA.org,,,usr0019@dTA.org,450000.0,
EML0003714,01/26/2026 10:12:31,USR0019,PC-USR0019-01,colleague8@dTA.org,,,usr0019@dTA.org,450000.0,
EML0003715,01/26/2026 16:37:22,USR0019,PC-USR0019-01,colleague3@dTA.org,,,usr0019@dTA.org,450000.0,
EML0003716,01/26/2026 15:50:22,USR0019,PC-USR0019-01,colleague7@dTA.org,,,usr0019@dTA.org,450000.0,memo.docx
EML0003717,01/26/2026 10:51:39,USR0019,PC-USR0019-01,colleague6@dTA.org,,,usr0019@dTA.org,450000.0,
EML0003718,01/26/2026 16:13:04,USR0019,PC-USR0019-01,colleague5@dTA.org,,,usr0019@dTA.org,450000.0,
EML0003719,01/26/2026 10:59:36,USR0019,PC-USR0019-01,colleague2@dTA.org,,,usr0019@dTA.org,450000.0,memo.docx
EML0003720,01/26/2026 10:29:48,USR0019,PC-USR0019-01,colleague7@dTA.org,,,usr0019@dTA.org,450000.0,memo.docx
EML0003721,01/26/2026 15:52:27,USR0019,PC-USR0019-01,colleague10@dTA.org,,,usr0019@dTA.org,450000.0,
EML0003722,01/26/2026 11:41:15,USR0019,PC-USR0019-01,colleague4@dTA.org,,,usr0019@dTA.org,450000.0,
EML0003723,01/26/2026 15:14:39,USR0019,PC-USR0019-01,colleague3@dTA.org,,,usr0019@dTA.org,450000.0,memo.docx
EML0003724,01/26/2026 11:46:37,USR0020,PC-USR0020-01,colleague3@dTA.org,,,usr0020@dTA.org,450000.0,
EML0003725,01/26/2026 14:08:46,USR0020,PC-USR0020-01,colleague10@dTA.org,,,usr0020@dTA.org,450000.0,memo.docx
EML0003726,01/26/2026 10:24:25,USR0020,PC-USR0020-01,colleague8@dTA.org,,,usr0020@dTA.org,450000.0,
EML0003727,01/26/2026 11:58:29,USR0020,PC-USR0020-01,colleague2@dTA.org,,,usr0020@dTA.org,450000.0,
EML0003728,01/26/2026 10:18:51,USR0020,PC-USR0020-01,colleague2@dTA.org,,,usr0020@dTA.org,450000.0,
EML0003729,01/26/2026 11:39:25,USR0020,PC-USR0020-01,colleague9@dTA.org,,,usr0020@dTA.org,450000.0,memo.docx
EML0003730,01/26/2026 12:16:09,USR0020,PC-USR0020-01,colleague5@dTA.org,,,usr0020@dTA.org,450000.0,
EML0003731,01/26/2026 13:04:01,USR0020,PC-USR0020-01,colleague2@dTA.org,,,usr0020@dTA.org,450000.0,
EML0003732,01/26/2026 14:16:19,USR0020,PC-USR0020-01,colleague9@dTA.org,,,usr0020@dTA.org,450000.0,
EML0003733,01/26/2026 14:24:46,USR0021,PC-USR0021-01,colleague2@dTA.org,,,usr0021@dTA.org,450000.0,
EML0003734,01/26/2026 11:11:46,USR0021,PC-USR0021-01,colleague1@dTA.org,,,usr0021@dTA.org,450000.0,
EML0003735,01/26/2026 11:40:39,USR0021,PC-USR0021-01,colleague1@dTA.org,,,usr0021@dTA.org,450000.0,
EML0003736,01/26/2026 13:27:34,USR0021,PC-USR0021-01,colleague3@dTA.org,,,usr0021@dTA.org,450000.0,
EML0003737,01/26/2026 10:52:45,USR0021,PC-USR0021-01,colleague7@dTA.org,,,usr0021@dTA.org,450000.0,memo.docx
EML0003738,01/26/2026 12:56:38,USR0021,PC-USR0021-01,colleague8@dTA.org,,,usr0021@dTA.org,450000.0,
EML0003739,01/26/2026 09:28:53,USR0021,PC-USR0021-01,colleague7@dTA.org,,,usr0021@dTA.org,450000.0,memo.docx
EML0003740,01/26/2026 11:35:50,USR0021,PC-USR0021-01,colleague9@dTA.org,,,usr0021@dTA.org,450000.0,
EML0003741,01/26/2026 13:58:01,USR0021,PC-USR0021-01,colleague4@dTA.org,,,usr0021@dTA.org,450000.0,memo.docx
EML0003742,01/26/2026 12:15:32,USR0021,PC-USR0021-01,colleague9@dTA.org,,,usr0021@dTA.org,450000.0,
EML0003743,01/26/2026 12:04:26,USR0021,PC-USR0021-01,colleague8@dTA.org,,,usr0021@dTA.org,450000.0,
EML0003744,01/26/2026 13:37:48,USR0022,PC-USR0022-01,colleague6@dTA.org,,,usr0022@dTA.org,450000.0,memo.docx
EML0003745,01/26/2026 11:41:59,USR0022,PC-USR0022-01,colleague8@dTA.org,,,usr0022@dTA.org,450000.0,
EML0003746,01/26/2026 14:50:51,USR0022,PC-USR0022-01,colleague1@dTA.org,,,usr0022@dTA.org,450000.0,
EML0003747,01/26/2026 13:57:51,USR0022,PC-USR0022-01,colleague2@dTA.org,,,usr0022@dTA.org,450000.0,
EML0003748,01/26/2026 15:17:12,USR0022,PC-USR0022-01,colleague1@dTA.org,,,usr0022@dTA.org,450000.0,
EML0003749,01/26/2026 12:49:40,USR0023,PC-USR0023-01,colleague5@dTA.org,,,usr0023@dTA.org,450000.0,
EML0003750,01/26/2026 12:04:19,USR0023,PC-USR0023-01,colleague2@dTA.org,,,usr0023@dTA.org,450000.0,
EML0003751,01/26/2026 10:02:44,USR0023,PC-USR0023-01,colleague5@dTA.org,,,usr0023@dTA.org,450000.0,
EML0003752,01/26/2026 12:19:16,USR0023,PC-USR0023-01,colleague8@dTA.org,,,usr0023@dTA.org,450000.0,
EML0003753,01/26/2026 10:32:51,USR0024,PC-USR0024-01,colleague9@dTA.org,,,usr0024@dTA.org,450000.0,
EML0003754,01/26/2026 12:27:00,USR0024,PC-USR0024-01,colleague3@dTA.org,,,usr0024@dTA.org,450000.0,
EML0003755,01/26/2026 09:25:11,USR0024,PC-USR0024-01,colleague10@dTA.org,,,usr0024@dTA.org,450000.0,
EML0003756,01/26/2026 11:06:04,USR0024,PC-USR0024-01,colleague10@dTA.org,,,usr0024@dTA.org,450000.0,memo.docx
EML0003757,01/26/2026 14:11:30,USR0024,PC-USR0024-01,colleague8@dTA.org,,,usr0024@dTA.org,450000.0,
EML0003758,01/26/2026 14:07:35,USR0025,PC-USR0025-01,colleague6@dTA.org,,,usr0025@dTA.org,450000.0,memo.docx
EML0003759,01/26/2026 15:46:28,USR0025,PC-USR0025-01,colleague2@dTA.org,,,usr0025@dTA.org,450000.0,memo.docx
EML0003760,01/26/2026 15:43:22,USR0025,PC-USR0025-01,colleague3@dTA.org,,,usr0025@dTA.org,450000.0,
EML0003761,01/26/2026 14:03:23,USR0025,PC-USR0025-01,colleague10@dTA.org,,,usr0025@dTA.org,450000.0,memo.docx
EML0003762,01/26/2026 16:50:54,USR0025,PC-USR0025-01,colleague10@dTA.org,,,usr0025@dTA.org,450000.0,
EML0003763,01/26/2026 16:22:15,USR0025,PC-USR0025-01,colleague6@dTA.org,,,usr0025@dTA.org,450000.0,memo.docx
EML0003764,01/26/2026 11:24:23,USR0025,PC-USR0025-01,colleague6@dTA.org,,,usr0025@dTA.org,450000.0,
EML0003765,01/26/2026 09:13:02,USR0025,PC-USR0025-01,colleague4@dTA.org,,,usr0025@dTA.org,450000.0,
EML0003766,01/26/2026 16:25:39,USR0025,PC-USR0025-01,colleague3@dTA.org,,,usr0025@dTA.org,450000.0,
EML0003767,01/26/2026 14:51:29,USR0025,PC-USR0025-01,colleague5@dTA.org,,,usr0025@dTA.org,450000.0,
EML0003768,01/26/2026 14:59:46,USR0025,PC-USR0025-01,colleague8@dTA.org,,,usr0025@dTA.org,450000.0,
EML0003769,01/27/2026 21:44:28,AAE0190,PC-AAE0190-01,colleague3@dTA.org,,,aae0190@dTA.org,450000.0,
EML0003770,01/27/2026 21:11:18,AAE0190,PC-AAE0190-01,colleague8@dTA.org,,,aae0190@dTA.org,450000.0,
EML0003771,01/27/2026 22:47:16,AAE0190,PC-AAE0190-01,colleague4@dTA.org,,,aae0190@dTA.org,450000.0,memo.docx
EML0003772,01/27/2026 21:29:38,AAE0190,PC-AAE0190-01,colleague5@dTA.org,,,aae0190@dTA.org,450000.0,
EML0003773,01/27/2026 21:47:50,AAE0190,PC-AAE0190-01,colleague9@dTA.org,,,aae0190@dTA.org,450000.0,memo.docx
EML0003774,01/27/2026 23:17:38,AAE0190,PC-AAE0190-01,colleague8@dTA.org,,,aae0190@dTA.org,450000.0,
EML0003775,01/27/2026 21:10:04,AAE0190,PC-AAE0190-01,colleague4@dTA.org,,,aae0190@dTA.org,450000.0,
EML0003776,01/27/2026 21:56:04,AAE0190,PC-AAE0190-01,colleague1@dTA.org,,,aae0190@dTA.org,450000.0,memo.docx
EML0003777,01/27/2026 22:29:42,AAE0190,PC-AAE0190-01,colleague7@dTA.org,,,aae0190@dTA.org,450000.0,
EML0003778,01/27/2026 22:40:37,AAE0190,PC-AAE0190-01,alex_personal@gmail.com,,,aae0190@dTA.org,18500000.0,confidential_archive.zip;database_dump.sql
EML0003779,01/27/2026 22:06:16,AAE0190,PC-AAE0190-01,colleague10@dTA.org,,,aae0190@dTA.org,450000.0,
EML0003780,01/27/2026 23:55:53,AAE0190,PC-AAE0190-01,alex_personal@gmail.com,,,aae0190@dTA.org,18500000.0,confidential_archive.zip;database_dump.sql
EML0003781,01/27/2026 22:12:47,AAE0190,PC-AAE0190-01,colleague9@dTA.org,,,aae0190@dTA.org,450000.0,
EML0003782,01/27/2026 22:46:52,AAE0190,PC-AAE0190-01,alex_personal@gmail.com,,,aae0190@dTA.org,18500000.0,confidential_archive.zip;database_dump.sql
EML0003783,01/27/2026 21:59:01,AAE0190,PC-AAE0190-01,alex_personal@gmail.com,,,aae0190@dTA.org,18500000.0,confidential_archive.zip;database_dump.sql
EML0003784,01/27/2026 23:37:01,AAE0190,PC-AAE0190-01,colleague10@dTA.org,,,aae0190@dTA.org,450000.0,
EML0003785,01/27/2026 23:40:02,AAE0190,PC-AAE0190-01,colleague1@dTA.org,,,aae0190@dTA.org,450000.0,
EML0003786,01/27/2026 22:56:00,AAE0190,PC-AAE0190-01,colleague3@dTA.org,,,aae0190@dTA.org,450000.0,memo.docx
EML0003787,01/27/2026 22:26:28,AAE0190,PC-AAE0190-01,alex_personal@gmail.com,,,aae0190@dTA.org,18500000.0,confidential_archive.zip;database_dump.sql
EML0003788,01/27/2026 21:54:03,AAE0190,PC-AAE0190-01,colleague4@dTA.org,,,aae0190@dTA.org,450000.0,
EML0003789,01/27/2026 22:08:28,AAE0190,PC-AAE0190-01,colleague4@dTA.org,,,aae0190@dTA.org,450000.0,
EML0003790,01/27/2026 23:05:28,AAE0190,PC-AAE0190-01,colleague9@dTA.org,,,aae0190@dTA.org,450000.0,
EML0003791,01/27/2026 21:11:41,AAE0190,PC-AAE0190-01,colleague9@dTA.org,,,aae0190@dTA.org,450000.0,
EML0003792,01/27/2026 22:09:10,AAE0190,PC-AAE0190-01,colleague6@dTA.org,,,aae0190@dTA.org,450000.0,
EML0003793,01/27/2026 23:53:31,AAE0190,PC-AAE0190-01,colleague1@dTA.org,,,aae0190@dTA.org,450000.0,
EML0003794,01/27/2026 21:22:42,AAE0190,PC-AAE0190-01,alex_personal@gmail.com,,,aae0190@dTA.org,18500000.0,confidential_archive.zip;database_dump.sql
EML0003795,01/27/2026 22:02:19,AAE0190,PC-AAE0190-01,colleague3@dTA.org,,,aae0190@dTA.org,450000.0,
EML0003796,01/27/2026 23:27:22,AAE0190,PC-AAE0190-01,colleague9@dTA.org,,,aae0190@dTA.org,450000.0,
EML0003797,01/27/2026 21:13:15,AAE0190,PC-AAE0190-01,alex_personal@gmail.com,,,aae0190@dTA.org,18500000.0,confidential_archive.zip;database_dump.sql
EML0003798,01/27/2026 23:07:41,AAE0190,PC-AAE0190-01,alex_personal@gmail.com,,,aae0190@dTA.org,18500000.0,confidential_archive.zip;database_dump.sql
EML0003799,01/27/2026 23:08:23,AAE0190,PC-AAE0190-01,alex_personal@gmail.com,,,aae0190@dTA.org,18500000.0,confidential_archive.zip;database_dump.sql
EML0003800,01/27/2026 22:02:38,AAE0190,PC-AAE0190-01,colleague4@dTA.org,,,aae0190@dTA.org,450000.0,memo.docx
EML0003801,01/27/2026 22:30:51,AAE0190,PC-AAE0190-01,alex_personal@gmail.com,,,aae0190@dTA.org,18500000.0,confidential_archive.zip;database_dump.sql
EML0003802,01/27/2026 23:01:38,AAE0190,PC-AAE0190-01,colleague5@dTA.org,,,aae0190@dTA.org,450000.0,
EML0003803,01/27/2026 21:46:50,AAE0190,PC-AAE0190-01,alex_personal@gmail.com,,,aae0190@dTA.org,18500000.0,confidential_archive.zip;database_dump.sql
EML0003804,01/27/2026 21:45:19,AAE0190,PC-AAE0190-01,alex_personal@gmail.com,,,aae0190@dTA.org,18500000.0,confidential_archive.zip;database_dump.sql
EML0003805,01/27/2026 23:59:15,AAE0190,PC-AAE0190-01,colleague8@dTA.org,,,aae0190@dTA.org,450000.0,
EML0003806,01/27/2026 23:57:33,AAE0190,PC-AAE0190-01,alex_personal@gmail.com,,,aae0190@dTA.org,18500000.0,confidential_archive.zip;database_dump.sql
EML0003807,01/27/2026 23:42:12,AAE0190,PC-AAE0190-01,colleague2@dTA.org,,,aae0190@dTA.org,450000.0,
EML0003808,01/27/2026 13:24:48,USR0002,PC-USR0002-01,colleague2@dTA.org,,,usr0002@dTA.org,450000.0,
EML0003809,01/27/2026 16:27:04,USR0002,PC-USR0002-01,colleague1@dTA.org,,,usr0002@dTA.org,450000.0,
EML0003810,01/27/2026 10:21:18,USR0002,PC-USR0002-01,colleague9@dTA.org,,,usr0002@dTA.org,450000.0,
EML0003811,01/27/2026 15:23:40,USR0002,PC-USR0002-01,colleague7@dTA.org,,,usr0002@dTA.org,450000.0,
EML0003812,01/27/2026 11:16:44,USR0002,PC-USR0002-01,colleague2@dTA.org,,,usr0002@dTA.org,450000.0,
EML0003813,01/27/2026 12:32:14,USR0002,PC-USR0002-01,colleague6@dTA.org,,,usr0002@dTA.org,450000.0,
EML0003814,01/27/2026 14:05:36,USR0002,PC-USR0002-01,colleague5@dTA.org,,,usr0002@dTA.org,450000.0,memo.docx
EML0003815,01/27/2026 11:15:03,USR0002,PC-USR0002-01,colleague4@dTA.org,,,usr0002@dTA.org,450000.0,
EML0003816,01/27/2026 10:57:57,USR0002,PC-USR0002-01,colleague5@dTA.org,,,usr0002@dTA.org,450000.0,
EML0003817,01/27/2026 16:26:28,USR0002,PC-USR0002-01,colleague3@dTA.org,,,usr0002@dTA.org,450000.0,
EML0003818,01/27/2026 16:56:49,USR0002,PC-USR0002-01,colleague3@dTA.org,,,usr0002@dTA.org,450000.0,
EML0003819,01/27/2026 12:16:46,USR0003,PC-USR0003-01,colleague2@dTA.org,,,usr0003@dTA.org,450000.0,
EML0003820,01/27/2026 13:38:09,USR0003,PC-USR0003-01,colleague10@dTA.org,,,usr0003@dTA.org,450000.0,
EML0003821,01/27/2026 15:11:42,USR0003,PC-USR0003-01,colleague7@dTA.org,,,usr0003@dTA.org,450000.0,
EML0003822,01/27/2026 10:40:47,USR0003,PC-USR0003-01,colleague2@dTA.org,,,usr0003@dTA.org,450000.0,memo.docx
EML0003823,01/27/2026 12:25:32,USR0004,PC-USR0004-01,colleague2@dTA.org,,,usr0004@dTA.org,450000.0,
EML0003824,01/27/2026 15:58:40,USR0004,PC-USR0004-01,colleague3@dTA.org,,,usr0004@dTA.org,450000.0,
EML0003825,01/27/2026 12:11:13,USR0004,PC-USR0004-01,colleague10@dTA.org,,,usr0004@dTA.org,450000.0,memo.docx
EML0003826,01/27/2026 16:05:10,USR0004,PC-USR0004-01,colleague6@dTA.org,,,usr0004@dTA.org,450000.0,
EML0003827,01/27/2026 13:03:32,USR0004,PC-USR0004-01,colleague10@dTA.org,,,usr0004@dTA.org,450000.0,
EML0003828,01/27/2026 09:11:06,USR0004,PC-USR0004-01,colleague5@dTA.org,,,usr0004@dTA.org,450000.0,
EML0003829,01/27/2026 14:31:26,USR0005,PC-USR0005-01,colleague2@dTA.org,,,usr0005@dTA.org,450000.0,memo.docx
EML0003830,01/27/2026 09:25:32,USR0005,PC-USR0005-01,colleague2@dTA.org,,,usr0005@dTA.org,450000.0,
EML0003831,01/27/2026 13:49:59,USR0005,PC-USR0005-01,colleague3@dTA.org,,,usr0005@dTA.org,450000.0,
EML0003832,01/27/2026 13:51:51,USR0005,PC-USR0005-01,colleague10@dTA.org,,,usr0005@dTA.org,450000.0,
EML0003833,01/27/2026 14:32:12,USR0005,PC-USR0005-01,colleague7@dTA.org,,,usr0005@dTA.org,450000.0,
EML0003834,01/27/2026 12:54:09,USR0005,PC-USR0005-01,colleague6@dTA.org,,,usr0005@dTA.org,450000.0,memo.docx
EML0003835,01/27/2026 16:19:15,USR0006,PC-USR0006-01,colleague9@dTA.org,,,usr0006@dTA.org,450000.0,
EML0003836,01/27/2026 16:21:07,USR0006,PC-USR0006-01,colleague9@dTA.org,,,usr0006@dTA.org,450000.0,memo.docx
EML0003837,01/27/2026 09:39:32,USR0006,PC-USR0006-01,colleague4@dTA.org,,,usr0006@dTA.org,450000.0,
EML0003838,01/27/2026 14:03:43,USR0006,PC-USR0006-01,colleague8@dTA.org,,,usr0006@dTA.org,450000.0,
EML0003839,01/27/2026 13:43:20,USR0006,PC-USR0006-01,colleague9@dTA.org,,,usr0006@dTA.org,450000.0,memo.docx
EML0003840,01/27/2026 12:22:42,USR0006,PC-USR0006-01,colleague10@dTA.org,,,usr0006@dTA.org,450000.0,
EML0003841,01/27/2026 14:09:22,USR0006,PC-USR0006-01,colleague1@dTA.org,,,usr0006@dTA.org,450000.0,memo.docx
EML0003842,01/27/2026 14:42:30,USR0006,PC-USR0006-01,colleague4@dTA.org,,,usr0006@dTA.org,450000.0,
EML0003843,01/27/2026 13:24:00,USR0006,PC-USR0006-01,colleague9@dTA.org,,,usr0006@dTA.org,450000.0,
EML0003844,01/27/2026 16:54:44,USR0006,PC-USR0006-01,colleague8@dTA.org,,,usr0006@dTA.org,450000.0,
EML0003845,01/27/2026 09:23:17,USR0006,PC-USR0006-01,colleague7@dTA.org,,,usr0006@dTA.org,450000.0,
EML0003846,01/27/2026 16:22:39,USR0007,PC-USR0007-01,colleague2@dTA.org,,,usr0007@dTA.org,450000.0,memo.docx
EML0003847,01/27/2026 13:48:14,USR0007,PC-USR0007-01,colleague4@dTA.org,,,usr0007@dTA.org,450000.0,memo.docx
EML0003848,01/27/2026 10:56:22,USR0007,PC-USR0007-01,colleague5@dTA.org,,,usr0007@dTA.org,450000.0,
EML0003849,01/27/2026 13:18:35,USR0007,PC-USR0007-01,colleague3@dTA.org,,,usr0007@dTA.org,450000.0,
EML0003850,01/27/2026 13:02:19,USR0007,PC-USR0007-01,colleague9@dTA.org,,,usr0007@dTA.org,450000.0,
EML0003851,01/27/2026 10:57:48,USR0007,PC-USR0007-01,colleague3@dTA.org,,,usr0007@dTA.org,450000.0,
EML0003852,01/27/2026 13:25:38,USR0008,PC-USR0008-01,colleague2@dTA.org,,,usr0008@dTA.org,450000.0,
EML0003853,01/27/2026 09:44:07,USR0008,PC-USR0008-01,colleague3@dTA.org,,,usr0008@dTA.org,450000.0,
EML0003854,01/27/2026 09:43:47,USR0008,PC-USR0008-01,colleague3@dTA.org,,,usr0008@dTA.org,450000.0,
EML0003855,01/27/2026 11:33:53,USR0008,PC-USR0008-01,colleague3@dTA.org,,,usr0008@dTA.org,450000.0,
EML0003856,01/27/2026 16:25:08,USR0008,PC-USR0008-01,colleague7@dTA.org,,,usr0008@dTA.org,450000.0,memo.docx
EML0003857,01/27/2026 11:50:48,USR0008,PC-USR0008-01,colleague3@dTA.org,,,usr0008@dTA.org,450000.0,
EML0003858,01/27/2026 09:18:59,USR0008,PC-USR0008-01,colleague1@dTA.org,,,usr0008@dTA.org,450000.0,memo.docx
EML0003859,01/27/2026 11:19:06,USR0008,PC-USR0008-01,colleague10@dTA.org,,,usr0008@dTA.org,450000.0,
EML0003860,01/27/2026 09:33:54,USR0009,PC-USR0009-01,colleague3@dTA.org,,,usr0009@dTA.org,450000.0,
EML0003861,01/27/2026 16:12:56,USR0009,PC-USR0009-01,colleague9@dTA.org,,,usr0009@dTA.org,450000.0,
EML0003862,01/27/2026 11:17:23,USR0009,PC-USR0009-01,colleague10@dTA.org,,,usr0009@dTA.org,450000.0,
EML0003863,01/27/2026 16:38:00,USR0009,PC-USR0009-01,colleague9@dTA.org,,,usr0009@dTA.org,450000.0,
EML0003864,01/27/2026 16:19:08,USR0010,PC-USR0010-01,colleague6@dTA.org,,,usr0010@dTA.org,450000.0,
EML0003865,01/27/2026 09:19:34,USR0010,PC-USR0010-01,colleague2@dTA.org,,,usr0010@dTA.org,450000.0,
EML0003866,01/27/2026 12:58:38,USR0010,PC-USR0010-01,colleague5@dTA.org,,,usr0010@dTA.org,450000.0,
EML0003867,01/27/2026 12:23:13,USR0010,PC-USR0010-01,colleague1@dTA.org,,,usr0010@dTA.org,450000.0,
EML0003868,01/27/2026 14:27:36,USR0010,PC-USR0010-01,colleague7@dTA.org,,,usr0010@dTA.org,450000.0,
EML0003869,01/27/2026 11:34:22,USR0011,PC-USR0011-01,colleague5@dTA.org,,,usr0011@dTA.org,450000.0,
EML0003870,01/27/2026 09:25:32,USR0011,PC-USR0011-01,colleague7@dTA.org,,,usr0011@dTA.org,450000.0,
EML0003871,01/27/2026 10:33:18,USR0011,PC-USR0011-01,colleague9@dTA.org,,,usr0011@dTA.org,450000.0,
EML0003872,01/27/2026 12:42:58,USR0011,PC-USR0011-01,colleague5@dTA.org,,,usr0011@dTA.org,450000.0,
EML0003873,01/27/2026 14:33:48,USR0011,PC-USR0011-01,colleague6@dTA.org,,,usr0011@dTA.org,450000.0,memo.docx
EML0003874,01/27/2026 13:31:33,USR0011,PC-USR0011-01,colleague4@dTA.org,,,usr0011@dTA.org,450000.0,
EML0003875,01/27/2026 10:44:53,USR0011,PC-USR0011-01,colleague9@dTA.org,,,usr0011@dTA.org,450000.0,
EML0003876,01/27/2026 12:39:48,USR0011,PC-USR0011-01,colleague3@dTA.org,,,usr0011@dTA.org,450000.0,
EML0003877,01/27/2026 16:26:49,USR0012,PC-USR0012-01,colleague5@dTA.org,,,usr0012@dTA.org,450000.0,
EML0003878,01/27/2026 11:37:42,USR0012,PC-USR0012-01,colleague5@dTA.org,,,usr0012@dTA.org,450000.0,
EML0003879,01/27/2026 15:39:36,USR0012,PC-USR0012-01,colleague3@dTA.org,,,usr0012@dTA.org,450000.0,
EML0003880,01/27/2026 09:46:34,USR0012,PC-USR0012-01,colleague6@dTA.org,,,usr0012@dTA.org,450000.0,memo.docx
EML0003881,01/27/2026 09:38:38,USR0012,PC-USR0012-01,colleague4@dTA.org,,,usr0012@dTA.org,450000.0,memo.docx
EML0003882,01/27/2026 14:14:47,USR0012,PC-USR0012-01,colleague10@dTA.org,,,usr0012@dTA.org,450000.0,
EML0003883,01/27/2026 11:54:39,USR0012,PC-USR0012-01,colleague2@dTA.org,,,usr0012@dTA.org,450000.0,
EML0003884,01/27/2026 12:25:45,USR0012,PC-USR0012-01,colleague9@dTA.org,,,usr0012@dTA.org,450000.0,
EML0003885,01/27/2026 15:11:05,USR0013,PC-USR0013-01,colleague10@dTA.org,,,usr0013@dTA.org,450000.0,
EML0003886,01/27/2026 11:46:47,USR0013,PC-USR0013-01,colleague6@dTA.org,,,usr0013@dTA.org,450000.0,
EML0003887,01/27/2026 15:52:49,USR0013,PC-USR0013-01,colleague8@dTA.org,,,usr0013@dTA.org,450000.0,
EML0003888,01/27/2026 11:19:27,USR0013,PC-USR0013-01,colleague8@dTA.org,,,usr0013@dTA.org,450000.0,
EML0003889,01/27/2026 14:38:15,USR0013,PC-USR0013-01,colleague10@dTA.org,,,usr0013@dTA.org,450000.0,
EML0003890,01/27/2026 15:22:22,USR0013,PC-USR0013-01,colleague10@dTA.org,,,usr0013@dTA.org,450000.0,
EML0003891,01/27/2026 10:22:13,USR0013,PC-USR0013-01,colleague4@dTA.org,,,usr0013@dTA.org,450000.0,memo.docx
EML0003892,01/27/2026 16:25:46,USR0014,PC-USR0014-01,colleague4@dTA.org,,,usr0014@dTA.org,450000.0,
EML0003893,01/27/2026 10:16:40,USR0014,PC-USR0014-01,colleague3@dTA.org,,,usr0014@dTA.org,450000.0,
EML0003894,01/27/2026 13:56:07,USR0014,PC-USR0014-01,colleague6@dTA.org,,,usr0014@dTA.org,450000.0,
EML0003895,01/27/2026 16:23:57,USR0014,PC-USR0014-01,colleague8@dTA.org,,,usr0014@dTA.org,450000.0,
EML0003896,01/27/2026 11:14:09,USR0014,PC-USR0014-01,colleague4@dTA.org,,,usr0014@dTA.org,450000.0,
EML0003897,01/27/2026 09:51:44,USR0014,PC-USR0014-01,colleague1@dTA.org,,,usr0014@dTA.org,450000.0,
EML0003898,01/27/2026 13:56:16,USR0014,PC-USR0014-01,colleague1@dTA.org,,,usr0014@dTA.org,450000.0,memo.docx
EML0003899,01/27/2026 16:11:50,USR0014,PC-USR0014-01,colleague9@dTA.org,,,usr0014@dTA.org,450000.0,memo.docx
EML0003900,01/27/2026 16:09:30,USR0014,PC-USR0014-01,colleague1@dTA.org,,,usr0014@dTA.org,450000.0,
EML0003901,01/27/2026 13:14:36,USR0014,PC-USR0014-01,colleague9@dTA.org,,,usr0014@dTA.org,450000.0,memo.docx
EML0003902,01/27/2026 10:44:39,USR0014,PC-USR0014-01,colleague4@dTA.org,,,usr0014@dTA.org,450000.0,
EML0003903,01/27/2026 13:53:19,USR0014,PC-USR0014-01,colleague2@dTA.org,,,usr0014@dTA.org,450000.0,
EML0003904,01/27/2026 12:02:02,USR0015,PC-USR0015-01,colleague6@dTA.org,,,usr0015@dTA.org,450000.0,memo.docx
EML0003905,01/27/2026 09:12:38,USR0015,PC-USR0015-01,colleague8@dTA.org,,,usr0015@dTA.org,450000.0,
EML0003906,01/27/2026 09:45:38,USR0015,PC-USR0015-01,colleague1@dTA.org,,,usr0015@dTA.org,450000.0,memo.docx
EML0003907,01/27/2026 14:52:57,USR0015,PC-USR0015-01,colleague10@dTA.org,,,usr0015@dTA.org,450000.0,
EML0003908,01/27/2026 13:39:54,USR0015,PC-USR0015-01,colleague1@dTA.org,,,usr0015@dTA.org,450000.0,
EML0003909,01/27/2026 12:01:07,USR0016,PC-USR0016-01,colleague2@dTA.org,,,usr0016@dTA.org,450000.0,
EML0003910,01/27/2026 09:04:27,USR0016,PC-USR0016-01,colleague1@dTA.org,,,usr0016@dTA.org,450000.0,
EML0003911,01/27/2026 14:56:18,USR0016,PC-USR0016-01,colleague6@dTA.org,,,usr0016@dTA.org,450000.0,
EML0003912,01/27/2026 16:04:02,USR0016,PC-USR0016-01,colleague1@dTA.org,,,usr0016@dTA.org,450000.0,
EML0003913,01/27/2026 09:15:46,USR0016,PC-USR0016-01,colleague7@dTA.org,,,usr0016@dTA.org,450000.0,
EML0003914,01/27/2026 15:30:00,USR0016,PC-USR0016-01,colleague9@dTA.org,,,usr0016@dTA.org,450000.0,
EML0003915,01/27/2026 13:05:11,USR0016,PC-USR0016-01,colleague4@dTA.org,,,usr0016@dTA.org,450000.0,
EML0003916,01/27/2026 10:33:27,USR0016,PC-USR0016-01,colleague6@dTA.org,,,usr0016@dTA.org,450000.0,
EML0003917,01/27/2026 13:14:41,USR0016,PC-USR0016-01,colleague8@dTA.org,,,usr0016@dTA.org,450000.0,
EML0003918,01/27/2026 13:43:27,USR0016,PC-USR0016-01,colleague2@dTA.org,,,usr0016@dTA.org,450000.0,memo.docx
EML0003919,01/27/2026 13:16:02,USR0016,PC-USR0016-01,colleague10@dTA.org,,,usr0016@dTA.org,450000.0,memo.docx
EML0003920,01/27/2026 13:16:07,USR0016,PC-USR0016-01,colleague1@dTA.org,,,usr0016@dTA.org,450000.0,memo.docx
EML0003921,01/27/2026 12:42:33,USR0017,PC-USR0017-01,colleague6@dTA.org,,,usr0017@dTA.org,450000.0,
EML0003922,01/27/2026 10:08:07,USR0017,PC-USR0017-01,colleague8@dTA.org,,,usr0017@dTA.org,450000.0,memo.docx
EML0003923,01/27/2026 12:22:21,USR0017,PC-USR0017-01,colleague8@dTA.org,,,usr0017@dTA.org,450000.0,
EML0003924,01/27/2026 09:05:31,USR0017,PC-USR0017-01,colleague5@dTA.org,,,usr0017@dTA.org,450000.0,memo.docx
EML0003925,01/27/2026 14:36:55,USR0017,PC-USR0017-01,colleague5@dTA.org,,,usr0017@dTA.org,450000.0,
EML0003926,01/27/2026 09:26:59,USR0017,PC-USR0017-01,colleague5@dTA.org,,,usr0017@dTA.org,450000.0,
EML0003927,01/27/2026 14:23:00,USR0017,PC-USR0017-01,colleague8@dTA.org,,,usr0017@dTA.org,450000.0,
EML0003928,01/27/2026 16:14:53,USR0017,PC-USR0017-01,colleague2@dTA.org,,,usr0017@dTA.org,450000.0,
EML0003929,01/27/2026 12:51:25,USR0017,PC-USR0017-01,colleague6@dTA.org,,,usr0017@dTA.org,450000.0,
EML0003930,01/27/2026 11:53:52,USR0017,PC-USR0017-01,colleague9@dTA.org,,,usr0017@dTA.org,450000.0,
EML0003931,01/27/2026 14:09:49,USR0018,PC-USR0018-01,colleague7@dTA.org,,,usr0018@dTA.org,450000.0,
EML0003932,01/27/2026 10:57:07,USR0018,PC-USR0018-01,colleague1@dTA.org,,,usr0018@dTA.org,450000.0,
EML0003933,01/27/2026 14:20:46,USR0018,PC-USR0018-01,colleague4@dTA.org,,,usr0018@dTA.org,450000.0,memo.docx
EML0003934,01/27/2026 12:28:02,USR0018,PC-USR0018-01,colleague4@dTA.org,,,usr0018@dTA.org,450000.0,
EML0003935,01/27/2026 14:34:26,USR0018,PC-USR0018-01,colleague7@dTA.org,,,usr0018@dTA.org,450000.0,
EML0003936,01/27/2026 09:52:27,USR0018,PC-USR0018-01,colleague5@dTA.org,,,usr0018@dTA.org,450000.0,
EML0003937,01/27/2026 09:15:23,USR0018,PC-USR0018-01,colleague6@dTA.org,,,usr0018@dTA.org,450000.0,memo.docx
EML0003938,01/27/2026 12:43:24,USR0018,PC-USR0018-01,colleague9@dTA.org,,,usr0018@dTA.org,450000.0,
EML0003939,01/27/2026 10:27:10,USR0018,PC-USR0018-01,colleague1@dTA.org,,,usr0018@dTA.org,450000.0,memo.docx
EML0003940,01/27/2026 16:20:39,USR0019,PC-USR0019-01,colleague8@dTA.org,,,usr0019@dTA.org,450000.0,
EML0003941,01/27/2026 15:34:09,USR0019,PC-USR0019-01,colleague8@dTA.org,,,usr0019@dTA.org,450000.0,memo.docx
EML0003942,01/27/2026 10:09:23,USR0019,PC-USR0019-01,colleague5@dTA.org,,,usr0019@dTA.org,450000.0,memo.docx
EML0003943,01/27/2026 10:27:38,USR0019,PC-USR0019-01,colleague3@dTA.org,,,usr0019@dTA.org,450000.0,
EML0003944,01/27/2026 13:33:41,USR0019,PC-USR0019-01,colleague9@dTA.org,,,usr0019@dTA.org,450000.0,memo.docx
EML0003945,01/27/2026 11:39:05,USR0019,PC-USR0019-01,colleague8@dTA.org,,,usr0019@dTA.org,450000.0,
EML0003946,01/27/2026 14:17:19,USR0019,PC-USR0019-01,colleague6@dTA.org,,,usr0019@dTA.org,450000.0,
EML0003947,01/27/2026 16:36:17,USR0019,PC-USR0019-01,colleague5@dTA.org,,,usr0019@dTA.org,450000.0,
EML0003948,01/27/2026 13:00:06,USR0019,PC-USR0019-01,colleague7@dTA.org,,,usr0019@dTA.org,450000.0,
EML0003949,01/27/2026 11:14:48,USR0019,PC-USR0019-01,colleague10@dTA.org,,,usr0019@dTA.org,450000.0,memo.docx
EML0003950,01/27/2026 09:05:26,USR0019,PC-USR0019-01,colleague3@dTA.org,,,usr0019@dTA.org,450000.0,
EML0003951,01/27/2026 14:59:38,USR0019,PC-USR0019-01,colleague3@dTA.org,,,usr0019@dTA.org,450000.0,
EML0003952,01/27/2026 12:58:41,USR0020,PC-USR0020-01,colleague5@dTA.org,,,usr0020@dTA.org,450000.0,
EML0003953,01/27/2026 14:52:14,USR0020,PC-USR0020-01,colleague2@dTA.org,,,usr0020@dTA.org,450000.0,memo.docx
EML0003954,01/27/2026 13:49:51,USR0020,PC-USR0020-01,colleague2@dTA.org,,,usr0020@dTA.org,450000.0,
EML0003955,01/27/2026 09:25:42,USR0020,PC-USR0020-01,colleague10@dTA.org,,,usr0020@dTA.org,450000.0,memo.docx
EML0003956,01/27/2026 15:52:41,USR0020,PC-USR0020-01,colleague6@dTA.org,,,usr0020@dTA.org,450000.0,
EML0003957,01/27/2026 16:46:54,USR0020,PC-USR0020-01,colleague9@dTA.org,,,usr0020@dTA.org,450000.0,
EML0003958,01/27/2026 10:10:10,USR0020,PC-USR0020-01,colleague9@dTA.org,,,usr0020@dTA.org,450000.0,
EML0003959,01/27/2026 10:47:35,USR0020,PC-USR0020-01,colleague5@dTA.org,,,usr0020@dTA.org,450000.0,
EML0003960,01/27/2026 14:43:52,USR0021,PC-USR0021-01,colleague6@dTA.org,,,usr0021@dTA.org,450000.0,
EML0003961,01/27/2026 12:43:07,USR0021,PC-USR0021-01,colleague4@dTA.org,,,usr0021@dTA.org,450000.0,
EML0003962,01/27/2026 11:58:10,USR0021,PC-USR0021-01,colleague7@dTA.org,,,usr0021@dTA.org,450000.0,memo.docx
EML0003963,01/27/2026 12:45:58,USR0021,PC-USR0021-01,colleague3@dTA.org,,,usr0021@dTA.org,450000.0,
EML0003964,01/27/2026 13:59:33,USR0021,PC-USR0021-01,colleague4@dTA.org,,,usr0021@dTA.org,450000.0,
EML0003965,01/27/2026 12:13:20,USR0021,PC-USR0021-01,colleague10@dTA.org,,,usr0021@dTA.org,450000.0,
EML0003966,01/27/2026 16:02:57,USR0022,PC-USR0022-01,colleague10@dTA.org,,,usr0022@dTA.org,450000.0,memo.docx
EML0003967,01/27/2026 09:16:12,USR0022,PC-USR0022-01,colleague9@dTA.org,,,usr0022@dTA.org,450000.0,
EML0003968,01/27/2026 11:02:00,USR0022,PC-USR0022-01,colleague7@dTA.org,,,usr0022@dTA.org,450000.0,
EML0003969,01/27/2026 14:32:07,USR0022,PC-USR0022-01,colleague10@dTA.org,,,usr0022@dTA.org,450000.0,
EML0003970,01/27/2026 11:49:20,USR0022,PC-USR0022-01,colleague10@dTA.org,,,usr0022@dTA.org,450000.0,
EML0003971,01/27/2026 09:56:31,USR0022,PC-USR0022-01,colleague3@dTA.org,,,usr0022@dTA.org,450000.0,
EML0003972,01/27/2026 11:26:48,USR0022,PC-USR0022-01,colleague10@dTA.org,,,usr0022@dTA.org,450000.0,
EML0003973,01/27/2026 15:25:38,USR0022,PC-USR0022-01,colleague6@dTA.org,,,usr0022@dTA.org,450000.0,memo.docx
EML0003974,01/27/2026 16:50:41,USR0023,PC-USR0023-01,colleague1@dTA.org,,,usr0023@dTA.org,450000.0,
EML0003975,01/27/2026 16:08:59,USR0023,PC-USR0023-01,colleague1@dTA.org,,,usr0023@dTA.org,450000.0,
EML0003976,01/27/2026 15:15:00,USR0023,PC-USR0023-01,colleague7@dTA.org,,,usr0023@dTA.org,450000.0,
EML0003977,01/27/2026 11:31:10,USR0023,PC-USR0023-01,colleague8@dTA.org,,,usr0023@dTA.org,450000.0,memo.docx
EML0003978,01/27/2026 12:18:07,USR0023,PC-USR0023-01,colleague2@dTA.org,,,usr0023@dTA.org,450000.0,memo.docx
EML0003979,01/27/2026 11:12:53,USR0023,PC-USR0023-01,colleague8@dTA.org,,,usr0023@dTA.org,450000.0,
EML0003980,01/27/2026 12:08:38,USR0023,PC-USR0023-01,colleague10@dTA.org,,,usr0023@dTA.org,450000.0,
EML0003981,01/27/2026 14:20:34,USR0023,PC-USR0023-01,colleague8@dTA.org,,,usr0023@dTA.org,450000.0,memo.docx
EML0003982,01/27/2026 16:57:08,USR0023,PC-USR0023-01,colleague5@dTA.org,,,usr0023@dTA.org,450000.0,
EML0003983,01/27/2026 12:12:33,USR0023,PC-USR0023-01,colleague8@dTA.org,,,usr0023@dTA.org,450000.0,
EML0003984,01/27/2026 16:00:19,USR0024,PC-USR0024-01,colleague8@dTA.org,,,usr0024@dTA.org,450000.0,
EML0003985,01/27/2026 14:02:16,USR0024,PC-USR0024-01,colleague7@dTA.org,,,usr0024@dTA.org,450000.0,
EML0003986,01/27/2026 12:06:21,USR0024,PC-USR0024-01,colleague1@dTA.org,,,usr0024@dTA.org,450000.0,
EML0003987,01/27/2026 12:55:17,USR0024,PC-USR0024-01,colleague6@dTA.org,,,usr0024@dTA.org,450000.0,memo.docx
EML0003988,01/27/2026 14:01:09,USR0024,PC-USR0024-01,colleague5@dTA.org,,,usr0024@dTA.org,450000.0,
EML0003989,01/27/2026 15:05:05,USR0025,PC-USR0025-01,colleague3@dTA.org,,,usr0025@dTA.org,450000.0,
EML0003990,01/27/2026 15:30:00,USR0025,PC-USR0025-01,colleague5@dTA.org,,,usr0025@dTA.org,450000.0,
EML0003991,01/27/2026 14:56:46,USR0025,PC-USR0025-01,colleague10@dTA.org,,,usr0025@dTA.org,450000.0,
EML0003992,01/27/2026 16:08:13,USR0025,PC-USR0025-01,colleague1@dTA.org,,,usr0025@dTA.org,450000.0,
EML0003993,01/28/2026 21:46:24,AAE0190,PC-AAE0190-01,colleague4@dTA.org,,,aae0190@dTA.org,450000.0,
EML0003994,01/28/2026 21:08:51,AAE0190,PC-AAE0190-01,alex_personal@gmail.com,,,aae0190@dTA.org,18500000.0,confidential_archive.zip;database_dump.sql
EML0003995,01/28/2026 21:28:49,AAE0190,PC-AAE0190-01,colleague4@dTA.org,,,aae0190@dTA.org,450000.0,
EML0003996,01/28/2026 21:21:29,AAE0190,PC-AAE0190-01,colleague8@dTA.org,,,aae0190@dTA.org,450000.0,
EML0003997,01/28/2026 22:27:14,AAE0190,PC-AAE0190-01,alex_personal@gmail.com,,,aae0190@dTA.org,18500000.0,confidential_archive.zip;database_dump.sql
EML0003998,01/28/2026 21:21:40,AAE0190,PC-AAE0190-01,alex_personal@gmail.com,,,aae0190@dTA.org,18500000.0,confidential_archive.zip;database_dump.sql
EML0003999,01/28/2026 23:38:52,AAE0190,PC-AAE0190-01,colleague7@dTA.org,,,aae0190@dTA.org,450000.0,memo.docx
EML0004000,01/28/2026 23:40:36,AAE0190,PC-AAE0190-01,alex_personal@gmail.com,,,aae0190@dTA.org,18500000.0,confidential_archive.zip;database_dump.sql
EML0004001,01/28/2026 21:11:55,AAE0190,PC-AAE0190-01,alex_personal@gmail.com,,,aae0190@dTA.org,18500000.0,confidential_archive.zip;database_dump.sql
EML0004002,01/28/2026 21:10:02,AAE0190,PC-AAE0190-01,alex_personal@gmail.com,,,aae0190@dTA.org,18500000.0,confidential_archive.zip;database_dump.sql
EML0004003,01/28/2026 22:49:22,AAE0190,PC-AAE0190-01,colleague7@dTA.org,,,aae0190@dTA.org,450000.0,
EML0004004,01/28/2026 21:45:00,AAE0190,PC-AAE0190-01,colleague9@dTA.org,,,aae0190@dTA.org,450000.0,
EML0004005,01/28/2026 21:05:25,AAE0190,PC-AAE0190-01,alex_personal@gmail.com,,,aae0190@dTA.org,18500000.0,confidential_archive.zip;database_dump.sql
EML0004006,01/28/2026 23:06:07,AAE0190,PC-AAE0190-01,colleague6@dTA.org,,,aae0190@dTA.org,450000.0,
EML0004007,01/28/2026 21:20:46,AAE0190,PC-AAE0190-01,alex_personal@gmail.com,,,aae0190@dTA.org,18500000.0,confidential_archive.zip;database_dump.sql
EML0004008,01/28/2026 23:29:12,AAE0190,PC-AAE0190-01,alex_personal@gmail.com,,,aae0190@dTA.org,18500000.0,confidential_archive.zip;database_dump.sql
EML0004009,01/28/2026 22:14:33,AAE0190,PC-AAE0190-01,colleague2@dTA.org,,,aae0190@dTA.org,450000.0,
EML0004010,01/28/2026 23:21:02,AAE0190,PC-AAE0190-01,alex_personal@gmail.com,,,aae0190@dTA.org,18500000.0,confidential_archive.zip;database_dump.sql
EML0004011,01/28/2026 23:37:54,AAE0190,PC-AAE0190-01,alex_personal@gmail.com,,,aae0190@dTA.org,18500000.0,confidential_archive.zip;database_dump.sql
EML0004012,01/28/2026 23:40:06,AAE0190,PC-AAE0190-01,colleague8@dTA.org,,,aae0190@dTA.org,450000.0,memo.docx
EML0004013,01/28/2026 21:11:02,AAE0190,PC-AAE0190-01,colleague6@dTA.org,,,aae0190@dTA.org,450000.0,
EML0004014,01/28/2026 23:23:40,AAE0190,PC-AAE0190-01,colleague6@dTA.org,,,aae0190@dTA.org,450000.0,
EML0004015,01/28/2026 22:15:55,AAE0190,PC-AAE0190-01,colleague7@dTA.org,,,aae0190@dTA.org,450000.0,
EML0004016,01/28/2026 21:26:09,AAE0190,PC-AAE0190-01,alex_personal@gmail.com,,,aae0190@dTA.org,18500000.0,confidential_archive.zip;database_dump.sql
EML0004017,01/28/2026 21:18:03,AAE0190,PC-AAE0190-01,alex_personal@gmail.com,,,aae0190@dTA.org,18500000.0,confidential_archive.zip;database_dump.sql
EML0004018,01/28/2026 23:05:02,AAE0190,PC-AAE0190-01,alex_personal@gmail.com,,,aae0190@dTA.org,18500000.0,confidential_archive.zip;database_dump.sql
EML0004019,01/28/2026 21:07:29,AAE0190,PC-AAE0190-01,colleague4@dTA.org,,,aae0190@dTA.org,450000.0,
EML0004020,01/28/2026 21:07:09,AAE0190,PC-AAE0190-01,colleague8@dTA.org,,,aae0190@dTA.org,450000.0,
EML0004021,01/28/2026 21:08:13,AAE0190,PC-AAE0190-01,colleague10@dTA.org,,,aae0190@dTA.org,450000.0,
EML0004022,01/28/2026 23:38:53,AAE0190,PC-AAE0190-01,alex_personal@gmail.com,,,aae0190@dTA.org,18500000.0,confidential_archive.zip;database_dump.sql
EML0004023,01/28/2026 23:56:09,AAE0190,PC-AAE0190-01,alex_personal@gmail.com,,,aae0190@dTA.org,18500000.0,confidential_archive.zip;database_dump.sql
EML0004024,01/28/2026 22:10:06,AAE0190,PC-AAE0190-01,alex_personal@gmail.com,,,aae0190@dTA.org,18500000.0,confidential_archive.zip;database_dump.sql
EML0004025,01/28/2026 23:54:39,AAE0190,PC-AAE0190-01,colleague1@dTA.org,,,aae0190@dTA.org,450000.0,
EML0004026,01/28/2026 22:12:24,AAE0190,PC-AAE0190-01,colleague10@dTA.org,,,aae0190@dTA.org,450000.0,memo.docx
EML0004027,01/28/2026 21:38:02,AAE0190,PC-AAE0190-01,colleague5@dTA.org,,,aae0190@dTA.org,450000.0,
EML0004028,01/28/2026 22:54:16,AAE0190,PC-AAE0190-01,colleague9@dTA.org,,,aae0190@dTA.org,450000.0,
EML0004029,01/28/2026 22:05:49,AAE0190,PC-AAE0190-01,colleague6@dTA.org,,,aae0190@dTA.org,450000.0,
EML0004030,01/28/2026 23:28:34,AAE0190,PC-AAE0190-01,alex_personal@gmail.com,,,aae0190@dTA.org,18500000.0,confidential_archive.zip;database_dump.sql
EML0004031,01/28/2026 22:26:47,AAE0190,PC-AAE0190-01,alex_personal@gmail.com,,,aae0190@dTA.org,18500000.0,confidential_archive.zip;database_dump.sql
EML0004032,01/28/2026 23:36:30,AAE0190,PC-AAE0190-01,colleague4@dTA.org,,,aae0190@dTA.org,450000.0,
EML0004033,01/28/2026 22:49:55,AAE0190,PC-AAE0190-01,colleague3@dTA.org,,,aae0190@dTA.org,450000.0,
EML0004034,01/28/2026 09:25:58,USR0002,PC-USR0002-01,colleague4@dTA.org,,,usr0002@dTA.org,450000.0,
EML0004035,01/28/2026 09:06:39,USR0002,PC-USR0002-01,colleague2@dTA.org,,,usr0002@dTA.org,450000.0,
EML0004036,01/28/2026 16:05:12,USR0002,PC-USR0002-01,colleague2@dTA.org,,,usr0002@dTA.org,450000.0,
EML0004037,01/28/2026 16:40:47,USR0002,PC-USR0002-01,colleague7@dTA.org,,,usr0002@dTA.org,450000.0,
EML0004038,01/28/2026 12:22:17,USR0002,PC-USR0002-01,colleague6@dTA.org,,,usr0002@dTA.org,450000.0,
EML0004039,01/28/2026 16:12:12,USR0002,PC-USR0002-01,colleague4@dTA.org,,,usr0002@dTA.org,450000.0,
EML0004040,01/28/2026 09:47:55,USR0002,PC-USR0002-01,colleague5@dTA.org,,,usr0002@dTA.org,450000.0,
EML0004041,01/28/2026 16:45:32,USR0002,PC-USR0002-01,colleague10@dTA.org,,,usr0002@dTA.org,450000.0,memo.docx
EML0004042,01/28/2026 12:13:34,USR0002,PC-USR0002-01,colleague1@dTA.org,,,usr0002@dTA.org,450000.0,
EML0004043,01/28/2026 16:00:34,USR0002,PC-USR0002-01,colleague4@dTA.org,,,usr0002@dTA.org,450000.0,
EML0004044,01/28/2026 16:54:00,USR0003,PC-USR0003-01,colleague5@dTA.org,,,usr0003@dTA.org,450000.0,
EML0004045,01/28/2026 14:04:40,USR0003,PC-USR0003-01,colleague8@dTA.org,,,usr0003@dTA.org,450000.0,
EML0004046,01/28/2026 16:05:11,USR0003,PC-USR0003-01,colleague6@dTA.org,,,usr0003@dTA.org,450000.0,
EML0004047,01/28/2026 14:47:07,USR0003,PC-USR0003-01,colleague9@dTA.org,,,usr0003@dTA.org,450000.0,
EML0004048,01/28/2026 09:05:09,USR0003,PC-USR0003-01,colleague7@dTA.org,,,usr0003@dTA.org,450000.0,memo.docx
EML0004049,01/28/2026 12:25:10,USR0003,PC-USR0003-01,colleague4@dTA.org,,,usr0003@dTA.org,450000.0,
EML0004050,01/28/2026 12:10:03,USR0003,PC-USR0003-01,colleague6@dTA.org,,,usr0003@dTA.org,450000.0,
EML0004051,01/28/2026 11:42:20,USR0003,PC-USR0003-01,colleague4@dTA.org,,,usr0003@dTA.org,450000.0,
EML0004052,01/28/2026 13:45:58,USR0003,PC-USR0003-01,colleague6@dTA.org,,,usr0003@dTA.org,450000.0,
EML0004053,01/28/2026 11:14:01,USR0003,PC-USR0003-01,colleague6@dTA.org,,,usr0003@dTA.org,450000.0,memo.docx
EML0004054,01/28/2026 09:53:42,USR0003,PC-USR0003-01,colleague8@dTA.org,,,usr0003@dTA.org,450000.0,
EML0004055,01/28/2026 12:52:59,USR0003,PC-USR0003-01,colleague6@dTA.org,,,usr0003@dTA.org,450000.0,
EML0004056,01/28/2026 12:59:37,USR0004,PC-USR0004-01,colleague4@dTA.org,,,usr0004@dTA.org,450000.0,
EML0004057,01/28/2026 12:20:51,USR0004,PC-USR0004-01,colleague4@dTA.org,,,usr0004@dTA.org,450000.0,
EML0004058,01/28/2026 11:44:38,USR0004,PC-USR0004-01,colleague8@dTA.org,,,usr0004@dTA.org,450000.0,
EML0004059,01/28/2026 14:02:48,USR0004,PC-USR0004-01,colleague9@dTA.org,,,usr0004@dTA.org,450000.0,
EML0004060,01/28/2026 16:36:38,USR0004,PC-USR0004-01,colleague9@dTA.org,,,usr0004@dTA.org,450000.0,
EML0004061,01/28/2026 16:45:19,USR0004,PC-USR0004-01,colleague5@dTA.org,,,usr0004@dTA.org,450000.0,
EML0004062,01/28/2026 14:35:48,USR0004,PC-USR0004-01,colleague2@dTA.org,,,usr0004@dTA.org,450000.0,
EML0004063,01/28/2026 15:51:07,USR0004,PC-USR0004-01,colleague9@dTA.org,,,usr0004@dTA.org,450000.0,
EML0004064,01/28/2026 16:09:56,USR0005,PC-USR0005-01,colleague1@dTA.org,,,usr0005@dTA.org,450000.0,
EML0004065,01/28/2026 10:41:25,USR0005,PC-USR0005-01,colleague1@dTA.org,,,usr0005@dTA.org,450000.0,
EML0004066,01/28/2026 09:35:18,USR0005,PC-USR0005-01,colleague3@dTA.org,,,usr0005@dTA.org,450000.0,
EML0004067,01/28/2026 14:25:42,USR0005,PC-USR0005-01,colleague10@dTA.org,,,usr0005@dTA.org,450000.0,
EML0004068,01/28/2026 11:20:52,USR0005,PC-USR0005-01,colleague8@dTA.org,,,usr0005@dTA.org,450000.0,
EML0004069,01/28/2026 11:08:12,USR0005,PC-USR0005-01,colleague9@dTA.org,,,usr0005@dTA.org,450000.0,
EML0004070,01/28/2026 14:39:52,USR0005,PC-USR0005-01,colleague7@dTA.org,,,usr0005@dTA.org,450000.0,
EML0004071,01/28/2026 12:27:16,USR0005,PC-USR0005-01,colleague4@dTA.org,,,usr0005@dTA.org,450000.0,
EML0004072,01/28/2026 12:01:43,USR0005,PC-USR0005-01,colleague8@dTA.org,,,usr0005@dTA.org,450000.0,memo.docx
EML0004073,01/28/2026 15:41:49,USR0005,PC-USR0005-01,colleague3@dTA.org,,,usr0005@dTA.org,450000.0,
EML0004074,01/28/2026 11:11:32,USR0005,PC-USR0005-01,colleague7@dTA.org,,,usr0005@dTA.org,450000.0,
EML0004075,01/28/2026 13:06:46,USR0006,PC-USR0006-01,colleague6@dTA.org,,,usr0006@dTA.org,450000.0,
EML0004076,01/28/2026 10:21:11,USR0006,PC-USR0006-01,colleague4@dTA.org,,,usr0006@dTA.org,450000.0,
EML0004077,01/28/2026 09:28:01,USR0006,PC-USR0006-01,colleague9@dTA.org,,,usr0006@dTA.org,450000.0,
EML0004078,01/28/2026 16:02:17,USR0006,PC-USR0006-01,colleague8@dTA.org,,,usr0006@dTA.org,450000.0,
EML0004079,01/28/2026 10:10:36,USR0006,PC-USR0006-01,colleague6@dTA.org,,,usr0006@dTA.org,450000.0,
EML0004080,01/28/2026 14:51:10,USR0007,PC-USR0007-01,colleague5@dTA.org,,,usr0007@dTA.org,450000.0,
EML0004081,01/28/2026 12:23:28,USR0007,PC-USR0007-01,colleague2@dTA.org,,,usr0007@dTA.org,450000.0,
EML0004082,01/28/2026 16:01:04,USR0007,PC-USR0007-01,colleague10@dTA.org,,,usr0007@dTA.org,450000.0,
EML0004083,01/28/2026 11:42:01,USR0007,PC-USR0007-01,colleague2@dTA.org,,,usr0007@dTA.org,450000.0,
EML0004084,01/28/2026 13:22:29,USR0007,PC-USR0007-01,colleague1@dTA.org,,,usr0007@dTA.org,450000.0,memo.docx
EML0004085,01/28/2026 15:18:28,USR0007,PC-USR0007-01,colleague1@dTA.org,,,usr0007@dTA.org,450000.0,memo.docx
EML0004086,01/28/2026 15:14:05,USR0007,PC-USR0007-01,colleague5@dTA.org,,,usr0007@dTA.org,450000.0,
EML0004087,01/28/2026 09:55:14,USR0007,PC-USR0007-01,colleague4@dTA.org,,,usr0007@dTA.org,450000.0,memo.docx
EML0004088,01/28/2026 12:35:21,USR0008,PC-USR0008-01,colleague8@dTA.org,,,usr0008@dTA.org,450000.0,
EML0004089,01/28/2026 09:44:01,USR0008,PC-USR0008-01,colleague7@dTA.org,,,usr0008@dTA.org,450000.0,
EML0004090,01/28/2026 12:39:23,USR0008,PC-USR0008-01,colleague5@dTA.org,,,usr0008@dTA.org,450000.0,
EML0004091,01/28/2026 11:05:26,USR0008,PC-USR0008-01,colleague1@dTA.org,,,usr0008@dTA.org,450000.0,memo.docx
EML0004092,01/28/2026 16:49:30,USR0008,PC-USR0008-01,colleague4@dTA.org,,,usr0008@dTA.org,450000.0,
EML0004093,01/28/2026 15:05:44,USR0009,PC-USR0009-01,colleague4@dTA.org,,,usr0009@dTA.org,450000.0,
EML0004094,01/28/2026 10:29:49,USR0009,PC-USR0009-01,colleague7@dTA.org,,,usr0009@dTA.org,450000.0,
EML0004095,01/28/2026 09:18:18,USR0009,PC-USR0009-01,colleague1@dTA.org,,,usr0009@dTA.org,450000.0,
EML0004096,01/28/2026 09:21:36,USR0009,PC-USR0009-01,colleague8@dTA.org,,,usr0009@dTA.org,450000.0,
EML0004097,01/28/2026 10:07:20,USR0009,PC-USR0009-01,colleague9@dTA.org,,,usr0009@dTA.org,450000.0,
EML0004098,01/28/2026 14:37:47,USR0010,PC-USR0010-01,colleague10@dTA.org,,,usr0010@dTA.org,450000.0,
EML0004099,01/28/2026 13:04:35,USR0010,PC-USR0010-01,colleague8@dTA.org,,,usr0010@dTA.org,450000.0,
EML0004100,01/28/2026 16:43:59,USR0010,PC-USR0010-01,colleague6@dTA.org,,,usr0010@dTA.org,450000.0,
EML0004101,01/28/2026 09:45:10,USR0010,PC-USR0010-01,colleague1@dTA.org,,,usr0010@dTA.org,450000.0,
EML0004102,01/28/2026 12:57:33,USR0010,PC-USR0010-01,colleague6@dTA.org,,,usr0010@dTA.org,450000.0,memo.docx
EML0004103,01/28/2026 15:59:37,USR0010,PC-USR0010-01,colleague6@dTA.org,,,usr0010@dTA.org,450000.0,memo.docx
EML0004104,01/28/2026 15:33:19,USR0010,PC-USR0010-01,colleague4@dTA.org,,,usr0010@dTA.org,450000.0,
EML0004105,01/28/2026 14:49:21,USR0010,PC-USR0010-01,colleague4@dTA.org,,,usr0010@dTA.org,450000.0,
EML0004106,01/28/2026 13:13:18,USR0010,PC-USR0010-01,colleague10@dTA.org,,,usr0010@dTA.org,450000.0,
EML0004107,01/28/2026 14:59:46,USR0010,PC-USR0010-01,colleague7@dTA.org,,,usr0010@dTA.org,450000.0,
EML0004108,01/28/2026 11:48:48,USR0010,PC-USR0010-01,colleague6@dTA.org,,,usr0010@dTA.org,450000.0,
EML0004109,01/28/2026 09:38:00,USR0010,PC-USR0010-01,colleague9@dTA.org,,,usr0010@dTA.org,450000.0,
EML0004110,01/28/2026 12:56:42,USR0011,PC-USR0011-01,colleague4@dTA.org,,,usr0011@dTA.org,450000.0,
EML0004111,01/28/2026 13:19:23,USR0011,PC-USR0011-01,colleague1@dTA.org,,,usr0011@dTA.org,450000.0,
EML0004112,01/28/2026 09:27:12,USR0011,PC-USR0011-01,colleague10@dTA.org,,,usr0011@dTA.org,450000.0,
EML0004113,01/28/2026 15:19:11,USR0011,PC-USR0011-01,colleague6@dTA.org,,,usr0011@dTA.org,450000.0,
EML0004114,01/28/2026 15:26:27,USR0012,PC-USR0012-01,colleague10@dTA.org,,,usr0012@dTA.org,450000.0,
EML0004115,01/28/2026 11:37:18,USR0012,PC-USR0012-01,colleague10@dTA.org,,,usr0012@dTA.org,450000.0,
EML0004116,01/28/2026 14:08:11,USR0012,PC-USR0012-01,colleague10@dTA.org,,,usr0012@dTA.org,450000.0,
EML0004117,01/28/2026 14:05:49,USR0012,PC-USR0012-01,colleague8@dTA.org,,,usr0012@dTA.org,450000.0,
EML0004118,01/28/2026 15:58:28,USR0013,PC-USR0013-01,colleague7@dTA.org,,,usr0013@dTA.org,450000.0,
EML0004119,01/28/2026 16:58:20,USR0013,PC-USR0013-01,colleague1@dTA.org,,,usr0013@dTA.org,450000.0,memo.docx
EML0004120,01/28/2026 16:00:45,USR0013,PC-USR0013-01,colleague4@dTA.org,,,usr0013@dTA.org,450000.0,
EML0004121,01/28/2026 13:15:53,USR0013,PC-USR0013-01,colleague2@dTA.org,,,usr0013@dTA.org,450000.0,
EML0004122,01/28/2026 11:54:01,USR0013,PC-USR0013-01,colleague9@dTA.org,,,usr0013@dTA.org,450000.0,
EML0004123,01/28/2026 12:27:22,USR0013,PC-USR0013-01,colleague4@dTA.org,,,usr0013@dTA.org,450000.0,
EML0004124,01/28/2026 11:04:38,USR0013,PC-USR0013-01,colleague10@dTA.org,,,usr0013@dTA.org,450000.0,
EML0004125,01/28/2026 09:53:42,USR0013,PC-USR0013-01,colleague10@dTA.org,,,usr0013@dTA.org,450000.0,
EML0004126,01/28/2026 13:13:27,USR0013,PC-USR0013-01,colleague9@dTA.org,,,usr0013@dTA.org,450000.0,
EML0004127,01/28/2026 11:45:37,USR0013,PC-USR0013-01,colleague1@dTA.org,,,usr0013@dTA.org,450000.0,
EML0004128,01/28/2026 14:54:02,USR0013,PC-USR0013-01,colleague10@dTA.org,,,usr0013@dTA.org,450000.0,
EML0004129,01/28/2026 12:07:02,USR0014,PC-USR0014-01,colleague1@dTA.org,,,usr0014@dTA.org,450000.0,
EML0004130,01/28/2026 14:25:49,USR0014,PC-USR0014-01,colleague3@dTA.org,,,usr0014@dTA.org,450000.0,memo.docx
EML0004131,01/28/2026 11:43:59,USR0014,PC-USR0014-01,colleague1@dTA.org,,,usr0014@dTA.org,450000.0,
EML0004132,01/28/2026 14:53:55,USR0014,PC-USR0014-01,colleague1@dTA.org,,,usr0014@dTA.org,450000.0,
EML0004133,01/28/2026 15:26:46,USR0014,PC-USR0014-01,colleague2@dTA.org,,,usr0014@dTA.org,450000.0,
EML0004134,01/28/2026 15:33:42,USR0014,PC-USR0014-01,colleague8@dTA.org,,,usr0014@dTA.org,450000.0,memo.docx
EML0004135,01/28/2026 12:12:34,USR0014,PC-USR0014-01,colleague10@dTA.org,,,usr0014@dTA.org,450000.0,
EML0004136,01/28/2026 13:29:31,USR0014,PC-USR0014-01,colleague10@dTA.org,,,usr0014@dTA.org,450000.0,
EML0004137,01/28/2026 11:12:27,USR0015,PC-USR0015-01,colleague7@dTA.org,,,usr0015@dTA.org,450000.0,
EML0004138,01/28/2026 10:48:11,USR0015,PC-USR0015-01,colleague8@dTA.org,,,usr0015@dTA.org,450000.0,memo.docx
EML0004139,01/28/2026 13:33:28,USR0015,PC-USR0015-01,colleague2@dTA.org,,,usr0015@dTA.org,450000.0,
EML0004140,01/28/2026 10:01:46,USR0015,PC-USR0015-01,colleague7@dTA.org,,,usr0015@dTA.org,450000.0,
EML0004141,01/28/2026 10:24:21,USR0015,PC-USR0015-01,colleague1@dTA.org,,,usr0015@dTA.org,450000.0,
EML0004142,01/28/2026 15:16:34,USR0015,PC-USR0015-01,colleague1@dTA.org,,,usr0015@dTA.org,450000.0,
EML0004143,01/28/2026 15:27:50,USR0015,PC-USR0015-01,colleague2@dTA.org,,,usr0015@dTA.org,450000.0,
EML0004144,01/28/2026 11:32:13,USR0015,PC-USR0015-01,colleague3@dTA.org,,,usr0015@dTA.org,450000.0,memo.docx
EML0004145,01/28/2026 16:23:53,USR0015,PC-USR0015-01,colleague4@dTA.org,,,usr0015@dTA.org,450000.0,
EML0004146,01/28/2026 09:12:01,USR0015,PC-USR0015-01,colleague6@dTA.org,,,usr0015@dTA.org,450000.0,
EML0004147,01/28/2026 13:10:03,USR0015,PC-USR0015-01,colleague5@dTA.org,,,usr0015@dTA.org,450000.0,
EML0004148,01/28/2026 16:08:19,USR0016,PC-USR0016-01,colleague9@dTA.org,,,usr0016@dTA.org,450000.0,
EML0004149,01/28/2026 11:31:22,USR0016,PC-USR0016-01,colleague9@dTA.org,,,usr0016@dTA.org,450000.0,
EML0004150,01/28/2026 12:18:22,USR0016,PC-USR0016-01,colleague7@dTA.org,,,usr0016@dTA.org,450000.0,
EML0004151,01/28/2026 12:58:12,USR0016,PC-USR0016-01,colleague1@dTA.org,,,usr0016@dTA.org,450000.0,
EML0004152,01/28/2026 14:50:54,USR0016,PC-USR0016-01,colleague2@dTA.org,,,usr0016@dTA.org,450000.0,
EML0004153,01/28/2026 11:33:48,USR0016,PC-USR0016-01,colleague6@dTA.org,,,usr0016@dTA.org,450000.0,
EML0004154,01/28/2026 13:25:44,USR0016,PC-USR0016-01,colleague8@dTA.org,,,usr0016@dTA.org,450000.0,
EML0004155,01/28/2026 10:29:36,USR0016,PC-USR0016-01,colleague8@dTA.org,,,usr0016@dTA.org,450000.0,
EML0004156,01/28/2026 13:23:39,USR0017,PC-USR0017-01,colleague7@dTA.org,,,usr0017@dTA.org,450000.0,memo.docx
EML0004157,01/28/2026 11:18:55,USR0017,PC-USR0017-01,colleague3@dTA.org,,,usr0017@dTA.org,450000.0,
EML0004158,01/28/2026 14:25:55,USR0017,PC-USR0017-01,colleague3@dTA.org,,,usr0017@dTA.org,450000.0,
EML0004159,01/28/2026 14:38:38,USR0017,PC-USR0017-01,colleague6@dTA.org,,,usr0017@dTA.org,450000.0,
EML0004160,01/28/2026 09:54:05,USR0017,PC-USR0017-01,colleague6@dTA.org,,,usr0017@dTA.org,450000.0,
EML0004161,01/28/2026 11:02:36,USR0017,PC-USR0017-01,colleague3@dTA.org,,,usr0017@dTA.org,450000.0,
EML0004162,01/28/2026 12:45:14,USR0018,PC-USR0018-01,colleague10@dTA.org,,,usr0018@dTA.org,450000.0,
EML0004163,01/28/2026 10:36:32,USR0018,PC-USR0018-01,colleague1@dTA.org,,,usr0018@dTA.org,450000.0,
EML0004164,01/28/2026 13:10:42,USR0018,PC-USR0018-01,colleague5@dTA.org,,,usr0018@dTA.org,450000.0,
EML0004165,01/28/2026 11:58:02,USR0018,PC-USR0018-01,colleague10@dTA.org,,,usr0018@dTA.org,450000.0,memo.docx
EML0004166,01/28/2026 09:20:31,USR0018,PC-USR0018-01,colleague9@dTA.org,,,usr0018@dTA.org,450000.0,
EML0004167,01/28/2026 11:02:35,USR0018,PC-USR0018-01,colleague9@dTA.org,,,usr0018@dTA.org,450000.0,
EML0004168,01/28/2026 14:30:59,USR0018,PC-USR0018-01,colleague8@dTA.org,,,usr0018@dTA.org,450000.0,
EML0004169,01/28/2026 09:31:29,USR0018,PC-USR0018-01,colleague5@dTA.org,,,usr0018@dTA.org,450000.0,memo.docx
EML0004170,01/28/2026 15:00:29,USR0018,PC-USR0018-01,colleague10@dTA.org,,,usr0018@dTA.org,450000.0,
EML0004171,01/28/2026 16:39:46,USR0018,PC-USR0018-01,colleague7@dTA.org,,,usr0018@dTA.org,450000.0,
EML0004172,01/28/2026 13:16:29,USR0019,PC-USR0019-01,colleague8@dTA.org,,,usr0019@dTA.org,450000.0,
EML0004173,01/28/2026 14:47:34,USR0019,PC-USR0019-01,colleague10@dTA.org,,,usr0019@dTA.org,450000.0,
EML0004174,01/28/2026 16:44:53,USR0019,PC-USR0019-01,colleague9@dTA.org,,,usr0019@dTA.org,450000.0,memo.docx
EML0004175,01/28/2026 15:47:26,USR0019,PC-USR0019-01,colleague1@dTA.org,,,usr0019@dTA.org,450000.0,
EML0004176,01/28/2026 15:31:13,USR0019,PC-USR0019-01,colleague6@dTA.org,,,usr0019@dTA.org,450000.0,memo.docx
EML0004177,01/28/2026 14:50:02,USR0019,PC-USR0019-01,colleague6@dTA.org,,,usr0019@dTA.org,450000.0,
EML0004178,01/28/2026 12:44:15,USR0019,PC-USR0019-01,colleague10@dTA.org,,,usr0019@dTA.org,450000.0,
EML0004179,01/28/2026 12:11:59,USR0019,PC-USR0019-01,colleague6@dTA.org,,,usr0019@dTA.org,450000.0,
EML0004180,01/28/2026 13:20:14,USR0019,PC-USR0019-01,colleague7@dTA.org,,,usr0019@dTA.org,450000.0,
EML0004181,01/28/2026 15:43:02,USR0019,PC-USR0019-01,colleague1@dTA.org,,,usr0019@dTA.org,450000.0,
EML0004182,01/28/2026 09:30:33,USR0019,PC-USR0019-01,colleague4@dTA.org,,,usr0019@dTA.org,450000.0,memo.docx
EML0004183,01/28/2026 10:52:09,USR0019,PC-USR0019-01,colleague6@dTA.org,,,usr0019@dTA.org,450000.0,
EML0004184,01/28/2026 11:54:43,USR0020,PC-USR0020-01,colleague10@dTA.org,,,usr0020@dTA.org,450000.0,
EML0004185,01/28/2026 13:59:42,USR0020,PC-USR0020-01,colleague8@dTA.org,,,usr0020@dTA.org,450000.0,
EML0004186,01/28/2026 11:26:50,USR0020,PC-USR0020-01,colleague3@dTA.org,,,usr0020@dTA.org,450000.0,
EML0004187,01/28/2026 16:30:24,USR0020,PC-USR0020-01,colleague9@dTA.org,,,usr0020@dTA.org,450000.0,
EML0004188,01/28/2026 14:07:57,USR0020,PC-USR0020-01,colleague9@dTA.org,,,usr0020@dTA.org,450000.0,
EML0004189,01/28/2026 12:24:11,USR0020,PC-USR0020-01,colleague10@dTA.org,,,usr0020@dTA.org,450000.0,
EML0004190,01/28/2026 11:37:46,USR0020,PC-USR0020-01,colleague1@dTA.org,,,usr0020@dTA.org,450000.0,memo.docx
EML0004191,01/28/2026 12:02:44,USR0020,PC-USR0020-01,colleague4@dTA.org,,,usr0020@dTA.org,450000.0,
EML0004192,01/28/2026 12:31:46,USR0020,PC-USR0020-01,colleague8@dTA.org,,,usr0020@dTA.org,450000.0,
EML0004193,01/28/2026 13:04:38,USR0020,PC-USR0020-01,colleague3@dTA.org,,,usr0020@dTA.org,450000.0,
EML0004194,01/28/2026 16:57:33,USR0021,PC-USR0021-01,colleague6@dTA.org,,,usr0021@dTA.org,450000.0,
EML0004195,01/28/2026 15:00:00,USR0021,PC-USR0021-01,colleague5@dTA.org,,,usr0021@dTA.org,450000.0,
EML0004196,01/28/2026 09:32:28,USR0021,PC-USR0021-01,colleague9@dTA.org,,,usr0021@dTA.org,450000.0,
EML0004197,01/28/2026 09:14:59,USR0021,PC-USR0021-01,colleague1@dTA.org,,,usr0021@dTA.org,450000.0,
EML0004198,01/28/2026 15:01:44,USR0021,PC-USR0021-01,colleague6@dTA.org,,,usr0021@dTA.org,450000.0,
EML0004199,01/28/2026 16:49:19,USR0021,PC-USR0021-01,colleague10@dTA.org,,,usr0021@dTA.org,450000.0,
EML0004200,01/28/2026 10:32:59,USR0021,PC-USR0021-01,colleague10@dTA.org,,,usr0021@dTA.org,450000.0,
EML0004201,01/28/2026 16:55:07,USR0021,PC-USR0021-01,colleague5@dTA.org,,,usr0021@dTA.org,450000.0,
EML0004202,01/28/2026 10:34:58,USR0021,PC-USR0021-01,colleague6@dTA.org,,,usr0021@dTA.org,450000.0,memo.docx
EML0004203,01/28/2026 15:16:54,USR0021,PC-USR0021-01,colleague5@dTA.org,,,usr0021@dTA.org,450000.0,
EML0004204,01/28/2026 16:00:47,USR0021,PC-USR0021-01,colleague1@dTA.org,,,usr0021@dTA.org,450000.0,
EML0004205,01/28/2026 13:51:34,USR0022,PC-USR0022-01,colleague4@dTA.org,,,usr0022@dTA.org,450000.0,memo.docx
EML0004206,01/28/2026 16:17:56,USR0022,PC-USR0022-01,colleague3@dTA.org,,,usr0022@dTA.org,450000.0,
EML0004207,01/28/2026 14:48:50,USR0022,PC-USR0022-01,colleague2@dTA.org,,,usr0022@dTA.org,450000.0,
EML0004208,01/28/2026 15:43:37,USR0022,PC-USR0022-01,colleague5@dTA.org,,,usr0022@dTA.org,450000.0,
EML0004209,01/28/2026 10:33:00,USR0022,PC-USR0022-01,colleague5@dTA.org,,,usr0022@dTA.org,450000.0,
EML0004210,01/28/2026 09:05:36,USR0022,PC-USR0022-01,colleague4@dTA.org,,,usr0022@dTA.org,450000.0,
EML0004211,01/28/2026 14:47:03,USR0022,PC-USR0022-01,colleague8@dTA.org,,,usr0022@dTA.org,450000.0,memo.docx
EML0004212,01/28/2026 09:43:39,USR0022,PC-USR0022-01,colleague10@dTA.org,,,usr0022@dTA.org,450000.0,memo.docx
EML0004213,01/28/2026 14:53:06,USR0023,PC-USR0023-01,colleague8@dTA.org,,,usr0023@dTA.org,450000.0,
EML0004214,01/28/2026 12:24:10,USR0023,PC-USR0023-01,colleague8@dTA.org,,,usr0023@dTA.org,450000.0,
EML0004215,01/28/2026 10:08:20,USR0023,PC-USR0023-01,colleague2@dTA.org,,,usr0023@dTA.org,450000.0,memo.docx
EML0004216,01/28/2026 09:28:59,USR0023,PC-USR0023-01,colleague7@dTA.org,,,usr0023@dTA.org,450000.0,
EML0004217,01/28/2026 11:59:46,USR0024,PC-USR0024-01,colleague7@dTA.org,,,usr0024@dTA.org,450000.0,
EML0004218,01/28/2026 16:48:18,USR0024,PC-USR0024-01,colleague2@dTA.org,,,usr0024@dTA.org,450000.0,
EML0004219,01/28/2026 10:15:01,USR0024,PC-USR0024-01,colleague10@dTA.org,,,usr0024@dTA.org,450000.0,memo.docx
EML0004220,01/28/2026 13:17:01,USR0024,PC-USR0024-01,colleague3@dTA.org,,,usr0024@dTA.org,450000.0,
EML0004221,01/28/2026 09:52:28,USR0024,PC-USR0024-01,colleague1@dTA.org,,,usr0024@dTA.org,450000.0,
EML0004222,01/28/2026 16:18:01,USR0024,PC-USR0024-01,colleague1@dTA.org,,,usr0024@dTA.org,450000.0,
EML0004223,01/28/2026 13:15:52,USR0024,PC-USR0024-01,colleague8@dTA.org,,,usr0024@dTA.org,450000.0,
EML0004224,01/28/2026 14:05:13,USR0024,PC-USR0024-01,colleague7@dTA.org,,,usr0024@dTA.org,450000.0,memo.docx
EML0004225,01/28/2026 11:54:12,USR0024,PC-USR0024-01,colleague6@dTA.org,,,usr0024@dTA.org,450000.0,
EML0004226,01/28/2026 12:54:59,USR0024,PC-USR0024-01,colleague3@dTA.org,,,usr0024@dTA.org,450000.0,
EML0004227,01/28/2026 14:36:26,USR0025,PC-USR0025-01,colleague2@dTA.org,,,usr0025@dTA.org,450000.0,memo.docx
EML0004228,01/28/2026 14:54:13,USR0025,PC-USR0025-01,colleague5@dTA.org,,,usr0025@dTA.org,450000.0,memo.docx
EML0004229,01/28/2026 15:23:19,USR0025,PC-USR0025-01,colleague5@dTA.org,,,usr0025@dTA.org,450000.0,
EML0004230,01/28/2026 15:30:30,USR0025,PC-USR0025-01,colleague8@dTA.org,,,usr0025@dTA.org,450000.0,memo.docx
EML0004231,01/28/2026 15:06:28,USR0025,PC-USR0025-01,colleague1@dTA.org,,,usr0025@dTA.org,450000.0,
EML0004232,01/28/2026 12:38:44,USR0025,PC-USR0025-01,colleague10@dTA.org,,,usr0025@dTA.org,450000.0,
EML0004233,01/28/2026 10:41:23,USR0025,PC-USR0025-01,colleague1@dTA.org,,,usr0025@dTA.org,450000.0,
EML0004234,01/28/2026 14:00:32,USR0025,PC-USR0025-01,colleague9@dTA.org,,,usr0025@dTA.org,450000.0,
EML0004235,01/28/2026 11:11:29,USR0025,PC-USR0025-01,colleague9@dTA.org,,,usr0025@dTA.org,450000.0,
EML0004236,01/28/2026 15:16:52,USR0025,PC-USR0025-01,colleague7@dTA.org,,,usr0025@dTA.org,450000.0,
EML0004237,01/28/2026 13:14:47,USR0025,PC-USR0025-01,colleague6@dTA.org,,,usr0025@dTA.org,450000.0,
EML0004238,01/29/2026 22:32:02,AAE0190,PC-AAE0190-01,colleague4@dTA.org,,,aae0190@dTA.org,450000.0,
EML0004239,01/29/2026 21:45:36,AAE0190,PC-AAE0190-01,alex_personal@gmail.com,,,aae0190@dTA.org,18500000.0,confidential_archive.zip;database_dump.sql
EML0004240,01/29/2026 21:35:54,AAE0190,PC-AAE0190-01,colleague5@dTA.org,,,aae0190@dTA.org,450000.0,
EML0004241,01/29/2026 21:44:35,AAE0190,PC-AAE0190-01,colleague6@dTA.org,,,aae0190@dTA.org,450000.0,
EML0004242,01/29/2026 23:51:21,AAE0190,PC-AAE0190-01,colleague5@dTA.org,,,aae0190@dTA.org,450000.0,
EML0004243,01/29/2026 22:38:59,AAE0190,PC-AAE0190-01,alex_personal@gmail.com,,,aae0190@dTA.org,18500000.0,confidential_archive.zip;database_dump.sql
EML0004244,01/29/2026 22:42:52,AAE0190,PC-AAE0190-01,colleague5@dTA.org,,,aae0190@dTA.org,450000.0,
EML0004245,01/29/2026 21:17:55,AAE0190,PC-AAE0190-01,colleague10@dTA.org,,,aae0190@dTA.org,450000.0,
EML0004246,01/29/2026 21:22:27,AAE0190,PC-AAE0190-01,colleague2@dTA.org,,,aae0190@dTA.org,450000.0,
EML0004247,01/29/2026 22:51:25,AAE0190,PC-AAE0190-01,colleague7@dTA.org,,,aae0190@dTA.org,450000.0,
EML0004248,01/29/2026 22:07:02,AAE0190,PC-AAE0190-01,alex_personal@gmail.com,,,aae0190@dTA.org,18500000.0,confidential_archive.zip;database_dump.sql
EML0004249,01/29/2026 22:06:08,AAE0190,PC-AAE0190-01,colleague2@dTA.org,,,aae0190@dTA.org,450000.0,
EML0004250,01/29/2026 21:24:44,AAE0190,PC-AAE0190-01,alex_personal@gmail.com,,,aae0190@dTA.org,18500000.0,confidential_archive.zip;database_dump.sql
EML0004251,01/29/2026 22:53:13,AAE0190,PC-AAE0190-01,alex_personal@gmail.com,,,aae0190@dTA.org,18500000.0,confidential_archive.zip;database_dump.sql
EML0004252,01/29/2026 21:56:55,AAE0190,PC-AAE0190-01,colleague5@dTA.org,,,aae0190@dTA.org,450000.0,
EML0004253,01/29/2026 22:51:00,AAE0190,PC-AAE0190-01,alex_personal@gmail.com,,,aae0190@dTA.org,18500000.0,confidential_archive.zip;database_dump.sql
EML0004254,01/29/2026 21:56:12,AAE0190,PC-AAE0190-01,colleague6@dTA.org,,,aae0190@dTA.org,450000.0,memo.docx
EML0004255,01/29/2026 23:21:37,AAE0190,PC-AAE0190-01,colleague4@dTA.org,,,aae0190@dTA.org,450000.0,memo.docx
EML0004256,01/29/2026 23:19:14,AAE0190,PC-AAE0190-01,colleague4@dTA.org,,,aae0190@dTA.org,450000.0,
EML0004257,01/29/2026 23:56:09,AAE0190,PC-AAE0190-01,colleague6@dTA.org,,,aae0190@dTA.org,450000.0,
EML0004258,01/29/2026 22:13:06,AAE0190,PC-AAE0190-01,alex_personal@gmail.com,,,aae0190@dTA.org,18500000.0,confidential_archive.zip;database_dump.sql
EML0004259,01/29/2026 21:13:02,AAE0190,PC-AAE0190-01,colleague8@dTA.org,,,aae0190@dTA.org,450000.0,memo.docx
EML0004260,01/29/2026 22:29:16,AAE0190,PC-AAE0190-01,colleague6@dTA.org,,,aae0190@dTA.org,450000.0,
EML0004261,01/29/2026 23:34:19,AAE0190,PC-AAE0190-01,colleague7@dTA.org,,,aae0190@dTA.org,450000.0,
EML0004262,01/29/2026 23:02:11,AAE0190,PC-AAE0190-01,colleague6@dTA.org,,,aae0190@dTA.org,450000.0,
EML0004263,01/29/2026 21:34:38,AAE0190,PC-AAE0190-01,alex_personal@gmail.com,,,aae0190@dTA.org,18500000.0,confidential_archive.zip;database_dump.sql
EML0004264,01/29/2026 22:08:07,AAE0190,PC-AAE0190-01,colleague7@dTA.org,,,aae0190@dTA.org,450000.0,
EML0004265,01/29/2026 23:11:40,AAE0190,PC-AAE0190-01,colleague8@dTA.org,,,aae0190@dTA.org,450000.0,
EML0004266,01/29/2026 21:11:35,AAE0190,PC-AAE0190-01,colleague3@dTA.org,,,aae0190@dTA.org,450000.0,
EML0004267,01/29/2026 22:04:22,AAE0190,PC-AAE0190-01,colleague1@dTA.org,,,aae0190@dTA.org,450000.0,
EML0004268,01/29/2026 23:06:04,AAE0190,PC-AAE0190-01,alex_personal@gmail.com,,,aae0190@dTA.org,18500000.0,confidential_archive.zip;database_dump.sql
EML0004269,01/29/2026 22:49:59,AAE0190,PC-AAE0190-01,alex_personal@gmail.com,,,aae0190@dTA.org,18500000.0,confidential_archive.zip;database_dump.sql
EML0004270,01/29/2026 22:05:19,AAE0190,PC-AAE0190-01,alex_personal@gmail.com,,,aae0190@dTA.org,18500000.0,confidential_archive.zip;database_dump.sql
EML0004271,01/29/2026 22:26:34,AAE0190,PC-AAE0190-01,colleague5@dTA.org,,,aae0190@dTA.org,450000.0,memo.docx
EML0004272,01/29/2026 21:37:33,AAE0190,PC-AAE0190-01,colleague10@dTA.org,,,aae0190@dTA.org,450000.0,
EML0004273,01/29/2026 23:57:29,AAE0190,PC-AAE0190-01,colleague6@dTA.org,,,aae0190@dTA.org,450000.0,
EML0004274,01/29/2026 22:53:53,AAE0190,PC-AAE0190-01,colleague7@dTA.org,,,aae0190@dTA.org,450000.0,memo.docx
EML0004275,01/29/2026 21:39:28,AAE0190,PC-AAE0190-01,colleague8@dTA.org,,,aae0190@dTA.org,450000.0,
EML0004276,01/29/2026 22:11:25,AAE0190,PC-AAE0190-01,colleague7@dTA.org,,,aae0190@dTA.org,450000.0,
EML0004277,01/29/2026 23:59:28,AAE0190,PC-AAE0190-01,alex_personal@gmail.com,,,aae0190@dTA.org,18500000.0,confidential_archive.zip;database_dump.sql
EML0004278,01/29/2026 13:49:18,USR0002,PC-USR0002-01,colleague4@dTA.org,,,usr0002@dTA.org,450000.0,
EML0004279,01/29/2026 12:35:33,USR0002,PC-USR0002-01,colleague9@dTA.org,,,usr0002@dTA.org,450000.0,
EML0004280,01/29/2026 16:20:32,USR0002,PC-USR0002-01,colleague10@dTA.org,,,usr0002@dTA.org,450000.0,
EML0004281,01/29/2026 10:42:06,USR0002,PC-USR0002-01,colleague5@dTA.org,,,usr0002@dTA.org,450000.0,memo.docx
EML0004282,01/29/2026 09:25:57,USR0002,PC-USR0002-01,colleague1@dTA.org,,,usr0002@dTA.org,450000.0,
EML0004283,01/29/2026 11:57:27,USR0002,PC-USR0002-01,colleague6@dTA.org,,,usr0002@dTA.org,450000.0,memo.docx
EML0004284,01/29/2026 14:01:46,USR0002,PC-USR0002-01,colleague1@dTA.org,,,usr0002@dTA.org,450000.0,
EML0004285,01/29/2026 13:17:22,USR0002,PC-USR0002-01,colleague9@dTA.org,,,usr0002@dTA.org,450000.0,
EML0004286,01/29/2026 11:18:31,USR0002,PC-USR0002-01,colleague9@dTA.org,,,usr0002@dTA.org,450000.0,memo.docx
EML0004287,01/29/2026 15:35:56,USR0002,PC-USR0002-01,colleague3@dTA.org,,,usr0002@dTA.org,450000.0,
EML0004288,01/29/2026 14:06:41,USR0002,PC-USR0002-01,colleague7@dTA.org,,,usr0002@dTA.org,450000.0,
EML0004289,01/29/2026 10:49:56,USR0002,PC-USR0002-01,colleague7@dTA.org,,,usr0002@dTA.org,450000.0,
EML0004290,01/29/2026 10:36:35,USR0003,PC-USR0003-01,colleague9@dTA.org,,,usr0003@dTA.org,450000.0,
EML0004291,01/29/2026 16:29:32,USR0003,PC-USR0003-01,colleague5@dTA.org,,,usr0003@dTA.org,450000.0,
EML0004292,01/29/2026 14:36:47,USR0003,PC-USR0003-01,colleague6@dTA.org,,,usr0003@dTA.org,450000.0,
EML0004293,01/29/2026 14:10:22,USR0003,PC-USR0003-01,colleague6@dTA.org,,,usr0003@dTA.org,450000.0,memo.docx
EML0004294,01/29/2026 14:19:43,USR0003,PC-USR0003-01,colleague3@dTA.org,,,usr0003@dTA.org,450000.0,
EML0004295,01/29/2026 15:55:12,USR0003,PC-USR0003-01,colleague4@dTA.org,,,usr0003@dTA.org,450000.0,
EML0004296,01/29/2026 13:59:21,USR0003,PC-USR0003-01,colleague2@dTA.org,,,usr0003@dTA.org,450000.0,
EML0004297,01/29/2026 16:25:19,USR0003,PC-USR0003-01,colleague10@dTA.org,,,usr0003@dTA.org,450000.0,
EML0004298,01/29/2026 14:51:29,USR0003,PC-USR0003-01,colleague1@dTA.org,,,usr0003@dTA.org,450000.0,
EML0004299,01/29/2026 10:44:30,USR0003,PC-USR0003-01,colleague5@dTA.org,,,usr0003@dTA.org,450000.0,
EML0004300,01/29/2026 10:13:55,USR0003,PC-USR0003-01,colleague9@dTA.org,,,usr0003@dTA.org,450000.0,
EML0004301,01/29/2026 11:43:33,USR0003,PC-USR0003-01,colleague3@dTA.org,,,usr0003@dTA.org,450000.0,memo.docx
EML0004302,01/29/2026 11:36:53,USR0004,PC-USR0004-01,colleague8@dTA.org,,,usr0004@dTA.org,450000.0,memo.docx
EML0004303,01/29/2026 10:42:06,USR0004,PC-USR0004-01,colleague5@dTA.org,,,usr0004@dTA.org,450000.0,
EML0004304,01/29/2026 16:30:46,USR0004,PC-USR0004-01,colleague1@dTA.org,,,usr0004@dTA.org,450000.0,
EML0004305,01/29/2026 09:25:41,USR0004,PC-USR0004-01,colleague5@dTA.org,,,usr0004@dTA.org,450000.0,memo.docx
EML0004306,01/29/2026 11:51:40,USR0004,PC-USR0004-01,colleague1@dTA.org,,,usr0004@dTA.org,450000.0,
EML0004307,01/29/2026 15:51:51,USR0004,PC-USR0004-01,colleague7@dTA.org,,,usr0004@dTA.org,450000.0,
EML0004308,01/29/2026 09:29:30,USR0004,PC-USR0004-01,colleague10@dTA.org,,,usr0004@dTA.org,450000.0,
EML0004309,01/29/2026 12:27:03,USR0004,PC-USR0004-01,colleague10@dTA.org,,,usr0004@dTA.org,450000.0,
EML0004310,01/29/2026 12:01:26,USR0004,PC-USR0004-01,colleague10@dTA.org,,,usr0004@dTA.org,450000.0,memo.docx
EML0004311,01/29/2026 13:51:59,USR0004,PC-USR0004-01,colleague2@dTA.org,,,usr0004@dTA.org,450000.0,
EML0004312,01/29/2026 09:56:08,USR0004,PC-USR0004-01,colleague6@dTA.org,,,usr0004@dTA.org,450000.0,
EML0004313,01/29/2026 15:40:28,USR0005,PC-USR0005-01,colleague5@dTA.org,,,usr0005@dTA.org,450000.0,memo.docx
EML0004314,01/29/2026 16:33:56,USR0005,PC-USR0005-01,colleague3@dTA.org,,,usr0005@dTA.org,450000.0,memo.docx
EML0004315,01/29/2026 13:30:22,USR0005,PC-USR0005-01,colleague4@dTA.org,,,usr0005@dTA.org,450000.0,
EML0004316,01/29/2026 16:07:43,USR0005,PC-USR0005-01,colleague1@dTA.org,,,usr0005@dTA.org,450000.0,
EML0004317,01/29/2026 15:30:58,USR0006,PC-USR0006-01,colleague6@dTA.org,,,usr0006@dTA.org,450000.0,memo.docx
EML0004318,01/29/2026 10:48:00,USR0006,PC-USR0006-01,colleague5@dTA.org,,,usr0006@dTA.org,450000.0,
EML0004319,01/29/2026 11:25:15,USR0006,PC-USR0006-01,colleague10@dTA.org,,,usr0006@dTA.org,450000.0,
EML0004320,01/29/2026 15:31:27,USR0006,PC-USR0006-01,colleague6@dTA.org,,,usr0006@dTA.org,450000.0,
EML0004321,01/29/2026 11:05:54,USR0006,PC-USR0006-01,colleague6@dTA.org,,,usr0006@dTA.org,450000.0,memo.docx
EML0004322,01/29/2026 12:03:17,USR0006,PC-USR0006-01,colleague8@dTA.org,,,usr0006@dTA.org,450000.0,
EML0004323,01/29/2026 11:32:57,USR0006,PC-USR0006-01,colleague2@dTA.org,,,usr0006@dTA.org,450000.0,
EML0004324,01/29/2026 12:25:45,USR0006,PC-USR0006-01,colleague3@dTA.org,,,usr0006@dTA.org,450000.0,
EML0004325,01/29/2026 13:19:31,USR0006,PC-USR0006-01,colleague10@dTA.org,,,usr0006@dTA.org,450000.0,
EML0004326,01/29/2026 12:37:15,USR0007,PC-USR0007-01,colleague5@dTA.org,,,usr0007@dTA.org,450000.0,
EML0004327,01/29/2026 15:27:48,USR0007,PC-USR0007-01,colleague5@dTA.org,,,usr0007@dTA.org,450000.0,
EML0004328,01/29/2026 09:30:56,USR0007,PC-USR0007-01,colleague7@dTA.org,,,usr0007@dTA.org,450000.0,memo.docx
EML0004329,01/29/2026 13:56:20,USR0007,PC-USR0007-01,colleague9@dTA.org,,,usr0007@dTA.org,450000.0,
EML0004330,01/29/2026 12:56:34,USR0007,PC-USR0007-01,colleague6@dTA.org,,,usr0007@dTA.org,450000.0,memo.docx
EML0004331,01/29/2026 16:46:21,USR0007,PC-USR0007-01,colleague6@dTA.org,,,usr0007@dTA.org,450000.0,memo.docx
EML0004332,01/29/2026 13:06:48,USR0007,PC-USR0007-01,colleague9@dTA.org,,,usr0007@dTA.org,450000.0,memo.docx
EML0004333,01/29/2026 11:27:40,USR0008,PC-USR0008-01,colleague3@dTA.org,,,usr0008@dTA.org,450000.0,
EML0004334,01/29/2026 14:00:52,USR0008,PC-USR0008-01,colleague9@dTA.org,,,usr0008@dTA.org,450000.0,memo.docx
EML0004335,01/29/2026 09:36:48,USR0008,PC-USR0008-01,colleague4@dTA.org,,,usr0008@dTA.org,450000.0,
EML0004336,01/29/2026 13:46:00,USR0008,PC-USR0008-01,colleague7@dTA.org,,,usr0008@dTA.org,450000.0,
EML0004337,01/29/2026 13:40:45,USR0008,PC-USR0008-01,colleague7@dTA.org,,,usr0008@dTA.org,450000.0,
EML0004338,01/29/2026 12:05:55,USR0008,PC-USR0008-01,colleague4@dTA.org,,,usr0008@dTA.org,450000.0,
EML0004339,01/29/2026 13:17:44,USR0008,PC-USR0008-01,colleague4@dTA.org,,,usr0008@dTA.org,450000.0,
EML0004340,01/29/2026 16:14:08,USR0008,PC-USR0008-01,colleague9@dTA.org,,,usr0008@dTA.org,450000.0,
EML0004341,01/29/2026 11:51:16,USR0008,PC-USR0008-01,colleague4@dTA.org,,,usr0008@dTA.org,450000.0,memo.docx
EML0004342,01/29/2026 09:56:26,USR0008,PC-USR0008-01,colleague9@dTA.org,,,usr0008@dTA.org,450000.0,
EML0004343,01/29/2026 10:35:03,USR0008,PC-USR0008-01,colleague6@dTA.org,,,usr0008@dTA.org,450000.0,
EML0004344,01/29/2026 15:52:14,USR0009,PC-USR0009-01,colleague6@dTA.org,,,usr0009@dTA.org,450000.0,
EML0004345,01/29/2026 16:32:29,USR0009,PC-USR0009-01,colleague7@dTA.org,,,usr0009@dTA.org,450000.0,memo.docx
EML0004346,01/29/2026 09:56:24,USR0009,PC-USR0009-01,colleague5@dTA.org,,,usr0009@dTA.org,450000.0,
EML0004347,01/29/2026 14:28:15,USR0009,PC-USR0009-01,colleague6@dTA.org,,,usr0009@dTA.org,450000.0,
EML0004348,01/29/2026 16:40:01,USR0009,PC-USR0009-01,colleague2@dTA.org,,,usr0009@dTA.org,450000.0,
EML0004349,01/29/2026 10:32:31,USR0009,PC-USR0009-01,colleague3@dTA.org,,,usr0009@dTA.org,450000.0,
EML0004350,01/29/2026 09:52:47,USR0009,PC-USR0009-01,colleague3@dTA.org,,,usr0009@dTA.org,450000.0,
EML0004351,01/29/2026 15:31:38,USR0010,PC-USR0010-01,colleague10@dTA.org,,,usr0010@dTA.org,450000.0,
EML0004352,01/29/2026 10:15:39,USR0010,PC-USR0010-01,colleague8@dTA.org,,,usr0010@dTA.org,450000.0,
EML0004353,01/29/2026 12:15:36,USR0010,PC-USR0010-01,colleague10@dTA.org,,,usr0010@dTA.org,450000.0,
EML0004354,01/29/2026 15:25:53,USR0010,PC-USR0010-01,colleague2@dTA.org,,,usr0010@dTA.org,450000.0,
EML0004355,01/29/2026 15:48:48,USR0010,PC-USR0010-01,colleague1@dTA.org,,,usr0010@dTA.org,450000.0,
EML0004356,01/29/2026 11:42:28,USR0010,PC-USR0010-01,colleague2@dTA.org,,,usr0010@dTA.org,450000.0,memo.docx
EML0004357,01/29/2026 10:04:03,USR0011,PC-USR0011-01,colleague7@dTA.org,,,usr0011@dTA.org,450000.0,
EML0004358,01/29/2026 15:44:44,USR0011,PC-USR0011-01,colleague5@dTA.org,,,usr0011@dTA.org,450000.0,
EML0004359,01/29/2026 16:28:17,USR0011,PC-USR0011-01,colleague6@dTA.org,,,usr0011@dTA.org,450000.0,
EML0004360,01/29/2026 12:27:27,USR0011,PC-USR0011-01,colleague9@dTA.org,,,usr0011@dTA.org,450000.0,
EML0004361,01/29/2026 13:49:53,USR0012,PC-USR0012-01,colleague6@dTA.org,,,usr0012@dTA.org,450000.0,
EML0004362,01/29/2026 11:27:39,USR0012,PC-USR0012-01,colleague10@dTA.org,,,usr0012@dTA.org,450000.0,memo.docx
EML0004363,01/29/2026 11:20:40,USR0012,PC-USR0012-01,colleague4@dTA.org,,,usr0012@dTA.org,450000.0,
EML0004364,01/29/2026 11:13:47,USR0012,PC-USR0012-01,colleague9@dTA.org,,,usr0012@dTA.org,450000.0,
EML0004365,01/29/2026 16:53:48,USR0012,PC-USR0012-01,colleague5@dTA.org,,,usr0012@dTA.org,450000.0,
EML0004366,01/29/2026 12:20:26,USR0012,PC-USR0012-01,colleague10@dTA.org,,,usr0012@dTA.org,450000.0,memo.docx
EML0004367,01/29/2026 13:58:10,USR0012,PC-USR0012-01,colleague4@dTA.org,,,usr0012@dTA.org,450000.0,
EML0004368,01/29/2026 12:19:51,USR0013,PC-USR0013-01,colleague6@dTA.org,,,usr0013@dTA.org,450000.0,
EML0004369,01/29/2026 15:12:17,USR0013,PC-USR0013-01,colleague10@dTA.org,,,usr0013@dTA.org,450000.0,
EML0004370,01/29/2026 13:43:03,USR0013,PC-USR0013-01,colleague4@dTA.org,,,usr0013@dTA.org,450000.0,
EML0004371,01/29/2026 16:58:55,USR0013,PC-USR0013-01,colleague3@dTA.org,,,usr0013@dTA.org,450000.0,
EML0004372,01/29/2026 09:57:56,USR0013,PC-USR0013-01,colleague8@dTA.org,,,usr0013@dTA.org,450000.0,
EML0004373,01/29/2026 14:45:00,USR0014,PC-USR0014-01,colleague1@dTA.org,,,usr0014@dTA.org,450000.0,
EML0004374,01/29/2026 14:11:17,USR0014,PC-USR0014-01,colleague4@dTA.org,,,usr0014@dTA.org,450000.0,
EML0004375,01/29/2026 16:56:18,USR0014,PC-USR0014-01,colleague1@dTA.org,,,usr0014@dTA.org,450000.0,
EML0004376,01/29/2026 12:19:25,USR0014,PC-USR0014-01,colleague9@dTA.org,,,usr0014@dTA.org,450000.0,
EML0004377,01/29/2026 16:12:30,USR0015,PC-USR0015-01,colleague4@dTA.org,,,usr0015@dTA.org,450000.0,
EML0004378,01/29/2026 10:11:47,USR0015,PC-USR0015-01,colleague8@dTA.org,,,usr0015@dTA.org,450000.0,
EML0004379,01/29/2026 14:11:16,USR0015,PC-USR0015-01,colleague3@dTA.org,,,usr0015@dTA.org,450000.0,
EML0004380,01/29/2026 16:16:30,USR0015,PC-USR0015-01,colleague8@dTA.org,,,usr0015@dTA.org,450000.0,
EML0004381,01/29/2026 16:33:40,USR0015,PC-USR0015-01,colleague5@dTA.org,,,usr0015@dTA.org,450000.0,
EML0004382,01/29/2026 11:21:06,USR0015,PC-USR0015-01,colleague6@dTA.org,,,usr0015@dTA.org,450000.0,
EML0004383,01/29/2026 16:45:56,USR0015,PC-USR0015-01,colleague5@dTA.org,,,usr0015@dTA.org,450000.0,
EML0004384,01/29/2026 15:07:03,USR0015,PC-USR0015-01,colleague8@dTA.org,,,usr0015@dTA.org,450000.0,
EML0004385,01/29/2026 11:29:41,USR0015,PC-USR0015-01,colleague5@dTA.org,,,usr0015@dTA.org,450000.0,
EML0004386,01/29/2026 13:29:52,USR0015,PC-USR0015-01,colleague2@dTA.org,,,usr0015@dTA.org,450000.0,
EML0004387,01/29/2026 09:41:13,USR0016,PC-USR0016-01,colleague5@dTA.org,,,usr0016@dTA.org,450000.0,
EML0004388,01/29/2026 14:26:43,USR0016,PC-USR0016-01,colleague7@dTA.org,,,usr0016@dTA.org,450000.0,
EML0004389,01/29/2026 09:19:46,USR0016,PC-USR0016-01,colleague5@dTA.org,,,usr0016@dTA.org,450000.0,memo.docx
EML0004390,01/29/2026 13:27:17,USR0016,PC-USR0016-01,colleague10@dTA.org,,,usr0016@dTA.org,450000.0,memo.docx
EML0004391,01/29/2026 09:22:26,USR0016,PC-USR0016-01,colleague8@dTA.org,,,usr0016@dTA.org,450000.0,memo.docx
EML0004392,01/29/2026 12:27:27,USR0016,PC-USR0016-01,colleague5@dTA.org,,,usr0016@dTA.org,450000.0,
EML0004393,01/29/2026 13:54:53,USR0016,PC-USR0016-01,colleague7@dTA.org,,,usr0016@dTA.org,450000.0,
EML0004394,01/29/2026 12:42:14,USR0016,PC-USR0016-01,colleague9@dTA.org,,,usr0016@dTA.org,450000.0,memo.docx
EML0004395,01/29/2026 16:04:34,USR0016,PC-USR0016-01,colleague9@dTA.org,,,usr0016@dTA.org,450000.0,
EML0004396,01/29/2026 12:40:36,USR0017,PC-USR0017-01,colleague5@dTA.org,,,usr0017@dTA.org,450000.0,
EML0004397,01/29/2026 11:03:51,USR0017,PC-USR0017-01,colleague2@dTA.org,,,usr0017@dTA.org,450000.0,
EML0004398,01/29/2026 12:51:39,USR0017,PC-USR0017-01,colleague9@dTA.org,,,usr0017@dTA.org,450000.0,
EML0004399,01/29/2026 10:29:51,USR0017,PC-USR0017-01,colleague5@dTA.org,,,usr0017@dTA.org,450000.0,memo.docx
EML0004400,01/29/2026 14:18:45,USR0017,PC-USR0017-01,colleague6@dTA.org,,,usr0017@dTA.org,450000.0,
EML0004401,01/29/2026 11:33:23,USR0017,PC-USR0017-01,colleague10@dTA.org,,,usr0017@dTA.org,450000.0,
EML0004402,01/29/2026 14:49:11,USR0017,PC-USR0017-01,colleague2@dTA.org,,,usr0017@dTA.org,450000.0,
EML0004403,01/29/2026 12:20:38,USR0017,PC-USR0017-01,colleague10@dTA.org,,,usr0017@dTA.org,450000.0,
EML0004404,01/29/2026 09:41:12,USR0017,PC-USR0017-01,colleague6@dTA.org,,,usr0017@dTA.org,450000.0,
EML0004405,01/29/2026 09:22:14,USR0017,PC-USR0017-01,colleague9@dTA.org,,,usr0017@dTA.org,450000.0,
EML0004406,01/29/2026 10:08:28,USR0018,PC-USR0018-01,colleague3@dTA.org,,,usr0018@dTA.org,450000.0,
EML0004407,01/29/2026 14:57:11,USR0018,PC-USR0018-01,colleague10@dTA.org,,,usr0018@dTA.org,450000.0,
EML0004408,01/29/2026 11:43:07,USR0018,PC-USR0018-01,colleague2@dTA.org,,,usr0018@dTA.org,450000.0,
EML0004409,01/29/2026 12:52:43,USR0018,PC-USR0018-01,colleague2@dTA.org,,,usr0018@dTA.org,450000.0,memo.docx
EML0004410,01/29/2026 12:10:12,USR0018,PC-USR0018-01,colleague2@dTA.org,,,usr0018@dTA.org,450000.0,
EML0004411,01/29/2026 11:36:37,USR0018,PC-USR0018-01,colleague8@dTA.org,,,usr0018@dTA.org,450000.0,
EML0004412,01/29/2026 14:20:26,USR0019,PC-USR0019-01,colleague6@dTA.org,,,usr0019@dTA.org,450000.0,memo.docx
EML0004413,01/29/2026 12:43:05,USR0019,PC-USR0019-01,colleague7@dTA.org,,,usr0019@dTA.org,450000.0,memo.docx
EML0004414,01/29/2026 15:04:49,USR0019,PC-USR0019-01,colleague7@dTA.org,,,usr0019@dTA.org,450000.0,memo.docx
EML0004415,01/29/2026 11:37:51,USR0019,PC-USR0019-01,colleague4@dTA.org,,,usr0019@dTA.org,450000.0,
EML0004416,01/29/2026 10:25:08,USR0019,PC-USR0019-01,colleague1@dTA.org,,,usr0019@dTA.org,450000.0,
EML0004417,01/29/2026 12:19:44,USR0019,PC-USR0019-01,colleague4@dTA.org,,,usr0019@dTA.org,450000.0,
EML0004418,01/29/2026 12:35:52,USR0020,PC-USR0020-01,colleague4@dTA.org,,,usr0020@dTA.org,450000.0,
EML0004419,01/29/2026 16:36:08,USR0020,PC-USR0020-01,colleague10@dTA.org,,,usr0020@dTA.org,450000.0,
EML0004420,01/29/2026 16:21:24,USR0020,PC-USR0020-01,colleague5@dTA.org,,,usr0020@dTA.org,450000.0,
EML0004421,01/29/2026 14:50:38,USR0020,PC-USR0020-01,colleague9@dTA.org,,,usr0020@dTA.org,450000.0,memo.docx
EML0004422,01/29/2026 09:28:06,USR0020,PC-USR0020-01,colleague6@dTA.org,,,usr0020@dTA.org,450000.0,
EML0004423,01/29/2026 16:21:14,USR0020,PC-USR0020-01,colleague2@dTA.org,,,usr0020@dTA.org,450000.0,
EML0004424,01/29/2026 16:51:48,USR0020,PC-USR0020-01,colleague6@dTA.org,,,usr0020@dTA.org,450000.0,memo.docx
EML0004425,01/29/2026 10:51:32,USR0020,PC-USR0020-01,colleague5@dTA.org,,,usr0020@dTA.org,450000.0,memo.docx
EML0004426,01/29/2026 14:24:41,USR0020,PC-USR0020-01,colleague8@dTA.org,,,usr0020@dTA.org,450000.0,
EML0004427,01/29/2026 13:40:03,USR0020,PC-USR0020-01,colleague2@dTA.org,,,usr0020@dTA.org,450000.0,
EML0004428,01/29/2026 11:59:39,USR0020,PC-USR0020-01,colleague8@dTA.org,,,usr0020@dTA.org,450000.0,
EML0004429,01/29/2026 12:47:29,USR0020,PC-USR0020-01,colleague2@dTA.org,,,usr0020@dTA.org,450000.0,
EML0004430,01/29/2026 13:45:27,USR0021,PC-USR0021-01,colleague6@dTA.org,,,usr0021@dTA.org,450000.0,
EML0004431,01/29/2026 11:23:33,USR0021,PC-USR0021-01,colleague8@dTA.org,,,usr0021@dTA.org,450000.0,
EML0004432,01/29/2026 15:30:34,USR0021,PC-USR0021-01,colleague2@dTA.org,,,usr0021@dTA.org,450000.0,
EML0004433,01/29/2026 16:32:12,USR0021,PC-USR0021-01,colleague8@dTA.org,,,usr0021@dTA.org,450000.0,memo.docx
EML0004434,01/29/2026 13:45:23,USR0022,PC-USR0022-01,colleague8@dTA.org,,,usr0022@dTA.org,450000.0,
EML0004435,01/29/2026 09:15:21,USR0022,PC-USR0022-01,colleague2@dTA.org,,,usr0022@dTA.org,450000.0,memo.docx
EML0004436,01/29/2026 16:03:41,USR0022,PC-USR0022-01,colleague3@dTA.org,,,usr0022@dTA.org,450000.0,memo.docx
EML0004437,01/29/2026 13:59:20,USR0022,PC-USR0022-01,colleague3@dTA.org,,,usr0022@dTA.org,450000.0,memo.docx
EML0004438,01/29/2026 09:46:15,USR0022,PC-USR0022-01,colleague6@dTA.org,,,usr0022@dTA.org,450000.0,
EML0004439,01/29/2026 14:40:36,USR0022,PC-USR0022-01,colleague1@dTA.org,,,usr0022@dTA.org,450000.0,
EML0004440,01/29/2026 10:51:04,USR0022,PC-USR0022-01,colleague3@dTA.org,,,usr0022@dTA.org,450000.0,
EML0004441,01/29/2026 10:16:08,USR0022,PC-USR0022-01,colleague9@dTA.org,,,usr0022@dTA.org,450000.0,
EML0004442,01/29/2026 11:50:08,USR0022,PC-USR0022-01,colleague9@dTA.org,,,usr0022@dTA.org,450000.0,
EML0004443,01/29/2026 16:39:50,USR0023,PC-USR0023-01,colleague6@dTA.org,,,usr0023@dTA.org,450000.0,
EML0004444,01/29/2026 10:26:08,USR0023,PC-USR0023-01,colleague5@dTA.org,,,usr0023@dTA.org,450000.0,memo.docx
EML0004445,01/29/2026 10:35:15,USR0023,PC-USR0023-01,colleague6@dTA.org,,,usr0023@dTA.org,450000.0,
EML0004446,01/29/2026 11:37:55,USR0023,PC-USR0023-01,colleague5@dTA.org,,,usr0023@dTA.org,450000.0,memo.docx
EML0004447,01/29/2026 10:08:36,USR0023,PC-USR0023-01,colleague6@dTA.org,,,usr0023@dTA.org,450000.0,
EML0004448,01/29/2026 12:53:07,USR0023,PC-USR0023-01,colleague10@dTA.org,,,usr0023@dTA.org,450000.0,
EML0004449,01/29/2026 13:36:06,USR0023,PC-USR0023-01,colleague1@dTA.org,,,usr0023@dTA.org,450000.0,
EML0004450,01/29/2026 15:32:28,USR0023,PC-USR0023-01,colleague2@dTA.org,,,usr0023@dTA.org,450000.0,
EML0004451,01/29/2026 14:51:44,USR0024,PC-USR0024-01,colleague8@dTA.org,,,usr0024@dTA.org,450000.0,
EML0004452,01/29/2026 10:50:44,USR0024,PC-USR0024-01,colleague7@dTA.org,,,usr0024@dTA.org,450000.0,
EML0004453,01/29/2026 09:59:51,USR0024,PC-USR0024-01,colleague5@dTA.org,,,usr0024@dTA.org,450000.0,
EML0004454,01/29/2026 13:06:28,USR0024,PC-USR0024-01,colleague2@dTA.org,,,usr0024@dTA.org,450000.0,
EML0004455,01/29/2026 15:53:46,USR0024,PC-USR0024-01,colleague1@dTA.org,,,usr0024@dTA.org,450000.0,
EML0004456,01/29/2026 12:54:04,USR0024,PC-USR0024-01,colleague5@dTA.org,,,usr0024@dTA.org,450000.0,
EML0004457,01/29/2026 11:35:15,USR0024,PC-USR0024-01,colleague10@dTA.org,,,usr0024@dTA.org,450000.0,
EML0004458,01/29/2026 12:12:33,USR0024,PC-USR0024-01,colleague5@dTA.org,,,usr0024@dTA.org,450000.0,
EML0004459,01/29/2026 14:26:15,USR0024,PC-USR0024-01,colleague3@dTA.org,,,usr0024@dTA.org,450000.0,memo.docx
EML0004460,01/29/2026 10:11:35,USR0025,PC-USR0025-01,colleague1@dTA.org,,,usr0025@dTA.org,450000.0,
EML0004461,01/29/2026 13:18:12,USR0025,PC-USR0025-01,colleague3@dTA.org,,,usr0025@dTA.org,450000.0,memo.docx
EML0004462,01/29/2026 15:42:18,USR0025,PC-USR0025-01,colleague7@dTA.org,,,usr0025@dTA.org,450000.0,
EML0004463,01/29/2026 15:03:15,USR0025,PC-USR0025-01,colleague9@dTA.org,,,usr0025@dTA.org,450000.0,
EML0004464,01/29/2026 10:17:02,USR0025,PC-USR0025-01,colleague4@dTA.org,,,usr0025@dTA.org,450000.0,memo.docx
EML0004465,01/30/2026 21:27:08,AAE0190,PC-AAE0190-01,colleague7@dTA.org,,,aae0190@dTA.org,450000.0,memo.docx
EML0004466,01/30/2026 23:19:11,AAE0190,PC-AAE0190-01,alex_personal@gmail.com,,,aae0190@dTA.org,18500000.0,confidential_archive.zip;database_dump.sql
EML0004467,01/30/2026 21:47:32,AAE0190,PC-AAE0190-01,colleague1@dTA.org,,,aae0190@dTA.org,450000.0,memo.docx
EML0004468,01/30/2026 23:05:28,AAE0190,PC-AAE0190-01,colleague7@dTA.org,,,aae0190@dTA.org,450000.0,
EML0004469,01/30/2026 23:54:15,AAE0190,PC-AAE0190-01,colleague4@dTA.org,,,aae0190@dTA.org,450000.0,memo.docx
EML0004470,01/30/2026 23:23:04,AAE0190,PC-AAE0190-01,alex_personal@gmail.com,,,aae0190@dTA.org,18500000.0,confidential_archive.zip;database_dump.sql
EML0004471,01/30/2026 23:06:44,AAE0190,PC-AAE0190-01,alex_personal@gmail.com,,,aae0190@dTA.org,18500000.0,confidential_archive.zip;database_dump.sql
EML0004472,01/30/2026 23:40:45,AAE0190,PC-AAE0190-01,alex_personal@gmail.com,,,aae0190@dTA.org,18500000.0,confidential_archive.zip;database_dump.sql
EML0004473,01/30/2026 22:51:11,AAE0190,PC-AAE0190-01,colleague7@dTA.org,,,aae0190@dTA.org,450000.0,
EML0004474,01/30/2026 22:11:31,AAE0190,PC-AAE0190-01,alex_personal@gmail.com,,,aae0190@dTA.org,18500000.0,confidential_archive.zip;database_dump.sql
EML0004475,01/30/2026 22:17:35,AAE0190,PC-AAE0190-01,colleague9@dTA.org,,,aae0190@dTA.org,450000.0,
EML0004476,01/30/2026 22:49:41,AAE0190,PC-AAE0190-01,colleague4@dTA.org,,,aae0190@dTA.org,450000.0,
EML0004477,01/30/2026 22:53:54,AAE0190,PC-AAE0190-01,colleague6@dTA.org,,,aae0190@dTA.org,450000.0,
EML0004478,01/30/2026 21:28:45,AAE0190,PC-AAE0190-01,alex_personal@gmail.com,,,aae0190@dTA.org,18500000.0,confidential_archive.zip;database_dump.sql
EML0004479,01/30/2026 22:03:43,AAE0190,PC-AAE0190-01,colleague2@dTA.org,,,aae0190@dTA.org,450000.0,
EML0004480,01/30/2026 22:54:52,AAE0190,PC-AAE0190-01,colleague9@dTA.org,,,aae0190@dTA.org,450000.0,
EML0004481,01/30/2026 23:05:27,AAE0190,PC-AAE0190-01,alex_personal@gmail.com,,,aae0190@dTA.org,18500000.0,confidential_archive.zip;database_dump.sql
EML0004482,01/30/2026 22:25:49,AAE0190,PC-AAE0190-01,alex_personal@gmail.com,,,aae0190@dTA.org,18500000.0,confidential_archive.zip;database_dump.sql
EML0004483,01/30/2026 23:45:42,AAE0190,PC-AAE0190-01,colleague7@dTA.org,,,aae0190@dTA.org,450000.0,
EML0004484,01/30/2026 21:27:38,AAE0190,PC-AAE0190-01,colleague9@dTA.org,,,aae0190@dTA.org,450000.0,memo.docx
EML0004485,01/30/2026 21:01:49,AAE0190,PC-AAE0190-01,alex_personal@gmail.com,,,aae0190@dTA.org,18500000.0,confidential_archive.zip;database_dump.sql
EML0004486,01/30/2026 22:35:43,AAE0190,PC-AAE0190-01,alex_personal@gmail.com,,,aae0190@dTA.org,18500000.0,confidential_archive.zip;database_dump.sql
EML0004487,01/30/2026 21:10:39,AAE0190,PC-AAE0190-01,alex_personal@gmail.com,,,aae0190@dTA.org,18500000.0,confidential_archive.zip;database_dump.sql
EML0004488,01/30/2026 21:28:41,AAE0190,PC-AAE0190-01,colleague7@dTA.org,,,aae0190@dTA.org,450000.0,
EML0004489,01/30/2026 21:31:18,AAE0190,PC-AAE0190-01,alex_personal@gmail.com,,,aae0190@dTA.org,18500000.0,confidential_archive.zip;database_dump.sql
EML0004490,01/30/2026 22:18:34,AAE0190,PC-AAE0190-01,alex_personal@gmail.com,,,aae0190@dTA.org,18500000.0,confidential_archive.zip;database_dump.sql
EML0004491,01/30/2026 23:31:17,AAE0190,PC-AAE0190-01,colleague8@dTA.org,,,aae0190@dTA.org,450000.0,
EML0004492,01/30/2026 23:08:34,AAE0190,PC-AAE0190-01,colleague7@dTA.org,,,aae0190@dTA.org,450000.0,
EML0004493,01/30/2026 21:10:44,AAE0190,PC-AAE0190-01,colleague1@dTA.org,,,aae0190@dTA.org,450000.0,
EML0004494,01/30/2026 23:39:22,AAE0190,PC-AAE0190-01,alex_personal@gmail.com,,,aae0190@dTA.org,18500000.0,confidential_archive.zip;database_dump.sql
EML0004495,01/30/2026 23:57:47,AAE0190,PC-AAE0190-01,alex_personal@gmail.com,,,aae0190@dTA.org,18500000.0,confidential_archive.zip;database_dump.sql
EML0004496,01/30/2026 22:27:07,AAE0190,PC-AAE0190-01,colleague7@dTA.org,,,aae0190@dTA.org,450000.0,
EML0004497,01/30/2026 22:42:56,AAE0190,PC-AAE0190-01,colleague3@dTA.org,,,aae0190@dTA.org,450000.0,
EML0004498,01/30/2026 22:46:48,AAE0190,PC-AAE0190-01,colleague3@dTA.org,,,aae0190@dTA.org,450000.0,
EML0004499,01/30/2026 23:10:36,AAE0190,PC-AAE0190-01,alex_personal@gmail.com,,,aae0190@dTA.org,18500000.0,confidential_archive.zip;database_dump.sql
EML0004500,01/30/2026 22:50:04,AAE0190,PC-AAE0190-01,alex_personal@gmail.com,,,aae0190@dTA.org,18500000.0,confidential_archive.zip;database_dump.sql
EML0004501,01/30/2026 12:25:28,USR0002,PC-USR0002-01,colleague6@dTA.org,,,usr0002@dTA.org,450000.0,
EML0004502,01/30/2026 15:23:43,USR0002,PC-USR0002-01,colleague2@dTA.org,,,usr0002@dTA.org,450000.0,memo.docx
EML0004503,01/30/2026 15:57:13,USR0002,PC-USR0002-01,colleague10@dTA.org,,,usr0002@dTA.org,450000.0,
EML0004504,01/30/2026 15:01:17,USR0002,PC-USR0002-01,colleague4@dTA.org,,,usr0002@dTA.org,450000.0,
EML0004505,01/30/2026 13:09:03,USR0002,PC-USR0002-01,colleague8@dTA.org,,,usr0002@dTA.org,450000.0,
EML0004506,01/30/2026 14:10:50,USR0002,PC-USR0002-01,colleague2@dTA.org,,,usr0002@dTA.org,450000.0,
EML0004507,01/30/2026 11:14:28,USR0002,PC-USR0002-01,colleague2@dTA.org,,,usr0002@dTA.org,450000.0,
EML0004508,01/30/2026 11:40:35,USR0002,PC-USR0002-01,colleague3@dTA.org,,,usr0002@dTA.org,450000.0,
EML0004509,01/30/2026 10:42:08,USR0002,PC-USR0002-01,colleague8@dTA.org,,,usr0002@dTA.org,450000.0,memo.docx
EML0004510,01/30/2026 09:05:12,USR0002,PC-USR0002-01,colleague5@dTA.org,,,usr0002@dTA.org,450000.0,memo.docx
EML0004511,01/30/2026 10:13:52,USR0003,PC-USR0003-01,colleague3@dTA.org,,,usr0003@dTA.org,450000.0,
EML0004512,01/30/2026 10:05:27,USR0003,PC-USR0003-01,colleague4@dTA.org,,,usr0003@dTA.org,450000.0,
EML0004513,01/30/2026 12:54:37,USR0003,PC-USR0003-01,colleague8@dTA.org,,,usr0003@dTA.org,450000.0,
EML0004514,01/30/2026 10:41:01,USR0003,PC-USR0003-01,colleague7@dTA.org,,,usr0003@dTA.org,450000.0,
EML0004515,01/30/2026 12:04:52,USR0003,PC-USR0003-01,colleague9@dTA.org,,,usr0003@dTA.org,450000.0,memo.docx
EML0004516,01/30/2026 12:32:08,USR0003,PC-USR0003-01,colleague9@dTA.org,,,usr0003@dTA.org,450000.0,
EML0004517,01/30/2026 14:40:19,USR0003,PC-USR0003-01,colleague8@dTA.org,,,usr0003@dTA.org,450000.0,memo.docx
EML0004518,01/30/2026 16:52:07,USR0003,PC-USR0003-01,colleague1@dTA.org,,,usr0003@dTA.org,450000.0,
EML0004519,01/30/2026 11:47:02,USR0003,PC-USR0003-01,colleague8@dTA.org,,,usr0003@dTA.org,450000.0,
EML0004520,01/30/2026 12:14:01,USR0003,PC-USR0003-01,colleague7@dTA.org,,,usr0003@dTA.org,450000.0,
EML0004521,01/30/2026 15:58:07,USR0004,PC-USR0004-01,colleague9@dTA.org,,,usr0004@dTA.org,450000.0,
EML0004522,01/30/2026 16:11:21,USR0004,PC-USR0004-01,colleague1@dTA.org,,,usr0004@dTA.org,450000.0,
EML0004523,01/30/2026 14:56:32,USR0004,PC-USR0004-01,colleague10@dTA.org,,,usr0004@dTA.org,450000.0,
EML0004524,01/30/2026 16:52:30,USR0004,PC-USR0004-01,colleague10@dTA.org,,,usr0004@dTA.org,450000.0,
EML0004525,01/30/2026 11:16:08,USR0004,PC-USR0004-01,colleague10@dTA.org,,,usr0004@dTA.org,450000.0,
EML0004526,01/30/2026 16:52:13,USR0004,PC-USR0004-01,colleague1@dTA.org,,,usr0004@dTA.org,450000.0,memo.docx
EML0004527,01/30/2026 13:42:34,USR0004,PC-USR0004-01,colleague2@dTA.org,,,usr0004@dTA.org,450000.0,
EML0004528,01/30/2026 16:12:02,USR0004,PC-USR0004-01,colleague10@dTA.org,,,usr0004@dTA.org,450000.0,
EML0004529,01/30/2026 15:51:11,USR0004,PC-USR0004-01,colleague10@dTA.org,,,usr0004@dTA.org,450000.0,memo.docx
EML0004530,01/30/2026 12:37:07,USR0004,PC-USR0004-01,colleague3@dTA.org,,,usr0004@dTA.org,450000.0,
EML0004531,01/30/2026 12:40:02,USR0004,PC-USR0004-01,colleague10@dTA.org,,,usr0004@dTA.org,450000.0,
EML0004532,01/30/2026 13:33:41,USR0005,PC-USR0005-01,colleague8@dTA.org,,,usr0005@dTA.org,450000.0,
EML0004533,01/30/2026 16:03:38,USR0005,PC-USR0005-01,colleague10@dTA.org,,,usr0005@dTA.org,450000.0,memo.docx
EML0004534,01/30/2026 10:09:29,USR0005,PC-USR0005-01,colleague3@dTA.org,,,usr0005@dTA.org,450000.0,
EML0004535,01/30/2026 09:42:58,USR0005,PC-USR0005-01,colleague3@dTA.org,,,usr0005@dTA.org,450000.0,
EML0004536,01/30/2026 09:40:15,USR0005,PC-USR0005-01,colleague10@dTA.org,,,usr0005@dTA.org,450000.0,
EML0004537,01/30/2026 13:07:53,USR0005,PC-USR0005-01,colleague10@dTA.org,,,usr0005@dTA.org,450000.0,
EML0004538,01/30/2026 15:29:22,USR0005,PC-USR0005-01,colleague1@dTA.org,,,usr0005@dTA.org,450000.0,
EML0004539,01/30/2026 11:34:43,USR0005,PC-USR0005-01,colleague7@dTA.org,,,usr0005@dTA.org,450000.0,
EML0004540,01/30/2026 15:38:23,USR0006,PC-USR0006-01,colleague9@dTA.org,,,usr0006@dTA.org,450000.0,
EML0004541,01/30/2026 14:30:29,USR0006,PC-USR0006-01,colleague3@dTA.org,,,usr0006@dTA.org,450000.0,
EML0004542,01/30/2026 09:20:38,USR0006,PC-USR0006-01,colleague9@dTA.org,,,usr0006@dTA.org,450000.0,
EML0004543,01/30/2026 14:09:43,USR0006,PC-USR0006-01,colleague1@dTA.org,,,usr0006@dTA.org,450000.0,
EML0004544,01/30/2026 14:06:57,USR0006,PC-USR0006-01,colleague6@dTA.org,,,usr0006@dTA.org,450000.0,memo.docx
EML0004545,01/30/2026 10:18:52,USR0006,PC-USR0006-01,colleague9@dTA.org,,,usr0006@dTA.org,450000.0,
EML0004546,01/30/2026 16:26:06,USR0007,PC-USR0007-01,colleague7@dTA.org,,,usr0007@dTA.org,450000.0,
EML0004547,01/30/2026 12:09:54,USR0007,PC-USR0007-01,colleague6@dTA.org,,,usr0007@dTA.org,450000.0,
EML0004548,01/30/2026 09:55:23,USR0007,PC-USR0007-01,colleague6@dTA.org,,,usr0007@dTA.org,450000.0,memo.docx
EML0004549,01/30/2026 09:24:26,USR0007,PC-USR0007-01,colleague1@dTA.org,,,usr0007@dTA.org,450000.0,
EML0004550,01/30/2026 12:37:29,USR0008,PC-USR0008-01,colleague8@dTA.org,,,usr0008@dTA.org,450000.0,
EML0004551,01/30/2026 09:18:43,USR0008,PC-USR0008-01,colleague5@dTA.org,,,usr0008@dTA.org,450000.0,
EML0004552,01/30/2026 13:32:58,USR0008,PC-USR0008-01,colleague8@dTA.org,,,usr0008@dTA.org,450000.0,
EML0004553,01/30/2026 13:31:34,USR0008,PC-USR0008-01,colleague6@dTA.org,,,usr0008@dTA.org,450000.0,memo.docx
EML0004554,01/30/2026 13:21:57,USR0008,PC-USR0008-01,colleague5@dTA.org,,,usr0008@dTA.org,450000.0,
EML0004555,01/30/2026 11:23:49,USR0008,PC-USR0008-01,colleague6@dTA.org,,,usr0008@dTA.org,450000.0,
EML0004556,01/30/2026 15:03:12,USR0008,PC-USR0008-01,colleague2@dTA.org,,,usr0008@dTA.org,450000.0,memo.docx
EML0004557,01/30/2026 16:57:02,USR0009,PC-USR0009-01,colleague10@dTA.org,,,usr0009@dTA.org,450000.0,
EML0004558,01/30/2026 13:32:28,USR0009,PC-USR0009-01,colleague8@dTA.org,,,usr0009@dTA.org,450000.0,memo.docx
EML0004559,01/30/2026 16:14:39,USR0009,PC-USR0009-01,colleague4@dTA.org,,,usr0009@dTA.org,450000.0,
EML0004560,01/30/2026 15:23:22,USR0009,PC-USR0009-01,colleague7@dTA.org,,,usr0009@dTA.org,450000.0,
EML0004561,01/30/2026 15:15:27,USR0009,PC-USR0009-01,colleague10@dTA.org,,,usr0009@dTA.org,450000.0,
EML0004562,01/30/2026 14:44:16,USR0009,PC-USR0009-01,colleague2@dTA.org,,,usr0009@dTA.org,450000.0,
EML0004563,01/30/2026 09:25:14,USR0010,PC-USR0010-01,colleague5@dTA.org,,,usr0010@dTA.org,450000.0,
EML0004564,01/30/2026 12:26:57,USR0010,PC-USR0010-01,colleague4@dTA.org,,,usr0010@dTA.org,450000.0,
EML0004565,01/30/2026 12:33:44,USR0010,PC-USR0010-01,colleague10@dTA.org,,,usr0010@dTA.org,450000.0,
EML0004566,01/30/2026 13:19:53,USR0010,PC-USR0010-01,colleague3@dTA.org,,,usr0010@dTA.org,450000.0,
EML0004567,01/30/2026 12:54:44,USR0010,PC-USR0010-01,colleague10@dTA.org,,,usr0010@dTA.org,450000.0,memo.docx
EML0004568,01/30/2026 16:18:01,USR0010,PC-USR0010-01,colleague3@dTA.org,,,usr0010@dTA.org,450000.0,
EML0004569,01/30/2026 09:17:59,USR0011,PC-USR0011-01,colleague3@dTA.org,,,usr0011@dTA.org,450000.0,
EML0004570,01/30/2026 14:42:43,USR0011,PC-USR0011-01,colleague6@dTA.org,,,usr0011@dTA.org,450000.0,
EML0004571,01/30/2026 15:25:30,USR0011,PC-USR0011-01,colleague7@dTA.org,,,usr0011@dTA.org,450000.0,
EML0004572,01/30/2026 13:54:37,USR0011,PC-USR0011-01,colleague9@dTA.org,,,usr0011@dTA.org,450000.0,
EML0004573,01/30/2026 13:31:07,USR0011,PC-USR0011-01,colleague6@dTA.org,,,usr0011@dTA.org,450000.0,
EML0004574,01/30/2026 11:08:28,USR0011,PC-USR0011-01,colleague8@dTA.org,,,usr0011@dTA.org,450000.0,
EML0004575,01/30/2026 13:31:29,USR0011,PC-USR0011-01,colleague4@dTA.org,,,usr0011@dTA.org,450000.0,
EML0004576,01/30/2026 11:04:40,USR0012,PC-USR0012-01,colleague5@dTA.org,,,usr0012@dTA.org,450000.0,
EML0004577,01/30/2026 11:47:49,USR0012,PC-USR0012-01,colleague2@dTA.org,,,usr0012@dTA.org,450000.0,
EML0004578,01/30/2026 15:14:08,USR0012,PC-USR0012-01,colleague9@dTA.org,,,usr0012@dTA.org,450000.0,
EML0004579,01/30/2026 11:09:13,USR0012,PC-USR0012-01,colleague4@dTA.org,,,usr0012@dTA.org,450000.0,memo.docx
EML0004580,01/30/2026 10:30:19,USR0012,PC-USR0012-01,colleague5@dTA.org,,,usr0012@dTA.org,450000.0,memo.docx
EML0004581,01/30/2026 13:38:11,USR0012,PC-USR0012-01,colleague8@dTA.org,,,usr0012@dTA.org,450000.0,
EML0004582,01/30/2026 11:47:15,USR0012,PC-USR0012-01,colleague5@dTA.org,,,usr0012@dTA.org,450000.0,memo.docx
EML0004583,01/30/2026 09:09:42,USR0012,PC-USR0012-01,colleague2@dTA.org,,,usr0012@dTA.org,450000.0,
EML0004584,01/30/2026 10:38:03,USR0012,PC-USR0012-01,colleague4@dTA.org,,,usr0012@dTA.org,450000.0,
EML0004585,01/30/2026 14:02:58,USR0013,PC-USR0013-01,colleague1@dTA.org,,,usr0013@dTA.org,450000.0,
EML0004586,01/30/2026 10:54:29,USR0013,PC-USR0013-01,colleague3@dTA.org,,,usr0013@dTA.org,450000.0,
EML0004587,01/30/2026 14:23:32,USR0013,PC-USR0013-01,colleague9@dTA.org,,,usr0013@dTA.org,450000.0,
EML0004588,01/30/2026 15:09:08,USR0013,PC-USR0013-01,colleague1@dTA.org,,,usr0013@dTA.org,450000.0,memo.docx
EML0004589,01/30/2026 10:02:07,USR0013,PC-USR0013-01,colleague3@dTA.org,,,usr0013@dTA.org,450000.0,
EML0004590,01/30/2026 10:53:18,USR0013,PC-USR0013-01,colleague8@dTA.org,,,usr0013@dTA.org,450000.0,
EML0004591,01/30/2026 11:45:42,USR0013,PC-USR0013-01,colleague2@dTA.org,,,usr0013@dTA.org,450000.0,
EML0004592,01/30/2026 09:19:19,USR0013,PC-USR0013-01,colleague8@dTA.org,,,usr0013@dTA.org,450000.0,
EML0004593,01/30/2026 13:00:22,USR0014,PC-USR0014-01,colleague4@dTA.org,,,usr0014@dTA.org,450000.0,
EML0004594,01/30/2026 15:08:58,USR0014,PC-USR0014-01,colleague9@dTA.org,,,usr0014@dTA.org,450000.0,
EML0004595,01/30/2026 15:43:34,USR0014,PC-USR0014-01,colleague9@dTA.org,,,usr0014@dTA.org,450000.0,
EML0004596,01/30/2026 16:50:49,USR0014,PC-USR0014-01,colleague5@dTA.org,,,usr0014@dTA.org,450000.0,
EML0004597,01/30/2026 15:46:52,USR0014,PC-USR0014-01,colleague10@dTA.org,,,usr0014@dTA.org,450000.0,memo.docx
EML0004598,01/30/2026 14:52:17,USR0014,PC-USR0014-01,colleague9@dTA.org,,,usr0014@dTA.org,450000.0,
EML0004599,01/30/2026 14:29:44,USR0014,PC-USR0014-01,colleague5@dTA.org,,,usr0014@dTA.org,450000.0,
EML0004600,01/30/2026 12:35:29,USR0014,PC-USR0014-01,colleague6@dTA.org,,,usr0014@dTA.org,450000.0,
EML0004601,01/30/2026 13:00:31,USR0014,PC-USR0014-01,colleague4@dTA.org,,,usr0014@dTA.org,450000.0,memo.docx
EML0004602,01/30/2026 15:11:42,USR0014,PC-USR0014-01,colleague6@dTA.org,,,usr0014@dTA.org,450000.0,
EML0004603,01/30/2026 12:20:23,USR0014,PC-USR0014-01,colleague6@dTA.org,,,usr0014@dTA.org,450000.0,memo.docx
EML0004604,01/30/2026 13:46:16,USR0015,PC-USR0015-01,colleague9@dTA.org,,,usr0015@dTA.org,450000.0,
EML0004605,01/30/2026 09:13:41,USR0015,PC-USR0015-01,colleague10@dTA.org,,,usr0015@dTA.org,450000.0,memo.docx
EML0004606,01/30/2026 16:14:21,USR0015,PC-USR0015-01,colleague2@dTA.org,,,usr0015@dTA.org,450000.0,
EML0004607,01/30/2026 10:01:57,USR0015,PC-USR0015-01,colleague7@dTA.org,,,usr0015@dTA.org,450000.0,memo.docx
EML0004608,01/30/2026 13:28:08,USR0015,PC-USR0015-01,colleague4@dTA.org,,,usr0015@dTA.org,450000.0,
EML0004609,01/30/2026 16:42:01,USR0015,PC-USR0015-01,colleague10@dTA.org,,,usr0015@dTA.org,450000.0,
EML0004610,01/30/2026 14:43:57,USR0015,PC-USR0015-01,colleague7@dTA.org,,,usr0015@dTA.org,450000.0,
EML0004611,01/30/2026 11:40:38,USR0015,PC-USR0015-01,colleague2@dTA.org,,,usr0015@dTA.org,450000.0,
EML0004612,01/30/2026 16:16:42,USR0015,PC-USR0015-01,colleague10@dTA.org,,,usr0015@dTA.org,450000.0,memo.docx
EML0004613,01/30/2026 10:45:47,USR0015,PC-USR0015-01,colleague1@dTA.org,,,usr0015@dTA.org,450000.0,
EML0004614,01/30/2026 10:17:05,USR0016,PC-USR0016-01,colleague5@dTA.org,,,usr0016@dTA.org,450000.0,memo.docx
EML0004615,01/30/2026 16:43:56,USR0016,PC-USR0016-01,colleague5@dTA.org,,,usr0016@dTA.org,450000.0,
EML0004616,01/30/2026 13:57:45,USR0016,PC-USR0016-01,colleague4@dTA.org,,,usr0016@dTA.org,450000.0,
EML0004617,01/30/2026 13:02:34,USR0016,PC-USR0016-01,colleague6@dTA.org,,,usr0016@dTA.org,450000.0,memo.docx
EML0004618,01/30/2026 09:13:33,USR0016,PC-USR0016-01,colleague6@dTA.org,,,usr0016@dTA.org,450000.0,
EML0004619,01/30/2026 09:07:21,USR0016,PC-USR0016-01,colleague6@dTA.org,,,usr0016@dTA.org,450000.0,
EML0004620,01/30/2026 14:03:50,USR0016,PC-USR0016-01,colleague2@dTA.org,,,usr0016@dTA.org,450000.0,
EML0004621,01/30/2026 09:38:32,USR0016,PC-USR0016-01,colleague6@dTA.org,,,usr0016@dTA.org,450000.0,
EML0004622,01/30/2026 13:02:30,USR0016,PC-USR0016-01,colleague9@dTA.org,,,usr0016@dTA.org,450000.0,
EML0004623,01/30/2026 14:12:11,USR0016,PC-USR0016-01,colleague2@dTA.org,,,usr0016@dTA.org,450000.0,
EML0004624,01/30/2026 12:09:47,USR0017,PC-USR0017-01,colleague3@dTA.org,,,usr0017@dTA.org,450000.0,memo.docx
EML0004625,01/30/2026 16:44:06,USR0017,PC-USR0017-01,colleague4@dTA.org,,,usr0017@dTA.org,450000.0,
EML0004626,01/30/2026 14:20:07,USR0017,PC-USR0017-01,colleague6@dTA.org,,,usr0017@dTA.org,450000.0,
EML0004627,01/30/2026 13:54:50,USR0017,PC-USR0017-01,colleague1@dTA.org,,,usr0017@dTA.org,450000.0,memo.docx
EML0004628,01/30/2026 10:06:30,USR0017,PC-USR0017-01,colleague7@dTA.org,,,usr0017@dTA.org,450000.0,memo.docx
EML0004629,01/30/2026 15:17:40,USR0018,PC-USR0018-01,colleague10@dTA.org,,,usr0018@dTA.org,450000.0,
EML0004630,01/30/2026 13:19:01,USR0018,PC-USR0018-01,colleague7@dTA.org,,,usr0018@dTA.org,450000.0,
EML0004631,01/30/2026 16:15:24,USR0018,PC-USR0018-01,colleague4@dTA.org,,,usr0018@dTA.org,450000.0,
EML0004632,01/30/2026 15:29:49,USR0018,PC-USR0018-01,colleague9@dTA.org,,,usr0018@dTA.org,450000.0,
EML0004633,01/30/2026 13:41:58,USR0018,PC-USR0018-01,colleague3@dTA.org,,,usr0018@dTA.org,450000.0,
EML0004634,01/30/2026 14:17:15,USR0018,PC-USR0018-01,colleague7@dTA.org,,,usr0018@dTA.org,450000.0,
EML0004635,01/30/2026 12:46:32,USR0018,PC-USR0018-01,colleague6@dTA.org,,,usr0018@dTA.org,450000.0,
EML0004636,01/30/2026 15:28:38,USR0018,PC-USR0018-01,colleague2@dTA.org,,,usr0018@dTA.org,450000.0,
EML0004637,01/30/2026 11:00:55,USR0018,PC-USR0018-01,colleague2@dTA.org,,,usr0018@dTA.org,450000.0,
EML0004638,01/30/2026 09:29:33,USR0018,PC-USR0018-01,colleague7@dTA.org,,,usr0018@dTA.org,450000.0,
EML0004639,01/30/2026 13:06:19,USR0019,PC-USR0019-01,colleague9@dTA.org,,,usr0019@dTA.org,450000.0,
EML0004640,01/30/2026 15:32:29,USR0019,PC-USR0019-01,colleague9@dTA.org,,,usr0019@dTA.org,450000.0,
EML0004641,01/30/2026 09:52:57,USR0019,PC-USR0019-01,colleague8@dTA.org,,,usr0019@dTA.org,450000.0,
EML0004642,01/30/2026 09:15:41,USR0019,PC-USR0019-01,colleague7@dTA.org,,,usr0019@dTA.org,450000.0,
EML0004643,01/30/2026 16:57:43,USR0019,PC-USR0019-01,colleague7@dTA.org,,,usr0019@dTA.org,450000.0,
EML0004644,01/30/2026 09:12:36,USR0019,PC-USR0019-01,colleague2@dTA.org,,,usr0019@dTA.org,450000.0,memo.docx
EML0004645,01/30/2026 09:52:31,USR0020,PC-USR0020-01,colleague1@dTA.org,,,usr0020@dTA.org,450000.0,
EML0004646,01/30/2026 12:53:36,USR0020,PC-USR0020-01,colleague1@dTA.org,,,usr0020@dTA.org,450000.0,
EML0004647,01/30/2026 09:28:21,USR0020,PC-USR0020-01,colleague1@dTA.org,,,usr0020@dTA.org,450000.0,
EML0004648,01/30/2026 11:47:57,USR0020,PC-USR0020-01,colleague5@dTA.org,,,usr0020@dTA.org,450000.0,
EML0004649,01/30/2026 09:53:06,USR0020,PC-USR0020-01,colleague1@dTA.org,,,usr0020@dTA.org,450000.0,
EML0004650,01/30/2026 09:54:37,USR0020,PC-USR0020-01,colleague6@dTA.org,,,usr0020@dTA.org,450000.0,
EML0004651,01/30/2026 16:47:02,USR0020,PC-USR0020-01,colleague4@dTA.org,,,usr0020@dTA.org,450000.0,
EML0004652,01/30/2026 16:48:57,USR0020,PC-USR0020-01,colleague8@dTA.org,,,usr0020@dTA.org,450000.0,
EML0004653,01/30/2026 09:50:25,USR0020,PC-USR0020-01,colleague8@dTA.org,,,usr0020@dTA.org,450000.0,memo.docx
EML0004654,01/30/2026 09:09:38,USR0020,PC-USR0020-01,colleague4@dTA.org,,,usr0020@dTA.org,450000.0,
EML0004655,01/30/2026 12:44:07,USR0020,PC-USR0020-01,colleague3@dTA.org,,,usr0020@dTA.org,450000.0,
EML0004656,01/30/2026 15:22:24,USR0021,PC-USR0021-01,colleague7@dTA.org,,,usr0021@dTA.org,450000.0,
EML0004657,01/30/2026 13:51:45,USR0021,PC-USR0021-01,colleague4@dTA.org,,,usr0021@dTA.org,450000.0,
EML0004658,01/30/2026 14:39:57,USR0021,PC-USR0021-01,colleague8@dTA.org,,,usr0021@dTA.org,450000.0,
EML0004659,01/30/2026 12:44:10,USR0021,PC-USR0021-01,colleague1@dTA.org,,,usr0021@dTA.org,450000.0,memo.docx
EML0004660,01/30/2026 15:42:14,USR0021,PC-USR0021-01,colleague10@dTA.org,,,usr0021@dTA.org,450000.0,
EML0004661,01/30/2026 12:59:48,USR0021,PC-USR0021-01,colleague8@dTA.org,,,usr0021@dTA.org,450000.0,
EML0004662,01/30/2026 12:34:35,USR0021,PC-USR0021-01,colleague3@dTA.org,,,usr0021@dTA.org,450000.0,
EML0004663,01/30/2026 11:04:58,USR0021,PC-USR0021-01,colleague9@dTA.org,,,usr0021@dTA.org,450000.0,
EML0004664,01/30/2026 16:14:33,USR0021,PC-USR0021-01,colleague4@dTA.org,,,usr0021@dTA.org,450000.0,
EML0004665,01/30/2026 09:12:26,USR0021,PC-USR0021-01,colleague4@dTA.org,,,usr0021@dTA.org,450000.0,
EML0004666,01/30/2026 10:43:09,USR0021,PC-USR0021-01,colleague5@dTA.org,,,usr0021@dTA.org,450000.0,
EML0004667,01/30/2026 13:44:46,USR0021,PC-USR0021-01,colleague5@dTA.org,,,usr0021@dTA.org,450000.0,
EML0004668,01/30/2026 16:38:27,USR0022,PC-USR0022-01,colleague4@dTA.org,,,usr0022@dTA.org,450000.0,
EML0004669,01/30/2026 11:06:06,USR0022,PC-USR0022-01,colleague1@dTA.org,,,usr0022@dTA.org,450000.0,
EML0004670,01/30/2026 09:23:27,USR0022,PC-USR0022-01,colleague6@dTA.org,,,usr0022@dTA.org,450000.0,
EML0004671,01/30/2026 12:58:20,USR0022,PC-USR0022-01,colleague2@dTA.org,,,usr0022@dTA.org,450000.0,
EML0004672,01/30/2026 13:13:51,USR0022,PC-USR0022-01,colleague5@dTA.org,,,usr0022@dTA.org,450000.0,
EML0004673,01/30/2026 16:05:13,USR0022,PC-USR0022-01,colleague7@dTA.org,,,usr0022@dTA.org,450000.0,
EML0004674,01/30/2026 14:56:12,USR0022,PC-USR0022-01,colleague2@dTA.org,,,usr0022@dTA.org,450000.0,
EML0004675,01/30/2026 12:20:33,USR0022,PC-USR0022-01,colleague7@dTA.org,,,usr0022@dTA.org,450000.0,
EML0004676,01/30/2026 16:11:25,USR0022,PC-USR0022-01,colleague4@dTA.org,,,usr0022@dTA.org,450000.0,memo.docx
EML0004677,01/30/2026 15:14:31,USR0023,PC-USR0023-01,colleague5@dTA.org,,,usr0023@dTA.org,450000.0,
EML0004678,01/30/2026 14:35:02,USR0023,PC-USR0023-01,colleague7@dTA.org,,,usr0023@dTA.org,450000.0,
EML0004679,01/30/2026 11:35:53,USR0023,PC-USR0023-01,colleague6@dTA.org,,,usr0023@dTA.org,450000.0,memo.docx
EML0004680,01/30/2026 12:23:37,USR0023,PC-USR0023-01,colleague2@dTA.org,,,usr0023@dTA.org,450000.0,
EML0004681,01/30/2026 10:02:35,USR0023,PC-USR0023-01,colleague5@dTA.org,,,usr0023@dTA.org,450000.0,
EML0004682,01/30/2026 13:58:31,USR0023,PC-USR0023-01,colleague1@dTA.org,,,usr0023@dTA.org,450000.0,
EML0004683,01/30/2026 10:50:45,USR0023,PC-USR0023-01,colleague2@dTA.org,,,usr0023@dTA.org,450000.0,
EML0004684,01/30/2026 09:45:46,USR0023,PC-USR0023-01,colleague10@dTA.org,,,usr0023@dTA.org,450000.0,
EML0004685,01/30/2026 09:50:31,USR0023,PC-USR0023-01,colleague1@dTA.org,,,usr0023@dTA.org,450000.0,
EML0004686,01/30/2026 13:21:29,USR0023,PC-USR0023-01,colleague5@dTA.org,,,usr0023@dTA.org,450000.0,
EML0004687,01/30/2026 16:02:04,USR0023,PC-USR0023-01,colleague9@dTA.org,,,usr0023@dTA.org,450000.0,
EML0004688,01/30/2026 12:00:27,USR0023,PC-USR0023-01,colleague7@dTA.org,,,usr0023@dTA.org,450000.0,
EML0004689,01/30/2026 11:33:42,USR0024,PC-USR0024-01,colleague5@dTA.org,,,usr0024@dTA.org,450000.0,
EML0004690,01/30/2026 10:06:44,USR0024,PC-USR0024-01,colleague8@dTA.org,,,usr0024@dTA.org,450000.0,
EML0004691,01/30/2026 16:01:11,USR0024,PC-USR0024-01,colleague10@dTA.org,,,usr0024@dTA.org,450000.0,memo.docx
EML0004692,01/30/2026 11:11:44,USR0024,PC-USR0024-01,colleague4@dTA.org,,,usr0024@dTA.org,450000.0,
EML0004693,01/30/2026 16:13:43,USR0024,PC-USR0024-01,colleague2@dTA.org,,,usr0024@dTA.org,450000.0,
EML0004694,01/30/2026 12:06:36,USR0024,PC-USR0024-01,colleague9@dTA.org,,,usr0024@dTA.org,450000.0,
EML0004695,01/30/2026 09:12:14,USR0025,PC-USR0025-01,colleague9@dTA.org,,,usr0025@dTA.org,450000.0,
EML0004696,01/30/2026 09:15:48,USR0025,PC-USR0025-01,colleague3@dTA.org,,,usr0025@dTA.org,450000.0,
EML0004697,01/30/2026 11:19:41,USR0025,PC-USR0025-01,colleague8@dTA.org,,,usr0025@dTA.org,450000.0,
EML0004698,01/30/2026 10:42:50,USR0025,PC-USR0025-01,colleague7@dTA.org,,,usr0025@dTA.org,450000.0,
EML0004699,01/30/2026 13:05:20,USR0025,PC-USR0025-01,colleague7@dTA.org,,,usr0025@dTA.org,450000.0,memo.docx
EML0004700,01/30/2026 10:08:03,USR0025,PC-USR0025-01,colleague8@dTA.org,,,usr0025@dTA.org,450000.0,
EML0004701,01/30/2026 11:46:34,USR0025,PC-USR0025-01,colleague4@dTA.org,,,usr0025@dTA.org,450000.0,memo.docx
EML0004702,01/30/2026 16:07:31,USR0025,PC-USR0025-01,colleague7@dTA.org,,,usr0025@dTA.org,450000.0,
EML0004703,01/30/2026 11:57:28,USR0025,PC-USR0025-01,colleague9@dTA.org,,,usr0025@dTA.org,450000.0,
