id,date,user,pc,filename,activity,content
FIL0000001,01/01/2026 10:37:27,AAE0190,PC-AAE0190-01,C:\Documents\work_doc_3.docx,File Open,Sample content
FIL0000002,01/01/2026 09:05:13,AAE0190,PC-AAE0190-01,C:\Documents\work_doc_15.docx,File Open,Sample content
FIL0000003,01/01/2026 09:35:12,AAE0190,PC-AAE0190-01,C:\Documents\work_doc_46.docx,File Open,Sample content
FIL0000004,01/01/2026 15:14:28,AAE0190,PC-AAE0190-01,C:\Documents\work_doc_38.docx,File Open,Sample content
FIL0000005,01/01/2026 13:51:55,AAE0190,PC-AAE0190-01,C:\Documents\work_doc_1.docx,File Open,Sample content
FIL0000006,01/01/2026 11:44:27,AAE0190,PC-AAE0190-01,C:\Documents\work_doc_22.docx,File Open,Sample content
FIL0000007,01/01/2026 13:09:13,AAE0190,PC-AAE0190-01,C:\Documents\work_doc_49.docx,File Open,Sample content
FIL0000008,01/01/2026 14:06:05,AAE0190,PC-AAE0190-01,C:\Documents\work_doc_25.docx,File Open,Sample content
FIL0000009,01/01/2026 14:03:03,USR0002,PC-USR0002-01,C:\Documents\work_doc_38.docx,File Open,Sample content
FIL0000010,01/01/2026 16:32:58,USR0002,PC-USR0002-01,C:\Documents\work_doc_34.docx,File Open,Sample content
FIL0000011,01/01/2026 11:03:32,USR0002,PC-USR0002-01,C:\Documents\work_doc_6.docx,File Open,Sample content
FIL0000012,01/01/2026 11:04:38,USR0002,PC-USR0002-01,C:\Documents\work_doc_5.docx,File Open,Sample content
FIL0000013,01/01/2026 12:25:07,USR0002,PC-USR0002-01,C:\Documents\work_doc_37.docx,File Open,Sample content
FIL0000014,01/01/2026 12:37:38,USR0002,PC-USR0002-01,C:\Documents\work_doc_3.docx,File Open,Sample content
FIL0000015,01/01/2026 13:06:53,USR0003,PC-USR0003-01,C:\Documents\work_doc_13.docx,File Open,Sample content
FIL0000016,01/01/2026 13:14:23,USR0003,PC-USR0003-01,C:\Documents\work_doc_12.docx,File Open,Sample content
FIL0000017,01/01/2026 13:00:45,USR0003,PC-USR0003-01,C:\Documents\work_doc_35.docx,File Open,Sample content
FIL0000018,01/01/2026 11:17:02,USR0003,PC-USR0003-01,C:\Documents\work_doc_4.docx,File Open,Sample content
FIL0000019,01/01/2026 13:44:08,USR0003,PC-USR0003-01,C:\Documents\work_doc_41.docx,File Open,Sample content
FIL0000020,01/01/2026 16:06:55,USR0003,PC-USR0003-01,C:\Documents\work_doc_1.docx,File Open,Sample content
FIL0000021,01/01/2026 13:30:30,USR0003,PC-USR0003-01,C:\Documents\work_doc_29.docx,File Open,Sample content
FIL0000022,01/01/2026 14:11:03,USR0003,PC-USR0003-01,C:\Documents\work_doc_17.docx,File Open,Sample content
FIL0000023,01/01/2026 16:07:52,USR0003,PC-USR0003-01,C:\Documents\work_doc_5.docx,File Open,Sample content
FIL0000024,01/01/2026 15:31:04,USR0003,PC-USR0003-01,C:\Documents\work_doc_37.docx,File Open,Sample content
FIL0000025,01/01/2026 09:09:09,USR0003,PC-USR0003-01,C:\Documents\work_doc_37.docx,File Open,Sample content
FIL0000026,01/01/2026 13:05:15,USR0003,PC-USR0003-01,C:\Documents\work_doc_8.docx,File Open,Sample content
FIL0000027,01/01/2026 15:38:38,USR0003,PC-USR0003-01,C:\Documents\work_doc_40.docx,File Open,Sample content
FIL0000028,01/01/2026 13:44:18,USR0004,PC-USR0004-01,C:\Documents\work_doc_2.docx,File Open,Sample content
FIL0000029,01/01/2026 15:17:00,USR0004,PC-USR0004-01,C:\Documents\work_doc_37.docx,File Open,Sample content
FIL0000030,01/01/2026 09:58:38,USR0004,PC-USR0004-01,C:\Documents\work_doc_48.docx,File Open,Sample content
FIL0000031,01/01/2026 16:53:57,USR0004,PC-USR0004-01,C:\Documents\work_doc_19.docx,File Open,Sample content
FIL0000032,01/01/2026 12:38:51,USR0004,PC-USR0004-01,C:\Documents\work_doc_23.docx,File Open,Sample content
FIL0000033,01/01/2026 12:40:12,USR0004,PC-USR0004-01,C:\Documents\work_doc_40.docx,File Open,Sample content
FIL0000034,01/01/2026 13:43:48,USR0004,PC-USR0004-01,C:\Documents\work_doc_47.docx,File Open,Sample content
FIL0000035,01/01/2026 11:40:06,USR0004,PC-USR0004-01,C:\Documents\work_doc_41.docx,File Open,Sample content
FIL0000036,01/01/2026 09:19:50,USR0004,PC-USR0004-01,C:\Documents\work_doc_29.docx,File Open,Sample content
FIL0000037,01/01/2026 09:37:23,USR0004,PC-USR0004-01,C:\Documents\work_doc_47.docx,File Open,Sample content
FIL0000038,01/01/2026 11:05:58,USR0004,PC-USR0004-01,C:\Documents\work_doc_19.docx,File Open,Sample content
FIL0000039,01/01/2026 14:47:26,USR0004,PC-USR0004-01,C:\Documents\work_doc_12.docx,File Open,Sample content
FIL0000040,01/01/2026 12:08:50,USR0004,PC-USR0004-01,C:\Documents\work_doc_35.docx,File Open,Sample content
FIL0000041,01/01/2026 14:33:32,USR0004,PC-USR0004-01,C:\Documents\work_doc_18.docx,File Open,Sample content
FIL0000042,01/01/2026 11:16:58,USR0004,PC-USR0004-01,C:\Documents\work_doc_31.docx,File Open,Sample content
FIL0000043,01/01/2026 13:47:55,USR0004,PC-USR0004-01,C:\Documents\work_doc_22.docx,File Open,Sample content
FIL0000044,01/01/2026 16:42:27,USR0005,PC-USR0005-01,C:\Documents\work_doc_32.docx,File Open,Sample content
FIL0000045,01/01/2026 16:26:17,USR0005,PC-USR0005-01,C:\Documents\work_doc_14.docx,File Open,Sample content
FIL0000046,01/01/2026 10:22:27,USR0005,PC-USR0005-01,C:\Documents\work_doc_8.docx,File Open,Sample content
FIL0000047,01/01/2026 13:43:43,USR0005,PC-USR0005-01,C:\Documents\work_doc_38.docx,File Open,Sample content
FIL0000048,01/01/2026 16:33:42,USR0005,PC-USR0005-01,C:\Documents\work_doc_20.docx,File Open,Sample content
FIL0000049,01/01/2026 09:14:25,USR0005,PC-USR0005-01,C:\Documents\work_doc_39.docx,File Open,Sample content
FIL0000050,01/01/2026 09:00:13,USR0005,PC-USR0005-01,C:\Documents\work_doc_20.docx,File Open,Sample content
FIL0000051,01/01/2026 12:49:08,USR0005,PC-USR0005-01,C:\Documents\work_doc_49.docx,File Open,Sample content
FIL0000052,01/01/2026 13:18:20,USR0005,PC-USR0005-01,C:\Documents\work_doc_8.docx,File Open,Sample content
FIL0000053,01/01/2026 09:31:47,USR0005,PC-USR0005-01,C:\Documents\work_doc_28.docx,File Open,Sample content
FIL0000054,01/01/2026 11:08:24,USR0005,PC-USR0005-01,C:\Documents\work_doc_35.docx,File Open,Sample content
FIL0000055,01/01/2026 12:32:35,USR0005,PC-USR0005-01,C:\Documents\work_doc_43.docx,File Open,Sample content
FIL0000056,01/01/2026 14:04:25,USR0005,PC-USR0005-01,C:\Documents\work_doc_48.docx,File Open,Sample content
FIL0000057,01/01/2026 15:10:52,USR0006,PC-USR0006-01,C:\Documents\work_doc_13.docx,File Open,Sample content
FIL0000058,01/01/2026 11:55:16,USR0006,PC-USR0006-01,C:\Documents\work_doc_4.docx,File Open,Sample content
FIL0000059,01/01/2026 16:55:23,USR0006,PC-USR0006-01,C:\Documents\work_doc_36.docx,File Open,Sample content
FIL0000060,01/01/2026 10:45:54,USR0006,PC-USR0006-01,C:\Documents\work_doc_34.docx,File Open,Sample content
FIL0000061,01/01/2026 10:18:05,USR0006,PC-USR0006-01,C:\Documents\work_doc_49.docx,File Open,Sample content
FIL0000062,01/01/2026 11:17:28,USR0006,PC-USR0006-01,C:\Documents\work_doc_33.docx,File Open,Sample content
FIL0000063,01/01/2026 11:53:27,USR0006,PC-USR0006-01,C:\Documents\work_doc_6.docx,File Open,Sample content
FIL0000064,01/01/2026 12:52:28,USR0006,PC-USR0006-01,C:\Documents\work_doc_23.docx,File Open,Sample content
FIL0000065,01/01/2026 09:26:03,USR0006,PC-USR0006-01,C:\Documents\work_doc_26.docx,File Open,Sample content
FIL0000066,01/01/2026 14:15:24,USR0006,PC-USR0006-01,C:\Documents\work_doc_6.docx,File Open,Sample content
FIL0000067,01/01/2026 14:14:01,USR0006,PC-USR0006-01,C:\Documents\work_doc_21.docx,File Open,Sample content
FIL0000068,01/01/2026 10:53:45,USR0006,PC-USR0006-01,C:\Documents\work_doc_42.docx,File Open,Sample content
FIL0000069,01/01/2026 14:50:09,USR0006,PC-USR0006-01,C:\Documents\work_doc_9.docx,File Open,Sample content
FIL0000070,01/01/2026 09:18:58,USR0006,PC-USR0006-01,C:\Documents\work_doc_31.docx,File Open,Sample content
FIL0000071,01/01/2026 11:48:45,USR0006,PC-USR0006-01,C:\Documents\work_doc_31.docx,File Open,Sample content
FIL0000072,01/01/2026 16:39:00,USR0006,PC-USR0006-01,C:\Documents\work_doc_6.docx,File Open,Sample content
FIL0000073,01/01/2026 09:16:13,USR0006,PC-USR0006-01,C:\Documents\work_doc_10.docx,File Open,Sample content
FIL0000074,01/01/2026 16:12:15,USR0007,PC-USR0007-01,C:\Documents\work_doc_18.docx,File Open,Sample content
FIL0000075,01/01/2026 13:14:19,USR0007,PC-USR0007-01,C:\Documents\work_doc_50.docx,File Open,Sample content
FIL0000076,01/01/2026 13:45:13,USR0007,PC-USR0007-01,C:\Documents\work_doc_45.docx,File Open,Sample content
FIL0000077,01/01/2026 16:20:30,USR0007,PC-USR0007-01,C:\Documents\work_doc_23.docx,File Open,Sample content
FIL0000078,01/01/2026 13:18:07,USR0007,PC-USR0007-01,C:\Documents\work_doc_37.docx,File Open,Sample content
FIL0000079,01/01/2026 15:57:25,USR0007,PC-USR0007-01,C:\Documents\work_doc_23.docx,File Open,Sample content
FIL0000080,01/01/2026 11:18:02,USR0007,PC-USR0007-01,C:\Documents\work_doc_19.docx,File Open,Sample content
FIL0000081,01/01/2026 10:22:59,USR0007,PC-USR0007-01,C:\Documents\work_doc_29.docx,File Open,Sample content
FIL0000082,01/01/2026 13:47:30,USR0007,PC-USR0007-01,C:\Documents\work_doc_14.docx,File Open,Sample content
FIL0000083,01/01/2026 12:52:34,USR0007,PC-USR0007-01,C:\Documents\work_doc_18.docx,File Open,Sample content
FIL0000084,01/01/2026 13:08:06,USR0007,PC-USR0007-01,C:\Documents\work_doc_40.docx,File Open,Sample content
FIL0000085,01/01/2026 12:15:03,USR0007,PC-USR0007-01,C:\Documents\work_doc_43.docx,File Open,Sample content
FIL0000086,01/01/2026 12:40:14,USR0007,PC-USR0007-01,C:\Documents\work_doc_4.docx,File Open,Sample content
FIL0000087,01/01/2026 12:19:56,USR0008,PC-USR0008-01,C:\Documents\work_doc_10.docx,File Open,Sample content
FIL0000088,01/01/2026 12:26:19,USR0008,PC-USR0008-01,C:\Documents\work_doc_18.docx,File Open,Sample content
FIL0000089,01/01/2026 09:35:37,USR0008,PC-USR0008-01,C:\Documents\work_doc_48.docx,File Open,Sample content
FIL0000090,01/01/2026 11:40:43,USR0008,PC-USR0008-01,C:\Documents\work_doc_28.docx,File Open,Sample content
FIL0000091,01/01/2026 16:03:22,USR0008,PC-USR0008-01,C:\Documents\work_doc_42.docx,File Open,Sample content
FIL0000092,01/01/2026 15:50:33,USR0008,PC-USR0008-01,C:\Documents\work_doc_21.docx,File Open,Sample content
FIL0000093,01/01/2026 15:26:09,USR0008,PC-USR0008-01,C:\Documents\work_doc_20.docx,File Open,Sample content
FIL0000094,01/01/2026 15:11:48,USR0008,PC-USR0008-01,C:\Documents\work_doc_35.docx,File Open,Sample content
FIL0000095,01/01/2026 16:15:54,USR0008,PC-USR0008-01,C:\Documents\work_doc_15.docx,File Open,Sample content
FIL0000096,01/01/2026 13:54:45,USR0008,PC-USR0008-01,C:\Documents\work_doc_10.docx,File Open,Sample content
FIL0000097,01/01/2026 16:58:03,USR0008,PC-USR0008-01,C:\Documents\work_doc_36.docx,File Open,Sample content
FIL0000098,01/01/2026 15:26:35,USR0008,PC-USR0008-01,C:\Documents\work_doc_34.docx,File Open,Sample content
FIL0000099,01/01/2026 11:24:15,USR0008,PC-USR0008-01,C:\Documents\work_doc_17.docx,File Open,Sample content
FIL0000100,01/01/2026 12:21:41,USR0008,PC-USR0008-01,C:\Documents\work_doc_6.docx,File Open,Sample content
FIL0000101,01/01/2026 16:54:23,USR0008,PC-USR0008-01,C:\Documents\work_doc_6.docx,File Open,Sample content
FIL0000102,01/01/2026 11:52:43,USR0009,PC-USR0009-01,C:\Documents\work_doc_46.docx,File Open,Sample content
FIL0000103,01/01/2026 13:58:39,USR0009,PC-USR0009-01,C:\Documents\work_doc_38.docx,File Open,Sample content
FIL0000104,01/01/2026 10:43:08,USR0009,PC-USR0009-01,C:\Documents\work_doc_21.docx,File Open,Sample content
FIL0000105,01/01/2026 10:15:19,USR0009,PC-USR0009-01,C:\Documents\work_doc_8.docx,File Open,Sample content
FIL0000106,01/01/2026 11:23:44,USR0009,PC-USR0009-01,C:\Documents\work_doc_10.docx,File Open,Sample content
FIL0000107,01/01/2026 15:26:38,USR0009,PC-USR0009-01,C:\Documents\work_doc_9.docx,File Open,Sample content
FIL0000108,01/01/2026 15:27:11,USR0009,PC-USR0009-01,C:\Documents\work_doc_32.docx,File Open,Sample content
FIL0000109,01/01/2026 11:35:10,USR0009,PC-USR0009-01,C:\Documents\work_doc_32.docx,File Open,Sample content
FIL0000110,01/01/2026 13:08:11,USR0009,PC-USR0009-01,C:\Documents\work_doc_21.docx,File Open,Sample content
FIL0000111,01/01/2026 16:39:03,USR0009,PC-USR0009-01,C:\Documents\work_doc_23.docx,File Open,Sample content
FIL0000112,01/01/2026 09:31:08,USR0009,PC-USR0009-01,C:\Documents\work_doc_13.docx,File Open,Sample content
FIL0000113,01/01/2026 15:35:32,USR0009,PC-USR0009-01,C:\Documents\work_doc_42.docx,File Open,Sample content
FIL0000114,01/01/2026 16:26:43,USR0009,PC-USR0009-01,C:\Documents\work_doc_32.docx,File Open,Sample content
FIL0000115,01/01/2026 15:45:53,USR0009,PC-USR0009-01,C:\Documents\work_doc_29.docx,File Open,Sample content
FIL0000116,01/01/2026 16:10:05,USR0009,PC-USR0009-01,C:\Documents\work_doc_37.docx,File Open,Sample content
FIL0000117,01/01/2026 09:50:48,USR0009,PC-USR0009-01,C:\Documents\work_doc_15.docx,File Open,Sample content
FIL0000118,01/01/2026 13:02:17,USR0009,PC-USR0009-01,C:\Documents\work_doc_15.docx,File Open,Sample content
FIL0000119,01/01/2026 13:10:49,USR0009,PC-USR0009-01,C:\Documents\work_doc_30.docx,File Open,Sample content
FIL0000120,01/01/2026 16:35:32,USR0009,PC-USR0009-01,C:\Documents\work_doc_8.docx,File Open,Sample content
FIL0000121,01/01/2026 10:10:51,USR0010,PC-USR0010-01,C:\Documents\work_doc_44.docx,File Open,Sample content
FIL0000122,01/01/2026 13:52:45,USR0010,PC-USR0010-01,C:\Documents\work_doc_45.docx,File Open,Sample content
FIL0000123,01/01/2026 09:13:53,USR0010,PC-USR0010-01,C:\Documents\work_doc_21.docx,File Open,Sample content
FIL0000124,01/01/2026 11:05:45,USR0010,PC-USR0010-01,C:\Documents\work_doc_16.docx,File Open,Sample content
FIL0000125,01/01/2026 14:25:32,USR0010,PC-USR0010-01,C:\Documents\work_doc_4.docx,File Open,Sample content
FIL0000126,01/01/2026 13:16:52,USR0010,PC-USR0010-01,C:\Documents\work_doc_12.docx,File Open,Sample content
FIL0000127,01/01/2026 09:25:54,USR0010,PC-USR0010-01,C:\Documents\work_doc_29.docx,File Open,Sample content
FIL0000128,01/01/2026 12:06:29,USR0010,PC-USR0010-01,C:\Documents\work_doc_7.docx,File Open,Sample content
FIL0000129,01/01/2026 15:10:46,USR0011,PC-USR0011-01,C:\Documents\work_doc_5.docx,File Open,Sample content
FIL0000130,01/01/2026 10:21:38,USR0011,PC-USR0011-01,C:\Documents\work_doc_40.docx,File Open,Sample content
FIL0000131,01/01/2026 16:45:01,USR0011,PC-USR0011-01,C:\Documents\work_doc_28.docx,File Open,Sample content
FIL0000132,01/01/2026 11:38:56,USR0011,PC-USR0011-01,C:\Documents\work_doc_28.docx,File Open,Sample content
FIL0000133,01/01/2026 11:03:06,USR0011,PC-USR0011-01,C:\Documents\work_doc_22.docx,File Open,Sample content
FIL0000134,01/01/2026 12:12:26,USR0011,PC-USR0011-01,C:\Documents\work_doc_45.docx,File Open,Sample content
FIL0000135,01/01/2026 13:42:18,USR0011,PC-USR0011-01,C:\Documents\work_doc_20.docx,File Open,Sample content
FIL0000136,01/01/2026 12:06:03,USR0011,PC-USR0011-01,C:\Documents\work_doc_26.docx,File Open,Sample content
FIL0000137,01/01/2026 16:09:03,USR0011,PC-USR0011-01,C:\Documents\work_doc_24.docx,File Open,Sample content
FIL0000138,01/01/2026 09:27:05,USR0011,PC-USR0011-01,C:\Documents\work_doc_19.docx,File Open,Sample content
FIL0000139,01/01/2026 13:53:24,USR0012,PC-USR0012-01,C:\Documents\work_doc_45.docx,File Open,Sample content
FIL0000140,01/01/2026 16:51:26,USR0012,PC-USR0012-01,C:\Documents\work_doc_42.docx,File Open,Sample content
FIL0000141,01/01/2026 11:07:08,USR0012,PC-USR0012-01,C:\Documents\work_doc_45.docx,File Open,Sample content
FIL0000142,01/01/2026 09:54:10,USR0012,PC-USR0012-01,C:\Documents\work_doc_7.docx,File Open,Sample content
FIL0000143,01/01/2026 15:58:37,USR0012,PC-USR0012-01,C:\Documents\work_doc_31.docx,File Open,Sample content
FIL0000144,01/01/2026 16:11:39,USR0012,PC-USR0012-01,C:\Documents\work_doc_25.docx,File Open,Sample content
FIL0000145,01/01/2026 14:39:01,USR0012,PC-USR0012-01,C:\Documents\work_doc_44.docx,File Open,Sample content
FIL0000146,01/01/2026 11:30:58,USR0012,PC-USR0012-01,C:\Documents\work_doc_32.docx,File Open,Sample content
FIL0000147,01/01/2026 10:56:26,USR0012,PC-USR0012-01,C:\Documents\work_doc_29.docx,File Open,Sample content
FIL0000148,01/01/2026 09:04:16,USR0012,PC-USR0012-01,C:\Documents\work_doc_42.docx,File Open,Sample content
FIL0000149,01/01/2026 14:00:45,USR0012,PC-USR0012-01,C:\Documents\work_doc_44.docx,File Open,Sample content
FIL0000150,01/01/2026 12:42:55,USR0012,PC-USR0012-01,C:\Documents\work_doc_22.docx,File Open,Sample content
FIL0000151,01/01/2026 10:27:42,USR0012,PC-USR0012-01,C:\Documents\work_doc_47.docx,File Open,Sample content
FIL0000152,01/01/2026 12:30:22,USR0012,PC-USR0012-01,C:\Documents\work_doc_43.docx,File Open,Sample content
FIL0000153,01/01/2026 15:09:53,USR0012,PC-USR0012-01,C:\Documents\work_doc_36.docx,File Open,Sample content
FIL0000154,01/01/2026 09:00:41,USR0012,PC-USR0012-01,C:\Documents\work_doc_11.docx,File Open,Sample content
FIL0000155,01/01/2026 16:54:31,USR0012,PC-USR0012-01,C:\Documents\work_doc_11.docx,File Open,Sample content
FIL0000156,01/01/2026 10:48:31,USR0012,PC-USR0012-01,C:\Documents\work_doc_21.docx,File Open,Sample content
FIL0000157,01/01/2026 12:21:17,USR0012,PC-USR0012-01,C:\Documents\work_doc_4.docx,File Open,Sample content
FIL0000158,01/01/2026 10:18:39,USR0013,PC-USR0013-01,C:\Documents\work_doc_5.docx,File Open,Sample content
FIL0000159,01/01/2026 12:20:31,USR0013,PC-USR0013-01,C:\Documents\work_doc_29.docx,File Open,Sample content
FIL0000160,01/01/2026 14:39:42,USR0013,PC-USR0013-01,C:\Documents\work_doc_20.docx,File Open,Sample content
FIL0000161,01/01/2026 11:36:36,USR0013,PC-USR0013-01,C:\Documents\work_doc_24.docx,File Open,Sample content
FIL0000162,01/01/2026 14:27:10,USR0013,PC-USR0013-01,C:\Documents\work_doc_1.docx,File Open,Sample content
FIL0000163,01/01/2026 14:15:50,USR0013,PC-USR0013-01,C:\Documents\work_doc_15.docx,File Open,Sample content
FIL0000164,01/01/2026 15:17:53,USR0013,PC-USR0013-01,C:\Documents\work_doc_24.docx,File Open,Sample content
FIL0000165,01/01/2026 11:43:46,USR0013,PC-USR0013-01,C:\Documents\work_doc_22.docx,File Open,Sample content
FIL0000166,01/01/2026 16:29:28,USR0013,PC-USR0013-01,C:\Documents\work_doc_23.docx,File Open,Sample content
FIL0000167,01/01/2026 13:31:35,USR0013,PC-USR0013-01,C:\Documents\work_doc_7.docx,File Open,Sample content
FIL0000168,01/01/2026 11:41:38,USR0013,PC-USR0013-01,C:\Documents\work_doc_6.docx,File Open,Sample content
FIL0000169,01/01/2026 13:54:52,USR0013,PC-USR0013-01,C:\Documents\work_doc_9.docx,File Open,Sample content
FIL0000170,01/01/2026 09:43:13,USR0014,PC-USR0014-01,C:\Documents\work_doc_25.docx,File Open,Sample content
FIL0000171,01/01/2026 10:20:23,USR0014,PC-USR0014-01,C:\Documents\work_doc_40.docx,File Open,Sample content
FIL0000172,01/01/2026 13:11:35,USR0014,PC-USR0014-01,C:\Documents\work_doc_17.docx,File Open,Sample content
FIL0000173,01/01/2026 12:17:30,USR0014,PC-USR0014-01,C:\Documents\work_doc_40.docx,File Open,Sample content
FIL0000174,01/01/2026 14:23:11,USR0014,PC-USR0014-01,C:\Documents\work_doc_32.docx,File Open,Sample content
FIL0000175,01/01/2026 09:23:14,USR0015,PC-USR0015-01,C:\Documents\work_doc_39.docx,File Open,Sample content
FIL0000176,01/01/2026 10:00:59,USR0015,PC-USR0015-01,C:\Documents\work_doc_14.docx,File Open,Sample content
FIL0000177,01/01/2026 16:59:56,USR0015,PC-USR0015-01,C:\Documents\work_doc_6.docx,File Open,Sample content
FIL0000178,01/01/2026 16:51:40,USR0015,PC-USR0015-01,C:\Documents\work_doc_4.docx,File Open,Sample content
FIL0000179,01/01/2026 14:35:47,USR0015,PC-USR0015-01,C:\Documents\work_doc_27.docx,File Open,Sample content
FIL0000180,01/01/2026 14:50:45,USR0015,PC-USR0015-01,C:\Documents\work_doc_4.docx,File Open,Sample content
FIL0000181,01/01/2026 13:33:02,USR0015,PC-USR0015-01,C:\Documents\work_doc_47.docx,File Open,Sample content
FIL0000182,01/01/2026 10:53:19,USR0015,PC-USR0015-01,C:\Documents\work_doc_5.docx,File Open,Sample content
FIL0000183,01/01/2026 12:33:06,USR0015,PC-USR0015-01,C:\Documents\work_doc_7.docx,File Open,Sample content
FIL0000184,01/01/2026 12:34:24,USR0015,PC-USR0015-01,C:\Documents\work_doc_13.docx,File Open,Sample content
FIL0000185,01/01/2026 12:33:42,USR0015,PC-USR0015-01,C:\Documents\work_doc_16.docx,File Open,Sample content
FIL0000186,01/01/2026 11:35:47,USR0015,PC-USR0015-01,C:\Documents\work_doc_36.docx,File Open,Sample content
FIL0000187,01/01/2026 15:47:06,USR0015,PC-USR0015-01,C:\Documents\work_doc_50.docx,File Open,Sample content
FIL0000188,01/01/2026 15:19:19,USR0016,PC-USR0016-01,C:\Documents\work_doc_47.docx,File Open,Sample content
FIL0000189,01/01/2026 16:18:40,USR0016,PC-USR0016-01,C:\Documents\work_doc_12.docx,File Open,Sample content
FIL0000190,01/01/2026 10:57:08,USR0016,PC-USR0016-01,C:\Documents\work_doc_13.docx,File Open,Sample content
FIL0000191,01/01/2026 09:39:48,USR0016,PC-USR0016-01,C:\Documents\work_doc_17.docx,File Open,Sample content
FIL0000192,01/01/2026 09:29:31,USR0016,PC-USR0016-01,C:\Documents\work_doc_32.docx,File Open,Sample content
FIL0000193,01/01/2026 09:38:56,USR0016,PC-USR0016-01,C:\Documents\work_doc_32.docx,File Open,Sample content
FIL0000194,01/01/2026 16:14:14,USR0017,PC-USR0017-01,C:\Documents\work_doc_10.docx,File Open,Sample content
FIL0000195,01/01/2026 13:58:23,USR0017,PC-USR0017-01,C:\Documents\work_doc_26.docx,File Open,Sample content
FIL0000196,01/01/2026 11:44:58,USR0017,PC-USR0017-01,C:\Documents\work_doc_43.docx,File Open,Sample content
FIL0000197,01/01/2026 14:50:55,USR0017,PC-USR0017-01,C:\Documents\work_doc_21.docx,File Open,Sample content
FIL0000198,01/01/2026 16:31:01,USR0017,PC-USR0017-01,C:\Documents\work_doc_5.docx,File Open,Sample content
FIL0000199,01/01/2026 16:07:22,USR0017,PC-USR0017-01,C:\Documents\work_doc_31.docx,File Open,Sample content
FIL0000200,01/01/2026 16:54:10,USR0017,PC-USR0017-01,C:\Documents\work_doc_19.docx,File Open,Sample content
FIL0000201,01/01/2026 14:38:36,USR0017,PC-USR0017-01,C:\Documents\work_doc_9.docx,File Open,Sample content
FIL0000202,01/01/2026 10:25:52,USR0017,PC-USR0017-01,C:\Documents\work_doc_46.docx,File Open,Sample content
FIL0000203,01/01/2026 10:20:35,USR0017,PC-USR0017-01,C:\Documents\work_doc_42.docx,File Open,Sample content
FIL0000204,01/01/2026 10:50:19,USR0017,PC-USR0017-01,C:\Documents\work_doc_35.docx,File Open,Sample content
FIL0000205,01/01/2026 16:25:37,USR0017,PC-USR0017-01,C:\Documents\work_doc_27.docx,File Open,Sample content
FIL0000206,01/01/2026 12:39:15,USR0017,PC-USR0017-01,C:\Documents\work_doc_36.docx,File Open,Sample content
FIL0000207,01/01/2026 11:30:24,USR0017,PC-USR0017-01,C:\Documents\work_doc_5.docx,File Open,Sample content
FIL0000208,01/01/2026 14:13:52,USR0017,PC-USR0017-01,C:\Documents\work_doc_45.docx,File Open,Sample content
FIL0000209,01/01/2026 15:50:27,USR0017,PC-USR0017-01,C:\Documents\work_doc_37.docx,File Open,Sample content
FIL0000210,01/01/2026 14:34:44,USR0017,PC-USR0017-01,C:\Documents\work_doc_16.docx,File Open,Sample content
FIL0000211,01/01/2026 11:42:42,USR0017,PC-USR0017-01,C:\Documents\work_doc_5.docx,File Open,Sample content
FIL0000212,01/01/2026 16:07:37,USR0017,PC-USR0017-01,C:\Documents\work_doc_39.docx,File Open,Sample content
FIL0000213,01/01/2026 11:47:37,USR0018,PC-USR0018-01,C:\Documents\work_doc_15.docx,File Open,Sample content
FIL0000214,01/01/2026 10:02:47,USR0018,PC-USR0018-01,C:\Documents\work_doc_10.docx,File Open,Sample content
FIL0000215,01/01/2026 16:41:01,USR0018,PC-USR0018-01,C:\Documents\work_doc_31.docx,File Open,Sample content
FIL0000216,01/01/2026 09:15:44,USR0018,PC-USR0018-01,C:\Documents\work_doc_42.docx,File Open,Sample content
FIL0000217,01/01/2026 11:00:11,USR0018,PC-USR0018-01,C:\Documents\work_doc_41.docx,File Open,Sample content
FIL0000218,01/01/2026 09:57:19,USR0018,PC-USR0018-01,C:\Documents\work_doc_7.docx,File Open,Sample content
FIL0000219,01/01/2026 16:39:10,USR0018,PC-USR0018-01,C:\Documents\work_doc_38.docx,File Open,Sample content
FIL0000220,01/01/2026 10:52:52,USR0018,PC-USR0018-01,C:\Documents\work_doc_7.docx,File Open,Sample content
FIL0000221,01/01/2026 10:31:38,USR0018,PC-USR0018-01,C:\Documents\work_doc_40.docx,File Open,Sample content
FIL0000222,01/01/2026 12:04:51,USR0018,PC-USR0018-01,C:\Documents\work_doc_13.docx,File Open,Sample content
FIL0000223,01/01/2026 15:21:51,USR0018,PC-USR0018-01,C:\Documents\work_doc_48.docx,File Open,Sample content
FIL0000224,01/01/2026 15:20:07,USR0018,PC-USR0018-01,C:\Documents\work_doc_44.docx,File Open,Sample content
FIL0000225,01/01/2026 11:20:53,USR0018,PC-USR0018-01,C:\Documents\work_doc_14.docx,File Open,Sample content
FIL0000226,01/01/2026 09:37:11,USR0018,PC-USR0018-01,C:\Documents\work_doc_22.docx,File Open,Sample content
FIL0000227,01/01/2026 10:07:17,USR0018,PC-USR0018-01,C:\Documents\work_doc_10.docx,File Open,Sample content
FIL0000228,01/01/2026 15:10:44,USR0018,PC-USR0018-01,C:\Documents\work_doc_24.docx,File Open,Sample content
FIL0000229,01/01/2026 11:28:15,USR0018,PC-USR0018-01,C:\Documents\work_doc_38.docx,File Open,Sample content
FIL0000230,01/01/2026 09:08:06,USR0018,PC-USR0018-01,C:\Documents\work_doc_41.docx,File Open,Sample content
FIL0000231,01/01/2026 15:49:10,USR0018,PC-USR0018-01,C:\Documents\work_doc_2.docx,File Open,Sample content
FIL0000232,01/01/2026 15:51:28,USR0019,PC-USR0019-01,C:\Documents\work_doc_19.docx,File Open,Sample content
FIL0000233,01/01/2026 11:51:46,USR0019,PC-USR0019-01,C:\Documents\work_doc_28.docx,File Open,Sample content
FIL0000234,01/01/2026 15:08:53,USR0019,PC-USR0019-01,C:\Documents\work_doc_38.docx,File Open,Sample content
FIL0000235,01/01/2026 10:09:13,USR0019,PC-USR0019-01,C:\Documents\work_doc_20.docx,File Open,Sample content
FIL0000236,01/01/2026 16:55:33,USR0019,PC-USR0019-01,C:\Documents\work_doc_22.docx,File Open,Sample content
FIL0000237,01/01/2026 10:59:37,USR0019,PC-USR0019-01,C:\Documents\work_doc_49.docx,File Open,Sample content
FIL0000238,01/01/2026 15:05:00,USR0019,PC-USR0019-01,C:\Documents\work_doc_27.docx,File Open,Sample content
FIL0000239,01/01/2026 13:26:11,USR0019,PC-USR0019-01,C:\Documents\work_doc_36.docx,File Open,Sample content
FIL0000240,01/01/2026 16:45:36,USR0019,PC-USR0019-01,C:\Documents\work_doc_49.docx,File Open,Sample content
FIL0000241,01/01/2026 11:12:11,USR0019,PC-USR0019-01,C:\Documents\work_doc_25.docx,File Open,Sample content
FIL0000242,01/01/2026 13:35:31,USR0019,PC-USR0019-01,C:\Documents\work_doc_3.docx,File Open,Sample content
FIL0000243,01/01/2026 13:53:37,USR0019,PC-USR0019-01,C:\Documents\work_doc_20.docx,File Open,Sample content
FIL0000244,01/01/2026 16:35:47,USR0019,PC-USR0019-01,C:\Documents\work_doc_30.docx,File Open,Sample content
FIL0000245,01/01/2026 12:01:50,USR0019,PC-USR0019-01,C:\Documents\work_doc_1.docx,File Open,Sample content
FIL0000246,01/01/2026 11:16:19,USR0019,PC-USR0019-01,C:\Documents\work_doc_41.docx,File Open,Sample content
FIL0000247,01/01/2026 16:07:41,USR0019,PC-USR0019-01,C:\Documents\work_doc_43.docx,File Open,Sample content
FIL0000248,01/01/2026 13:26:11,USR0019,PC-USR0019-01,C:\Documents\work_doc_32.docx,File Open,Sample content
FIL0000249,01/01/2026 12:01:07,USR0019,PC-USR0019-01,C:\Documents\work_doc_49.docx,File Open,Sample content
FIL0000250,01/01/2026 13:31:04,USR0019,PC-USR0019-01,C:\Documents\work_doc_39.docx,File Open,Sample content
FIL0000251,01/01/2026 11:39:19,USR0020,PC-USR0020-01,C:\Documents\work_doc_24.docx,File Open,Sample content
FIL0000252,01/01/2026 15:12:31,USR0020,PC-USR0020-01,C:\Documents\work_doc_41.docx,File Open,Sample content
FIL0000253,01/01/2026 10:53:54,USR0020,PC-USR0020-01,C:\Documents\work_doc_35.docx,File Open,Sample content
FIL0000254,01/01/2026 12:18:16,USR0020,PC-USR0020-01,C:\Documents\work_doc_4.docx,File Open,Sample content
FIL0000255,01/01/2026 13:36:25,USR0020,PC-USR0020-01,C:\Documents\work_doc_15.docx,File Open,Sample content
FIL0000256,01/01/2026 10:45:54,USR0020,PC-USR0020-01,C:\Documents\work_doc_38.docx,File Open,Sample content
FIL0000257,01/01/2026 10:37:21,USR0020,PC-USR0020-01,C:\Documents\work_doc_18.docx,File Open,Sample content
FIL0000258,01/01/2026 10:36:51,USR0020,PC-USR0020-01,C:\Documents\work_doc_34.docx,File Open,Sample content
FIL0000259,01/01/2026 16:27:13,USR0020,PC-USR0020-01,C:\Documents\work_doc_23.docx,File Open,Sample content
FIL0000260,01/01/2026 10:41:52,USR0020,PC-USR0020-01,C:\Documents\work_doc_20.docx,File Open,Sample content
FIL0000261,01/01/2026 13:27:42,USR0020,PC-USR0020-01,C:\Documents\work_doc_35.docx,File Open,Sample content
FIL0000262,01/01/2026 14:12:26,USR0020,PC-USR0020-01,C:\Documents\work_doc_26.docx,File Open,Sample content
FIL0000263,01/01/2026 13:39:32,USR0020,PC-USR0020-01,C:\Documents\work_doc_30.docx,File Open,Sample content
FIL0000264,01/01/2026 11:56:01,USR0020,PC-USR0020-01,C:\Documents\work_doc_41.docx,File Open,Sample content
FIL0000265,01/01/2026 11:36:31,USR0020,PC-USR0020-01,C:\Documents\work_doc_14.docx,File Open,Sample content
FIL0000266,01/01/2026 10:35:38,USR0021,PC-USR0021-01,C:\Documents\work_doc_25.docx,File Open,Sample content
FIL0000267,01/01/2026 10:25:16,USR0021,PC-USR0021-01,C:\Documents\work_doc_12.docx,File Open,Sample content
FIL0000268,01/01/2026 12:49:55,USR0021,PC-USR0021-01,C:\Documents\work_doc_26.docx,File Open,Sample content
FIL0000269,01/01/2026 10:01:54,USR0021,PC-USR0021-01,C:\Documents\work_doc_14.docx,File Open,Sample content
FIL0000270,01/01/2026 11:24:49,USR0021,PC-USR0021-01,C:\Documents\work_doc_26.docx,File Open,Sample content
FIL0000271,01/01/2026 13:41:48,USR0021,PC-USR0021-01,C:\Documents\work_doc_42.docx,File Open,Sample content
FIL0000272,01/01/2026 10:45:03,USR0022,PC-USR0022-01,C:\Documents\work_doc_29.docx,File Open,Sample content
FIL0000273,01/01/2026 16:53:48,USR0022,PC-USR0022-01,C:\Documents\work_doc_8.docx,File Open,Sample content
FIL0000274,01/01/2026 10:50:39,USR0022,PC-USR0022-01,C:\Documents\work_doc_40.docx,File Open,Sample content
FIL0000275,01/01/2026 10:52:35,USR0022,PC-USR0022-01,C:\Documents\work_doc_3.docx,File Open,Sample content
FIL0000276,01/01/2026 10:10:40,USR0022,PC-USR0022-01,C:\Documents\work_doc_8.docx,File Open,Sample content
FIL0000277,01/01/2026 12:58:23,USR0022,PC-USR0022-01,C:\Documents\work_doc_11.docx,File Open,Sample content
FIL0000278,01/01/2026 13:45:28,USR0022,PC-USR0022-01,C:\Documents\work_doc_49.docx,File Open,Sample content
FIL0000279,01/01/2026 16:46:55,USR0022,PC-USR0022-01,C:\Documents\work_doc_7.docx,File Open,Sample content
FIL0000280,01/01/2026 11:41:23,USR0022,PC-USR0022-01,C:\Documents\work_doc_22.docx,File Open,Sample content
FIL0000281,01/01/2026 15:14:57,USR0023,PC-USR0023-01,C:\Documents\work_doc_26.docx,File Open,Sample content
FIL0000282,01/01/2026 14:34:02,USR0023,PC-USR0023-01,C:\Documents\work_doc_43.docx,File Open,Sample content
FIL0000283,01/01/2026 16:47:17,USR0023,PC-USR0023-01,C:\Documents\work_doc_42.docx,File Open,Sample content
FIL0000284,01/01/2026 10:55:10,USR0023,PC-USR0023-01,C:\Documents\work_doc_46.docx,File Open,Sample content
FIL0000285,01/01/2026 09:36:40,USR0023,PC-USR0023-01,C:\Documents\work_doc_50.docx,File Open,Sample content
FIL0000286,01/01/2026 13:35:41,USR0023,PC-USR0023-01,C:\Documents\work_doc_8.docx,File Open,Sample content
FIL0000287,01/01/2026 10:12:39,USR0023,PC-USR0023-01,C:\Documents\work_doc_35.docx,File Open,Sample content
FIL0000288,01/01/2026 09:36:33,USR0023,PC-USR0023-01,C:\Documents\work_doc_13.docx,File Open,Sample content
FIL0000289,01/01/2026 16:32:57,USR0023,PC-USR0023-01,C:\Documents\work_doc_2.docx,File Open,Sample content
FIL0000290,01/01/2026 10:42:59,USR0023,PC-USR0023-01,C:\Documents\work_doc_35.docx,File Open,Sample content
FIL0000291,01/01/2026 11:01:17,USR0023,PC-USR0023-01,C:\Documents\work_doc_14.docx,File Open,Sample content
FIL0000292,01/01/2026 12:53:45,USR0023,PC-USR0023-01,C:\Documents\work_doc_38.docx,File Open,Sample content
FIL0000293,01/01/2026 16:05:51,USR0023,PC-USR0023-01,C:\Documents\work_doc_35.docx,File Open,Sample content
FIL0000294,01/01/2026 14:25:37,USR0023,PC-USR0023-01,C:\Documents\work_doc_3.docx,File Open,Sample content
FIL0000295,01/01/2026 16:55:59,USR0023,PC-USR0023-01,C:\Documents\work_doc_2.docx,File Open,Sample content
FIL0000296,01/01/2026 14:27:11,USR0023,PC-USR0023-01,C:\Documents\work_doc_27.docx,File Open,Sample content
FIL0000297,01/01/2026 09:55:33,USR0023,PC-USR0023-01,C:\Documents\work_doc_21.docx,File Open,Sample content
FIL0000298,01/01/2026 15:16:05,USR0023,PC-USR0023-01,C:\Documents\work_doc_8.docx,File Open,Sample content
FIL0000299,01/01/2026 12:21:05,USR0024,PC-USR0024-01,C:\Documents\work_doc_37.docx,File Open,Sample content
FIL0000300,01/01/2026 09:47:14,USR0024,PC-USR0024-01,C:\Documents\work_doc_45.docx,File Open,Sample content
FIL0000301,01/01/2026 15:04:58,USR0024,PC-USR0024-01,C:\Documents\work_doc_16.docx,File Open,Sample content
FIL0000302,01/01/2026 12:10:21,USR0024,PC-USR0024-01,C:\Documents\work_doc_20.docx,File Open,Sample content
FIL0000303,01/01/2026 10:40:40,USR0024,PC-USR0024-01,C:\Documents\work_doc_7.docx,File Open,Sample content
FIL0000304,01/01/2026 09:30:27,USR0024,PC-USR0024-01,C:\Documents\work_doc_2.docx,File Open,Sample content
FIL0000305,01/01/2026 14:53:16,USR0024,PC-USR0024-01,C:\Documents\work_doc_16.docx,File Open,Sample content
FIL0000306,01/01/2026 10:30:15,USR0024,PC-USR0024-01,C:\Documents\work_doc_22.docx,File Open,Sample content
FIL0000307,01/01/2026 09:52:21,USR0024,PC-USR0024-01,C:\Documents\work_doc_34.docx,File Open,Sample content
FIL0000308,01/01/2026 12:04:49,USR0024,PC-USR0024-01,C:\Documents\work_doc_39.docx,File Open,Sample content
FIL0000309,01/01/2026 16:48:06,USR0024,PC-USR0024-01,C:\Documents\work_doc_41.docx,File Open,Sample content
FIL0000310,01/01/2026 16:37:07,USR0024,PC-USR0024-01,C:\Documents\work_doc_6.docx,File Open,Sample content
FIL0000311,01/01/2026 09:58:02,USR0024,PC-USR0024-01,C:\Documents\work_doc_25.docx,File Open,Sample content
FIL0000312,01/01/2026 14:56:54,USR0024,PC-USR0024-01,C:\Documents\work_doc_45.docx,File Open,Sample content
FIL0000313,01/01/2026 10:50:08,USR0024,PC-USR0024-01,C:\Documents\work_doc_4.docx,File Open,Sample content
FIL0000314,01/01/2026 16:03:19,USR0024,PC-USR0024-01,C:\Documents\work_doc_40.docx,File Open,Sample content
FIL0000315,01/01/2026 15:04:06,USR0024,PC-USR0024-01,C:\Documents\work_doc_44.docx,File Open,Sample content
FIL0000316,01/01/2026 13:27:56,USR0025,PC-USR0025-01,C:\Documents\work_doc_25.docx,File Open,Sample content
FIL0000317,01/01/2026 11:59:53,USR0025,PC-USR0025-01,C:\Documents\work_doc_24.docx,File Open,Sample content
FIL0000318,01/01/2026 13:35:05,USR0025,PC-USR0025-01,C:\Documents\work_doc_9.docx,File Open,Sample content
FIL0000319,01/01/2026 10:18:28,USR0025,PC-USR0025-01,C:\Documents\work_doc_34.docx,File Open,Sample content
FIL0000320,01/01/2026 14:14:37,USR0025,PC-USR0025-01,C:\Documents\work_doc_3.docx,File Open,Sample content
FIL0000321,01/01/2026 16:32:39,USR0025,PC-USR0025-01,C:\Documents\work_doc_22.docx,File Open,Sample content
FIL0000322,01/01/2026 15:28:29,USR0025,PC-USR0025-01,C:\Documents\work_doc_28.docx,File Open,Sample content
FIL0000323,01/01/2026 15:23:51,USR0025,PC-USR0025-01,C:\Documents\work_doc_32.docx,File Open,Sample content
FIL0000324,01/01/2026 14:17:24,USR0025,PC-USR0025-01,C:\Documents\work_doc_2.docx,File Open,Sample content
FIL0000325,01/01/2026 11:28:14,USR0025,PC-USR0025-01,C:\Documents\work_doc_17.docx,File Open,Sample content
FIL0000326,01/01/2026 10:22:57,USR0025,PC-USR0025-01,C:\Documents\work_doc_6.docx,File Open,Sample content
FIL0000327,01/02/2026 14:02:04,AAE0190,PC-AAE0190-01,C:\Documents\work_doc_14.docx,File Open,Sample content
FIL0000328,01/02/2026 15:19:49,AAE0190,PC-AAE0190-01,C:\Documents\work_doc_39.docx,File Open,Sample content
FIL0000329,01/02/2026 16:06:45,AAE0190,PC-AAE0190-01,C:\Documents\work_doc_35.docx,File Open,Sample content
FIL0000330,01/02/2026 11:16:06,AAE0190,PC-AAE0190-01,C:\Documents\work_doc_39.docx,File Open,Sample content
FIL0000331,01/02/2026 14:40:44,AAE0190,PC-AAE0190-01,C:\Documents\work_doc_25.docx,File Open,Sample content
FIL0000332,01/02/2026 11:21:11,AAE0190,PC-AAE0190-01,C:\Documents\work_doc_41.docx,File Open,Sample content
FIL0000333,01/02/2026 14:54:42,AAE0190,PC-AAE0190-01,C:\Documents\work_doc_31.docx,File Open,Sample content
FIL0000334,01/02/2026 10:21:01,AAE0190,PC-AAE0190-01,C:\Documents\work_doc_39.docx,File Open,Sample content
FIL0000335,01/02/2026 16:24:32,AAE0190,PC-AAE0190-01,C:\Documents\work_doc_41.docx,File Open,Sample content
FIL0000336,01/02/2026 12:32:37,AAE0190,PC-AAE0190-01,C:\Documents\work_doc_46.docx,File Open,Sample content
FIL0000337,01/02/2026 09:14:01,AAE0190,PC-AAE0190-01,C:\Documents\work_doc_40.docx,File Open,Sample content
FIL0000338,01/02/2026 10:19:15,AAE0190,PC-AAE0190-01,C:\Documents\work_doc_48.docx,File Open,Sample content
FIL0000339,01/02/2026 15:48:15,AAE0190,PC-AAE0190-01,C:\Documents\work_doc_40.docx,File Open,Sample content
FIL0000340,01/02/2026 12:11:12,USR0002,PC-USR0002-01,C:\Documents\work_doc_4.docx,File Open,Sample content
FIL0000341,01/02/2026 11:51:48,USR0002,PC-USR0002-01,C:\Documents\work_doc_13.docx,File Open,Sample content
FIL0000342,01/02/2026 13:57:55,USR0002,PC-USR0002-01,C:\Documents\work_doc_27.docx,File Open,Sample content
FIL0000343,01/02/2026 16:40:58,USR0002,PC-USR0002-01,C:\Documents\work_doc_40.docx,File Open,Sample content
FIL0000344,01/02/2026 10:55:40,USR0002,PC-USR0002-01,C:\Documents\work_doc_11.docx,File Open,Sample content
FIL0000345,01/02/2026 10:18:05,USR0002,PC-USR0002-01,C:\Documents\work_doc_25.docx,File Open,Sample content
FIL0000346,01/02/2026 10:17:04,USR0002,PC-USR0002-01,C:\Documents\work_doc_22.docx,File Open,Sample content
FIL0000347,01/02/2026 09:37:15,USR0002,PC-USR0002-01,C:\Documents\work_doc_31.docx,File Open,Sample content
FIL0000348,01/02/2026 16:43:48,USR0002,PC-USR0002-01,C:\Documents\work_doc_7.docx,File Open,Sample content
FIL0000349,01/02/2026 09:03:17,USR0002,PC-USR0002-01,C:\Documents\work_doc_49.docx,File Open,Sample content
FIL0000350,01/02/2026 09:42:37,USR0002,PC-USR0002-01,C:\Documents\work_doc_3.docx,File Open,Sample content
FIL0000351,01/02/2026 10:13:33,USR0002,PC-USR0002-01,C:\Documents\work_doc_1.docx,File Open,Sample content
FIL0000352,01/02/2026 15:38:33,USR0002,PC-USR0002-01,C:\Documents\work_doc_49.docx,File Open,Sample content
FIL0000353,01/02/2026 13:59:31,USR0002,PC-USR0002-01,C:\Documents\work_doc_31.docx,File Open,Sample content
FIL0000354,01/02/2026 14:38:27,USR0002,PC-USR0002-01,C:\Documents\work_doc_22.docx,File Open,Sample content
FIL0000355,01/02/2026 14:43:56,USR0002,PC-USR0002-01,C:\Documents\work_doc_22.docx,File Open,Sample content
FIL0000356,01/02/2026 14:52:15,USR0002,PC-USR0002-01,C:\Documents\work_doc_24.docx,File Open,Sample content
FIL0000357,01/02/2026 15:24:39,USR0002,PC-USR0002-01,C:\Documents\work_doc_4.docx,File Open,Sample content
FIL0000358,01/02/2026 14:55:21,USR0002,PC-USR0002-01,C:\Documents\work_doc_7.docx,File Open,Sample content
FIL0000359,01/02/2026 15:27:43,USR0003,PC-USR0003-01,C:\Documents\work_doc_11.docx,File Open,Sample content
FIL0000360,01/02/2026 09:06:22,USR0003,PC-USR0003-01,C:\Documents\work_doc_31.docx,File Open,Sample content
FIL0000361,01/02/2026 11:03:07,USR0003,PC-USR0003-01,C:\Documents\work_doc_33.docx,File Open,Sample content
FIL0000362,01/02/2026 14:37:27,USR0003,PC-USR0003-01,C:\Documents\work_doc_10.docx,File Open,Sample content
FIL0000363,01/02/2026 15:15:02,USR0003,PC-USR0003-01,C:\Documents\work_doc_8.docx,File Open,Sample content
FIL0000364,01/02/2026 12:25:31,USR0003,PC-USR0003-01,C:\Documents\work_doc_20.docx,File Open,Sample content
FIL0000365,01/02/2026 11:41:47,USR0003,PC-USR0003-01,C:\Documents\work_doc_25.docx,File Open,Sample content
FIL0000366,01/02/2026 10:49:29,USR0003,PC-USR0003-01,C:\Documents\work_doc_42.docx,File Open,Sample content
FIL0000367,01/02/2026 15:17:40,USR0003,PC-USR0003-01,C:\Documents\work_doc_42.docx,File Open,Sample content
FIL0000368,01/02/2026 13:07:17,USR0004,PC-USR0004-01,C:\Documents\work_doc_24.docx,File Open,Sample content
FIL0000369,01/02/2026 13:22:45,USR0004,PC-USR0004-01,C:\Documents\work_doc_27.docx,File Open,Sample content
FIL0000370,01/02/2026 12:20:57,USR0004,PC-USR0004-01,C:\Documents\work_doc_4.docx,File Open,Sample content
FIL0000371,01/02/2026 11:02:00,USR0004,PC-USR0004-01,C:\Documents\work_doc_4.docx,File Open,Sample content
FIL0000372,01/02/2026 14:13:18,USR0004,PC-USR0004-01,C:\Documents\work_doc_31.docx,File Open,Sample content
FIL0000373,01/02/2026 13:58:38,USR0004,PC-USR0004-01,C:\Documents\work_doc_7.docx,File Open,Sample content
FIL0000374,01/02/2026 09:18:07,USR0005,PC-USR0005-01,C:\Documents\work_doc_10.docx,File Open,Sample content
FIL0000375,01/02/2026 09:56:41,USR0005,PC-USR0005-01,C:\Documents\work_doc_3.docx,File Open,Sample content
FIL0000376,01/02/2026 11:32:10,USR0005,PC-USR0005-01,C:\Documents\work_doc_1.docx,File Open,Sample content
FIL0000377,01/02/2026 15:53:27,USR0005,PC-USR0005-01,C:\Documents\work_doc_44.docx,File Open,Sample content
FIL0000378,01/02/2026 16:35:45,USR0005,PC-USR0005-01,C:\Documents\work_doc_17.docx,File Open,Sample content
FIL0000379,01/02/2026 13:45:14,USR0005,PC-USR0005-01,C:\Documents\work_doc_28.docx,File Open,Sample content
FIL0000380,01/02/2026 11:17:05,USR0005,PC-USR0005-01,C:\Documents\work_doc_34.docx,File Open,Sample content
FIL0000381,01/02/2026 15:08:47,USR0005,PC-USR0005-01,C:\Documents\work_doc_14.docx,File Open,Sample content
FIL0000382,01/02/2026 15:39:03,USR0005,PC-USR0005-01,C:\Documents\work_doc_15.docx,File Open,Sample content
FIL0000383,01/02/2026 15:11:52,USR0005,PC-USR0005-01,C:\Documents\work_doc_48.docx,File Open,Sample content
FIL0000384,01/02/2026 10:52:44,USR0005,PC-USR0005-01,C:\Documents\work_doc_30.docx,File Open,Sample content
FIL0000385,01/02/2026 16:20:41,USR0005,PC-USR0005-01,C:\Documents\work_doc_42.docx,File Open,Sample content
FIL0000386,01/02/2026 15:52:24,USR0005,PC-USR0005-01,C:\Documents\work_doc_11.docx,File Open,Sample content
FIL0000387,01/02/2026 09:51:23,USR0005,PC-USR0005-01,C:\Documents\work_doc_42.docx,File Open,Sample content
FIL0000388,01/02/2026 15:12:17,USR0005,PC-USR0005-01,C:\Documents\work_doc_7.docx,File Open,Sample content
FIL0000389,01/02/2026 10:04:23,USR0005,PC-USR0005-01,C:\Documents\work_doc_39.docx,File Open,Sample content
FIL0000390,01/02/2026 14:01:15,USR0005,PC-USR0005-01,C:\Documents\work_doc_19.docx,File Open,Sample content
FIL0000391,01/02/2026 11:34:06,USR0005,PC-USR0005-01,C:\Documents\work_doc_5.docx,File Open,Sample content
FIL0000392,01/02/2026 12:38:00,USR0005,PC-USR0005-01,C:\Documents\work_doc_49.docx,File Open,Sample content
FIL0000393,01/02/2026 14:21:10,USR0006,PC-USR0006-01,C:\Documents\work_doc_37.docx,File Open,Sample content
FIL0000394,01/02/2026 15:15:35,USR0006,PC-USR0006-01,C:\Documents\work_doc_26.docx,File Open,Sample content
FIL0000395,01/02/2026 12:39:41,USR0006,PC-USR0006-01,C:\Documents\work_doc_26.docx,File Open,Sample content
FIL0000396,01/02/2026 09:51:59,USR0006,PC-USR0006-01,C:\Documents\work_doc_37.docx,File Open,Sample content
FIL0000397,01/02/2026 15:08:40,USR0006,PC-USR0006-01,C:\Documents\work_doc_25.docx,File Open,Sample content
FIL0000398,01/02/2026 11:25:57,USR0006,PC-USR0006-01,C:\Documents\work_doc_21.docx,File Open,Sample content
FIL0000399,01/02/2026 11:27:14,USR0006,PC-USR0006-01,C:\Documents\work_doc_7.docx,File Open,Sample content
FIL0000400,01/02/2026 11:32:07,USR0006,PC-USR0006-01,C:\Documents\work_doc_41.docx,File Open,Sample content
FIL0000401,01/02/2026 15:53:48,USR0006,PC-USR0006-01,C:\Documents\work_doc_41.docx,File Open,Sample content
FIL0000402,01/02/2026 13:53:35,USR0006,PC-USR0006-01,C:\Documents\work_doc_11.docx,File Open,Sample content
FIL0000403,01/02/2026 14:13:05,USR0006,PC-USR0006-01,C:\Documents\work_doc_6.docx,File Open,Sample content
FIL0000404,01/02/2026 09:27:00,USR0006,PC-USR0006-01,C:\Documents\work_doc_41.docx,File Open,Sample content
FIL0000405,01/02/2026 11:01:39,USR0006,PC-USR0006-01,C:\Documents\work_doc_46.docx,File Open,Sample content
FIL0000406,01/02/2026 10:36:24,USR0006,PC-USR0006-01,C:\Documents\work_doc_2.docx,File Open,Sample content
FIL0000407,01/02/2026 11:29:40,USR0006,PC-USR0006-01,C:\Documents\work_doc_41.docx,File Open,Sample content
FIL0000408,01/02/2026 14:11:15,USR0006,PC-USR0006-01,C:\Documents\work_doc_42.docx,File Open,Sample content
FIL0000409,01/02/2026 12:29:52,USR0007,PC-USR0007-01,C:\Documents\work_doc_25.docx,File Open,Sample content
FIL0000410,01/02/2026 12:31:06,USR0007,PC-USR0007-01,C:\Documents\work_doc_22.docx,File Open,Sample content
FIL0000411,01/02/2026 12:52:37,USR0007,PC-USR0007-01,C:\Documents\work_doc_49.docx,File Open,Sample content
FIL0000412,01/02/2026 14:48:19,USR0007,PC-USR0007-01,C:\Documents\work_doc_46.docx,File Open,Sample content
FIL0000413,01/02/2026 16:41:09,USR0007,PC-USR0007-01,C:\Documents\work_doc_33.docx,File Open,Sample content
FIL0000414,01/02/2026 11:36:27,USR0008,PC-USR0008-01,C:\Documents\work_doc_44.docx,File Open,Sample content
FIL0000415,01/02/2026 14:51:37,USR0008,PC-USR0008-01,C:\Documents\work_doc_9.docx,File Open,Sample content
FIL0000416,01/02/2026 12:16:08,USR0008,PC-USR0008-01,C:\Documents\work_doc_27.docx,File Open,Sample content
FIL0000417,01/02/2026 12:19:19,USR0008,PC-USR0008-01,C:\Documents\work_doc_6.docx,File Open,Sample content
FIL0000418,01/02/2026 13:36:59,USR0008,PC-USR0008-01,C:\Documents\work_doc_41.docx,File Open,Sample content
FIL0000419,01/02/2026 16:34:11,USR0008,PC-USR0008-01,C:\Documents\work_doc_25.docx,File Open,Sample content
FIL0000420,01/02/2026 15:06:08,USR0008,PC-USR0008-01,C:\Documents\work_doc_34.docx,File Open,Sample content
FIL0000421,01/02/2026 16:44:20,USR0008,PC-USR0008-01,C:\Documents\work_doc_33.docx,File Open,Sample content
FIL0000422,01/02/2026 14:29:22,USR0008,PC-USR0008-01,C:\Documents\work_doc_28.docx,File Open,Sample content
FIL0000423,01/02/2026 16:26:26,USR0008,PC-USR0008-01,C:\Documents\work_doc_30.docx,File Open,Sample content
FIL0000424,01/02/2026 09:58:35,USR0008,PC-USR0008-01,C:\Documents\work_doc_2.docx,File Open,Sample content
FIL0000425,01/02/2026 15:05:48,USR0008,PC-USR0008-01,C:\Documents\work_doc_9.docx,File Open,Sample content
FIL0000426,01/02/2026 13:50:15,USR0008,PC-USR0008-01,C:\Documents\work_doc_38.docx,File Open,Sample content
FIL0000427,01/02/2026 14:08:39,USR0008,PC-USR0008-01,C:\Documents\work_doc_35.docx,File Open,Sample content
FIL0000428,01/02/2026 13:02:34,USR0009,PC-USR0009-01,C:\Documents\work_doc_49.docx,File Open,Sample content
FIL0000429,01/02/2026 14:59:01,USR0009,PC-USR0009-01,C:\Documents\work_doc_39.docx,File Open,Sample content
FIL0000430,01/02/2026 14:59:53,USR0009,PC-USR0009-01,C:\Documents\work_doc_17.docx,File Open,Sample content
FIL0000431,01/02/2026 12:48:01,USR0009,PC-USR0009-01,C:\Documents\work_doc_22.docx,File Open,Sample content
FIL0000432,01/02/2026 15:55:27,USR0009,PC-USR0009-01,C:\Documents\work_doc_47.docx,File Open,Sample content
FIL0000433,01/02/2026 09:51:06,USR0009,PC-USR0009-01,C:\Documents\work_doc_36.docx,File Open,Sample content
FIL0000434,01/02/2026 12:53:35,USR0010,PC-USR0010-01,C:\Documents\work_doc_43.docx,File Open,Sample content
FIL0000435,01/02/2026 09:40:40,USR0010,PC-USR0010-01,C:\Documents\work_doc_1.docx,File Open,Sample content
FIL0000436,01/02/2026 12:08:37,USR0010,PC-USR0010-01,C:\Documents\work_doc_25.docx,File Open,Sample content
FIL0000437,01/02/2026 12:43:12,USR0010,PC-USR0010-01,C:\Documents\work_doc_17.docx,File Open,Sample content
FIL0000438,01/02/2026 16:09:31,USR0010,PC-USR0010-01,C:\Documents\work_doc_12.docx,File Open,Sample content
FIL0000439,01/02/2026 16:18:08,USR0010,PC-USR0010-01,C:\Documents\work_doc_13.docx,File Open,Sample content
FIL0000440,01/02/2026 10:33:54,USR0010,PC-USR0010-01,C:\Documents\work_doc_47.docx,File Open,Sample content
FIL0000441,01/02/2026 12:00:27,USR0010,PC-USR0010-01,C:\Documents\work_doc_5.docx,File Open,Sample content
FIL0000442,01/02/2026 16:35:39,USR0010,PC-USR0010-01,C:\Documents\work_doc_14.docx,File Open,Sample content
FIL0000443,01/02/2026 11:02:26,USR0010,PC-USR0010-01,C:\Documents\work_doc_45.docx,File Open,Sample content
FIL0000444,01/02/2026 13:39:24,USR0010,PC-USR0010-01,C:\Documents\work_doc_41.docx,File Open,Sample content
FIL0000445,01/02/2026 12:40:22,USR0010,PC-USR0010-01,C:\Documents\work_doc_31.docx,File Open,Sample content
FIL0000446,01/02/2026 11:56:19,USR0010,PC-USR0010-01,C:\Documents\work_doc_15.docx,File Open,Sample content
FIL0000447,01/02/2026 13:42:31,USR0010,PC-USR0010-01,C:\Documents\work_doc_32.docx,File Open,Sample content
FIL0000448,01/02/2026 15:38:22,USR0010,PC-USR0010-01,C:\Documents\work_doc_35.docx,File Open,Sample content
FIL0000449,01/02/2026 09:38:17,USR0011,PC-USR0011-01,C:\Documents\work_doc_3.docx,File Open,Sample content
FIL0000450,01/02/2026 13:41:30,USR0011,PC-USR0011-01,C:\Documents\work_doc_26.docx,File Open,Sample content
FIL0000451,01/02/2026 09:44:45,USR0011,PC-USR0011-01,C:\Documents\work_doc_17.docx,File Open,Sample content
FIL0000452,01/02/2026 13:40:03,USR0011,PC-USR0011-01,C:\Documents\work_doc_37.docx,File Open,Sample content
FIL0000453,01/02/2026 09:55:45,USR0011,PC-USR0011-01,C:\Documents\work_doc_31.docx,File Open,Sample content
FIL0000454,01/02/2026 16:31:11,USR0011,PC-USR0011-01,C:\Documents\work_doc_31.docx,File Open,Sample content
FIL0000455,01/02/2026 10:02:23,USR0011,PC-USR0011-01,C:\Documents\work_doc_2.docx,File Open,Sample content
FIL0000456,01/02/2026 11:45:47,USR0011,PC-USR0011-01,C:\Documents\work_doc_12.docx,File Open,Sample content
FIL0000457,01/02/2026 11:05:26,USR0011,PC-USR0011-01,C:\Documents\work_doc_8.docx,File Open,Sample content
FIL0000458,01/02/2026 09:28:40,USR0011,PC-USR0011-01,C:\Documents\work_doc_46.docx,File Open,Sample content
FIL0000459,01/02/2026 09:20:06,USR0011,PC-USR0011-01,C:\Documents\work_doc_35.docx,File Open,Sample content
FIL0000460,01/02/2026 13:54:12,USR0011,PC-USR0011-01,C:\Documents\work_doc_42.docx,File Open,Sample content
FIL0000461,01/02/2026 09:21:53,USR0011,PC-USR0011-01,C:\Documents\work_doc_44.docx,File Open,Sample content
FIL0000462,01/02/2026 12:11:05,USR0012,PC-USR0012-01,C:\Documents\work_doc_35.docx,File Open,Sample content
FIL0000463,01/02/2026 10:08:46,USR0012,PC-USR0012-01,C:\Documents\work_doc_10.docx,File Open,Sample content
FIL0000464,01/02/2026 16:27:57,USR0012,PC-USR0012-01,C:\Documents\work_doc_18.docx,File Open,Sample content
FIL0000465,01/02/2026 14:29:44,USR0012,PC-USR0012-01,C:\Documents\work_doc_40.docx,File Open,Sample content
FIL0000466,01/02/2026 12:58:52,USR0012,PC-USR0012-01,C:\Documents\work_doc_47.docx,File Open,Sample content
FIL0000467,01/02/2026 16:02:04,USR0012,PC-USR0012-01,C:\Documents\work_doc_21.docx,File Open,Sample content
FIL0000468,01/02/2026 14:02:09,USR0012,PC-USR0012-01,C:\Documents\work_doc_39.docx,File Open,Sample content
FIL0000469,01/02/2026 10:24:32,USR0012,PC-USR0012-01,C:\Documents\work_doc_47.docx,File Open,Sample content
FIL0000470,01/02/2026 10:21:59,USR0012,PC-USR0012-01,C:\Documents\work_doc_41.docx,File Open,Sample content
FIL0000471,01/02/2026 13:27:25,USR0012,PC-USR0012-01,C:\Documents\work_doc_2.docx,File Open,Sample content
FIL0000472,01/02/2026 11:47:16,USR0012,PC-USR0012-01,C:\Documents\work_doc_47.docx,File Open,Sample content
FIL0000473,01/02/2026 10:53:58,USR0012,PC-USR0012-01,C:\Documents\work_doc_28.docx,File Open,Sample content
FIL0000474,01/02/2026 10:50:12,USR0012,PC-USR0012-01,C:\Documents\work_doc_37.docx,File Open,Sample content
FIL0000475,01/02/2026 13:19:39,USR0012,PC-USR0012-01,C:\Documents\work_doc_33.docx,File Open,Sample content
FIL0000476,01/02/2026 12:44:51,USR0012,PC-USR0012-01,C:\Documents\work_doc_4.docx,File Open,Sample content
FIL0000477,01/02/2026 14:36:30,USR0012,PC-USR0012-01,C:\Documents\work_doc_14.docx,File Open,Sample content
FIL0000478,01/02/2026 15:17:47,USR0012,PC-USR0012-01,C:\Documents\work_doc_45.docx,File Open,Sample content
FIL0000479,01/02/2026 11:37:00,USR0013,PC-USR0013-01,C:\Documents\work_doc_17.docx,File Open,Sample content
FIL0000480,01/02/2026 14:46:32,USR0013,PC-USR0013-01,C:\Documents\work_doc_48.docx,File Open,Sample content
FIL0000481,01/02/2026 15:30:39,USR0013,PC-USR0013-01,C:\Documents\work_doc_11.docx,File Open,Sample content
FIL0000482,01/02/2026 14:41:09,USR0013,PC-USR0013-01,C:\Documents\work_doc_38.docx,File Open,Sample content
FIL0000483,01/02/2026 14:33:23,USR0013,PC-USR0013-01,C:\Documents\work_doc_25.docx,File Open,Sample content
FIL0000484,01/02/2026 16:41:10,USR0013,PC-USR0013-01,C:\Documents\work_doc_34.docx,File Open,Sample content
FIL0000485,01/02/2026 16:11:30,USR0013,PC-USR0013-01,C:\Documents\work_doc_25.docx,File Open,Sample content
FIL0000486,01/02/2026 09:42:04,USR0013,PC-USR0013-01,C:\Documents\work_doc_22.docx,File Open,Sample content
FIL0000487,01/02/2026 12:19:13,USR0013,PC-USR0013-01,C:\Documents\work_doc_15.docx,File Open,Sample content
FIL0000488,01/02/2026 11:17:38,USR0013,PC-USR0013-01,C:\Documents\work_doc_50.docx,File Open,Sample content
FIL0000489,01/02/2026 10:41:12,USR0013,PC-USR0013-01,C:\Documents\work_doc_23.docx,File Open,Sample content
FIL0000490,01/02/2026 16:29:36,USR0013,PC-USR0013-01,C:\Documents\work_doc_41.docx,File Open,Sample content
FIL0000491,01/02/2026 09:53:47,USR0013,PC-USR0013-01,C:\Documents\work_doc_34.docx,File Open,Sample content
FIL0000492,01/02/2026 12:47:12,USR0013,PC-USR0013-01,C:\Documents\work_doc_24.docx,File Open,Sample content
FIL0000493,01/02/2026 15:44:58,USR0014,PC-USR0014-01,C:\Documents\work_doc_46.docx,File Open,Sample content
FIL0000494,01/02/2026 16:15:17,USR0014,PC-USR0014-01,C:\Documents\work_doc_39.docx,File Open,Sample content
FIL0000495,01/02/2026 15:03:06,USR0014,PC-USR0014-01,C:\Documents\work_doc_4.docx,File Open,Sample content
FIL0000496,01/02/2026 14:17:34,USR0014,PC-USR0014-01,C:\Documents\work_doc_24.docx,File Open,Sample content
FIL0000497,01/02/2026 16:59:18,USR0014,PC-USR0014-01,C:\Documents\work_doc_8.docx,File Open,Sample content
FIL0000498,01/02/2026 16:08:56,USR0014,PC-USR0014-01,C:\Documents\work_doc_48.docx,File Open,Sample content
FIL0000499,01/02/2026 11:33:09,USR0015,PC-USR0015-01,C:\Documents\work_doc_9.docx,File Open,Sample content
FIL0000500,01/02/2026 16:48:02,USR0015,PC-USR0015-01,C:\Documents\work_doc_4.docx,File Open,Sample content
FIL0000501,01/02/2026 12:55:47,USR0015,PC-USR0015-01,C:\Documents\work_doc_43.docx,File Open,Sample content
FIL0000502,01/02/2026 13:23:39,USR0015,PC-USR0015-01,C:\Documents\work_doc_27.docx,File Open,Sample content
FIL0000503,01/02/2026 11:26:11,USR0015,PC-USR0015-01,C:\Documents\work_doc_12.docx,File Open,Sample content
FIL0000504,01/02/2026 12:56:14,USR0016,PC-USR0016-01,C:\Documents\work_doc_29.docx,File Open,Sample content
FIL0000505,01/02/2026 12:09:00,USR0016,PC-USR0016-01,C:\Documents\work_doc_19.docx,File Open,Sample content
FIL0000506,01/02/2026 12:01:54,USR0016,PC-USR0016-01,C:\Documents\work_doc_40.docx,File Open,Sample content
FIL0000507,01/02/2026 16:53:28,USR0016,PC-USR0016-01,C:\Documents\work_doc_27.docx,File Open,Sample content
FIL0000508,01/02/2026 12:26:11,USR0016,PC-USR0016-01,C:\Documents\work_doc_34.docx,File Open,Sample content
FIL0000509,01/02/2026 15:40:36,USR0016,PC-USR0016-01,C:\Documents\work_doc_25.docx,File Open,Sample content
FIL0000510,01/02/2026 13:45:50,USR0016,PC-USR0016-01,C:\Documents\work_doc_24.docx,File Open,Sample content
FIL0000511,01/02/2026 13:27:23,USR0016,PC-USR0016-01,C:\Documents\work_doc_24.docx,File Open,Sample content
FIL0000512,01/02/2026 12:20:34,USR0016,PC-USR0016-01,C:\Documents\work_doc_23.docx,File Open,Sample content
FIL0000513,01/02/2026 10:44:08,USR0016,PC-USR0016-01,C:\Documents\work_doc_21.docx,File Open,Sample content
FIL0000514,01/02/2026 12:50:34,USR0016,PC-USR0016-01,C:\Documents\work_doc_38.docx,File Open,Sample content
FIL0000515,01/02/2026 11:06:58,USR0016,PC-USR0016-01,C:\Documents\work_doc_33.docx,File Open,Sample content
FIL0000516,01/02/2026 14:23:02,USR0017,PC-USR0017-01,C:\Documents\work_doc_10.docx,File Open,Sample content
FIL0000517,01/02/2026 10:43:14,USR0017,PC-USR0017-01,C:\Documents\work_doc_1.docx,File Open,Sample content
FIL0000518,01/02/2026 15:00:36,USR0017,PC-USR0017-01,C:\Documents\work_doc_4.docx,File Open,Sample content
FIL0000519,01/02/2026 15:49:36,USR0017,PC-USR0017-01,C:\Documents\work_doc_8.docx,File Open,Sample content
FIL0000520,01/02/2026 12:48:40,USR0017,PC-USR0017-01,C:\Documents\work_doc_3.docx,File Open,Sample content
FIL0000521,01/02/2026 10:01:41,USR0017,PC-USR0017-01,C:\Documents\work_doc_31.docx,File Open,Sample content
FIL0000522,01/02/2026 15:18:43,USR0017,PC-USR0017-01,C:\Documents\work_doc_40.docx,File Open,Sample content
FIL0000523,01/02/2026 15:28:58,USR0017,PC-USR0017-01,C:\Documents\work_doc_48.docx,File Open,Sample content
FIL0000524,01/02/2026 12:43:31,USR0017,PC-USR0017-01,C:\Documents\work_doc_40.docx,File Open,Sample content
FIL0000525,01/02/2026 13:22:40,USR0017,PC-USR0017-01,C:\Documents\work_doc_30.docx,File Open,Sample content
FIL0000526,01/02/2026 15:29:55,USR0018,PC-USR0018-01,C:\Documents\work_doc_30.docx,File Open,Sample content
FIL0000527,01/02/2026 16:09:09,USR0018,PC-USR0018-01,C:\Documents\work_doc_48.docx,File Open,Sample content
FIL0000528,01/02/2026 15:26:01,USR0018,PC-USR0018-01,C:\Documents\work_doc_9.docx,File Open,Sample content
FIL0000529,01/02/2026 14:24:55,USR0018,PC-USR0018-01,C:\Documents\work_doc_41.docx,File Open,Sample content
FIL0000530,01/02/2026 11:25:23,USR0018,PC-USR0018-01,C:\Documents\work_doc_1.docx,File Open,Sample content
FIL0000531,01/02/2026 15:50:52,USR0018,PC-USR0018-01,C:\Documents\work_doc_43.docx,File Open,Sample content
FIL0000532,01/02/2026 11:09:37,USR0018,PC-USR0018-01,C:\Documents\work_doc_12.docx,File Open,Sample content
FIL0000533,01/02/2026 12:06:01,USR0018,PC-USR0018-01,C:\Documents\work_doc_26.docx,File Open,Sample content
FIL0000534,01/02/2026 16:09:17,USR0018,PC-USR0018-01,C:\Documents\work_doc_22.docx,File Open,Sample content
FIL0000535,01/02/2026 12:01:31,USR0018,PC-USR0018-01,C:\Documents\work_doc_26.docx,File Open,Sample content
FIL0000536,01/02/2026 11:19:53,USR0018,PC-USR0018-01,C:\Documents\work_doc_36.docx,File Open,Sample content
FIL0000537,01/02/2026 13:14:12,USR0018,PC-USR0018-01,C:\Documents\work_doc_32.docx,File Open,Sample content
FIL0000538,01/02/2026 16:27:27,USR0018,PC-USR0018-01,C:\Documents\work_doc_11.docx,File Open,Sample content
FIL0000539,01/02/2026 16:42:03,USR0018,PC-USR0018-01,C:\Documents\work_doc_23.docx,File Open,Sample content
FIL0000540,01/02/2026 10:04:20,USR0018,PC-USR0018-01,C:\Documents\work_doc_46.docx,File Open,Sample content
FIL0000541,01/02/2026 16:52:30,USR0019,PC-USR0019-01,C:\Documents\work_doc_35.docx,File Open,Sample content
FIL0000542,01/02/2026 11:23:42,USR0019,PC-USR0019-01,C:\Documents\work_doc_24.docx,File Open,Sample content
FIL0000543,01/02/2026 11:20:47,USR0019,PC-USR0019-01,C:\Documents\work_doc_41.docx,File Open,Sample content
FIL0000544,01/02/2026 14:26:11,USR0019,PC-USR0019-01,C:\Documents\work_doc_38.docx,File Open,Sample content
FIL0000545,01/02/2026 15:23:29,USR0019,PC-USR0019-01,C:\Documents\work_doc_23.docx,File Open,Sample content
FIL0000546,01/02/2026 13:09:52,USR0019,PC-USR0019-01,C:\Documents\work_doc_44.docx,File Open,Sample content
FIL0000547,01/02/2026 16:43:34,USR0019,PC-USR0019-01,C:\Documents\work_doc_27.docx,File Open,Sample content
FIL0000548,01/02/2026 14:27:05,USR0019,PC-USR0019-01,C:\Documents\work_doc_39.docx,File Open,Sample content
FIL0000549,01/02/2026 13:56:08,USR0019,PC-USR0019-01,C:\Documents\work_doc_22.docx,File Open,Sample content
FIL0000550,01/02/2026 14:41:29,USR0019,PC-USR0019-01,C:\Documents\work_doc_29.docx,File Open,Sample content
FIL0000551,01/02/2026 11:56:02,USR0019,PC-USR0019-01,C:\Documents\work_doc_22.docx,File Open,Sample content
FIL0000552,01/02/2026 11:38:21,USR0019,PC-USR0019-01,C:\Documents\work_doc_35.docx,File Open,Sample content
FIL0000553,01/02/2026 11:54:51,USR0019,PC-USR0019-01,C:\Documents\work_doc_37.docx,File Open,Sample content
FIL0000554,01/02/2026 11:52:50,USR0019,PC-USR0019-01,C:\Documents\work_doc_14.docx,File Open,Sample content
FIL0000555,01/02/2026 15:05:52,USR0019,PC-USR0019-01,C:\Documents\work_doc_27.docx,File Open,Sample content
FIL0000556,01/02/2026 10:32:34,USR0019,PC-USR0019-01,C:\Documents\work_doc_3.docx,File Open,Sample content
FIL0000557,01/02/2026 12:02:57,USR0020,PC-USR0020-01,C:\Documents\work_doc_43.docx,File Open,Sample content
FIL0000558,01/02/2026 09:00:07,USR0020,PC-USR0020-01,C:\Documents\work_doc_22.docx,File Open,Sample content
FIL0000559,01/02/2026 13:18:27,USR0020,PC-USR0020-01,C:\Documents\work_doc_16.docx,File Open,Sample content
FIL0000560,01/02/2026 12:14:39,USR0020,PC-USR0020-01,C:\Documents\work_doc_39.docx,File Open,Sample content
FIL0000561,01/02/2026 13:59:35,USR0020,PC-USR0020-01,C:\Documents\work_doc_23.docx,File Open,Sample content
FIL0000562,01/02/2026 12:09:01,USR0020,PC-USR0020-01,C:\Documents\work_doc_36.docx,File Open,Sample content
FIL0000563,01/02/2026 14:48:14,USR0020,PC-USR0020-01,C:\Documents\work_doc_11.docx,File Open,Sample content
FIL0000564,01/02/2026 15:13:34,USR0020,PC-USR0020-01,C:\Documents\work_doc_40.docx,File Open,Sample content
FIL0000565,01/02/2026 09:10:05,USR0020,PC-USR0020-01,C:\Documents\work_doc_37.docx,File Open,Sample content
FIL0000566,01/02/2026 13:51:31,USR0020,PC-USR0020-01,C:\Documents\work_doc_8.docx,File Open,Sample content
FIL0000567,01/02/2026 10:15:54,USR0020,PC-USR0020-01,C:\Documents\work_doc_27.docx,File Open,Sample content
FIL0000568,01/02/2026 12:15:29,USR0020,PC-USR0020-01,C:\Documents\work_doc_40.docx,File Open,Sample content
FIL0000569,01/02/2026 11:57:11,USR0020,PC-USR0020-01,C:\Documents\work_doc_15.docx,File Open,Sample content
FIL0000570,01/02/2026 13:06:00,USR0020,PC-USR0020-01,C:\Documents\work_doc_16.docx,File Open,Sample content
FIL0000571,01/02/2026 13:27:37,USR0020,PC-USR0020-01,C:\Documents\work_doc_39.docx,File Open,Sample content
FIL0000572,01/02/2026 15:28:13,USR0020,PC-USR0020-01,C:\Documents\work_doc_15.docx,File Open,Sample content
FIL0000573,01/02/2026 10:54:05,USR0020,PC-USR0020-01,C:\Documents\work_doc_27.docx,File Open,Sample content
FIL0000574,01/02/2026 16:28:09,USR0020,PC-USR0020-01,C:\Documents\work_doc_48.docx,File Open,Sample content
FIL0000575,01/02/2026 12:29:57,USR0021,PC-USR0021-01,C:\Documents\work_doc_10.docx,File Open,Sample content
FIL0000576,01/02/2026 10:44:34,USR0021,PC-USR0021-01,C:\Documents\work_doc_33.docx,File Open,Sample content
FIL0000577,01/02/2026 14:26:47,USR0021,PC-USR0021-01,C:\Documents\work_doc_26.docx,File Open,Sample content
FIL0000578,01/02/2026 15:36:21,USR0021,PC-USR0021-01,C:\Documents\work_doc_20.docx,File Open,Sample content
FIL0000579,01/02/2026 10:15:10,USR0021,PC-USR0021-01,C:\Documents\work_doc_40.docx,File Open,Sample content
FIL0000580,01/02/2026 16:59:42,USR0021,PC-USR0021-01,C:\Documents\work_doc_5.docx,File Open,Sample content
FIL0000581,01/02/2026 14:59:56,USR0021,PC-USR0021-01,C:\Documents\work_doc_4.docx,File Open,Sample content
FIL0000582,01/02/2026 15:25:52,USR0021,PC-USR0021-01,C:\Documents\work_doc_28.docx,File Open,Sample content
FIL0000583,01/02/2026 11:26:30,USR0021,PC-USR0021-01,C:\Documents\work_doc_2.docx,File Open,Sample content
FIL0000584,01/02/2026 14:23:07,USR0021,PC-USR0021-01,C:\Documents\work_doc_20.docx,File Open,Sample content
FIL0000585,01/02/2026 12:31:56,USR0021,PC-USR0021-01,C:\Documents\work_doc_32.docx,File Open,Sample content
FIL0000586,01/02/2026 15:37:13,USR0021,PC-USR0021-01,C:\Documents\work_doc_26.docx,File Open,Sample content
FIL0000587,01/02/2026 10:23:07,USR0022,PC-USR0022-01,C:\Documents\work_doc_7.docx,File Open,Sample content
FIL0000588,01/02/2026 13:49:21,USR0022,PC-USR0022-01,C:\Documents\work_doc_21.docx,File Open,Sample content
FIL0000589,01/02/2026 10:11:36,USR0022,PC-USR0022-01,C:\Documents\work_doc_14.docx,File Open,Sample content
FIL0000590,01/02/2026 10:14:03,USR0022,PC-USR0022-01,C:\Documents\work_doc_18.docx,File Open,Sample content
FIL0000591,01/02/2026 13:53:48,USR0022,PC-USR0022-01,C:\Documents\work_doc_36.docx,File Open,Sample content
FIL0000592,01/02/2026 10:51:45,USR0022,PC-USR0022-01,C:\Documents\work_doc_36.docx,File Open,Sample content
FIL0000593,01/02/2026 13:58:35,USR0022,PC-USR0022-01,C:\Documents\work_doc_43.docx,File Open,Sample content
FIL0000594,01/02/2026 13:06:57,USR0022,PC-USR0022-01,C:\Documents\work_doc_26.docx,File Open,Sample content
FIL0000595,01/02/2026 09:19:58,USR0022,PC-USR0022-01,C:\Documents\work_doc_27.docx,File Open,Sample content
FIL0000596,01/02/2026 10:24:30,USR0023,PC-USR0023-01,C:\Documents\work_doc_40.docx,File Open,Sample content
FIL0000597,01/02/2026 12:56:15,USR0023,PC-USR0023-01,C:\Documents\work_doc_21.docx,File Open,Sample content
FIL0000598,01/02/2026 09:54:21,USR0023,PC-USR0023-01,C:\Documents\work_doc_23.docx,File Open,Sample content
FIL0000599,01/02/2026 16:48:15,USR0023,PC-USR0023-01,C:\Documents\work_doc_35.docx,File Open,Sample content
FIL0000600,01/02/2026 14:31:14,USR0023,PC-USR0023-01,C:\Documents\work_doc_28.docx,File Open,Sample content
FIL0000601,01/02/2026 09:44:04,USR0023,PC-USR0023-01,C:\Documents\work_doc_7.docx,File Open,Sample content
FIL0000602,01/02/2026 11:14:26,USR0023,PC-USR0023-01,C:\Documents\work_doc_3.docx,File Open,Sample content
FIL0000603,01/02/2026 12:29:26,USR0023,PC-USR0023-01,C:\Documents\work_doc_35.docx,File Open,Sample content
FIL0000604,01/02/2026 10:06:43,USR0023,PC-USR0023-01,C:\Documents\work_doc_36.docx,File Open,Sample content
FIL0000605,01/02/2026 16:45:08,USR0023,PC-USR0023-01,C:\Documents\work_doc_15.docx,File Open,Sample content
FIL0000606,01/02/2026 12:13:23,USR0023,PC-USR0023-01,C:\Documents\work_doc_7.docx,File Open,Sample content
FIL0000607,01/02/2026 09:16:00,USR0023,PC-USR0023-01,C:\Documents\work_doc_38.docx,File Open,Sample content
FIL0000608,01/02/2026 15:07:17,USR0023,PC-USR0023-01,C:\Documents\work_doc_42.docx,File Open,Sample content
FIL0000609,01/02/2026 16:57:13,USR0023,PC-USR0023-01,C:\Documents\work_doc_6.docx,File Open,Sample content
FIL0000610,01/02/2026 14:59:15,USR0023,PC-USR0023-01,C:\Documents\work_doc_40.docx,File Open,Sample content
FIL0000611,01/02/2026 10:05:51,USR0023,PC-USR0023-01,C:\Documents\work_doc_17.docx,File Open,Sample content
FIL0000612,01/02/2026 14:26:04,USR0024,PC-USR0024-01,C:\Documents\work_doc_6.docx,File Open,Sample content
FIL0000613,01/02/2026 13:59:02,USR0024,PC-USR0024-01,C:\Documents\work_doc_45.docx,File Open,Sample content
FIL0000614,01/02/2026 13:08:33,USR0024,PC-USR0024-01,C:\Documents\work_doc_35.docx,File Open,Sample content
FIL0000615,01/02/2026 15:47:02,USR0024,PC-USR0024-01,C:\Documents\work_doc_24.docx,File Open,Sample content
FIL0000616,01/02/2026 09:49:50,USR0024,PC-USR0024-01,C:\Documents\work_doc_22.docx,File Open,Sample content
FIL0000617,01/02/2026 12:31:59,USR0024,PC-USR0024-01,C:\Documents\work_doc_26.docx,File Open,Sample content
FIL0000618,01/02/2026 15:27:50,USR0024,PC-USR0024-01,C:\Documents\work_doc_48.docx,File Open,Sample content
FIL0000619,01/02/2026 09:33:44,USR0024,PC-USR0024-01,C:\Documents\work_doc_7.docx,File Open,Sample content
FIL0000620,01/02/2026 10:47:08,USR0024,PC-USR0024-01,C:\Documents\work_doc_28.docx,File Open,Sample content
FIL0000621,01/02/2026 09:02:12,USR0024,PC-USR0024-01,C:\Documents\work_doc_4.docx,File Open,Sample content
FIL0000622,01/02/2026 12:23:24,USR0024,PC-USR0024-01,C:\Documents\work_doc_26.docx,File Open,Sample content
FIL0000623,01/02/2026 10:52:55,USR0024,PC-USR0024-01,C:\Documents\work_doc_49.docx,File Open,Sample content
FIL0000624,01/02/2026 09:24:09,USR0024,PC-USR0024-01,C:\Documents\work_doc_44.docx,File Open,Sample content
FIL0000625,01/02/2026 16:04:20,USR0024,PC-USR0024-01,C:\Documents\work_doc_48.docx,File Open,Sample content
FIL0000626,01/02/2026 12:06:11,USR0024,PC-USR0024-01,C:\Documents\work_doc_50.docx,File Open,Sample content
FIL0000627,01/02/2026 10:29:34,USR0025,PC-USR0025-01,C:\Documents\work_doc_6.docx,File Open,Sample content
FIL0000628,01/02/2026 16:00:13,USR0025,PC-USR0025-01,C:\Documents\work_doc_11.docx,File Open,Sample content
FIL0000629,01/02/2026 10:05:38,USR0025,PC-USR0025-01,C:\Documents\work_doc_11.docx,File Open,Sample content
FIL0000630,01/02/2026 09:24:07,USR0025,PC-USR0025-01,C:\Documents\work_doc_15.docx,File Open,Sample content
FIL0000631,01/02/2026 15:15:52,USR0025,PC-USR0025-01,C:\Documents\work_doc_33.docx,File Open,Sample content
FIL0000632,01/02/2026 14:08:29,USR0025,PC-USR0025-01,C:\Documents\work_doc_32.docx,File Open,Sample content
FIL0000633,01/02/2026 14:24:07,USR0025,PC-USR0025-01,C:\Documents\work_doc_13.docx,File Open,Sample content
FIL0000634,01/02/2026 12:28:04,USR0025,PC-USR0025-01,C:\Documents\work_doc_43.docx,File Open,Sample content
FIL0000635,01/02/2026 13:19:16,USR0025,PC-USR0025-01,C:\Documents\work_doc_38.docx,File Open,Sample content
FIL0000636,01/02/2026 09:46:10,USR0025,PC-USR0025-01,C:\Documents\work_doc_38.docx,File Open,Sample content
FIL0000637,01/02/2026 14:03:09,USR0025,PC-USR0025-01,C:\Documents\work_doc_26.docx,File Open,Sample content
FIL0000638,01/02/2026 13:32:02,USR0025,PC-USR0025-01,C:\Documents\work_doc_7.docx,File Open,Sample content
FIL0000639,01/02/2026 15:17:18,USR0025,PC-USR0025-01,C:\Documents\work_doc_4.docx,File Open,Sample content
FIL0000640,01/02/2026 12:28:13,USR0025,PC-USR0025-01,C:\Documents\work_doc_44.docx,File Open,Sample content
FIL0000641,01/02/2026 13:53:06,USR0025,PC-USR0025-01,C:\Documents\work_doc_26.docx,File Open,Sample content
FIL0000642,01/02/2026 16:34:06,USR0025,PC-USR0025-01,C:\Documents\work_doc_10.docx,File Open,Sample content
FIL0000643,01/02/2026 16:47:50,USR0025,PC-USR0025-01,C:\Documents\work_doc_32.docx,File Open,Sample content
FIL0000644,01/05/2026 15:37:39,AAE0190,PC-AAE0190-01,C:\Documents\work_doc_46.docx,File Open,Sample content
FIL0000645,01/05/2026 16:09:31,AAE0190,PC-AAE0190-01,C:\Documents\work_doc_45.docx,File Open,Sample content
FIL0000646,01/05/2026 12:27:28,AAE0190,PC-AAE0190-01,C:\Documents\work_doc_41.docx,File Open,Sample content
FIL0000647,01/05/2026 16:46:18,AAE0190,PC-AAE0190-01,C:\Documents\work_doc_42.docx,File Open,Sample content
FIL0000648,01/05/2026 15:09:47,AAE0190,PC-AAE0190-01,C:\Documents\work_doc_1.docx,File Open,Sample content
FIL0000649,01/05/2026 11:23:54,AAE0190,PC-AAE0190-01,C:\Documents\work_doc_33.docx,File Open,Sample content
FIL0000650,01/05/2026 11:58:23,AAE0190,PC-AAE0190-01,C:\Documents\work_doc_19.docx,File Open,Sample content
FIL0000651,01/05/2026 12:04:33,AAE0190,PC-AAE0190-01,C:\Documents\work_doc_14.docx,File Open,Sample content
FIL0000652,01/05/2026 11:45:34,AAE0190,PC-AAE0190-01,C:\Documents\work_doc_7.docx,File Open,Sample content
FIL0000653,01/05/2026 11:12:53,AAE0190,PC-AAE0190-01,C:\Documents\work_doc_5.docx,File Open,Sample content
FIL0000654,01/05/2026 11:12:38,AAE0190,PC-AAE0190-01,C:\Documents\work_doc_10.docx,File Open,Sample content
FIL0000655,01/05/2026 09:40:19,AAE0190,PC-AAE0190-01,C:\Documents\work_doc_40.docx,File Open,Sample content
FIL0000656,01/05/2026 10:03:24,AAE0190,PC-AAE0190-01,C:\Documents\work_doc_48.docx,File Open,Sample content
FIL0000657,01/05/2026 09:56:05,AAE0190,PC-AAE0190-01,C:\Documents\work_doc_34.docx,File Open,Sample content
FIL0000658,01/05/2026 12:26:16,AAE0190,PC-AAE0190-01,C:\Documents\work_doc_32.docx,File Open,Sample content
FIL0000659,01/05/2026 11:13:45,AAE0190,PC-AAE0190-01,C:\Documents\work_doc_36.docx,File Open,Sample content
FIL0000660,01/05/2026 16:22:01,AAE0190,PC-AAE0190-01,C:\Documents\work_doc_35.docx,File Open,Sample content
FIL0000661,01/05/2026 15:21:13,USR0002,PC-USR0002-01,C:\Documents\work_doc_35.docx,File Open,Sample content
FIL0000662,01/05/2026 09:42:11,USR0002,PC-USR0002-01,C:\Documents\work_doc_30.docx,File Open,Sample content
FIL0000663,01/05/2026 13:49:33,USR0002,PC-USR0002-01,C:\Documents\work_doc_7.docx,File Open,Sample content
FIL0000664,01/05/2026 11:48:50,USR0002,PC-USR0002-01,C:\Documents\work_doc_19.docx,File Open,Sample content
FIL0000665,01/05/2026 11:06:05,USR0002,PC-USR0002-01,C:\Documents\work_doc_19.docx,File Open,Sample content
FIL0000666,01/05/2026 09:50:35,USR0002,PC-USR0002-01,C:\Documents\work_doc_44.docx,File Open,Sample content
FIL0000667,01/05/2026 15:40:33,USR0002,PC-USR0002-01,C:\Documents\work_doc_9.docx,File Open,Sample content
FIL0000668,01/05/2026 14:55:00,USR0002,PC-USR0002-01,C:\Documents\work_doc_37.docx,File Open,Sample content
FIL0000669,01/05/2026 14:08:09,USR0002,PC-USR0002-01,C:\Documents\work_doc_39.docx,File Open,Sample content
FIL0000670,01/05/2026 13:24:08,USR0002,PC-USR0002-01,C:\Documents\work_doc_2.docx,File Open,Sample content
FIL0000671,01/05/2026 12:44:54,USR0002,PC-USR0002-01,C:\Documents\work_doc_24.docx,File Open,Sample content
FIL0000672,01/05/2026 14:46:24,USR0002,PC-USR0002-01,C:\Documents\work_doc_5.docx,File Open,Sample content
FIL0000673,01/05/2026 09:51:59,USR0002,PC-USR0002-01,C:\Documents\work_doc_14.docx,File Open,Sample content
FIL0000674,01/05/2026 14:08:49,USR0002,PC-USR0002-01,C:\Documents\work_doc_45.docx,File Open,Sample content
FIL0000675,01/05/2026 16:52:01,USR0002,PC-USR0002-01,C:\Documents\work_doc_50.docx,File Open,Sample content
FIL0000676,01/05/2026 10:14:29,USR0002,PC-USR0002-01,C:\Documents\work_doc_8.docx,File Open,Sample content
FIL0000677,01/05/2026 11:17:12,USR0002,PC-USR0002-01,C:\Documents\work_doc_28.docx,File Open,Sample content
FIL0000678,01/05/2026 14:35:20,USR0002,PC-USR0002-01,C:\Documents\work_doc_35.docx,File Open,Sample content
FIL0000679,01/05/2026 15:30:20,USR0003,PC-USR0003-01,C:\Documents\work_doc_31.docx,File Open,Sample content
FIL0000680,01/05/2026 10:53:53,USR0003,PC-USR0003-01,C:\Documents\work_doc_12.docx,File Open,Sample content
FIL0000681,01/05/2026 12:24:36,USR0003,PC-USR0003-01,C:\Documents\work_doc_6.docx,File Open,Sample content
FIL0000682,01/05/2026 13:38:25,USR0003,PC-USR0003-01,C:\Documents\work_doc_6.docx,File Open,Sample content
FIL0000683,01/05/2026 10:59:10,USR0003,PC-USR0003-01,C:\Documents\work_doc_33.docx,File Open,Sample content
FIL0000684,01/05/2026 16:43:52,USR0003,PC-USR0003-01,C:\Documents\work_doc_38.docx,File Open,Sample content
FIL0000685,01/05/2026 11:54:11,USR0004,PC-USR0004-01,C:\Documents\work_doc_8.docx,File Open,Sample content
FIL0000686,01/05/2026 11:09:18,USR0004,PC-USR0004-01,C:\Documents\work_doc_12.docx,File Open,Sample content
FIL0000687,01/05/2026 16:27:56,USR0004,PC-USR0004-01,C:\Documents\work_doc_31.docx,File Open,Sample content
FIL0000688,01/05/2026 16:19:25,USR0004,PC-USR0004-01,C:\Documents\work_doc_9.docx,File Open,Sample content
FIL0000689,01/05/2026 14:39:04,USR0004,PC-USR0004-01,C:\Documents\work_doc_25.docx,File Open,Sample content
FIL0000690,01/05/2026 09:06:05,USR0004,PC-USR0004-01,C:\Documents\work_doc_12.docx,File Open,Sample content
FIL0000691,01/05/2026 13:45:06,USR0004,PC-USR0004-01,C:\Documents\work_doc_6.docx,File Open,Sample content
FIL0000692,01/05/2026 14:58:54,USR0004,PC-USR0004-01,C:\Documents\work_doc_33.docx,File Open,Sample content
FIL0000693,01/05/2026 13:34:51,USR0004,PC-USR0004-01,C:\Documents\work_doc_34.docx,File Open,Sample content
FIL0000694,01/05/2026 15:03:00,USR0004,PC-USR0004-01,C:\Documents\work_doc_49.docx,File Open,Sample content
FIL0000695,01/05/2026 09:06:30,USR0004,PC-USR0004-01,C:\Documents\work_doc_38.docx,File Open,Sample content
FIL0000696,01/05/2026 15:30:45,USR0004,PC-USR0004-01,C:\Documents\work_doc_32.docx,File Open,Sample content
FIL0000697,01/05/2026 11:12:55,USR0004,PC-USR0004-01,C:\Documents\work_doc_6.docx,File Open,Sample content
FIL0000698,01/05/2026 11:36:38,USR0004,PC-USR0004-01,C:\Documents\work_doc_23.docx,File Open,Sample content
FIL0000699,01/05/2026 16:59:50,USR0004,PC-USR0004-01,C:\Documents\work_doc_1.docx,File Open,Sample content
FIL0000700,01/05/2026 13:28:08,USR0004,PC-USR0004-01,C:\Documents\work_doc_46.docx,File Open,Sample content
FIL0000701,01/05/2026 15:50:16,USR0004,PC-USR0004-01,C:\Documents\work_doc_11.docx,File Open,Sample content
FIL0000702,01/05/2026 15:04:09,USR0004,PC-USR0004-01,C:\Documents\work_doc_47.docx,File Open,Sample content
FIL0000703,01/05/2026 10:02:00,USR0005,PC-USR0005-01,C:\Documents\work_doc_13.docx,File Open,Sample content
FIL0000704,01/05/2026 09:29:53,USR0005,PC-USR0005-01,C:\Documents\work_doc_49.docx,File Open,Sample content
FIL0000705,01/05/2026 15:58:11,USR0005,PC-USR0005-01,C:\Documents\work_doc_1.docx,File Open,Sample content
FIL0000706,01/05/2026 14:52:52,USR0005,PC-USR0005-01,C:\Documents\work_doc_18.docx,File Open,Sample content
FIL0000707,01/05/2026 14:47:37,USR0005,PC-USR0005-01,C:\Documents\work_doc_25.docx,File Open,Sample content
FIL0000708,01/05/2026 16:53:04,USR0005,PC-USR0005-01,C:\Documents\work_doc_22.docx,File Open,Sample content
FIL0000709,01/05/2026 09:57:44,USR0005,PC-USR0005-01,C:\Documents\work_doc_3.docx,File Open,Sample content
FIL0000710,01/05/2026 15:27:57,USR0005,PC-USR0005-01,C:\Documents\work_doc_43.docx,File Open,Sample content
FIL0000711,01/05/2026 15:27:17,USR0005,PC-USR0005-01,C:\Documents\work_doc_6.docx,File Open,Sample content
FIL0000712,01/05/2026 10:00:57,USR0005,PC-USR0005-01,C:\Documents\work_doc_42.docx,File Open,Sample content
FIL0000713,01/05/2026 15:58:23,USR0005,PC-USR0005-01,C:\Documents\work_doc_20.docx,File Open,Sample content
FIL0000714,01/05/2026 10:45:05,USR0005,PC-USR0005-01,C:\Documents\work_doc_46.docx,File Open,Sample content
FIL0000715,01/05/2026 12:18:00,USR0005,PC-USR0005-01,C:\Documents\work_doc_29.docx,File Open,Sample content
FIL0000716,01/05/2026 14:06:25,USR0005,PC-USR0005-01,C:\Documents\work_doc_40.docx,File Open,Sample content
FIL0000717,01/05/2026 13:49:39,USR0005,PC-USR0005-01,C:\Documents\work_doc_31.docx,File Open,Sample content
FIL0000718,01/05/2026 16:26:37,USR0006,PC-USR0006-01,C:\Documents\work_doc_36.docx,File Open,Sample content
FIL0000719,01/05/2026 12:55:54,USR0006,PC-USR0006-01,C:\Documents\work_doc_27.docx,File Open,Sample content
FIL0000720,01/05/2026 14:08:38,USR0006,PC-USR0006-01,C:\Documents\work_doc_17.docx,File Open,Sample content
FIL0000721,01/05/2026 13:30:49,USR0006,PC-USR0006-01,C:\Documents\work_doc_8.docx,File Open,Sample content
FIL0000722,01/05/2026 15:53:46,USR0006,PC-USR0006-01,C:\Documents\work_doc_6.docx,File Open,Sample content
FIL0000723,01/05/2026 11:30:12,USR0006,PC-USR0006-01,C:\Documents\work_doc_20.docx,File Open,Sample content
FIL0000724,01/05/2026 10:13:57,USR0006,PC-USR0006-01,C:\Documents\work_doc_50.docx,File Open,Sample content
FIL0000725,01/05/2026 10:02:16,USR0006,PC-USR0006-01,C:\Documents\work_doc_22.docx,File Open,Sample content
FIL0000726,01/05/2026 09:09:22,USR0006,PC-USR0006-01,C:\Documents\work_doc_50.docx,File Open,Sample content
FIL0000727,01/05/2026 12:46:08,USR0007,PC-USR0007-01,C:\Documents\work_doc_48.docx,File Open,Sample content
FIL0000728,01/05/2026 10:04:26,USR0007,PC-USR0007-01,C:\Documents\work_doc_24.docx,File Open,Sample content
FIL0000729,01/05/2026 12:44:00,USR0007,PC-USR0007-01,C:\Documents\work_doc_44.docx,File Open,Sample content
FIL0000730,01/05/2026 11:47:40,USR0007,PC-USR0007-01,C:\Documents\work_doc_48.docx,File Open,Sample content
FIL0000731,01/05/2026 09:08:02,USR0007,PC-USR0007-01,C:\Documents\work_doc_41.docx,File Open,Sample content
FIL0000732,01/05/2026 12:03:17,USR0007,PC-USR0007-01,C:\Documents\work_doc_46.docx,File Open,Sample content
FIL0000733,01/05/2026 11:14:54,USR0007,PC-USR0007-01,C:\Documents\work_doc_9.docx,File Open,Sample content
FIL0000734,01/05/2026 11:45:28,USR0007,PC-USR0007-01,C:\Documents\work_doc_32.docx,File Open,Sample content
FIL0000735,01/05/2026 14:54:59,USR0007,PC-USR0007-01,C:\Documents\work_doc_9.docx,File Open,Sample content
FIL0000736,01/05/2026 10:15:23,USR0007,PC-USR0007-01,C:\Documents\work_doc_46.docx,File Open,Sample content
FIL0000737,01/05/2026 12:02:57,USR0007,PC-USR0007-01,C:\Documents\work_doc_50.docx,File Open,Sample content
FIL0000738,01/05/2026 11:32:05,USR0007,PC-USR0007-01,C:\Documents\work_doc_27.docx,File Open,Sample content
FIL0000739,01/05/2026 14:56:03,USR0007,PC-USR0007-01,C:\Documents\work_doc_27.docx,File Open,Sample content
FIL0000740,01/05/2026 15:50:21,USR0008,PC-USR0008-01,C:\Documents\work_doc_48.docx,File Open,Sample content
FIL0000741,01/05/2026 11:14:57,USR0008,PC-USR0008-01,C:\Documents\work_doc_29.docx,File Open,Sample content
FIL0000742,01/05/2026 16:28:08,USR0008,PC-USR0008-01,C:\Documents\work_doc_37.docx,File Open,Sample content
FIL0000743,01/05/2026 15:25:43,USR0008,PC-USR0008-01,C:\Documents\work_doc_21.docx,File Open,Sample content
FIL0000744,01/05/2026 15:12:12,USR0008,PC-USR0008-01,C:\Documents\work_doc_30.docx,File Open,Sample content
FIL0000745,01/05/2026 09:17:25,USR0009,PC-USR0009-01,C:\Documents\work_doc_44.docx,File Open,Sample content
FIL0000746,01/05/2026 16:17:06,USR0009,PC-USR0009-01,C:\Documents\work_doc_16.docx,File Open,Sample content
FIL0000747,01/05/2026 09:31:42,USR0009,PC-USR0009-01,C:\Documents\work_doc_21.docx,File Open,Sample content
FIL0000748,01/05/2026 12:54:35,USR0009,PC-USR0009-01,C:\Documents\work_doc_20.docx,File Open,Sample content
FIL0000749,01/05/2026 10:41:35,USR0009,PC-USR0009-01,C:\Documents\work_doc_21.docx,File Open,Sample content
FIL0000750,01/05/2026 11:00:56,USR0009,PC-USR0009-01,C:\Documents\work_doc_43.docx,File Open,Sample content
FIL0000751,01/05/2026 10:14:49,USR0009,PC-USR0009-01,C:\Documents\work_doc_25.docx,File Open,Sample content
FIL0000752,01/05/2026 11:25:42,USR0009,PC-USR0009-01,C:\Documents\work_doc_4.docx,File Open,Sample content
FIL0000753,01/05/2026 14:48:52,USR0010,PC-USR0010-01,C:\Documents\work_doc_21.docx,File Open,Sample content
FIL0000754,01/05/2026 12:57:47,USR0010,PC-USR0010-01,C:\Documents\work_doc_4.docx,File Open,Sample content
FIL0000755,01/05/2026 11:17:41,USR0010,PC-USR0010-01,C:\Documents\work_doc_24.docx,File Open,Sample content
FIL0000756,01/05/2026 12:03:05,USR0010,PC-USR0010-01,C:\Documents\work_doc_12.docx,File Open,Sample content
FIL0000757,01/05/2026 12:47:37,USR0010,PC-USR0010-01,C:\Documents\work_doc_36.docx,File Open,Sample content
FIL0000758,01/05/2026 13:52:31,USR0010,PC-USR0010-01,C:\Documents\work_doc_11.docx,File Open,Sample content
FIL0000759,01/05/2026 12:01:13,USR0010,PC-USR0010-01,C:\Documents\work_doc_18.docx,File Open,Sample content
FIL0000760,01/05/2026 11:02:08,USR0010,PC-USR0010-01,C:\Documents\work_doc_35.docx,File Open,Sample content
FIL0000761,01/05/2026 13:29:04,USR0010,PC-USR0010-01,C:\Documents\work_doc_38.docx,File Open,Sample content
FIL0000762,01/05/2026 09:05:29,USR0010,PC-USR0010-01,C:\Documents\work_doc_46.docx,File Open,Sample content
FIL0000763,01/05/2026 11:10:42,USR0010,PC-USR0010-01,C:\Documents\work_doc_9.docx,File Open,Sample content
FIL0000764,01/05/2026 13:03:56,USR0010,PC-USR0010-01,C:\Documents\work_doc_24.docx,File Open,Sample content
FIL0000765,01/05/2026 09:28:52,USR0010,PC-USR0010-01,C:\Documents\work_doc_47.docx,File Open,Sample content
FIL0000766,01/05/2026 15:58:53,USR0010,PC-USR0010-01,C:\Documents\work_doc_17.docx,File Open,Sample content
FIL0000767,01/05/2026 16:46:49,USR0010,PC-USR0010-01,C:\Documents\work_doc_7.docx,File Open,Sample content
FIL0000768,01/05/2026 16:41:40,USR0010,PC-USR0010-01,C:\Documents\work_doc_45.docx,File Open,Sample content
FIL0000769,01/05/2026 16:20:52,USR0010,PC-USR0010-01,C:\Documents\work_doc_17.docx,File Open,Sample content
FIL0000770,01/05/2026 15:06:39,USR0010,PC-USR0010-01,C:\Documents\work_doc_39.docx,File Open,Sample content
FIL0000771,01/05/2026 11:59:16,USR0010,PC-USR0010-01,C:\Documents\work_doc_4.docx,File Open,Sample content
FIL0000772,01/05/2026 15:23:40,USR0010,PC-USR0010-01,C:\Documents\work_doc_35.docx,File Open,Sample content
FIL0000773,01/05/2026 12:07:47,USR0011,PC-USR0011-01,C:\Documents\work_doc_36.docx,File Open,Sample content
FIL0000774,01/05/2026 09:03:14,USR0011,PC-USR0011-01,C:\Documents\work_doc_28.docx,File Open,Sample content
FIL0000775,01/05/2026 15:26:01,USR0011,PC-USR0011-01,C:\Documents\work_doc_48.docx,File Open,Sample content
FIL0000776,01/05/2026 11:45:00,USR0011,PC-USR0011-01,C:\Documents\work_doc_4.docx,File Open,Sample content
FIL0000777,01/05/2026 09:22:59,USR0011,PC-USR0011-01,C:\Documents\work_doc_13.docx,File Open,Sample content
FIL0000778,01/05/2026 11:34:21,USR0011,PC-USR0011-01,C:\Documents\work_doc_13.docx,File Open,Sample content
FIL0000779,01/05/2026 15:12:55,USR0011,PC-USR0011-01,C:\Documents\work_doc_7.docx,File Open,Sample content
FIL0000780,01/05/2026 09:20:40,USR0011,PC-USR0011-01,C:\Documents\work_doc_3.docx,File Open,Sample content
FIL0000781,01/05/2026 14:51:11,USR0011,PC-USR0011-01,C:\Documents\work_doc_18.docx,File Open,Sample content
FIL0000782,01/05/2026 12:56:33,USR0011,PC-USR0011-01,C:\Documents\work_doc_16.docx,File Open,Sample content
FIL0000783,01/05/2026 15:05:55,USR0012,PC-USR0012-01,C:\Documents\work_doc_5.docx,File Open,Sample content
FIL0000784,01/05/2026 12:15:52,USR0012,PC-USR0012-01,C:\Documents\work_doc_42.docx,File Open,Sample content
FIL0000785,01/05/2026 11:27:59,USR0012,PC-USR0012-01,C:\Documents\work_doc_3.docx,File Open,Sample content
FIL0000786,01/05/2026 16:32:34,USR0012,PC-USR0012-01,C:\Documents\work_doc_12.docx,File Open,Sample content
FIL0000787,01/05/2026 10:22:50,USR0012,PC-USR0012-01,C:\Documents\work_doc_12.docx,File Open,Sample content
FIL0000788,01/05/2026 16:34:30,USR0012,PC-USR0012-01,C:\Documents\work_doc_13.docx,File Open,Sample content
FIL0000789,01/05/2026 09:18:52,USR0012,PC-USR0012-01,C:\Documents\work_doc_36.docx,File Open,Sample content
FIL0000790,01/05/2026 15:11:20,USR0012,PC-USR0012-01,C:\Documents\work_doc_44.docx,File Open,Sample content
FIL0000791,01/05/2026 10:20:11,USR0012,PC-USR0012-01,C:\Documents\work_doc_8.docx,File Open,Sample content
FIL0000792,01/05/2026 16:44:19,USR0012,PC-USR0012-01,C:\Documents\work_doc_27.docx,File Open,Sample content
FIL0000793,01/05/2026 14:53:42,USR0012,PC-USR0012-01,C:\Documents\work_doc_14.docx,File Open,Sample content
FIL0000794,01/05/2026 11:11:32,USR0013,PC-USR0013-01,C:\Documents\work_doc_35.docx,File Open,Sample content
FIL0000795,01/05/2026 13:39:32,USR0013,PC-USR0013-01,C:\Documents\work_doc_30.docx,File Open,Sample content
FIL0000796,01/05/2026 13:55:20,USR0013,PC-USR0013-01,C:\Documents\work_doc_49.docx,File Open,Sample content
FIL0000797,01/05/2026 14:07:54,USR0013,PC-USR0013-01,C:\Documents\work_doc_46.docx,File Open,Sample content
FIL0000798,01/05/2026 12:53:53,USR0013,PC-USR0013-01,C:\Documents\work_doc_50.docx,File Open,Sample content
FIL0000799,01/05/2026 09:10:04,USR0014,PC-USR0014-01,C:\Documents\work_doc_11.docx,File Open,Sample content
FIL0000800,01/05/2026 12:47:46,USR0014,PC-USR0014-01,C:\Documents\work_doc_32.docx,File Open,Sample content
FIL0000801,01/05/2026 11:55:00,USR0014,PC-USR0014-01,C:\Documents\work_doc_23.docx,File Open,Sample content
FIL0000802,01/05/2026 14:00:56,USR0014,PC-USR0014-01,C:\Documents\work_doc_14.docx,File Open,Sample content
FIL0000803,01/05/2026 12:00:03,USR0014,PC-USR0014-01,C:\Documents\work_doc_2.docx,File Open,Sample content
FIL0000804,01/05/2026 09:35:33,USR0014,PC-USR0014-01,C:\Documents\work_doc_25.docx,File Open,Sample content
FIL0000805,01/05/2026 12:50:18,USR0014,PC-USR0014-01,C:\Documents\work_doc_48.docx,File Open,Sample content
FIL0000806,01/05/2026 15:29:15,USR0014,PC-USR0014-01,C:\Documents\work_doc_38.docx,File Open,Sample content
FIL0000807,01/05/2026 10:39:00,USR0014,PC-USR0014-01,C:\Documents\work_doc_1.docx,File Open,Sample content
FIL0000808,01/05/2026 16:52:33,USR0015,PC-USR0015-01,C:\Documents\work_doc_22.docx,File Open,Sample content
FIL0000809,01/05/2026 14:58:00,USR0015,PC-USR0015-01,C:\Documents\work_doc_41.docx,File Open,Sample content
FIL0000810,01/05/2026 10:04:13,USR0015,PC-USR0015-01,C:\Documents\work_doc_29.docx,File Open,Sample content
FIL0000811,01/05/2026 14:14:21,USR0015,PC-USR0015-01,C:\Documents\work_doc_34.docx,File Open,Sample content
FIL0000812,01/05/2026 11:45:07,USR0015,PC-USR0015-01,C:\Documents\work_doc_2.docx,File Open,Sample content
FIL0000813,01/05/2026 16:59:10,USR0015,PC-USR0015-01,C:\Documents\work_doc_36.docx,File Open,Sample content
FIL0000814,01/05/2026 16:33:47,USR0015,PC-USR0015-01,C:\Documents\work_doc_1.docx,File Open,Sample content
FIL0000815,01/05/2026 16:08:49,USR0015,PC-USR0015-01,C:\Documents\work_doc_30.docx,File Open,Sample content
FIL0000816,01/05/2026 09:45:14,USR0015,PC-USR0015-01,C:\Documents\work_doc_30.docx,File Open,Sample content
FIL0000817,01/05/2026 10:26:06,USR0015,PC-USR0015-01,C:\Documents\work_doc_28.docx,File Open,Sample content
FIL0000818,01/05/2026 09:35:44,USR0015,PC-USR0015-01,C:\Documents\work_doc_33.docx,File Open,Sample content
FIL0000819,01/05/2026 10:49:39,USR0015,PC-USR0015-01,C:\Documents\work_doc_31.docx,File Open,Sample content
FIL0000820,01/05/2026 11:08:57,USR0015,PC-USR0015-01,C:\Documents\work_doc_13.docx,File Open,Sample content
FIL0000821,01/05/2026 15:16:30,USR0015,PC-USR0015-01,C:\Documents\work_doc_32.docx,File Open,Sample content
FIL0000822,01/05/2026 13:33:58,USR0016,PC-USR0016-01,C:\Documents\work_doc_34.docx,File Open,Sample content
FIL0000823,01/05/2026 15:37:43,USR0016,PC-USR0016-01,C:\Documents\work_doc_15.docx,File Open,Sample content
FIL0000824,01/05/2026 11:03:44,USR0016,PC-USR0016-01,C:\Documents\work_doc_22.docx,File Open,Sample content
FIL0000825,01/05/2026 14:49:15,USR0016,PC-USR0016-01,C:\Documents\work_doc_17.docx,File Open,Sample content
FIL0000826,01/05/2026 09:22:50,USR0016,PC-USR0016-01,C:\Documents\work_doc_2.docx,File Open,Sample content
FIL0000827,01/05/2026 14:44:27,USR0017,PC-USR0017-01,C:\Documents\work_doc_46.docx,File Open,Sample content
FIL0000828,01/05/2026 16:08:25,USR0017,PC-USR0017-01,C:\Documents\work_doc_12.docx,File Open,Sample content
FIL0000829,01/05/2026 09:47:32,USR0017,PC-USR0017-01,C:\Documents\work_doc_18.docx,File Open,Sample content
FIL0000830,01/05/2026 15:30:08,USR0017,PC-USR0017-01,C:\Documents\work_doc_43.docx,File Open,Sample content
FIL0000831,01/05/2026 11:23:19,USR0017,PC-USR0017-01,C:\Documents\work_doc_14.docx,File Open,Sample content
FIL0000832,01/05/2026 14:47:23,USR0017,PC-USR0017-01,C:\Documents\work_doc_6.docx,File Open,Sample content
FIL0000833,01/05/2026 15:10:35,USR0017,PC-USR0017-01,C:\Documents\work_doc_11.docx,File Open,Sample content
FIL0000834,01/05/2026 11:11:55,USR0017,PC-USR0017-01,C:\Documents\work_doc_23.docx,File Open,Sample content
FIL0000835,01/05/2026 09:48:06,USR0017,PC-USR0017-01,C:\Documents\work_doc_35.docx,File Open,Sample content
FIL0000836,01/05/2026 11:22:46,USR0017,PC-USR0017-01,C:\Documents\work_doc_43.docx,File Open,Sample content
FIL0000837,01/05/2026 10:25:48,USR0018,PC-USR0018-01,C:\Documents\work_doc_11.docx,File Open,Sample content
FIL0000838,01/05/2026 09:30:12,USR0018,PC-USR0018-01,C:\Documents\work_doc_38.docx,File Open,Sample content
FIL0000839,01/05/2026 11:49:53,USR0018,PC-USR0018-01,C:\Documents\work_doc_33.docx,File Open,Sample content
FIL0000840,01/05/2026 10:43:36,USR0018,PC-USR0018-01,C:\Documents\work_doc_35.docx,File Open,Sample content
FIL0000841,01/05/2026 11:31:07,USR0018,PC-USR0018-01,C:\Documents\work_doc_36.docx,File Open,Sample content
FIL0000842,01/05/2026 11:26:44,USR0018,PC-USR0018-01,C:\Documents\work_doc_21.docx,File Open,Sample content
FIL0000843,01/05/2026 16:28:39,USR0019,PC-USR0019-01,C:\Documents\work_doc_12.docx,File Open,Sample content
FIL0000844,01/05/2026 14:58:49,USR0019,PC-USR0019-01,C:\Documents\work_doc_28.docx,File Open,Sample content
FIL0000845,01/05/2026 09:19:07,USR0019,PC-USR0019-01,C:\Documents\work_doc_16.docx,File Open,Sample content
FIL0000846,01/05/2026 13:33:11,USR0019,PC-USR0019-01,C:\Documents\work_doc_4.docx,File Open,Sample content
FIL0000847,01/05/2026 13:57:38,USR0019,PC-USR0019-01,C:\Documents\work_doc_16.docx,File Open,Sample content
FIL0000848,01/05/2026 10:20:12,USR0019,PC-USR0019-01,C:\Documents\work_doc_39.docx,File Open,Sample content
FIL0000849,01/05/2026 12:48:38,USR0019,PC-USR0019-01,C:\Documents\work_doc_6.docx,File Open,Sample content
FIL0000850,01/05/2026 11:08:25,USR0019,PC-USR0019-01,C:\Documents\work_doc_1.docx,File Open,Sample content
FIL0000851,01/05/2026 09:00:57,USR0019,PC-USR0019-01,C:\Documents\work_doc_5.docx,File Open,Sample content
FIL0000852,01/05/2026 13:19:03,USR0019,PC-USR0019-01,C:\Documents\work_doc_42.docx,File Open,Sample content
FIL0000853,01/05/2026 16:59:25,USR0019,PC-USR0019-01,C:\Documents\work_doc_10.docx,File Open,Sample content
FIL0000854,01/05/2026 10:50:19,USR0019,PC-USR0019-01,C:\Documents\work_doc_48.docx,File Open,Sample content
FIL0000855,01/05/2026 12:54:02,USR0019,PC-USR0019-01,C:\Documents\work_doc_19.docx,File Open,Sample content
FIL0000856,01/05/2026 10:13:19,USR0019,PC-USR0019-01,C:\Documents\work_doc_8.docx,File Open,Sample content
FIL0000857,01/05/2026 09:13:33,USR0019,PC-USR0019-01,C:\Documents\work_doc_37.docx,File Open,Sample content
FIL0000858,01/05/2026 16:20:09,USR0019,PC-USR0019-01,C:\Documents\work_doc_41.docx,File Open,Sample content
FIL0000859,01/05/2026 16:08:02,USR0019,PC-USR0019-01,C:\Documents\work_doc_38.docx,File Open,Sample content
FIL0000860,01/05/2026 15:41:20,USR0019,PC-USR0019-01,C:\Documents\work_doc_43.docx,File Open,Sample content
FIL0000861,01/05/2026 15:19:10,USR0019,PC-USR0019-01,C:\Documents\work_doc_48.docx,File Open,Sample content
FIL0000862,01/05/2026 13:55:14,USR0020,PC-USR0020-01,C:\Documents\work_doc_6.docx,File Open,Sample content
FIL0000863,01/05/2026 10:12:43,USR0020,PC-USR0020-01,C:\Documents\work_doc_10.docx,File Open,Sample content
FIL0000864,01/05/2026 15:24:06,USR0020,PC-USR0020-01,C:\Documents\work_doc_7.docx,File Open,Sample content
FIL0000865,01/05/2026 14:34:17,USR0020,PC-USR0020-01,C:\Documents\work_doc_36.docx,File Open,Sample content
FIL0000866,01/05/2026 14:35:03,USR0020,PC-USR0020-01,C:\Documents\work_doc_22.docx,File Open,Sample content
FIL0000867,01/05/2026 11:51:25,USR0020,PC-USR0020-01,C:\Documents\work_doc_16.docx,File Open,Sample content
FIL0000868,01/05/2026 11:42:07,USR0020,PC-USR0020-01,C:\Documents\work_doc_8.docx,File Open,Sample content
FIL0000869,01/05/2026 15:56:50,USR0021,PC-USR0021-01,C:\Documents\work_doc_17.docx,File Open,Sample content
FIL0000870,01/05/2026 15:46:04,USR0021,PC-USR0021-01,C:\Documents\work_doc_19.docx,File Open,Sample content
FIL0000871,01/05/2026 16:17:20,USR0021,PC-USR0021-01,C:\Documents\work_doc_39.docx,File Open,Sample content
FIL0000872,01/05/2026 16:41:37,USR0021,PC-USR0021-01,C:\Documents\work_doc_14.docx,File Open,Sample content
FIL0000873,01/05/2026 10:33:59,USR0021,PC-USR0021-01,C:\Documents\work_doc_14.docx,File Open,Sample content
FIL0000874,01/05/2026 16:47:36,USR0021,PC-USR0021-01,C:\Documents\work_doc_35.docx,File Open,Sample content
FIL0000875,01/05/2026 13:53:38,USR0021,PC-USR0021-01,C:\Documents\work_doc_5.docx,File Open,Sample content
FIL0000876,01/05/2026 13:38:58,USR0021,PC-USR0021-01,C:\Documents\work_doc_46.docx,File Open,Sample content
FIL0000877,01/05/2026 15:02:37,USR0021,PC-USR0021-01,C:\Documents\work_doc_48.docx,File Open,Sample content
FIL0000878,01/05/2026 14:52:20,USR0021,PC-USR0021-01,C:\Documents\work_doc_1.docx,File Open,Sample content
FIL0000879,01/05/2026 13:38:44,USR0021,PC-USR0021-01,C:\Documents\work_doc_43.docx,File Open,Sample content
FIL0000880,01/05/2026 12:09:52,USR0021,PC-USR0021-01,C:\Documents\work_doc_27.docx,File Open,Sample content
FIL0000881,01/05/2026 15:18:13,USR0021,PC-USR0021-01,C:\Documents\work_doc_9.docx,File Open,Sample content
FIL0000882,01/05/2026 11:47:14,USR0021,PC-USR0021-01,C:\Documents\work_doc_38.docx,File Open,Sample content
FIL0000883,01/05/2026 13:57:24,USR0021,PC-USR0021-01,C:\Documents\work_doc_7.docx,File Open,Sample content
FIL0000884,01/05/2026 11:06:10,USR0021,PC-USR0021-01,C:\Documents\work_doc_46.docx,File Open,Sample content
FIL0000885,01/05/2026 10:59:40,USR0022,PC-USR0022-01,C:\Documents\work_doc_43.docx,File Open,Sample content
FIL0000886,01/05/2026 09:40:54,USR0022,PC-USR0022-01,C:\Documents\work_doc_22.docx,File Open,Sample content
FIL0000887,01/05/2026 10:35:56,USR0022,PC-USR0022-01,C:\Documents\work_doc_35.docx,File Open,Sample content
FIL0000888,01/05/2026 10:09:59,USR0022,PC-USR0022-01,C:\Documents\work_doc_37.docx,File Open,Sample content
FIL0000889,01/05/2026 15:54:41,USR0022,PC-USR0022-01,C:\Documents\work_doc_49.docx,File Open,Sample content
FIL0000890,01/05/2026 10:32:49,USR0022,PC-USR0022-01,C:\Documents\work_doc_9.docx,File Open,Sample content
FIL0000891,01/05/2026 09:41:52,USR0022,PC-USR0022-01,C:\Documents\work_doc_32.docx,File Open,Sample content
FIL0000892,01/05/2026 09:58:25,USR0022,PC-USR0022-01,C:\Documents\work_doc_25.docx,File Open,Sample content
FIL0000893,01/05/2026 09:55:07,USR0022,PC-USR0022-01,C:\Documents\work_doc_4.docx,File Open,Sample content
FIL0000894,01/05/2026 16:37:08,USR0022,PC-USR0022-01,C:\Documents\work_doc_15.docx,File Open,Sample content
FIL0000895,01/05/2026 16:51:35,USR0023,PC-USR0023-01,C:\Documents\work_doc_5.docx,File Open,Sample content
FIL0000896,01/05/2026 16:06:02,USR0023,PC-USR0023-01,C:\Documents\work_doc_40.docx,File Open,Sample content
FIL0000897,01/05/2026 15:40:33,USR0023,PC-USR0023-01,C:\Documents\work_doc_21.docx,File Open,Sample content
FIL0000898,01/05/2026 15:19:08,USR0023,PC-USR0023-01,C:\Documents\work_doc_22.docx,File Open,Sample content
FIL0000899,01/05/2026 16:53:03,USR0023,PC-USR0023-01,C:\Documents\work_doc_27.docx,File Open,Sample content
FIL0000900,01/05/2026 13:57:29,USR0024,PC-USR0024-01,C:\Documents\work_doc_43.docx,File Open,Sample content
FIL0000901,01/05/2026 09:10:59,USR0024,PC-USR0024-01,C:\Documents\work_doc_34.docx,File Open,Sample content
FIL0000902,01/05/2026 10:18:05,USR0024,PC-USR0024-01,C:\Documents\work_doc_8.docx,File Open,Sample content
FIL0000903,01/05/2026 11:53:34,USR0024,PC-USR0024-01,C:\Documents\work_doc_30.docx,File Open,Sample content
FIL0000904,01/05/2026 13:20:08,USR0024,PC-USR0024-01,C:\Documents\work_doc_32.docx,File Open,Sample content
FIL0000905,01/05/2026 10:49:59,USR0024,PC-USR0024-01,C:\Documents\work_doc_39.docx,File Open,Sample content
FIL0000906,01/05/2026 12:27:30,USR0024,PC-USR0024-01,C:\Documents\work_doc_33.docx,File Open,Sample content
FIL0000907,01/05/2026 14:31:24,USR0024,PC-USR0024-01,C:\Documents\work_doc_19.docx,File Open,Sample content
FIL0000908,01/05/2026 15:12:38,USR0024,PC-USR0024-01,C:\Documents\work_doc_5.docx,File Open,Sample content
FIL0000909,01/05/2026 16:15:14,USR0025,PC-USR0025-01,C:\Documents\work_doc_29.docx,File Open,Sample content
FIL0000910,01/05/2026 13:23:28,USR0025,PC-USR0025-01,C:\Documents\work_doc_3.docx,File Open,Sample content
FIL0000911,01/05/2026 10:25:20,USR0025,PC-USR0025-01,C:\Documents\work_doc_10.docx,File Open,Sample content
FIL0000912,01/05/2026 16:26:05,USR0025,PC-USR0025-01,C:\Documents\work_doc_15.docx,File Open,Sample content
FIL0000913,01/05/2026 15:42:35,USR0025,PC-USR0025-01,C:\Documents\work_doc_5.docx,File Open,Sample content
FIL0000914,01/05/2026 13:37:57,USR0025,PC-USR0025-01,C:\Documents\work_doc_36.docx,File Open,Sample content
FIL0000915,01/05/2026 09:08:22,USR0025,PC-USR0025-01,C:\Documents\work_doc_15.docx,File Open,Sample content
FIL0000916,01/05/2026 09:32:17,USR0025,PC-USR0025-01,C:\Documents\work_doc_13.docx,File Open,Sample content
FIL0000917,01/05/2026 16:46:25,USR0025,PC-USR0025-01,C:\Documents\work_doc_40.docx,File Open,Sample content
FIL0000918,01/05/2026 11:40:39,USR0025,PC-USR0025-01,C:\Documents\work_doc_26.docx,File Open,Sample content
FIL0000919,01/05/2026 13:17:19,USR0025,PC-USR0025-01,C:\Documents\work_doc_30.docx,File Open,Sample content
FIL0000920,01/05/2026 16:55:58,USR0025,PC-USR0025-01,C:\Documents\work_doc_12.docx,File Open,Sample content
FIL0000921,01/05/2026 14:51:56,USR0025,PC-USR0025-01,C:\Documents\work_doc_1.docx,File Open,Sample content
FIL0000922,01/05/2026 13:43:11,USR0025,PC-USR0025-01,C:\Documents\work_doc_16.docx,File Open,Sample content
FIL0000923,01/05/2026 11:57:16,USR0025,PC-USR0025-01,C:\Documents\work_doc_12.docx,File Open,Sample content
FIL0000924,01/05/2026 12:19:32,USR0025,PC-USR0025-01,C:\Documents\work_doc_1.docx,File Open,Sample content
FIL0000925,01/05/2026 09:17:05,USR0025,PC-USR0025-01,C:\Documents\work_doc_30.docx,File Open,Sample content
FIL0000926,01/05/2026 11:19:07,USR0025,PC-USR0025-01,C:\Documents\work_doc_47.docx,File Open,Sample content
FIL0000927,01/06/2026 15:49:08,AAE0190,PC-AAE0190-01,C:\Documents\work_doc_49.docx,File Open,Sample content
FIL0000928,01/06/2026 16:56:26,AAE0190,PC-AAE0190-01,C:\Documents\work_doc_46.docx,File Open,Sample content
FIL0000929,01/06/2026 16:11:38,AAE0190,PC-AAE0190-01,C:\Documents\work_doc_15.docx,File Open,Sample content
FIL0000930,01/06/2026 14:44:01,AAE0190,PC-AAE0190-01,C:\Documents\work_doc_40.docx,File Open,Sample content
FIL0000931,01/06/2026 16:37:49,AAE0190,PC-AAE0190-01,C:\Documents\work_doc_14.docx,File Open,Sample content
FIL0000932,01/06/2026 13:43:56,AAE0190,PC-AAE0190-01,C:\Documents\work_doc_18.docx,File Open,Sample content
FIL0000933,01/06/2026 13:59:27,USR0002,PC-USR0002-01,C:\Documents\work_doc_28.docx,File Open,Sample content
FIL0000934,01/06/2026 16:38:55,USR0002,PC-USR0002-01,C:\Documents\work_doc_14.docx,File Open,Sample content
FIL0000935,01/06/2026 09:52:55,USR0002,PC-USR0002-01,C:\Documents\work_doc_50.docx,File Open,Sample content
FIL0000936,01/06/2026 12:00:09,USR0002,PC-USR0002-01,C:\Documents\work_doc_33.docx,File Open,Sample content
FIL0000937,01/06/2026 14:13:10,USR0002,PC-USR0002-01,C:\Documents\work_doc_30.docx,File Open,Sample content
FIL0000938,01/06/2026 11:30:48,USR0002,PC-USR0002-01,C:\Documents\work_doc_25.docx,File Open,Sample content
FIL0000939,01/06/2026 15:37:35,USR0002,PC-USR0002-01,C:\Documents\work_doc_42.docx,File Open,Sample content
FIL0000940,01/06/2026 12:16:20,USR0002,PC-USR0002-01,C:\Documents\work_doc_5.docx,File Open,Sample content
FIL0000941,01/06/2026 14:51:47,USR0002,PC-USR0002-01,C:\Documents\work_doc_46.docx,File Open,Sample content
FIL0000942,01/06/2026 09:10:20,USR0002,PC-USR0002-01,C:\Documents\work_doc_9.docx,File Open,Sample content
FIL0000943,01/06/2026 14:19:27,USR0002,PC-USR0002-01,C:\Documents\work_doc_7.docx,File Open,Sample content
FIL0000944,01/06/2026 12:00:51,USR0002,PC-USR0002-01,C:\Documents\work_doc_35.docx,File Open,Sample content
FIL0000945,01/06/2026 16:52:12,USR0002,PC-USR0002-01,C:\Documents\work_doc_1.docx,File Open,Sample content
FIL0000946,01/06/2026 16:08:56,USR0002,PC-USR0002-01,C:\Documents\work_doc_47.docx,File Open,Sample content
FIL0000947,01/06/2026 09:40:29,USR0002,PC-USR0002-01,C:\Documents\work_doc_49.docx,File Open,Sample content
FIL0000948,01/06/2026 15:31:59,USR0003,PC-USR0003-01,C:\Documents\work_doc_13.docx,File Open,Sample content
FIL0000949,01/06/2026 16:39:32,USR0003,PC-USR0003-01,C:\Documents\work_doc_19.docx,File Open,Sample content
FIL0000950,01/06/2026 11:06:35,USR0003,PC-USR0003-01,C:\Documents\work_doc_38.docx,File Open,Sample content
FIL0000951,01/06/2026 10:47:19,USR0003,PC-USR0003-01,C:\Documents\work_doc_9.docx,File Open,Sample content
FIL0000952,01/06/2026 15:38:14,USR0003,PC-USR0003-01,C:\Documents\work_doc_31.docx,File Open,Sample content
FIL0000953,01/06/2026 09:59:48,USR0004,PC-USR0004-01,C:\Documents\work_doc_27.docx,File Open,Sample content
FIL0000954,01/06/2026 11:30:11,USR0004,PC-USR0004-01,C:\Documents\work_doc_35.docx,File Open,Sample content
FIL0000955,01/06/2026 10:26:29,USR0004,PC-USR0004-01,C:\Documents\work_doc_13.docx,File Open,Sample content
FIL0000956,01/06/2026 12:28:16,USR0004,PC-USR0004-01,C:\Documents\work_doc_25.docx,File Open,Sample content
FIL0000957,01/06/2026 10:53:08,USR0004,PC-USR0004-01,C:\Documents\work_doc_6.docx,File Open,Sample content
FIL0000958,01/06/2026 14:53:30,USR0004,PC-USR0004-01,C:\Documents\work_doc_24.docx,File Open,Sample content
FIL0000959,01/06/2026 15:46:46,USR0004,PC-USR0004-01,C:\Documents\work_doc_49.docx,File Open,Sample content
FIL0000960,01/06/2026 11:48:27,USR0004,PC-USR0004-01,C:\Documents\work_doc_17.docx,File Open,Sample content
FIL0000961,01/06/2026 10:11:48,USR0004,PC-USR0004-01,C:\Documents\work_doc_28.docx,File Open,Sample content
FIL0000962,01/06/2026 09:32:16,USR0004,PC-USR0004-01,C:\Documents\work_doc_34.docx,File Open,Sample content
FIL0000963,01/06/2026 10:32:50,USR0004,PC-USR0004-01,C:\Documents\work_doc_42.docx,File Open,Sample content
FIL0000964,01/06/2026 16:25:10,USR0004,PC-USR0004-01,C:\Documents\work_doc_1.docx,File Open,Sample content
FIL0000965,01/06/2026 09:27:36,USR0004,PC-USR0004-01,C:\Documents\work_doc_15.docx,File Open,Sample content
FIL0000966,01/06/2026 10:38:53,USR0004,PC-USR0004-01,C:\Documents\work_doc_28.docx,File Open,Sample content
FIL0000967,01/06/2026 12:01:50,USR0004,PC-USR0004-01,C:\Documents\work_doc_16.docx,File Open,Sample content
FIL0000968,01/06/2026 14:04:27,USR0004,PC-USR0004-01,C:\Documents\work_doc_48.docx,File Open,Sample content
FIL0000969,01/06/2026 16:03:19,USR0004,PC-USR0004-01,C:\Documents\work_doc_22.docx,File Open,Sample content
FIL0000970,01/06/2026 09:45:21,USR0004,PC-USR0004-01,C:\Documents\work_doc_47.docx,File Open,Sample content
FIL0000971,01/06/2026 11:58:52,USR0004,PC-USR0004-01,C:\Documents\work_doc_9.docx,File Open,Sample content
FIL0000972,01/06/2026 15:46:14,USR0005,PC-USR0005-01,C:\Documents\work_doc_45.docx,File Open,Sample content
FIL0000973,01/06/2026 10:48:22,USR0005,PC-USR0005-01,C:\Documents\work_doc_37.docx,File Open,Sample content
FIL0000974,01/06/2026 11:47:09,USR0005,PC-USR0005-01,C:\Documents\work_doc_50.docx,File Open,Sample content
FIL0000975,01/06/2026 10:42:41,USR0005,PC-USR0005-01,C:\Documents\work_doc_11.docx,File Open,Sample content
FIL0000976,01/06/2026 16:59:03,USR0005,PC-USR0005-01,C:\Documents\work_doc_25.docx,File Open,Sample content
FIL0000977,01/06/2026 14:38:14,USR0005,PC-USR0005-01,C:\Documents\work_doc_18.docx,File Open,Sample content
FIL0000978,01/06/2026 10:02:58,USR0005,PC-USR0005-01,C:\Documents\work_doc_17.docx,File Open,Sample content
FIL0000979,01/06/2026 09:24:47,USR0005,PC-USR0005-01,C:\Documents\work_doc_44.docx,File Open,Sample content
FIL0000980,01/06/2026 11:37:06,USR0005,PC-USR0005-01,C:\Documents\work_doc_6.docx,File Open,Sample content
FIL0000981,01/06/2026 16:10:08,USR0005,PC-USR0005-01,C:\Documents\work_doc_33.docx,File Open,Sample content
FIL0000982,01/06/2026 11:17:30,USR0005,PC-USR0005-01,C:\Documents\work_doc_8.docx,File Open,Sample content
FIL0000983,01/06/2026 12:01:05,USR0005,PC-USR0005-01,C:\Documents\work_doc_35.docx,File Open,Sample content
FIL0000984,01/06/2026 09:26:43,USR0006,PC-USR0006-01,C:\Documents\work_doc_16.docx,File Open,Sample content
FIL0000985,01/06/2026 11:46:15,USR0006,PC-USR0006-01,C:\Documents\work_doc_28.docx,File Open,Sample content
FIL0000986,01/06/2026 14:19:57,USR0006,PC-USR0006-01,C:\Documents\work_doc_1.docx,File Open,Sample content
FIL0000987,01/06/2026 10:57:34,USR0006,PC-USR0006-01,C:\Documents\work_doc_7.docx,File Open,Sample content
FIL0000988,01/06/2026 13:18:17,USR0006,PC-USR0006-01,C:\Documents\work_doc_11.docx,File Open,Sample content
FIL0000989,01/06/2026 13:48:35,USR0006,PC-USR0006-01,C:\Documents\work_doc_18.docx,File Open,Sample content
FIL0000990,01/06/2026 11:42:42,USR0006,PC-USR0006-01,C:\Documents\work_doc_2.docx,File Open,Sample content
FIL0000991,01/06/2026 11:44:17,USR0006,PC-USR0006-01,C:\Documents\work_doc_16.docx,File Open,Sample content
FIL0000992,01/06/2026 14:00:44,USR0006,PC-USR0006-01,C:\Documents\work_doc_39.docx,File Open,Sample content
FIL0000993,01/06/2026 13:28:26,USR0006,PC-USR0006-01,C:\Documents\work_doc_23.docx,File Open,Sample content
FIL0000994,01/06/2026 10:07:42,USR0006,PC-USR0006-01,C:\Documents\work_doc_48.docx,File Open,Sample content
FIL0000995,01/06/2026 15:42:04,USR0006,PC-USR0006-01,C:\Documents\work_doc_22.docx,File Open,Sample content
FIL0000996,01/06/2026 13:41:15,USR0007,PC-USR0007-01,C:\Documents\work_doc_19.docx,File Open,Sample content
FIL0000997,01/06/2026 14:08:37,USR0007,PC-USR0007-01,C:\Documents\work_doc_23.docx,File Open,Sample content
FIL0000998,01/06/2026 12:28:47,USR0007,PC-USR0007-01,C:\Documents\work_doc_30.docx,File Open,Sample content
FIL0000999,01/06/2026 13:56:52,USR0007,PC-USR0007-01,C:\Documents\work_doc_2.docx,File Open,Sample content
FIL0001000,01/06/2026 12:30:24,USR0007,PC-USR0007-01,C:\Documents\work_doc_30.docx,File Open,Sample content
FIL0001001,01/06/2026 15:35:30,USR0007,PC-USR0007-01,C:\Documents\work_doc_19.docx,File Open,Sample content
FIL0001002,01/06/2026 09:16:55,USR0007,PC-USR0007-01,C:\Documents\work_doc_10.docx,File Open,Sample content
FIL0001003,01/06/2026 09:55:30,USR0007,PC-USR0007-01,C:\Documents\work_doc_27.docx,File Open,Sample content
FIL0001004,01/06/2026 16:22:05,USR0007,PC-USR0007-01,C:\Documents\work_doc_20.docx,File Open,Sample content
FIL0001005,01/06/2026 16:22:12,USR0007,PC-USR0007-01,C:\Documents\work_doc_20.docx,File Open,Sample content
FIL0001006,01/06/2026 10:04:20,USR0007,PC-USR0007-01,C:\Documents\work_doc_49.docx,File Open,Sample content
FIL0001007,01/06/2026 16:49:13,USR0007,PC-USR0007-01,C:\Documents\work_doc_42.docx,File Open,Sample content
FIL0001008,01/06/2026 12:03:39,USR0007,PC-USR0007-01,C:\Documents\work_doc_38.docx,File Open,Sample content
FIL0001009,01/06/2026 13:34:48,USR0008,PC-USR0008-01,C:\Documents\work_doc_37.docx,File Open,Sample content
FIL0001010,01/06/2026 10:35:57,USR0008,PC-USR0008-01,C:\Documents\work_doc_46.docx,File Open,Sample content
FIL0001011,01/06/2026 09:46:03,USR0008,PC-USR0008-01,C:\Documents\work_doc_13.docx,File Open,Sample content
FIL0001012,01/06/2026 10:52:16,USR0008,PC-USR0008-01,C:\Documents\work_doc_25.docx,File Open,Sample content
FIL0001013,01/06/2026 12:16:08,USR0008,PC-USR0008-01,C:\Documents\work_doc_46.docx,File Open,Sample content
FIL0001014,01/06/2026 11:19:58,USR0008,PC-USR0008-01,C:\Documents\work_doc_11.docx,File Open,Sample content
FIL0001015,01/06/2026 10:44:38,USR0008,PC-USR0008-01,C:\Documents\work_doc_24.docx,File Open,Sample content
FIL0001016,01/06/2026 16:47:53,USR0008,PC-USR0008-01,C:\Documents\work_doc_16.docx,File Open,Sample content
FIL0001017,01/06/2026 09:53:37,USR0008,PC-USR0008-01,C:\Documents\work_doc_48.docx,File Open,Sample content
FIL0001018,01/06/2026 10:11:04,USR0008,PC-USR0008-01,C:\Documents\work_doc_33.docx,File Open,Sample content
FIL0001019,01/06/2026 14:09:30,USR0008,PC-USR0008-01,C:\Documents\work_doc_13.docx,File Open,Sample content
FIL0001020,01/06/2026 13:05:05,USR0008,PC-USR0008-01,C:\Documents\work_doc_19.docx,File Open,Sample content
FIL0001021,01/06/2026 09:36:13,USR0009,PC-USR0009-01,C:\Documents\work_doc_23.docx,File Open,Sample content
FIL0001022,01/06/2026 11:03:53,USR0009,PC-USR0009-01,C:\Documents\work_doc_8.docx,File Open,Sample content
FIL0001023,01/06/2026 15:50:12,USR0009,PC-USR0009-01,C:\Documents\work_doc_3.docx,File Open,Sample content
FIL0001024,01/06/2026 10:48:47,USR0009,PC-USR0009-01,C:\Documents\work_doc_21.docx,File Open,Sample content
FIL0001025,01/06/2026 16:41:40,USR0009,PC-USR0009-01,C:\Documents\work_doc_10.docx,File Open,Sample content
FIL0001026,01/06/2026 16:00:19,USR0010,PC-USR0010-01,C:\Documents\work_doc_2.docx,File Open,Sample content
FIL0001027,01/06/2026 16:06:16,USR0010,PC-USR0010-01,C:\Documents\work_doc_26.docx,File Open,Sample content
FIL0001028,01/06/2026 16:40:45,USR0010,PC-USR0010-01,C:\Documents\work_doc_7.docx,File Open,Sample content
FIL0001029,01/06/2026 13:46:31,USR0010,PC-USR0010-01,C:\Documents\work_doc_43.docx,File Open,Sample content
FIL0001030,01/06/2026 16:46:51,USR0010,PC-USR0010-01,C:\Documents\work_doc_45.docx,File Open,Sample content
FIL0001031,01/06/2026 12:18:07,USR0010,PC-USR0010-01,C:\Documents\work_doc_36.docx,File Open,Sample content
FIL0001032,01/06/2026 14:45:20,USR0010,PC-USR0010-01,C:\Documents\work_doc_37.docx,File Open,Sample content
FIL0001033,01/06/2026 14:02:33,USR0010,PC-USR0010-01,C:\Documents\work_doc_46.docx,File Open,Sample content
FIL0001034,01/06/2026 12:31:18,USR0010,PC-USR0010-01,C:\Documents\work_doc_24.docx,File Open,Sample content
FIL0001035,01/06/2026 15:02:07,USR0010,PC-USR0010-01,C:\Documents\work_doc_30.docx,File Open,Sample content
FIL0001036,01/06/2026 09:12:38,USR0010,PC-USR0010-01,C:\Documents\work_doc_25.docx,File Open,Sample content
FIL0001037,01/06/2026 10:01:04,USR0010,PC-USR0010-01,C:\Documents\work_doc_30.docx,File Open,Sample content
FIL0001038,01/06/2026 14:39:43,USR0010,PC-USR0010-01,C:\Documents\work_doc_2.docx,File Open,Sample content
FIL0001039,01/06/2026 09:48:06,USR0010,PC-USR0010-01,C:\Documents\work_doc_29.docx,File Open,Sample content
FIL0001040,01/06/2026 09:30:26,USR0011,PC-USR0011-01,C:\Documents\work_doc_42.docx,File Open,Sample content
FIL0001041,01/06/2026 16:44:53,USR0011,PC-USR0011-01,C:\Documents\work_doc_5.docx,File Open,Sample content
FIL0001042,01/06/2026 15:11:06,USR0011,PC-USR0011-01,C:\Documents\work_doc_32.docx,File Open,Sample content
FIL0001043,01/06/2026 11:02:18,USR0011,PC-USR0011-01,C:\Documents\work_doc_35.docx,File Open,Sample content
FIL0001044,01/06/2026 15:35:03,USR0011,PC-USR0011-01,C:\Documents\work_doc_43.docx,File Open,Sample content
FIL0001045,01/06/2026 13:06:32,USR0011,PC-USR0011-01,C:\Documents\work_doc_25.docx,File Open,Sample content
FIL0001046,01/06/2026 12:02:14,USR0011,PC-USR0011-01,C:\Documents\work_doc_43.docx,File Open,Sample content
FIL0001047,01/06/2026 11:24:54,USR0011,PC-USR0011-01,C:\Documents\work_doc_20.docx,File Open,Sample content
FIL0001048,01/06/2026 14:50:25,USR0011,PC-USR0011-01,C:\Documents\work_doc_17.docx,File Open,Sample content
FIL0001049,01/06/2026 15:29:19,USR0011,PC-USR0011-01,C:\Documents\work_doc_7.docx,File Open,Sample content
FIL0001050,01/06/2026 10:25:02,USR0011,PC-USR0011-01,C:\Documents\work_doc_21.docx,File Open,Sample content
FIL0001051,01/06/2026 12:38:43,USR0011,PC-USR0011-01,C:\Documents\work_doc_2.docx,File Open,Sample content
FIL0001052,01/06/2026 15:50:58,USR0011,PC-USR0011-01,C:\Documents\work_doc_17.docx,File Open,Sample content
FIL0001053,01/06/2026 09:36:46,USR0011,PC-USR0011-01,C:\Documents\work_doc_46.docx,File Open,Sample content
FIL0001054,01/06/2026 16:41:00,USR0011,PC-USR0011-01,C:\Documents\work_doc_15.docx,File Open,Sample content
FIL0001055,01/06/2026 13:08:21,USR0011,PC-USR0011-01,C:\Documents\work_doc_43.docx,File Open,Sample content
FIL0001056,01/06/2026 14:47:26,USR0012,PC-USR0012-01,C:\Documents\work_doc_1.docx,File Open,Sample content
FIL0001057,01/06/2026 15:24:46,USR0012,PC-USR0012-01,C:\Documents\work_doc_38.docx,File Open,Sample content
FIL0001058,01/06/2026 11:59:55,USR0012,PC-USR0012-01,C:\Documents\work_doc_42.docx,File Open,Sample content
FIL0001059,01/06/2026 15:04:13,USR0012,PC-USR0012-01,C:\Documents\work_doc_34.docx,File Open,Sample content
FIL0001060,01/06/2026 11:59:26,USR0012,PC-USR0012-01,C:\Documents\work_doc_36.docx,File Open,Sample content
FIL0001061,01/06/2026 16:02:39,USR0012,PC-USR0012-01,C:\Documents\work_doc_50.docx,File Open,Sample content
FIL0001062,01/06/2026 16:56:28,USR0012,PC-USR0012-01,C:\Documents\work_doc_30.docx,File Open,Sample content
FIL0001063,01/06/2026 16:38:23,USR0012,PC-USR0012-01,C:\Documents\work_doc_30.docx,File Open,Sample content
FIL0001064,01/06/2026 09:48:41,USR0012,PC-USR0012-01,C:\Documents\work_doc_14.docx,File Open,Sample content
FIL0001065,01/06/2026 15:09:24,USR0012,PC-USR0012-01,C:\Documents\work_doc_15.docx,File Open,Sample content
FIL0001066,01/06/2026 16:29:37,USR0012,PC-USR0012-01,C:\Documents\work_doc_12.docx,File Open,Sample content
FIL0001067,01/06/2026 16:04:42,USR0012,PC-USR0012-01,C:\Documents\work_doc_6.docx,File Open,Sample content
FIL0001068,01/06/2026 09:28:48,USR0012,PC-USR0012-01,C:\Documents\work_doc_16.docx,File Open,Sample content
FIL0001069,01/06/2026 14:07:08,USR0012,PC-USR0012-01,C:\Documents\work_doc_36.docx,File Open,Sample content
FIL0001070,01/06/2026 15:11:11,USR0012,PC-USR0012-01,C:\Documents\work_doc_43.docx,File Open,Sample content
FIL0001071,01/06/2026 09:26:34,USR0012,PC-USR0012-01,C:\Documents\work_doc_42.docx,File Open,Sample content
FIL0001072,01/06/2026 11:18:12,USR0012,PC-USR0012-01,C:\Documents\work_doc_11.docx,File Open,Sample content
FIL0001073,01/06/2026 12:44:04,USR0013,PC-USR0013-01,C:\Documents\work_doc_12.docx,File Open,Sample content
FIL0001074,01/06/2026 13:41:36,USR0013,PC-USR0013-01,C:\Documents\work_doc_31.docx,File Open,Sample content
FIL0001075,01/06/2026 16:15:48,USR0013,PC-USR0013-01,C:\Documents\work_doc_42.docx,File Open,Sample content
FIL0001076,01/06/2026 15:45:50,USR0013,PC-USR0013-01,C:\Documents\work_doc_30.docx,File Open,Sample content
FIL0001077,01/06/2026 16:10:56,USR0013,PC-USR0013-01,C:\Documents\work_doc_49.docx,File Open,Sample content
FIL0001078,01/06/2026 13:19:12,USR0013,PC-USR0013-01,C:\Documents\work_doc_41.docx,File Open,Sample content
FIL0001079,01/06/2026 13:12:40,USR0013,PC-USR0013-01,C:\Documents\work_doc_22.docx,File Open,Sample content
FIL0001080,01/06/2026 14:38:35,USR0014,PC-USR0014-01,C:\Documents\work_doc_43.docx,File Open,Sample content
FIL0001081,01/06/2026 15:32:51,USR0014,PC-USR0014-01,C:\Documents\work_doc_23.docx,File Open,Sample content
FIL0001082,01/06/2026 15:38:28,USR0014,PC-USR0014-01,C:\Documents\work_doc_30.docx,File Open,Sample content
FIL0001083,01/06/2026 10:19:12,USR0014,PC-USR0014-01,C:\Documents\work_doc_44.docx,File Open,Sample content
FIL0001084,01/06/2026 12:44:27,USR0014,PC-USR0014-01,C:\Documents\work_doc_2.docx,File Open,Sample content
FIL0001085,01/06/2026 09:47:48,USR0014,PC-USR0014-01,C:\Documents\work_doc_38.docx,File Open,Sample content
FIL0001086,01/06/2026 10:18:14,USR0015,PC-USR0015-01,C:\Documents\work_doc_21.docx,File Open,Sample content
FIL0001087,01/06/2026 11:39:19,USR0015,PC-USR0015-01,C:\Documents\work_doc_40.docx,File Open,Sample content
FIL0001088,01/06/2026 12:01:31,USR0015,PC-USR0015-01,C:\Documents\work_doc_45.docx,File Open,Sample content
FIL0001089,01/06/2026 13:06:28,USR0015,PC-USR0015-01,C:\Documents\work_doc_37.docx,File Open,Sample content
FIL0001090,01/06/2026 15:20:17,USR0015,PC-USR0015-01,C:\Documents\work_doc_27.docx,File Open,Sample content
FIL0001091,01/06/2026 15:54:21,USR0016,PC-USR0016-01,C:\Documents\work_doc_43.docx,File Open,Sample content
FIL0001092,01/06/2026 12:53:39,USR0016,PC-USR0016-01,C:\Documents\work_doc_10.docx,File Open,Sample content
FIL0001093,01/06/2026 16:42:51,USR0016,PC-USR0016-01,C:\Documents\work_doc_25.docx,File Open,Sample content
FIL0001094,01/06/2026 16:42:05,USR0016,PC-USR0016-01,C:\Documents\work_doc_17.docx,File Open,Sample content
FIL0001095,01/06/2026 10:59:15,USR0016,PC-USR0016-01,C:\Documents\work_doc_18.docx,File Open,Sample content
FIL0001096,01/06/2026 12:50:07,USR0016,PC-USR0016-01,C:\Documents\work_doc_49.docx,File Open,Sample content
FIL0001097,01/06/2026 16:58:38,USR0016,PC-USR0016-01,C:\Documents\work_doc_25.docx,File Open,Sample content
FIL0001098,01/06/2026 16:59:02,USR0016,PC-USR0016-01,C:\Documents\work_doc_28.docx,File Open,Sample content
FIL0001099,01/06/2026 09:23:23,USR0016,PC-USR0016-01,C:\Documents\work_doc_36.docx,File Open,Sample content
FIL0001100,01/06/2026 10:30:55,USR0016,PC-USR0016-01,C:\Documents\work_doc_15.docx,File Open,Sample content
FIL0001101,01/06/2026 14:29:38,USR0016,PC-USR0016-01,C:\Documents\work_doc_9.docx,File Open,Sample content
FIL0001102,01/06/2026 10:56:45,USR0016,PC-USR0016-01,C:\Documents\work_doc_8.docx,File Open,Sample content
FIL0001103,01/06/2026 15:08:21,USR0016,PC-USR0016-01,C:\Documents\work_doc_2.docx,File Open,Sample content
FIL0001104,01/06/2026 15:44:51,USR0016,PC-USR0016-01,C:\Documents\work_doc_38.docx,File Open,Sample content
FIL0001105,01/06/2026 12:59:56,USR0016,PC-USR0016-01,C:\Documents\work_doc_24.docx,File Open,Sample content
FIL0001106,01/06/2026 13:25:19,USR0016,PC-USR0016-01,C:\Documents\work_doc_26.docx,File Open,Sample content
FIL0001107,01/06/2026 10:02:56,USR0017,PC-USR0017-01,C:\Documents\work_doc_31.docx,File Open,Sample content
FIL0001108,01/06/2026 12:05:10,USR0017,PC-USR0017-01,C:\Documents\work_doc_41.docx,File Open,Sample content
FIL0001109,01/06/2026 16:14:45,USR0017,PC-USR0017-01,C:\Documents\work_doc_28.docx,File Open,Sample content
FIL0001110,01/06/2026 14:48:58,USR0017,PC-USR0017-01,C:\Documents\work_doc_19.docx,File Open,Sample content
FIL0001111,01/06/2026 14:09:11,USR0017,PC-USR0017-01,C:\Documents\work_doc_1.docx,File Open,Sample content
FIL0001112,01/06/2026 16:08:00,USR0017,PC-USR0017-01,C:\Documents\work_doc_5.docx,File Open,Sample content
FIL0001113,01/06/2026 16:54:01,USR0017,PC-USR0017-01,C:\Documents\work_doc_36.docx,File Open,Sample content
FIL0001114,01/06/2026 13:08:34,USR0017,PC-USR0017-01,C:\Documents\work_doc_31.docx,File Open,Sample content
FIL0001115,01/06/2026 13:53:43,USR0017,PC-USR0017-01,C:\Documents\work_doc_5.docx,File Open,Sample content
FIL0001116,01/06/2026 15:43:45,USR0017,PC-USR0017-01,C:\Documents\work_doc_11.docx,File Open,Sample content
FIL0001117,01/06/2026 12:45:45,USR0018,PC-USR0018-01,C:\Documents\work_doc_33.docx,File Open,Sample content
FIL0001118,01/06/2026 14:18:00,USR0018,PC-USR0018-01,C:\Documents\work_doc_16.docx,File Open,Sample content
FIL0001119,01/06/2026 12:26:37,USR0018,PC-USR0018-01,C:\Documents\work_doc_38.docx,File Open,Sample content
FIL0001120,01/06/2026 14:08:35,USR0018,PC-USR0018-01,C:\Documents\work_doc_22.docx,File Open,Sample content
FIL0001121,01/06/2026 09:46:11,USR0018,PC-USR0018-01,C:\Documents\work_doc_15.docx,File Open,Sample content
FIL0001122,01/06/2026 10:48:08,USR0018,PC-USR0018-01,C:\Documents\work_doc_44.docx,File Open,Sample content
FIL0001123,01/06/2026 15:20:12,USR0018,PC-USR0018-01,C:\Documents\work_doc_11.docx,File Open,Sample content
FIL0001124,01/06/2026 16:15:20,USR0018,PC-USR0018-01,C:\Documents\work_doc_45.docx,File Open,Sample content
FIL0001125,01/06/2026 14:51:07,USR0018,PC-USR0018-01,C:\Documents\work_doc_19.docx,File Open,Sample content
FIL0001126,01/06/2026 16:09:16,USR0018,PC-USR0018-01,C:\Documents\work_doc_39.docx,File Open,Sample content
FIL0001127,01/06/2026 09:12:08,USR0018,PC-USR0018-01,C:\Documents\work_doc_9.docx,File Open,Sample content
FIL0001128,01/06/2026 11:35:43,USR0019,PC-USR0019-01,C:\Documents\work_doc_24.docx,File Open,Sample content
FIL0001129,01/06/2026 12:23:43,USR0019,PC-USR0019-01,C:\Documents\work_doc_44.docx,File Open,Sample content
FIL0001130,01/06/2026 13:05:53,USR0019,PC-USR0019-01,C:\Documents\work_doc_26.docx,File Open,Sample content
FIL0001131,01/06/2026 09:05:36,USR0019,PC-USR0019-01,C:\Documents\work_doc_39.docx,File Open,Sample content
FIL0001132,01/06/2026 10:39:35,USR0019,PC-USR0019-01,C:\Documents\work_doc_44.docx,File Open,Sample content
FIL0001133,01/06/2026 13:35:01,USR0019,PC-USR0019-01,C:\Documents\work_doc_34.docx,File Open,Sample content
FIL0001134,01/06/2026 16:00:59,USR0019,PC-USR0019-01,C:\Documents\work_doc_45.docx,File Open,Sample content
FIL0001135,01/06/2026 10:30:00,USR0019,PC-USR0019-01,C:\Documents\work_doc_45.docx,File Open,Sample content
FIL0001136,01/06/2026 15:31:55,USR0019,PC-USR0019-01,C:\Documents\work_doc_7.docx,File Open,Sample content
FIL0001137,01/06/2026 14:10:02,USR0019,PC-USR0019-01,C:\Documents\work_doc_31.docx,File Open,Sample content
FIL0001138,01/06/2026 16:41:06,USR0019,PC-USR0019-01,C:\Documents\work_doc_47.docx,File Open,Sample content
FIL0001139,01/06/2026 09:30:52,USR0019,PC-USR0019-01,C:\Documents\work_doc_19.docx,File Open,Sample content
FIL0001140,01/06/2026 09:18:14,USR0019,PC-USR0019-01,C:\Documents\work_doc_15.docx,File Open,Sample content
FIL0001141,01/06/2026 15:37:02,USR0020,PC-USR0020-01,C:\Documents\work_doc_21.docx,File Open,Sample content
FIL0001142,01/06/2026 13:24:37,USR0020,PC-USR0020-01,C:\Documents\work_doc_46.docx,File Open,Sample content
FIL0001143,01/06/2026 13:11:34,USR0020,PC-USR0020-01,C:\Documents\work_doc_33.docx,File Open,Sample content
FIL0001144,01/06/2026 11:44:53,USR0020,PC-USR0020-01,C:\Documents\work_doc_35.docx,File Open,Sample content
FIL0001145,01/06/2026 13:28:56,USR0020,PC-USR0020-01,C:\Documents\work_doc_3.docx,File Open,Sample content
FIL0001146,01/06/2026 14:09:02,USR0020,PC-USR0020-01,C:\Documents\work_doc_16.docx,File Open,Sample content
FIL0001147,01/06/2026 10:42:14,USR0020,PC-USR0020-01,C:\Documents\work_doc_44.docx,File Open,Sample content
FIL0001148,01/06/2026 11:52:39,USR0020,PC-USR0020-01,C:\Documents\work_doc_35.docx,File Open,Sample content
FIL0001149,01/06/2026 16:05:50,USR0020,PC-USR0020-01,C:\Documents\work_doc_47.docx,File Open,Sample content
FIL0001150,01/06/2026 11:13:47,USR0020,PC-USR0020-01,C:\Documents\work_doc_11.docx,File Open,Sample content
FIL0001151,01/06/2026 09:13:55,USR0020,PC-USR0020-01,C:\Documents\work_doc_28.docx,File Open,Sample content
FIL0001152,01/06/2026 15:33:27,USR0020,PC-USR0020-01,C:\Documents\work_doc_19.docx,File Open,Sample content
FIL0001153,01/06/2026 11:50:28,USR0020,PC-USR0020-01,C:\Documents\work_doc_48.docx,File Open,Sample content
FIL0001154,01/06/2026 16:34:24,USR0020,PC-USR0020-01,C:\Documents\work_doc_9.docx,File Open,Sample content
FIL0001155,01/06/2026 15:34:44,USR0020,PC-USR0020-01,C:\Documents\work_doc_43.docx,File Open,Sample content
FIL0001156,01/06/2026 14:11:30,USR0020,PC-USR0020-01,C:\Documents\work_doc_10.docx,File Open,Sample content
FIL0001157,01/06/2026 16:47:24,USR0020,PC-USR0020-01,C:\Documents\work_doc_2.docx,File Open,Sample content
FIL0001158,01/06/2026 12:49:27,USR0021,PC-USR0021-01,C:\Documents\work_doc_15.docx,File Open,Sample content
FIL0001159,01/06/2026 13:41:53,USR0021,PC-USR0021-01,C:\Documents\work_doc_2.docx,File Open,Sample content
FIL0001160,01/06/2026 13:05:11,USR0021,PC-USR0021-01,C:\Documents\work_doc_46.docx,File Open,Sample content
FIL0001161,01/06/2026 10:52:35,USR0021,PC-USR0021-01,C:\Documents\work_doc_3.docx,File Open,Sample content
FIL0001162,01/06/2026 14:45:53,USR0021,PC-USR0021-01,C:\Documents\work_doc_43.docx,File Open,Sample content
FIL0001163,01/06/2026 11:22:30,USR0021,PC-USR0021-01,C:\Documents\work_doc_37.docx,File Open,Sample content
FIL0001164,01/06/2026 14:37:36,USR0021,PC-USR0021-01,C:\Documents\work_doc_4.docx,File Open,Sample content
FIL0001165,01/06/2026 09:18:59,USR0021,PC-USR0021-01,C:\Documents\work_doc_31.docx,File Open,Sample content
FIL0001166,01/06/2026 13:05:08,USR0021,PC-USR0021-01,C:\Documents\work_doc_42.docx,File Open,Sample content
FIL0001167,01/06/2026 12:57:09,USR0021,PC-USR0021-01,C:\Documents\work_doc_21.docx,File Open,Sample content
FIL0001168,01/06/2026 15:32:15,USR0022,PC-USR0022-01,C:\Documents\work_doc_25.docx,File Open,Sample content
FIL0001169,01/06/2026 13:59:54,USR0022,PC-USR0022-01,C:\Documents\work_doc_50.docx,File Open,Sample content
FIL0001170,01/06/2026 12:31:28,USR0022,PC-USR0022-01,C:\Documents\work_doc_6.docx,File Open,Sample content
FIL0001171,01/06/2026 13:51:01,USR0022,PC-USR0022-01,C:\Documents\work_doc_13.docx,File Open,Sample content
FIL0001172,01/06/2026 13:56:51,USR0022,PC-USR0022-01,C:\Documents\work_doc_44.docx,File Open,Sample content
FIL0001173,01/06/2026 13:40:43,USR0022,PC-USR0022-01,C:\Documents\work_doc_21.docx,File Open,Sample content
FIL0001174,01/06/2026 13:21:54,USR0022,PC-USR0022-01,C:\Documents\work_doc_37.docx,File Open,Sample content
FIL0001175,01/06/2026 14:43:26,USR0022,PC-USR0022-01,C:\Documents\work_doc_28.docx,File Open,Sample content
FIL0001176,01/06/2026 09:00:14,USR0022,PC-USR0022-01,C:\Documents\work_doc_1.docx,File Open,Sample content
FIL0001177,01/06/2026 10:05:38,USR0022,PC-USR0022-01,C:\Documents\work_doc_27.docx,File Open,Sample content
FIL0001178,01/06/2026 16:36:37,USR0023,PC-USR0023-01,C:\Documents\work_doc_4.docx,File Open,Sample content
FIL0001179,01/06/2026 15:42:25,USR0023,PC-USR0023-01,C:\Documents\work_doc_27.docx,File Open,Sample content
FIL0001180,01/06/2026 09:09:34,USR0023,PC-USR0023-01,C:\Documents\work_doc_28.docx,File Open,Sample content
FIL0001181,01/06/2026 14:58:46,USR0023,PC-USR0023-01,C:\Documents\work_doc_14.docx,File Open,Sample content
FIL0001182,01/06/2026 12:53:36,USR0023,PC-USR0023-01,C:\Documents\work_doc_42.docx,File Open,Sample content
FIL0001183,01/06/2026 14:29:04,USR0023,PC-USR0023-01,C:\Documents\work_doc_27.docx,File Open,Sample content
FIL0001184,01/06/2026 13:25:48,USR0023,PC-USR0023-01,C:\Documents\work_doc_43.docx,File Open,Sample content
FIL0001185,01/06/2026 11:06:49,USR0023,PC-USR0023-01,C:\Documents\work_doc_46.docx,File Open,Sample content
FIL0001186,01/06/2026 09:53:00,USR0023,PC-USR0023-01,C:\Documents\work_doc_13.docx,File Open,Sample content
FIL0001187,01/06/2026 16:00:53,USR0023,PC-USR0023-01,C:\Documents\work_doc_49.docx,File Open,Sample content
FIL0001188,01/06/2026 09:28:02,USR0023,PC-USR0023-01,C:\Documents\work_doc_16.docx,File Open,Sample content
FIL0001189,01/06/2026 16:33:49,USR0023,PC-USR0023-01,C:\Documents\work_doc_4.docx,File Open,Sample content
FIL0001190,01/06/2026 15:58:45,USR0023,PC-USR0023-01,C:\Documents\work_doc_46.docx,File Open,Sample content
FIL0001191,01/06/2026 15:48:51,USR0023,PC-USR0023-01,C:\Documents\work_doc_38.docx,File Open,Sample content
FIL0001192,01/06/2026 12:10:02,USR0023,PC-USR0023-01,C:\Documents\work_doc_32.docx,File Open,Sample content
FIL0001193,01/06/2026 09:36:56,USR0023,PC-USR0023-01,C:\Documents\work_doc_33.docx,File Open,Sample content
FIL0001194,01/06/2026 12:17:32,USR0023,PC-USR0023-01,C:\Documents\work_doc_18.docx,File Open,Sample content
FIL0001195,01/06/2026 15:16:28,USR0024,PC-USR0024-01,C:\Documents\work_doc_18.docx,File Open,Sample content
FIL0001196,01/06/2026 16:27:47,USR0024,PC-USR0024-01,C:\Documents\work_doc_38.docx,File Open,Sample content
FIL0001197,01/06/2026 10:42:47,USR0024,PC-USR0024-01,C:\Documents\work_doc_6.docx,File Open,Sample content
FIL0001198,01/06/2026 15:05:11,USR0024,PC-USR0024-01,C:\Documents\work_doc_12.docx,File Open,Sample content
FIL0001199,01/06/2026 10:51:21,USR0024,PC-USR0024-01,C:\Documents\work_doc_3.docx,File Open,Sample content
FIL0001200,01/06/2026 12:46:36,USR0024,PC-USR0024-01,C:\Documents\work_doc_44.docx,File Open,Sample content
FIL0001201,01/06/2026 15:44:20,USR0024,PC-USR0024-01,C:\Documents\work_doc_23.docx,File Open,Sample content
FIL0001202,01/06/2026 15:45:32,USR0024,PC-USR0024-01,C:\Documents\work_doc_46.docx,File Open,Sample content
FIL0001203,01/06/2026 10:40:36,USR0024,PC-USR0024-01,C:\Documents\work_doc_41.docx,File Open,Sample content
FIL0001204,01/06/2026 09:02:50,USR0024,PC-USR0024-01,C:\Documents\work_doc_20.docx,File Open,Sample content
FIL0001205,01/06/2026 10:20:33,USR0024,PC-USR0024-01,C:\Documents\work_doc_39.docx,File Open,Sample content
FIL0001206,01/06/2026 12:13:13,USR0024,PC-USR0024-01,C:\Documents\work_doc_24.docx,File Open,Sample content
FIL0001207,01/06/2026 11:54:34,USR0024,PC-USR0024-01,C:\Documents\work_doc_27.docx,File Open,Sample content
FIL0001208,01/06/2026 15:00:06,USR0024,PC-USR0024-01,C:\Documents\work_doc_15.docx,File Open,Sample content
FIL0001209,01/06/2026 14:20:47,USR0024,PC-USR0024-01,C:\Documents\work_doc_1.docx,File Open,Sample content
FIL0001210,01/06/2026 09:10:37,USR0024,PC-USR0024-01,C:\Documents\work_doc_22.docx,File Open,Sample content
FIL0001211,01/06/2026 16:12:50,USR0024,PC-USR0024-01,C:\Documents\work_doc_34.docx,File Open,Sample content
FIL0001212,01/06/2026 09:06:56,USR0024,PC-USR0024-01,C:\Documents\work_doc_2.docx,File Open,Sample content
FIL0001213,01/06/2026 10:11:54,USR0024,PC-USR0024-01,C:\Documents\work_doc_19.docx,File Open,Sample content
FIL0001214,01/06/2026 14:54:29,USR0024,PC-USR0024-01,C:\Documents\work_doc_7.docx,File Open,Sample content
FIL0001215,01/06/2026 12:47:48,USR0025,PC-USR0025-01,C:\Documents\work_doc_32.docx,File Open,Sample content
FIL0001216,01/06/2026 11:20:19,USR0025,PC-USR0025-01,C:\Documents\work_doc_19.docx,File Open,Sample content
FIL0001217,01/06/2026 11:08:40,USR0025,PC-USR0025-01,C:\Documents\work_doc_21.docx,File Open,Sample content
FIL0001218,01/06/2026 12:20:07,USR0025,PC-USR0025-01,C:\Documents\work_doc_5.docx,File Open,Sample content
FIL0001219,01/06/2026 16:33:43,USR0025,PC-USR0025-01,C:\Documents\work_doc_36.docx,File Open,Sample content
FIL0001220,01/06/2026 11:35:01,USR0025,PC-USR0025-01,C:\Documents\work_doc_22.docx,File Open,Sample content
FIL0001221,01/06/2026 09:15:16,USR0025,PC-USR0025-01,C:\Documents\work_doc_22.docx,File Open,Sample content
FIL0001222,01/06/2026 14:14:35,USR0025,PC-USR0025-01,C:\Documents\work_doc_48.docx,File Open,Sample content
FIL0001223,01/06/2026 11:32:30,USR0025,PC-USR0025-01,C:\Documents\work_doc_11.docx,File Open,Sample content
FIL0001224,01/07/2026 10:37:53,AAE0190,PC-AAE0190-01,C:\Documents\work_doc_14.docx,File Open,Sample content
FIL0001225,01/07/2026 15:55:34,AAE0190,PC-AAE0190-01,C:\Documents\work_doc_11.docx,File Open,Sample content
FIL0001226,01/07/2026 16:35:50,AAE0190,PC-AAE0190-01,C:\Documents\work_doc_17.docx,File Open,Sample content
FIL0001227,01/07/2026 16:08:27,AAE0190,PC-AAE0190-01,C:\Documents\work_doc_17.docx,File Open,Sample content
FIL0001228,01/07/2026 12:38:13,AAE0190,PC-AAE0190-01,C:\Documents\work_doc_13.docx,File Open,Sample content
FIL0001229,01/07/2026 09:58:19,AAE0190,PC-AAE0190-01,C:\Documents\work_doc_47.docx,File Open,Sample content
FIL0001230,01/07/2026 14:41:37,AAE0190,PC-AAE0190-01,C:\Documents\work_doc_28.docx,File Open,Sample content
FIL0001231,01/07/2026 11:42:48,AAE0190,PC-AAE0190-01,C:\Documents\work_doc_3.docx,File Open,Sample content
FIL0001232,01/07/2026 15:25:42,AAE0190,PC-AAE0190-01,C:\Documents\work_doc_26.docx,File Open,Sample content
FIL0001233,01/07/2026 10:02:59,USR0002,PC-USR0002-01,C:\Documents\work_doc_49.docx,File Open,Sample content
FIL0001234,01/07/2026 14:43:38,USR0002,PC-USR0002-01,C:\Documents\work_doc_31.docx,File Open,Sample content
FIL0001235,01/07/2026 12:22:32,USR0002,PC-USR0002-01,C:\Documents\work_doc_25.docx,File Open,Sample content
FIL0001236,01/07/2026 16:55:53,USR0002,PC-USR0002-01,C:\Documents\work_doc_38.docx,File Open,Sample content
FIL0001237,01/07/2026 13:53:13,USR0002,PC-USR0002-01,C:\Documents\work_doc_45.docx,File Open,Sample content
FIL0001238,01/07/2026 12:54:26,USR0002,PC-USR0002-01,C:\Documents\work_doc_18.docx,File Open,Sample content
FIL0001239,01/07/2026 13:56:31,USR0002,PC-USR0002-01,C:\Documents\work_doc_4.docx,File Open,Sample content
FIL0001240,01/07/2026 11:24:12,USR0002,PC-USR0002-01,C:\Documents\work_doc_10.docx,File Open,Sample content
FIL0001241,01/07/2026 16:25:53,USR0002,PC-USR0002-01,C:\Documents\work_doc_32.docx,File Open,Sample content
FIL0001242,01/07/2026 15:56:51,USR0002,PC-USR0002-01,C:\Documents\work_doc_49.docx,File Open,Sample content
FIL0001243,01/07/2026 14:38:25,USR0002,PC-USR0002-01,C:\Documents\work_doc_17.docx,File Open,Sample content
FIL0001244,01/07/2026 14:33:28,USR0002,PC-USR0002-01,C:\Documents\work_doc_42.docx,File Open,Sample content
FIL0001245,01/07/2026 15:24:39,USR0002,PC-USR0002-01,C:\Documents\work_doc_17.docx,File Open,Sample content
FIL0001246,01/07/2026 13:28:47,USR0002,PC-USR0002-01,C:\Documents\work_doc_6.docx,File Open,Sample content
FIL0001247,01/07/2026 14:22:53,USR0002,PC-USR0002-01,C:\Documents\work_doc_41.docx,File Open,Sample content
FIL0001248,01/07/2026 12:17:54,USR0002,PC-USR0002-01,C:\Documents\work_doc_29.docx,File Open,Sample content
FIL0001249,01/07/2026 13:55:20,USR0002,PC-USR0002-01,C:\Documents\work_doc_42.docx,File Open,Sample content
FIL0001250,01/07/2026 09:45:40,USR0002,PC-USR0002-01,C:\Documents\work_doc_9.docx,File Open,Sample content
FIL0001251,01/07/2026 11:43:29,USR0003,PC-USR0003-01,C:\Documents\work_doc_14.docx,File Open,Sample content
FIL0001252,01/07/2026 11:01:07,USR0003,PC-USR0003-01,C:\Documents\work_doc_10.docx,File Open,Sample content
FIL0001253,01/07/2026 14:13:05,USR0003,PC-USR0003-01,C:\Documents\work_doc_36.docx,File Open,Sample content
FIL0001254,01/07/2026 14:00:01,USR0003,PC-USR0003-01,C:\Documents\work_doc_19.docx,File Open,Sample content
FIL0001255,01/07/2026 11:12:05,USR0003,PC-USR0003-01,C:\Documents\work_doc_43.docx,File Open,Sample content
FIL0001256,01/07/2026 11:44:02,USR0003,PC-USR0003-01,C:\Documents\work_doc_49.docx,File Open,Sample content
FIL0001257,01/07/2026 15:26:42,USR0004,PC-USR0004-01,C:\Documents\work_doc_34.docx,File Open,Sample content
FIL0001258,01/07/2026 10:57:07,USR0004,PC-USR0004-01,C:\Documents\work_doc_43.docx,File Open,Sample content
FIL0001259,01/07/2026 11:53:08,USR0004,PC-USR0004-01,C:\Documents\work_doc_37.docx,File Open,Sample content
FIL0001260,01/07/2026 11:15:42,USR0004,PC-USR0004-01,C:\Documents\work_doc_50.docx,File Open,Sample content
FIL0001261,01/07/2026 11:17:24,USR0004,PC-USR0004-01,C:\Documents\work_doc_36.docx,File Open,Sample content
FIL0001262,01/07/2026 16:08:11,USR0004,PC-USR0004-01,C:\Documents\work_doc_4.docx,File Open,Sample content
FIL0001263,01/07/2026 12:29:13,USR0004,PC-USR0004-01,C:\Documents\work_doc_15.docx,File Open,Sample content
FIL0001264,01/07/2026 16:45:35,USR0004,PC-USR0004-01,C:\Documents\work_doc_50.docx,File Open,Sample content
FIL0001265,01/07/2026 13:03:24,USR0004,PC-USR0004-01,C:\Documents\work_doc_44.docx,File Open,Sample content
FIL0001266,01/07/2026 10:13:32,USR0004,PC-USR0004-01,C:\Documents\work_doc_27.docx,File Open,Sample content
FIL0001267,01/07/2026 16:58:19,USR0004,PC-USR0004-01,C:\Documents\work_doc_46.docx,File Open,Sample content
FIL0001268,01/07/2026 14:31:32,USR0004,PC-USR0004-01,C:\Documents\work_doc_16.docx,File Open,Sample content
FIL0001269,01/07/2026 09:59:16,USR0004,PC-USR0004-01,C:\Documents\work_doc_22.docx,File Open,Sample content
FIL0001270,01/07/2026 14:37:24,USR0004,PC-USR0004-01,C:\Documents\work_doc_44.docx,File Open,Sample content
FIL0001271,01/07/2026 14:43:49,USR0004,PC-USR0004-01,C:\Documents\work_doc_29.docx,File Open,Sample content
FIL0001272,01/07/2026 15:41:52,USR0004,PC-USR0004-01,C:\Documents\work_doc_43.docx,File Open,Sample content
FIL0001273,01/07/2026 14:52:51,USR0004,PC-USR0004-01,C:\Documents\work_doc_30.docx,File Open,Sample content
FIL0001274,01/07/2026 09:38:56,USR0005,PC-USR0005-01,C:\Documents\work_doc_15.docx,File Open,Sample content
FIL0001275,01/07/2026 15:53:00,USR0005,PC-USR0005-01,C:\Documents\work_doc_38.docx,File Open,Sample content
FIL0001276,01/07/2026 10:37:17,USR0005,PC-USR0005-01,C:\Documents\work_doc_37.docx,File Open,Sample content
FIL0001277,01/07/2026 09:52:35,USR0005,PC-USR0005-01,C:\Documents\work_doc_5.docx,File Open,Sample content
FIL0001278,01/07/2026 16:03:03,USR0005,PC-USR0005-01,C:\Documents\work_doc_13.docx,File Open,Sample content
FIL0001279,01/07/2026 11:31:44,USR0005,PC-USR0005-01,C:\Documents\work_doc_26.docx,File Open,Sample content
FIL0001280,01/07/2026 11:33:01,USR0005,PC-USR0005-01,C:\Documents\work_doc_23.docx,File Open,Sample content
FIL0001281,01/07/2026 16:29:52,USR0005,PC-USR0005-01,C:\Documents\work_doc_32.docx,File Open,Sample content
FIL0001282,01/07/2026 10:18:07,USR0006,PC-USR0006-01,C:\Documents\work_doc_19.docx,File Open,Sample content
FIL0001283,01/07/2026 09:48:05,USR0006,PC-USR0006-01,C:\Documents\work_doc_14.docx,File Open,Sample content
FIL0001284,01/07/2026 14:44:45,USR0006,PC-USR0006-01,C:\Documents\work_doc_26.docx,File Open,Sample content
FIL0001285,01/07/2026 12:37:07,USR0006,PC-USR0006-01,C:\Documents\work_doc_19.docx,File Open,Sample content
FIL0001286,01/07/2026 11:26:20,USR0006,PC-USR0006-01,C:\Documents\work_doc_10.docx,File Open,Sample content
FIL0001287,01/07/2026 09:57:07,USR0006,PC-USR0006-01,C:\Documents\work_doc_11.docx,File Open,Sample content
FIL0001288,01/07/2026 09:06:28,USR0006,PC-USR0006-01,C:\Documents\work_doc_20.docx,File Open,Sample content
FIL0001289,01/07/2026 09:09:03,USR0006,PC-USR0006-01,C:\Documents\work_doc_40.docx,File Open,Sample content
FIL0001290,01/07/2026 13:44:19,USR0006,PC-USR0006-01,C:\Documents\work_doc_28.docx,File Open,Sample content
FIL0001291,01/07/2026 15:25:23,USR0006,PC-USR0006-01,C:\Documents\work_doc_40.docx,File Open,Sample content
FIL0001292,01/07/2026 13:34:04,USR0006,PC-USR0006-01,C:\Documents\work_doc_45.docx,File Open,Sample content
FIL0001293,01/07/2026 11:29:11,USR0006,PC-USR0006-01,C:\Documents\work_doc_39.docx,File Open,Sample content
FIL0001294,01/07/2026 10:15:42,USR0006,PC-USR0006-01,C:\Documents\work_doc_25.docx,File Open,Sample content
FIL0001295,01/07/2026 10:45:33,USR0007,PC-USR0007-01,C:\Documents\work_doc_49.docx,File Open,Sample content
FIL0001296,01/07/2026 16:45:35,USR0007,PC-USR0007-01,C:\Documents\work_doc_30.docx,File Open,Sample content
FIL0001297,01/07/2026 16:27:30,USR0007,PC-USR0007-01,C:\Documents\work_doc_48.docx,File Open,Sample content
FIL0001298,01/07/2026 16:58:23,USR0007,PC-USR0007-01,C:\Documents\work_doc_5.docx,File Open,Sample content
FIL0001299,01/07/2026 12:32:30,USR0007,PC-USR0007-01,C:\Documents\work_doc_30.docx,File Open,Sample content
FIL0001300,01/07/2026 10:08:50,USR0007,PC-USR0007-01,C:\Documents\work_doc_14.docx,File Open,Sample content
FIL0001301,01/07/2026 10:34:36,USR0007,PC-USR0007-01,C:\Documents\work_doc_15.docx,File Open,Sample content
FIL0001302,01/07/2026 16:41:40,USR0007,PC-USR0007-01,C:\Documents\work_doc_11.docx,File Open,Sample content
FIL0001303,01/07/2026 09:17:32,USR0007,PC-USR0007-01,C:\Documents\work_doc_31.docx,File Open,Sample content
FIL0001304,01/07/2026 12:02:17,USR0007,PC-USR0007-01,C:\Documents\work_doc_24.docx,File Open,Sample content
FIL0001305,01/07/2026 10:37:16,USR0007,PC-USR0007-01,C:\Documents\work_doc_21.docx,File Open,Sample content
FIL0001306,01/07/2026 14:47:32,USR0007,PC-USR0007-01,C:\Documents\work_doc_27.docx,File Open,Sample content
FIL0001307,01/07/2026 10:41:47,USR0007,PC-USR0007-01,C:\Documents\work_doc_30.docx,File Open,Sample content
FIL0001308,01/07/2026 12:17:07,USR0007,PC-USR0007-01,C:\Documents\work_doc_35.docx,File Open,Sample content
FIL0001309,01/07/2026 09:31:37,USR0007,PC-USR0007-01,C:\Documents\work_doc_43.docx,File Open,Sample content
FIL0001310,01/07/2026 15:49:19,USR0007,PC-USR0007-01,C:\Documents\work_doc_47.docx,File Open,Sample content
FIL0001311,01/07/2026 09:15:40,USR0007,PC-USR0007-01,C:\Documents\work_doc_41.docx,File Open,Sample content
FIL0001312,01/07/2026 11:01:24,USR0008,PC-USR0008-01,C:\Documents\work_doc_1.docx,File Open,Sample content
FIL0001313,01/07/2026 16:06:15,USR0008,PC-USR0008-01,C:\Documents\work_doc_48.docx,File Open,Sample content
FIL0001314,01/07/2026 15:41:37,USR0008,PC-USR0008-01,C:\Documents\work_doc_14.docx,File Open,Sample content
FIL0001315,01/07/2026 09:50:02,USR0008,PC-USR0008-01,C:\Documents\work_doc_24.docx,File Open,Sample content
FIL0001316,01/07/2026 11:11:04,USR0008,PC-USR0008-01,C:\Documents\work_doc_44.docx,File Open,Sample content
FIL0001317,01/07/2026 14:03:57,USR0009,PC-USR0009-01,C:\Documents\work_doc_50.docx,File Open,Sample content
FIL0001318,01/07/2026 11:43:44,USR0009,PC-USR0009-01,C:\Documents\work_doc_30.docx,File Open,Sample content
FIL0001319,01/07/2026 14:38:40,USR0009,PC-USR0009-01,C:\Documents\work_doc_45.docx,File Open,Sample content
FIL0001320,01/07/2026 09:33:09,USR0009,PC-USR0009-01,C:\Documents\work_doc_27.docx,File Open,Sample content
FIL0001321,01/07/2026 09:00:38,USR0009,PC-USR0009-01,C:\Documents\work_doc_4.docx,File Open,Sample content
FIL0001322,01/07/2026 16:09:11,USR0009,PC-USR0009-01,C:\Documents\work_doc_2.docx,File Open,Sample content
FIL0001323,01/07/2026 16:05:55,USR0009,PC-USR0009-01,C:\Documents\work_doc_11.docx,File Open,Sample content
FIL0001324,01/07/2026 10:33:37,USR0009,PC-USR0009-01,C:\Documents\work_doc_49.docx,File Open,Sample content
FIL0001325,01/07/2026 13:22:11,USR0009,PC-USR0009-01,C:\Documents\work_doc_16.docx,File Open,Sample content
FIL0001326,01/07/2026 14:36:26,USR0009,PC-USR0009-01,C:\Documents\work_doc_50.docx,File Open,Sample content
FIL0001327,01/07/2026 09:08:15,USR0009,PC-USR0009-01,C:\Documents\work_doc_14.docx,File Open,Sample content
FIL0001328,01/07/2026 10:52:20,USR0009,PC-USR0009-01,C:\Documents\work_doc_40.docx,File Open,Sample content
FIL0001329,01/07/2026 16:22:07,USR0009,PC-USR0009-01,C:\Documents\work_doc_30.docx,File Open,Sample content
FIL0001330,01/07/2026 14:28:50,USR0009,PC-USR0009-01,C:\Documents\work_doc_40.docx,File Open,Sample content
FIL0001331,01/07/2026 14:58:31,USR0010,PC-USR0010-01,C:\Documents\work_doc_35.docx,File Open,Sample content
FIL0001332,01/07/2026 12:26:41,USR0010,PC-USR0010-01,C:\Documents\work_doc_39.docx,File Open,Sample content
FIL0001333,01/07/2026 09:44:13,USR0010,PC-USR0010-01,C:\Documents\work_doc_2.docx,File Open,Sample content
FIL0001334,01/07/2026 12:57:58,USR0010,PC-USR0010-01,C:\Documents\work_doc_18.docx,File Open,Sample content
FIL0001335,01/07/2026 10:52:58,USR0010,PC-USR0010-01,C:\Documents\work_doc_16.docx,File Open,Sample content
FIL0001336,01/07/2026 15:26:13,USR0011,PC-USR0011-01,C:\Documents\work_doc_41.docx,File Open,Sample content
FIL0001337,01/07/2026 12:38:13,USR0011,PC-USR0011-01,C:\Documents\work_doc_44.docx,File Open,Sample content
FIL0001338,01/07/2026 14:02:33,USR0011,PC-USR0011-01,C:\Documents\work_doc_10.docx,File Open,Sample content
FIL0001339,01/07/2026 13:12:46,USR0011,PC-USR0011-01,C:\Documents\work_doc_9.docx,File Open,Sample content
FIL0001340,01/07/2026 15:08:20,USR0011,PC-USR0011-01,C:\Documents\work_doc_16.docx,File Open,Sample content
FIL0001341,01/07/2026 10:17:00,USR0011,PC-USR0011-01,C:\Documents\work_doc_16.docx,File Open,Sample content
FIL0001342,01/07/2026 09:41:31,USR0011,PC-USR0011-01,C:\Documents\work_doc_21.docx,File Open,Sample content
FIL0001343,01/07/2026 14:54:38,USR0011,PC-USR0011-01,C:\Documents\work_doc_49.docx,File Open,Sample content
FIL0001344,01/07/2026 13:04:43,USR0011,PC-USR0011-01,C:\Documents\work_doc_18.docx,File Open,Sample content
FIL0001345,01/07/2026 11:03:09,USR0011,PC-USR0011-01,C:\Documents\work_doc_19.docx,File Open,Sample content
FIL0001346,01/07/2026 13:12:48,USR0011,PC-USR0011-01,C:\Documents\work_doc_23.docx,File Open,Sample content
FIL0001347,01/07/2026 09:31:17,USR0011,PC-USR0011-01,C:\Documents\work_doc_24.docx,File Open,Sample content
FIL0001348,01/07/2026 09:48:47,USR0011,PC-USR0011-01,C:\Documents\work_doc_39.docx,File Open,Sample content
FIL0001349,01/07/2026 12:47:55,USR0011,PC-USR0011-01,C:\Documents\work_doc_16.docx,File Open,Sample content
FIL0001350,01/07/2026 11:32:03,USR0011,PC-USR0011-01,C:\Documents\work_doc_38.docx,File Open,Sample content
FIL0001351,01/07/2026 16:26:37,USR0012,PC-USR0012-01,C:\Documents\work_doc_5.docx,File Open,Sample content
FIL0001352,01/07/2026 11:41:53,USR0012,PC-USR0012-01,C:\Documents\work_doc_14.docx,File Open,Sample content
FIL0001353,01/07/2026 16:31:38,USR0012,PC-USR0012-01,C:\Documents\work_doc_16.docx,File Open,Sample content
FIL0001354,01/07/2026 09:05:49,USR0012,PC-USR0012-01,C:\Documents\work_doc_44.docx,File Open,Sample content
FIL0001355,01/07/2026 11:10:59,USR0012,PC-USR0012-01,C:\Documents\work_doc_2.docx,File Open,Sample content
FIL0001356,01/07/2026 10:24:13,USR0012,PC-USR0012-01,C:\Documents\work_doc_7.docx,File Open,Sample content
FIL0001357,01/07/2026 14:11:01,USR0012,PC-USR0012-01,C:\Documents\work_doc_1.docx,File Open,Sample content
FIL0001358,01/07/2026 11:15:37,USR0012,PC-USR0012-01,C:\Documents\work_doc_7.docx,File Open,Sample content
FIL0001359,01/07/2026 14:09:13,USR0012,PC-USR0012-01,C:\Documents\work_doc_5.docx,File Open,Sample content
FIL0001360,01/07/2026 12:15:52,USR0012,PC-USR0012-01,C:\Documents\work_doc_26.docx,File Open,Sample content
FIL0001361,01/07/2026 12:43:04,USR0012,PC-USR0012-01,C:\Documents\work_doc_19.docx,File Open,Sample content
FIL0001362,01/07/2026 09:37:35,USR0012,PC-USR0012-01,C:\Documents\work_doc_12.docx,File Open,Sample content
FIL0001363,01/07/2026 10:10:31,USR0012,PC-USR0012-01,C:\Documents\work_doc_3.docx,File Open,Sample content
FIL0001364,01/07/2026 13:52:58,USR0013,PC-USR0013-01,C:\Documents\work_doc_22.docx,File Open,Sample content
FIL0001365,01/07/2026 15:31:50,USR0013,PC-USR0013-01,C:\Documents\work_doc_45.docx,File Open,Sample content
FIL0001366,01/07/2026 15:29:28,USR0013,PC-USR0013-01,C:\Documents\work_doc_27.docx,File Open,Sample content
FIL0001367,01/07/2026 10:37:55,USR0013,PC-USR0013-01,C:\Documents\work_doc_22.docx,File Open,Sample content
FIL0001368,01/07/2026 11:17:36,USR0013,PC-USR0013-01,C:\Documents\work_doc_26.docx,File Open,Sample content
FIL0001369,01/07/2026 09:06:30,USR0013,PC-USR0013-01,C:\Documents\work_doc_3.docx,File Open,Sample content
FIL0001370,01/07/2026 11:50:06,USR0013,PC-USR0013-01,C:\Documents\work_doc_29.docx,File Open,Sample content
FIL0001371,01/07/2026 15:19:21,USR0013,PC-USR0013-01,C:\Documents\work_doc_5.docx,File Open,Sample content
FIL0001372,01/07/2026 09:54:39,USR0014,PC-USR0014-01,C:\Documents\work_doc_27.docx,File Open,Sample content
FIL0001373,01/07/2026 12:22:19,USR0014,PC-USR0014-01,C:\Documents\work_doc_44.docx,File Open,Sample content
FIL0001374,01/07/2026 16:58:58,USR0014,PC-USR0014-01,C:\Documents\work_doc_26.docx,File Open,Sample content
FIL0001375,01/07/2026 09:58:31,USR0014,PC-USR0014-01,C:\Documents\work_doc_21.docx,File Open,Sample content
FIL0001376,01/07/2026 10:51:10,USR0014,PC-USR0014-01,C:\Documents\work_doc_6.docx,File Open,Sample content
FIL0001377,01/07/2026 09:05:32,USR0014,PC-USR0014-01,C:\Documents\work_doc_19.docx,File Open,Sample content
FIL0001378,01/07/2026 11:24:10,USR0014,PC-USR0014-01,C:\Documents\work_doc_43.docx,File Open,Sample content
FIL0001379,01/07/2026 11:24:19,USR0014,PC-USR0014-01,C:\Documents\work_doc_42.docx,File Open,Sample content
FIL0001380,01/07/2026 13:58:06,USR0014,PC-USR0014-01,C:\Documents\work_doc_34.docx,File Open,Sample content
FIL0001381,01/07/2026 09:56:50,USR0014,PC-USR0014-01,C:\Documents\work_doc_9.docx,File Open,Sample content
FIL0001382,01/07/2026 13:22:37,USR0014,PC-USR0014-01,C:\Documents\work_doc_19.docx,File Open,Sample content
FIL0001383,01/07/2026 09:32:22,USR0014,PC-USR0014-01,C:\Documents\work_doc_39.docx,File Open,Sample content
FIL0001384,01/07/2026 12:20:25,USR0014,PC-USR0014-01,C:\Documents\work_doc_24.docx,File Open,Sample content
FIL0001385,01/07/2026 12:21:10,USR0014,PC-USR0014-01,C:\Documents\work_doc_18.docx,File Open,Sample content
FIL0001386,01/07/2026 12:30:49,USR0014,PC-USR0014-01,C:\Documents\work_doc_30.docx,File Open,Sample content
FIL0001387,01/07/2026 14:02:52,USR0014,PC-USR0014-01,C:\Documents\work_doc_29.docx,File Open,Sample content
FIL0001388,01/07/2026 15:58:43,USR0014,PC-USR0014-01,C:\Documents\work_doc_24.docx,File Open,Sample content
FIL0001389,01/07/2026 14:29:57,USR0014,PC-USR0014-01,C:\Documents\work_doc_15.docx,File Open,Sample content
FIL0001390,01/07/2026 11:23:25,USR0015,PC-USR0015-01,C:\Documents\work_doc_39.docx,File Open,Sample content
FIL0001391,01/07/2026 15:04:37,USR0015,PC-USR0015-01,C:\Documents\work_doc_9.docx,File Open,Sample content
FIL0001392,01/07/2026 10:09:41,USR0015,PC-USR0015-01,C:\Documents\work_doc_46.docx,File Open,Sample content
FIL0001393,01/07/2026 15:57:36,USR0015,PC-USR0015-01,C:\Documents\work_doc_29.docx,File Open,Sample content
FIL0001394,01/07/2026 13:35:53,USR0015,PC-USR0015-01,C:\Documents\work_doc_49.docx,File Open,Sample content
FIL0001395,01/07/2026 15:37:31,USR0015,PC-USR0015-01,C:\Documents\work_doc_36.docx,File Open,Sample content
FIL0001396,01/07/2026 13:33:30,USR0015,PC-USR0015-01,C:\Documents\work_doc_37.docx,File Open,Sample content
FIL0001397,01/07/2026 09:56:59,USR0016,PC-USR0016-01,C:\Documents\work_doc_3.docx,File Open,Sample content
FIL0001398,01/07/2026 16:13:33,USR0016,PC-USR0016-01,C:\Documents\work_doc_33.docx,File Open,Sample content
FIL0001399,01/07/2026 14:16:25,USR0016,PC-USR0016-01,C:\Documents\work_doc_29.docx,File Open,Sample content
FIL0001400,01/07/2026 12:40:19,USR0016,PC-USR0016-01,C:\Documents\work_doc_47.docx,File Open,Sample content
FIL0001401,01/07/2026 16:18:15,USR0016,PC-USR0016-01,C:\Documents\work_doc_26.docx,File Open,Sample content
FIL0001402,01/07/2026 12:52:36,USR0016,PC-USR0016-01,C:\Documents\work_doc_41.docx,File Open,Sample content
FIL0001403,01/07/2026 09:35:38,USR0016,PC-USR0016-01,C:\Documents\work_doc_18.docx,File Open,Sample content
FIL0001404,01/07/2026 12:19:39,USR0017,PC-USR0017-01,C:\Documents\work_doc_24.docx,File Open,Sample content
FIL0001405,01/07/2026 11:17:49,USR0017,PC-USR0017-01,C:\Documents\work_doc_21.docx,File Open,Sample content
FIL0001406,01/07/2026 16:03:21,USR0017,PC-USR0017-01,C:\Documents\work_doc_5.docx,File Open,Sample content
FIL0001407,01/07/2026 14:55:56,USR0017,PC-USR0017-01,C:\Documents\work_doc_22.docx,File Open,Sample content
FIL0001408,01/07/2026 16:54:33,USR0017,PC-USR0017-01,C:\Documents\work_doc_41.docx,File Open,Sample content
FIL0001409,01/07/2026 11:25:12,USR0017,PC-USR0017-01,C:\Documents\work_doc_35.docx,File Open,Sample content
FIL0001410,01/07/2026 09:52:40,USR0017,PC-USR0017-01,C:\Documents\work_doc_13.docx,File Open,Sample content
FIL0001411,01/07/2026 11:17:43,USR0017,PC-USR0017-01,C:\Documents\work_doc_48.docx,File Open,Sample content
FIL0001412,01/07/2026 11:29:05,USR0017,PC-USR0017-01,C:\Documents\work_doc_25.docx,File Open,Sample content
FIL0001413,01/07/2026 16:04:51,USR0018,PC-USR0018-01,C:\Documents\work_doc_5.docx,File Open,Sample content
FIL0001414,01/07/2026 09:43:29,USR0018,PC-USR0018-01,C:\Documents\work_doc_49.docx,File Open,Sample content
FIL0001415,01/07/2026 11:39:33,USR0018,PC-USR0018-01,C:\Documents\work_doc_24.docx,File Open,Sample content
FIL0001416,01/07/2026 09:10:15,USR0018,PC-USR0018-01,C:\Documents\work_doc_43.docx,File Open,Sample content
FIL0001417,01/07/2026 09:22:40,USR0018,PC-USR0018-01,C:\Documents\work_doc_48.docx,File Open,Sample content
FIL0001418,01/07/2026 11:25:38,USR0019,PC-USR0019-01,C:\Documents\work_doc_50.docx,File Open,Sample content
FIL0001419,01/07/2026 14:30:28,USR0019,PC-USR0019-01,C:\Documents\work_doc_24.docx,File Open,Sample content
FIL0001420,01/07/2026 11:44:58,USR0019,PC-USR0019-01,C:\Documents\work_doc_28.docx,File Open,Sample content
FIL0001421,01/07/2026 15:35:18,USR0019,PC-USR0019-01,C:\Documents\work_doc_36.docx,File Open,Sample content
FIL0001422,01/07/2026 09:13:42,USR0019,PC-USR0019-01,C:\Documents\work_doc_48.docx,File Open,Sample content
FIL0001423,01/07/2026 14:07:51,USR0020,PC-USR0020-01,C:\Documents\work_doc_42.docx,File Open,Sample content
FIL0001424,01/07/2026 16:44:12,USR0020,PC-USR0020-01,C:\Documents\work_doc_27.docx,File Open,Sample content
FIL0001425,01/07/2026 15:40:52,USR0020,PC-USR0020-01,C:\Documents\work_doc_21.docx,File Open,Sample content
FIL0001426,01/07/2026 13:28:46,USR0020,PC-USR0020-01,C:\Documents\work_doc_24.docx,File Open,Sample content
FIL0001427,01/07/2026 16:53:35,USR0020,PC-USR0020-01,C:\Documents\work_doc_45.docx,File Open,Sample content
FIL0001428,01/07/2026 12:42:30,USR0020,PC-USR0020-01,C:\Documents\work_doc_5.docx,File Open,Sample content
FIL0001429,01/07/2026 09:53:44,USR0020,PC-USR0020-01,C:\Documents\work_doc_21.docx,File Open,Sample content
FIL0001430,01/07/2026 12:37:47,USR0020,PC-USR0020-01,C:\Documents\work_doc_45.docx,File Open,Sample content
FIL0001431,01/07/2026 11:22:41,USR0020,PC-USR0020-01,C:\Documents\work_doc_46.docx,File Open,Sample content
FIL0001432,01/07/2026 16:21:14,USR0021,PC-USR0021-01,C:\Documents\work_doc_17.docx,File Open,Sample content
FIL0001433,01/07/2026 10:34:13,USR0021,PC-USR0021-01,C:\Documents\work_doc_40.docx,File Open,Sample content
FIL0001434,01/07/2026 14:21:40,USR0021,PC-USR0021-01,C:\Documents\work_doc_31.docx,File Open,Sample content
FIL0001435,01/07/2026 09:10:57,USR0021,PC-USR0021-01,C:\Documents\work_doc_9.docx,File Open,Sample content
FIL0001436,01/07/2026 09:05:55,USR0021,PC-USR0021-01,C:\Documents\work_doc_30.docx,File Open,Sample content
FIL0001437,01/07/2026 16:05:43,USR0021,PC-USR0021-01,C:\Documents\work_doc_2.docx,File Open,Sample content
FIL0001438,01/07/2026 15:08:36,USR0021,PC-USR0021-01,C:\Documents\work_doc_19.docx,File Open,Sample content
FIL0001439,01/07/2026 14:55:58,USR0021,PC-USR0021-01,C:\Documents\work_doc_2.docx,File Open,Sample content
FIL0001440,01/07/2026 11:47:24,USR0021,PC-USR0021-01,C:\Documents\work_doc_43.docx,File Open,Sample content
FIL0001441,01/07/2026 13:17:29,USR0021,PC-USR0021-01,C:\Documents\work_doc_15.docx,File Open,Sample content
FIL0001442,01/07/2026 10:49:36,USR0022,PC-USR0022-01,C:\Documents\work_doc_26.docx,File Open,Sample content
FIL0001443,01/07/2026 11:55:58,USR0022,PC-USR0022-01,C:\Documents\work_doc_29.docx,File Open,Sample content
FIL0001444,01/07/2026 14:25:44,USR0022,PC-USR0022-01,C:\Documents\work_doc_20.docx,File Open,Sample content
FIL0001445,01/07/2026 13:14:37,USR0022,PC-USR0022-01,C:\Documents\work_doc_49.docx,File Open,Sample content
FIL0001446,01/07/2026 09:37:20,USR0022,PC-USR0022-01,C:\Documents\work_doc_5.docx,File Open,Sample content
FIL0001447,01/07/2026 14:25:56,USR0022,PC-USR0022-01,C:\Documents\work_doc_26.docx,File Open,Sample content
FIL0001448,01/07/2026 12:01:03,USR0022,PC-USR0022-01,C:\Documents\work_doc_42.docx,File Open,Sample content
FIL0001449,01/07/2026 15:12:24,USR0022,PC-USR0022-01,C:\Documents\work_doc_10.docx,File Open,Sample content
FIL0001450,01/07/2026 10:50:03,USR0022,PC-USR0022-01,C:\Documents\work_doc_23.docx,File Open,Sample content
FIL0001451,01/07/2026 10:24:16,USR0022,PC-USR0022-01,C:\Documents\work_doc_4.docx,File Open,Sample content
FIL0001452,01/07/2026 16:32:29,USR0022,PC-USR0022-01,C:\Documents\work_doc_48.docx,File Open,Sample content
FIL0001453,01/07/2026 09:55:19,USR0022,PC-USR0022-01,C:\Documents\work_doc_33.docx,File Open,Sample content
FIL0001454,01/07/2026 16:15:26,USR0023,PC-USR0023-01,C:\Documents\work_doc_25.docx,File Open,Sample content
FIL0001455,01/07/2026 09:36:34,USR0023,PC-USR0023-01,C:\Documents\work_doc_49.docx,File Open,Sample content
FIL0001456,01/07/2026 14:37:07,USR0023,PC-USR0023-01,C:\Documents\work_doc_39.docx,File Open,Sample content
FIL0001457,01/07/2026 10:28:48,USR0023,PC-USR0023-01,C:\Documents\work_doc_20.docx,File Open,Sample content
FIL0001458,01/07/2026 16:46:14,USR0023,PC-USR0023-01,C:\Documents\work_doc_25.docx,File Open,Sample content
FIL0001459,01/07/2026 15:23:13,USR0023,PC-USR0023-01,C:\Documents\work_doc_40.docx,File Open,Sample content
FIL0001460,01/07/2026 16:41:33,USR0023,PC-USR0023-01,C:\Documents\work_doc_34.docx,File Open,Sample content
FIL0001461,01/07/2026 14:33:28,USR0023,PC-USR0023-01,C:\Documents\work_doc_20.docx,File Open,Sample content
FIL0001462,01/07/2026 14:57:41,USR0023,PC-USR0023-01,C:\Documents\work_doc_24.docx,File Open,Sample content
FIL0001463,01/07/2026 16:07:15,USR0023,PC-USR0023-01,C:\Documents\work_doc_8.docx,File Open,Sample content
FIL0001464,01/07/2026 13:16:16,USR0023,PC-USR0023-01,C:\Documents\work_doc_47.docx,File Open,Sample content
FIL0001465,01/07/2026 15:04:58,USR0023,PC-USR0023-01,C:\Documents\work_doc_28.docx,File Open,Sample content
FIL0001466,01/07/2026 12:54:36,USR0023,PC-USR0023-01,C:\Documents\work_doc_21.docx,File Open,Sample content
FIL0001467,01/07/2026 11:21:30,USR0023,PC-USR0023-01,C:\Documents\work_doc_17.docx,File Open,Sample content
FIL0001468,01/07/2026 16:30:30,USR0023,PC-USR0023-01,C:\Documents\work_doc_18.docx,File Open,Sample content
FIL0001469,01/07/2026 12:28:40,USR0023,PC-USR0023-01,C:\Documents\work_doc_11.docx,File Open,Sample content
FIL0001470,01/07/2026 10:09:14,USR0023,PC-USR0023-01,C:\Documents\work_doc_33.docx,File Open,Sample content
FIL0001471,01/07/2026 13:32:29,USR0023,PC-USR0023-01,C:\Documents\work_doc_29.docx,File Open,Sample content
FIL0001472,01/07/2026 14:24:57,USR0023,PC-USR0023-01,C:\Documents\work_doc_5.docx,File Open,Sample content
FIL0001473,01/07/2026 10:59:35,USR0023,PC-USR0023-01,C:\Documents\work_doc_49.docx,File Open,Sample content
FIL0001474,01/07/2026 10:29:57,USR0024,PC-USR0024-01,C:\Documents\work_doc_15.docx,File Open,Sample content
FIL0001475,01/07/2026 12:05:48,USR0024,PC-USR0024-01,C:\Documents\work_doc_22.docx,File Open,Sample content
FIL0001476,01/07/2026 16:06:59,USR0024,PC-USR0024-01,C:\Documents\work_doc_28.docx,File Open,Sample content
FIL0001477,01/07/2026 09:57:17,USR0024,PC-USR0024-01,C:\Documents\work_doc_12.docx,File Open,Sample content
FIL0001478,01/07/2026 15:52:05,USR0024,PC-USR0024-01,C:\Documents\work_doc_17.docx,File Open,Sample content
FIL0001479,01/07/2026 13:28:05,USR0024,PC-USR0024-01,C:\Documents\work_doc_27.docx,File Open,Sample content
FIL0001480,01/07/2026 14:02:54,USR0024,PC-USR0024-01,C:\Documents\work_doc_17.docx,File Open,Sample content
FIL0001481,01/07/2026 13:49:06,USR0024,PC-USR0024-01,C:\Documents\work_doc_24.docx,File Open,Sample content
FIL0001482,01/07/2026 11:27:16,USR0024,PC-USR0024-01,C:\Documents\work_doc_19.docx,File Open,Sample content
FIL0001483,01/07/2026 14:43:42,USR0024,PC-USR0024-01,C:\Documents\work_doc_33.docx,File Open,Sample content
FIL0001484,01/07/2026 11:38:57,USR0024,PC-USR0024-01,C:\Documents\work_doc_27.docx,File Open,Sample content
FIL0001485,01/07/2026 13:46:23,USR0024,PC-USR0024-01,C:\Documents\work_doc_17.docx,File Open,Sample content
FIL0001486,01/07/2026 10:42:43,USR0024,PC-USR0024-01,C:\Documents\work_doc_37.docx,File Open,Sample content
FIL0001487,01/07/2026 10:53:14,USR0024,PC-USR0024-01,C:\Documents\work_doc_47.docx,File Open,Sample content
FIL0001488,01/07/2026 16:35:02,USR0024,PC-USR0024-01,C:\Documents\work_doc_17.docx,File Open,Sample content
FIL0001489,01/07/2026 16:53:27,USR0024,PC-USR0024-01,C:\Documents\work_doc_9.docx,File Open,Sample content
FIL0001490,01/07/2026 09:38:12,USR0024,PC-USR0024-01,C:\Documents\work_doc_36.docx,File Open,Sample content
FIL0001491,01/07/2026 12:28:15,USR0024,PC-USR0024-01,C:\Documents\work_doc_39.docx,File Open,Sample content
FIL0001492,01/07/2026 15:59:20,USR0024,PC-USR0024-01,C:\Documents\work_doc_48.docx,File Open,Sample content
FIL0001493,01/07/2026 09:38:57,USR0025,PC-USR0025-01,C:\Documents\work_doc_10.docx,File Open,Sample content
FIL0001494,01/07/2026 09:58:03,USR0025,PC-USR0025-01,C:\Documents\work_doc_22.docx,File Open,Sample content
FIL0001495,01/07/2026 15:11:25,USR0025,PC-USR0025-01,C:\Documents\work_doc_3.docx,File Open,Sample content
FIL0001496,01/07/2026 16:00:40,USR0025,PC-USR0025-01,C:\Documents\work_doc_12.docx,File Open,Sample content
FIL0001497,01/07/2026 13:31:18,USR0025,PC-USR0025-01,C:\Documents\work_doc_33.docx,File Open,Sample content
FIL0001498,01/07/2026 14:57:41,USR0025,PC-USR0025-01,C:\Documents\work_doc_29.docx,File Open,Sample content
FIL0001499,01/07/2026 11:04:14,USR0025,PC-USR0025-01,C:\Documents\work_doc_11.docx,File Open,Sample content
FIL0001500,01/07/2026 16:14:34,USR0025,PC-USR0025-01,C:\Documents\work_doc_8.docx,File Open,Sample content
FIL0001501,01/07/2026 14:11:09,USR0025,PC-USR0025-01,C:\Documents\work_doc_39.docx,File Open,Sample content
FIL0001502,01/07/2026 12:11:08,USR0025,PC-USR0025-01,C:\Documents\work_doc_37.docx,File Open,Sample content
FIL0001503,01/07/2026 16:42:43,USR0025,PC-USR0025-01,C:\Documents\work_doc_12.docx,File Open,Sample content
FIL0001504,01/08/2026 12:53:03,AAE0190,PC-AAE0190-01,C:\Documents\work_doc_42.docx,File Open,Sample content
FIL0001505,01/08/2026 15:57:56,AAE0190,PC-AAE0190-01,C:\Documents\work_doc_19.docx,File Open,Sample content
FIL0001506,01/08/2026 11:47:04,AAE0190,PC-AAE0190-01,C:\Documents\work_doc_6.docx,File Open,Sample content
FIL0001507,01/08/2026 15:58:32,AAE0190,PC-AAE0190-01,C:\Documents\work_doc_17.docx,File Open,Sample content
FIL0001508,01/08/2026 15:03:14,AAE0190,PC-AAE0190-01,C:\Documents\work_doc_34.docx,File Open,Sample content
FIL0001509,01/08/2026 14:06:40,AAE0190,PC-AAE0190-01,C:\Documents\work_doc_45.docx,File Open,Sample content
FIL0001510,01/08/2026 14:39:09,AAE0190,PC-AAE0190-01,C:\Documents\work_doc_16.docx,File Open,Sample content
FIL0001511,01/08/2026 13:58:44,AAE0190,PC-AAE0190-01,C:\Documents\work_doc_28.docx,File Open,Sample content
FIL0001512,01/08/2026 15:20:09,AAE0190,PC-AAE0190-01,C:\Documents\work_doc_5.docx,File Open,Sample content
FIL0001513,01/08/2026 10:53:12,USR0002,PC-USR0002-01,C:\Documents\work_doc_17.docx,File Open,Sample content
FIL0001514,01/08/2026 09:14:31,USR0002,PC-USR0002-01,C:\Documents\work_doc_32.docx,File Open,Sample content
FIL0001515,01/08/2026 10:29:00,USR0002,PC-USR0002-01,C:\Documents\work_doc_50.docx,File Open,Sample content
FIL0001516,01/08/2026 12:31:36,USR0002,PC-USR0002-01,C:\Documents\work_doc_41.docx,File Open,Sample content
FIL0001517,01/08/2026 12:01:26,USR0002,PC-USR0002-01,C:\Documents\work_doc_7.docx,File Open,Sample content
FIL0001518,01/08/2026 11:56:03,USR0002,PC-USR0002-01,C:\Documents\work_doc_1.docx,File Open,Sample content
FIL0001519,01/08/2026 13:58:23,USR0002,PC-USR0002-01,C:\Documents\work_doc_34.docx,File Open,Sample content
FIL0001520,01/08/2026 11:02:30,USR0002,PC-USR0002-01,C:\Documents\work_doc_10.docx,File Open,Sample content
FIL0001521,01/08/2026 10:25:11,USR0002,PC-USR0002-01,C:\Documents\work_doc_18.docx,File Open,Sample content
FIL0001522,01/08/2026 16:44:19,USR0002,PC-USR0002-01,C:\Documents\work_doc_9.docx,File Open,Sample content
FIL0001523,01/08/2026 13:27:35,USR0002,PC-USR0002-01,C:\Documents\work_doc_18.docx,File Open,Sample content
FIL0001524,01/08/2026 10:27:22,USR0003,PC-USR0003-01,C:\Documents\work_doc_15.docx,File Open,Sample content
FIL0001525,01/08/2026 16:31:55,USR0003,PC-USR0003-01,C:\Documents\work_doc_50.docx,File Open,Sample content
FIL0001526,01/08/2026 16:43:33,USR0003,PC-USR0003-01,C:\Documents\work_doc_17.docx,File Open,Sample content
FIL0001527,01/08/2026 11:17:31,USR0003,PC-USR0003-01,C:\Documents\work_doc_7.docx,File Open,Sample content
FIL0001528,01/08/2026 15:18:36,USR0003,PC-USR0003-01,C:\Documents\work_doc_5.docx,File Open,Sample content
FIL0001529,01/08/2026 10:24:12,USR0003,PC-USR0003-01,C:\Documents\work_doc_44.docx,File Open,Sample content
FIL0001530,01/08/2026 15:37:21,USR0003,PC-USR0003-01,C:\Documents\work_doc_2.docx,File Open,Sample content
FIL0001531,01/08/2026 16:51:11,USR0003,PC-USR0003-01,C:\Documents\work_doc_22.docx,File Open,Sample content
FIL0001532,01/08/2026 11:22:02,USR0003,PC-USR0003-01,C:\Documents\work_doc_7.docx,File Open,Sample content
FIL0001533,01/08/2026 15:38:04,USR0003,PC-USR0003-01,C:\Documents\work_doc_23.docx,File Open,Sample content
FIL0001534,01/08/2026 15:39:30,USR0003,PC-USR0003-01,C:\Documents\work_doc_34.docx,File Open,Sample content
FIL0001535,01/08/2026 09:30:39,USR0003,PC-USR0003-01,C:\Documents\work_doc_33.docx,File Open,Sample content
FIL0001536,01/08/2026 11:13:03,USR0003,PC-USR0003-01,C:\Documents\work_doc_31.docx,File Open,Sample content
FIL0001537,01/08/2026 09:01:33,USR0003,PC-USR0003-01,C:\Documents\work_doc_5.docx,File Open,Sample content
FIL0001538,01/08/2026 12:13:48,USR0003,PC-USR0003-01,C:\Documents\work_doc_48.docx,File Open,Sample content
FIL0001539,01/08/2026 13:52:47,USR0003,PC-USR0003-01,C:\Documents\work_doc_38.docx,File Open,Sample content
FIL0001540,01/08/2026 09:09:13,USR0003,PC-USR0003-01,C:\Documents\work_doc_50.docx,File Open,Sample content
FIL0001541,01/08/2026 13:14:27,USR0004,PC-USR0004-01,C:\Documents\work_doc_24.docx,File Open,Sample content
FIL0001542,01/08/2026 16:09:42,USR0004,PC-USR0004-01,C:\Documents\work_doc_15.docx,File Open,Sample content
FIL0001543,01/08/2026 16:25:26,USR0004,PC-USR0004-01,C:\Documents\work_doc_48.docx,File Open,Sample content
FIL0001544,01/08/2026 10:43:03,USR0004,PC-USR0004-01,C:\Documents\work_doc_21.docx,File Open,Sample content
FIL0001545,01/08/2026 13:07:55,USR0004,PC-USR0004-01,C:\Documents\work_doc_30.docx,File Open,Sample content
FIL0001546,01/08/2026 10:20:02,USR0004,PC-USR0004-01,C:\Documents\work_doc_2.docx,File Open,Sample content
FIL0001547,01/08/2026 16:27:00,USR0004,PC-USR0004-01,C:\Documents\work_doc_6.docx,File Open,Sample content
FIL0001548,01/08/2026 12:00:17,USR0005,PC-USR0005-01,C:\Documents\work_doc_10.docx,File Open,Sample content
FIL0001549,01/08/2026 12:15:52,USR0005,PC-USR0005-01,C:\Documents\work_doc_15.docx,File Open,Sample content
FIL0001550,01/08/2026 12:06:42,USR0005,PC-USR0005-01,C:\Documents\work_doc_37.docx,File Open,Sample content
FIL0001551,01/08/2026 15:00:49,USR0005,PC-USR0005-01,C:\Documents\work_doc_10.docx,File Open,Sample content
FIL0001552,01/08/2026 14:01:39,USR0005,PC-USR0005-01,C:\Documents\work_doc_47.docx,File Open,Sample content
FIL0001553,01/08/2026 11:31:01,USR0005,PC-USR0005-01,C:\Documents\work_doc_17.docx,File Open,Sample content
FIL0001554,01/08/2026 09:01:49,USR0005,PC-USR0005-01,C:\Documents\work_doc_20.docx,File Open,Sample content
FIL0001555,01/08/2026 12:49:53,USR0005,PC-USR0005-01,C:\Documents\work_doc_35.docx,File Open,Sample content
FIL0001556,01/08/2026 15:59:24,USR0005,PC-USR0005-01,C:\Documents\work_doc_28.docx,File Open,Sample content
FIL0001557,01/08/2026 13:05:05,USR0006,PC-USR0006-01,C:\Documents\work_doc_27.docx,File Open,Sample content
FIL0001558,01/08/2026 09:10:32,USR0006,PC-USR0006-01,C:\Documents\work_doc_24.docx,File Open,Sample content
FIL0001559,01/08/2026 14:12:45,USR0006,PC-USR0006-01,C:\Documents\work_doc_36.docx,File Open,Sample content
FIL0001560,01/08/2026 16:21:22,USR0006,PC-USR0006-01,C:\Documents\work_doc_39.docx,File Open,Sample content
FIL0001561,01/08/2026 16:59:20,USR0006,PC-USR0006-01,C:\Documents\work_doc_37.docx,File Open,Sample content
FIL0001562,01/08/2026 11:03:16,USR0006,PC-USR0006-01,C:\Documents\work_doc_47.docx,File Open,Sample content
FIL0001563,01/08/2026 10:43:22,USR0006,PC-USR0006-01,C:\Documents\work_doc_21.docx,File Open,Sample content
FIL0001564,01/08/2026 11:50:33,USR0006,PC-USR0006-01,C:\Documents\work_doc_48.docx,File Open,Sample content
FIL0001565,01/08/2026 11:48:14,USR0006,PC-USR0006-01,C:\Documents\work_doc_4.docx,File Open,Sample content
FIL0001566,01/08/2026 10:25:59,USR0006,PC-USR0006-01,C:\Documents\work_doc_18.docx,File Open,Sample content
FIL0001567,01/08/2026 12:01:58,USR0006,PC-USR0006-01,C:\Documents\work_doc_43.docx,File Open,Sample content
FIL0001568,01/08/2026 12:40:08,USR0006,PC-USR0006-01,C:\Documents\work_doc_39.docx,File Open,Sample content
FIL0001569,01/08/2026 16:29:45,USR0006,PC-USR0006-01,C:\Documents\work_doc_18.docx,File Open,Sample content
FIL0001570,01/08/2026 13:41:49,USR0006,PC-USR0006-01,C:\Documents\work_doc_19.docx,File Open,Sample content
FIL0001571,01/08/2026 12:14:49,USR0006,PC-USR0006-01,C:\Documents\work_doc_46.docx,File Open,Sample content
FIL0001572,01/08/2026 11:37:44,USR0006,PC-USR0006-01,C:\Documents\work_doc_20.docx,File Open,Sample content
FIL0001573,01/08/2026 14:43:29,USR0006,PC-USR0006-01,C:\Documents\work_doc_34.docx,File Open,Sample content
FIL0001574,01/08/2026 15:58:58,USR0006,PC-USR0006-01,C:\Documents\work_doc_32.docx,File Open,Sample content
FIL0001575,01/08/2026 13:56:45,USR0006,PC-USR0006-01,C:\Documents\work_doc_4.docx,File Open,Sample content
FIL0001576,01/08/2026 13:54:57,USR0006,PC-USR0006-01,C:\Documents\work_doc_31.docx,File Open,Sample content
FIL0001577,01/08/2026 09:49:05,USR0007,PC-USR0007-01,C:\Documents\work_doc_1.docx,File Open,Sample content
FIL0001578,01/08/2026 11:25:41,USR0007,PC-USR0007-01,C:\Documents\work_doc_24.docx,File Open,Sample content
FIL0001579,01/08/2026 14:29:24,USR0007,PC-USR0007-01,C:\Documents\work_doc_45.docx,File Open,Sample content
FIL0001580,01/08/2026 13:29:23,USR0007,PC-USR0007-01,C:\Documents\work_doc_27.docx,File Open,Sample content
FIL0001581,01/08/2026 15:23:47,USR0007,PC-USR0007-01,C:\Documents\work_doc_30.docx,File Open,Sample content
FIL0001582,01/08/2026 12:46:08,USR0007,PC-USR0007-01,C:\Documents\work_doc_38.docx,File Open,Sample content
FIL0001583,01/08/2026 16:30:19,USR0007,PC-USR0007-01,C:\Documents\work_doc_6.docx,File Open,Sample content
FIL0001584,01/08/2026 09:21:00,USR0007,PC-USR0007-01,C:\Documents\work_doc_28.docx,File Open,Sample content
FIL0001585,01/08/2026 14:39:01,USR0007,PC-USR0007-01,C:\Documents\work_doc_49.docx,File Open,Sample content
FIL0001586,01/08/2026 11:15:15,USR0007,PC-USR0007-01,C:\Documents\work_doc_4.docx,File Open,Sample content
FIL0001587,01/08/2026 13:57:55,USR0007,PC-USR0007-01,C:\Documents\work_doc_28.docx,File Open,Sample content
FIL0001588,01/08/2026 11:07:19,USR0007,PC-USR0007-01,C:\Documents\work_doc_45.docx,File Open,Sample content
FIL0001589,01/08/2026 16:40:01,USR0007,PC-USR0007-01,C:\Documents\work_doc_27.docx,File Open,Sample content
FIL0001590,01/08/2026 15:56:55,USR0008,PC-USR0008-01,C:\Documents\work_doc_31.docx,File Open,Sample content
FIL0001591,01/08/2026 09:35:01,USR0008,PC-USR0008-01,C:\Documents\work_doc_22.docx,File Open,Sample content
FIL0001592,01/08/2026 14:35:09,USR0008,PC-USR0008-01,C:\Documents\work_doc_18.docx,File Open,Sample content
FIL0001593,01/08/2026 09:16:39,USR0008,PC-USR0008-01,C:\Documents\work_doc_42.docx,File Open,Sample content
FIL0001594,01/08/2026 16:31:45,USR0008,PC-USR0008-01,C:\Documents\work_doc_44.docx,File Open,Sample content
FIL0001595,01/08/2026 12:34:41,USR0009,PC-USR0009-01,C:\Documents\work_doc_2.docx,File Open,Sample content
FIL0001596,01/08/2026 10:13:42,USR0009,PC-USR0009-01,C:\Documents\work_doc_29.docx,File Open,Sample content
FIL0001597,01/08/2026 09:11:01,USR0009,PC-USR0009-01,C:\Documents\work_doc_37.docx,File Open,Sample content
FIL0001598,01/08/2026 10:53:38,USR0009,PC-USR0009-01,C:\Documents\work_doc_20.docx,File Open,Sample content
FIL0001599,01/08/2026 09:04:55,USR0009,PC-USR0009-01,C:\Documents\work_doc_49.docx,File Open,Sample content
FIL0001600,01/08/2026 13:24:39,USR0009,PC-USR0009-01,C:\Documents\work_doc_25.docx,File Open,Sample content
FIL0001601,01/08/2026 10:55:45,USR0009,PC-USR0009-01,C:\Documents\work_doc_16.docx,File Open,Sample content
FIL0001602,01/08/2026 15:02:59,USR0009,PC-USR0009-01,C:\Documents\work_doc_30.docx,File Open,Sample content
FIL0001603,01/08/2026 16:09:57,USR0009,PC-USR0009-01,C:\Documents\work_doc_32.docx,File Open,Sample content
FIL0001604,01/08/2026 13:59:04,USR0010,PC-USR0010-01,C:\Documents\work_doc_32.docx,File Open,Sample content
FIL0001605,01/08/2026 14:17:43,USR0010,PC-USR0010-01,C:\Documents\work_doc_3.docx,File Open,Sample content
FIL0001606,01/08/2026 10:24:15,USR0010,PC-USR0010-01,C:\Documents\work_doc_29.docx,File Open,Sample content
FIL0001607,01/08/2026 09:22:49,USR0010,PC-USR0010-01,C:\Documents\work_doc_36.docx,File Open,Sample content
FIL0001608,01/08/2026 13:35:10,USR0010,PC-USR0010-01,C:\Documents\work_doc_36.docx,File Open,Sample content
FIL0001609,01/08/2026 10:28:12,USR0010,PC-USR0010-01,C:\Documents\work_doc_40.docx,File Open,Sample content
FIL0001610,01/08/2026 12:13:48,USR0010,PC-USR0010-01,C:\Documents\work_doc_40.docx,File Open,Sample content
FIL0001611,01/08/2026 15:39:40,USR0010,PC-USR0010-01,C:\Documents\work_doc_7.docx,File Open,Sample content
FIL0001612,01/08/2026 09:48:58,USR0010,PC-USR0010-01,C:\Documents\work_doc_49.docx,File Open,Sample content
FIL0001613,01/08/2026 11:51:37,USR0010,PC-USR0010-01,C:\Documents\work_doc_28.docx,File Open,Sample content
FIL0001614,01/08/2026 14:27:06,USR0010,PC-USR0010-01,C:\Documents\work_doc_9.docx,File Open,Sample content
FIL0001615,01/08/2026 09:50:53,USR0010,PC-USR0010-01,C:\Documents\work_doc_25.docx,File Open,Sample content
FIL0001616,01/08/2026 13:24:17,USR0010,PC-USR0010-01,C:\Documents\work_doc_47.docx,File Open,Sample content
FIL0001617,01/08/2026 15:53:30,USR0010,PC-USR0010-01,C:\Documents\work_doc_25.docx,File Open,Sample content
FIL0001618,01/08/2026 13:29:35,USR0010,PC-USR0010-01,C:\Documents\work_doc_23.docx,File Open,Sample content
FIL0001619,01/08/2026 15:10:21,USR0010,PC-USR0010-01,C:\Documents\work_doc_4.docx,File Open,Sample content
FIL0001620,01/08/2026 13:32:21,USR0011,PC-USR0011-01,C:\Documents\work_doc_26.docx,File Open,Sample content
FIL0001621,01/08/2026 11:13:52,USR0011,PC-USR0011-01,C:\Documents\work_doc_29.docx,File Open,Sample content
FIL0001622,01/08/2026 15:44:04,USR0011,PC-USR0011-01,C:\Documents\work_doc_31.docx,File Open,Sample content
FIL0001623,01/08/2026 12:51:51,USR0011,PC-USR0011-01,C:\Documents\work_doc_9.docx,File Open,Sample content
FIL0001624,01/08/2026 16:29:26,USR0011,PC-USR0011-01,C:\Documents\work_doc_2.docx,File Open,Sample content
FIL0001625,01/08/2026 15:48:12,USR0011,PC-USR0011-01,C:\Documents\work_doc_40.docx,File Open,Sample content
FIL0001626,01/08/2026 14:40:04,USR0011,PC-USR0011-01,C:\Documents\work_doc_46.docx,File Open,Sample content
FIL0001627,01/08/2026 12:26:35,USR0011,PC-USR0011-01,C:\Documents\work_doc_37.docx,File Open,Sample content
FIL0001628,01/08/2026 09:27:23,USR0011,PC-USR0011-01,C:\Documents\work_doc_50.docx,File Open,Sample content
FIL0001629,01/08/2026 16:18:04,USR0011,PC-USR0011-01,C:\Documents\work_doc_45.docx,File Open,Sample content
FIL0001630,01/08/2026 15:37:35,USR0011,PC-USR0011-01,C:\Documents\work_doc_17.docx,File Open,Sample content
FIL0001631,01/08/2026 12:56:26,USR0011,PC-USR0011-01,C:\Documents\work_doc_26.docx,File Open,Sample content
FIL0001632,01/08/2026 12:43:15,USR0011,PC-USR0011-01,C:\Documents\work_doc_31.docx,File Open,Sample content
FIL0001633,01/08/2026 14:26:49,USR0011,PC-USR0011-01,C:\Documents\work_doc_6.docx,File Open,Sample content
FIL0001634,01/08/2026 13:22:14,USR0011,PC-USR0011-01,C:\Documents\work_doc_22.docx,File Open,Sample content
FIL0001635,01/08/2026 16:28:30,USR0011,PC-USR0011-01,C:\Documents\work_doc_46.docx,File Open,Sample content
FIL0001636,01/08/2026 16:56:33,USR0011,PC-USR0011-01,C:\Documents\work_doc_24.docx,File Open,Sample content
FIL0001637,01/08/2026 11:44:39,USR0011,PC-USR0011-01,C:\Documents\work_doc_18.docx,File Open,Sample content
FIL0001638,01/08/2026 14:32:14,USR0011,PC-USR0011-01,C:\Documents\work_doc_27.docx,File Open,Sample content
FIL0001639,01/08/2026 10:41:43,USR0012,PC-USR0012-01,C:\Documents\work_doc_24.docx,File Open,Sample content
FIL0001640,01/08/2026 10:50:03,USR0012,PC-USR0012-01,C:\Documents\work_doc_19.docx,File Open,Sample content
FIL0001641,01/08/2026 10:15:25,USR0012,PC-USR0012-01,C:\Documents\work_doc_32.docx,File Open,Sample content
FIL0001642,01/08/2026 16:30:24,USR0012,PC-USR0012-01,C:\Documents\work_doc_32.docx,File Open,Sample content
FIL0001643,01/08/2026 14:51:37,USR0012,PC-USR0012-01,C:\Documents\work_doc_43.docx,File Open,Sample content
FIL0001644,01/08/2026 12:47:08,USR0012,PC-USR0012-01,C:\Documents\work_doc_47.docx,File Open,Sample content
FIL0001645,01/08/2026 11:17:55,USR0012,PC-USR0012-01,C:\Documents\work_doc_39.docx,File Open,Sample content
FIL0001646,01/08/2026 15:30:13,USR0012,PC-USR0012-01,C:\Documents\work_doc_30.docx,File Open,Sample content
FIL0001647,01/08/2026 10:37:26,USR0012,PC-USR0012-01,C:\Documents\work_doc_31.docx,File Open,Sample content
FIL0001648,01/08/2026 14:21:49,USR0012,PC-USR0012-01,C:\Documents\work_doc_29.docx,File Open,Sample content
FIL0001649,01/08/2026 10:51:08,USR0012,PC-USR0012-01,C:\Documents\work_doc_2.docx,File Open,Sample content
FIL0001650,01/08/2026 13:21:16,USR0012,PC-USR0012-01,C:\Documents\work_doc_43.docx,File Open,Sample content
FIL0001651,01/08/2026 09:59:10,USR0012,PC-USR0012-01,C:\Documents\work_doc_35.docx,File Open,Sample content
FIL0001652,01/08/2026 13:57:19,USR0012,PC-USR0012-01,C:\Documents\work_doc_14.docx,File Open,Sample content
FIL0001653,01/08/2026 11:24:53,USR0012,PC-USR0012-01,C:\Documents\work_doc_38.docx,File Open,Sample content
FIL0001654,01/08/2026 16:25:36,USR0012,PC-USR0012-01,C:\Documents\work_doc_18.docx,File Open,Sample content
FIL0001655,01/08/2026 10:15:43,USR0012,PC-USR0012-01,C:\Documents\work_doc_25.docx,File Open,Sample content
FIL0001656,01/08/2026 15:31:17,USR0012,PC-USR0012-01,C:\Documents\work_doc_50.docx,File Open,Sample content
FIL0001657,01/08/2026 15:53:32,USR0012,PC-USR0012-01,C:\Documents\work_doc_39.docx,File Open,Sample content
FIL0001658,01/08/2026 15:10:42,USR0013,PC-USR0013-01,C:\Documents\work_doc_21.docx,File Open,Sample content
FIL0001659,01/08/2026 15:40:29,USR0013,PC-USR0013-01,C:\Documents\work_doc_1.docx,File Open,Sample content
FIL0001660,01/08/2026 12:58:10,USR0013,PC-USR0013-01,C:\Documents\work_doc_29.docx,File Open,Sample content
FIL0001661,01/08/2026 10:34:51,USR0013,PC-USR0013-01,C:\Documents\work_doc_41.docx,File Open,Sample content
FIL0001662,01/08/2026 16:22:33,USR0013,PC-USR0013-01,C:\Documents\work_doc_29.docx,File Open,Sample content
FIL0001663,01/08/2026 14:03:50,USR0013,PC-USR0013-01,C:\Documents\work_doc_38.docx,File Open,Sample content
FIL0001664,01/08/2026 09:42:08,USR0013,PC-USR0013-01,C:\Documents\work_doc_3.docx,File Open,Sample content
FIL0001665,01/08/2026 16:21:56,USR0013,PC-USR0013-01,C:\Documents\work_doc_43.docx,File Open,Sample content
FIL0001666,01/08/2026 11:02:16,USR0013,PC-USR0013-01,C:\Documents\work_doc_26.docx,File Open,Sample content
FIL0001667,01/08/2026 09:56:29,USR0013,PC-USR0013-01,C:\Documents\work_doc_19.docx,File Open,Sample content
FIL0001668,01/08/2026 12:37:01,USR0013,PC-USR0013-01,C:\Documents\work_doc_41.docx,File Open,Sample content
FIL0001669,01/08/2026 15:52:16,USR0013,PC-USR0013-01,C:\Documents\work_doc_35.docx,File Open,Sample content
FIL0001670,01/08/2026 13:30:31,USR0013,PC-USR0013-01,C:\Documents\work_doc_13.docx,File Open,Sample content
FIL0001671,01/08/2026 11:02:09,USR0013,PC-USR0013-01,C:\Documents\work_doc_20.docx,File Open,Sample content
FIL0001672,01/08/2026 13:52:57,USR0013,PC-USR0013-01,C:\Documents\work_doc_50.docx,File Open,Sample content
FIL0001673,01/08/2026 16:51:48,USR0014,PC-USR0014-01,C:\Documents\work_doc_15.docx,File Open,Sample content
FIL0001674,01/08/2026 14:05:24,USR0014,PC-USR0014-01,C:\Documents\work_doc_41.docx,File Open,Sample content
FIL0001675,01/08/2026 15:02:14,USR0014,PC-USR0014-01,C:\Documents\work_doc_47.docx,File Open,Sample content
FIL0001676,01/08/2026 11:42:41,USR0014,PC-USR0014-01,C:\Documents\work_doc_16.docx,File Open,Sample content
FIL0001677,01/08/2026 16:47:53,USR0014,PC-USR0014-01,C:\Documents\work_doc_2.docx,File Open,Sample content
FIL0001678,01/08/2026 10:16:43,USR0014,PC-USR0014-01,C:\Documents\work_doc_47.docx,File Open,Sample content
FIL0001679,01/08/2026 09:56:39,USR0014,PC-USR0014-01,C:\Documents\work_doc_23.docx,File Open,Sample content
FIL0001680,01/08/2026 09:43:28,USR0014,PC-USR0014-01,C:\Documents\work_doc_42.docx,File Open,Sample content
FIL0001681,01/08/2026 10:22:41,USR0014,PC-USR0014-01,C:\Documents\work_doc_50.docx,File Open,Sample content
FIL0001682,01/08/2026 10:39:39,USR0014,PC-USR0014-01,C:\Documents\work_doc_25.docx,File Open,Sample content
FIL0001683,01/08/2026 12:09:14,USR0014,PC-USR0014-01,C:\Documents\work_doc_4.docx,File Open,Sample content
FIL0001684,01/08/2026 13:31:58,USR0014,PC-USR0014-01,C:\Documents\work_doc_32.docx,File Open,Sample content
FIL0001685,01/08/2026 11:21:45,USR0014,PC-USR0014-01,C:\Documents\work_doc_38.docx,File Open,Sample content
FIL0001686,01/08/2026 15:04:44,USR0014,PC-USR0014-01,C:\Documents\work_doc_6.docx,File Open,Sample content
FIL0001687,01/08/2026 14:40:41,USR0014,PC-USR0014-01,C:\Documents\work_doc_39.docx,File Open,Sample content
FIL0001688,01/08/2026 14:43:43,USR0014,PC-USR0014-01,C:\Documents\work_doc_41.docx,File Open,Sample content
FIL0001689,01/08/2026 12:14:51,USR0014,PC-USR0014-01,C:\Documents\work_doc_50.docx,File Open,Sample content
FIL0001690,01/08/2026 13:05:25,USR0014,PC-USR0014-01,C:\Documents\work_doc_9.docx,File Open,Sample content
FIL0001691,01/08/2026 09:27:11,USR0014,PC-USR0014-01,C:\Documents\work_doc_36.docx,File Open,Sample content
FIL0001692,01/08/2026 10:20:46,USR0014,PC-USR0014-01,C:\Documents\work_doc_45.docx,File Open,Sample content
FIL0001693,01/08/2026 11:57:32,USR0015,PC-USR0015-01,C:\Documents\work_doc_42.docx,File Open,Sample content
FIL0001694,01/08/2026 12:16:25,USR0015,PC-USR0015-01,C:\Documents\work_doc_42.docx,File Open,Sample content
FIL0001695,01/08/2026 12:41:33,USR0015,PC-USR0015-01,C:\Documents\work_doc_39.docx,File Open,Sample content
FIL0001696,01/08/2026 10:56:27,USR0015,PC-USR0015-01,C:\Documents\work_doc_6.docx,File Open,Sample content
FIL0001697,01/08/2026 09:22:20,USR0015,PC-USR0015-01,C:\Documents\work_doc_36.docx,File Open,Sample content
FIL0001698,01/08/2026 16:23:13,USR0015,PC-USR0015-01,C:\Documents\work_doc_2.docx,File Open,Sample content
FIL0001699,01/08/2026 11:37:26,USR0015,PC-USR0015-01,C:\Documents\work_doc_6.docx,File Open,Sample content
FIL0001700,01/08/2026 13:46:37,USR0015,PC-USR0015-01,C:\Documents\work_doc_39.docx,File Open,Sample content
FIL0001701,01/08/2026 09:50:56,USR0015,PC-USR0015-01,C:\Documents\work_doc_44.docx,File Open,Sample content
FIL0001702,01/08/2026 13:04:27,USR0015,PC-USR0015-01,C:\Documents\work_doc_30.docx,File Open,Sample content
FIL0001703,01/08/2026 14:40:42,USR0015,PC-USR0015-01,C:\Documents\work_doc_11.docx,File Open,Sample content
FIL0001704,01/08/2026 09:11:29,USR0015,PC-USR0015-01,C:\Documents\work_doc_39.docx,File Open,Sample content
FIL0001705,01/08/2026 10:17:21,USR0015,PC-USR0015-01,C:\Documents\work_doc_17.docx,File Open,Sample content
FIL0001706,01/08/2026 10:51:04,USR0015,PC-USR0015-01,C:\Documents\work_doc_36.docx,File Open,Sample content
FIL0001707,01/08/2026 10:30:40,USR0015,PC-USR0015-01,C:\Documents\work_doc_11.docx,File Open,Sample content
FIL0001708,01/08/2026 13:21:50,USR0015,PC-USR0015-01,C:\Documents\work_doc_34.docx,File Open,Sample content
FIL0001709,01/08/2026 13:34:47,USR0015,PC-USR0015-01,C:\Documents\work_doc_31.docx,File Open,Sample content
FIL0001710,01/08/2026 13:37:16,USR0015,PC-USR0015-01,C:\Documents\work_doc_3.docx,File Open,Sample content
FIL0001711,01/08/2026 09:36:55,USR0015,PC-USR0015-01,C:\Documents\work_doc_12.docx,File Open,Sample content
FIL0001712,01/08/2026 12:53:18,USR0016,PC-USR0016-01,C:\Documents\work_doc_18.docx,File Open,Sample content
FIL0001713,01/08/2026 12:13:17,USR0016,PC-USR0016-01,C:\Documents\work_doc_44.docx,File Open,Sample content
FIL0001714,01/08/2026 15:00:11,USR0016,PC-USR0016-01,C:\Documents\work_doc_42.docx,File Open,Sample content
FIL0001715,01/08/2026 15:13:15,USR0016,PC-USR0016-01,C:\Documents\work_doc_47.docx,File Open,Sample content
FIL0001716,01/08/2026 14:25:17,USR0016,PC-USR0016-01,C:\Documents\work_doc_5.docx,File Open,Sample content
FIL0001717,01/08/2026 15:40:11,USR0016,PC-USR0016-01,C:\Documents\work_doc_38.docx,File Open,Sample content
FIL0001718,01/08/2026 16:02:51,USR0016,PC-USR0016-01,C:\Documents\work_doc_11.docx,File Open,Sample content
FIL0001719,01/08/2026 14:09:06,USR0016,PC-USR0016-01,C:\Documents\work_doc_24.docx,File Open,Sample content
FIL0001720,01/08/2026 10:17:43,USR0016,PC-USR0016-01,C:\Documents\work_doc_41.docx,File Open,Sample content
FIL0001721,01/08/2026 12:22:54,USR0016,PC-USR0016-01,C:\Documents\work_doc_7.docx,File Open,Sample content
FIL0001722,01/08/2026 16:08:41,USR0016,PC-USR0016-01,C:\Documents\work_doc_13.docx,File Open,Sample content
FIL0001723,01/08/2026 15:59:32,USR0016,PC-USR0016-01,C:\Documents\work_doc_24.docx,File Open,Sample content
FIL0001724,01/08/2026 09:16:46,USR0016,PC-USR0016-01,C:\Documents\work_doc_48.docx,File Open,Sample content
FIL0001725,01/08/2026 13:34:23,USR0016,PC-USR0016-01,C:\Documents\work_doc_11.docx,File Open,Sample content
FIL0001726,01/08/2026 15:03:40,USR0016,PC-USR0016-01,C:\Documents\work_doc_49.docx,File Open,Sample content
FIL0001727,01/08/2026 11:52:46,USR0016,PC-USR0016-01,C:\Documents\work_doc_16.docx,File Open,Sample content
FIL0001728,01/08/2026 14:18:41,USR0016,PC-USR0016-01,C:\Documents\work_doc_31.docx,File Open,Sample content
FIL0001729,01/08/2026 09:56:46,USR0017,PC-USR0017-01,C:\Documents\work_doc_44.docx,File Open,Sample content
FIL0001730,01/08/2026 10:17:19,USR0017,PC-USR0017-01,C:\Documents\work_doc_5.docx,File Open,Sample content
FIL0001731,01/08/2026 11:19:21,USR0017,PC-USR0017-01,C:\Documents\work_doc_11.docx,File Open,Sample content
FIL0001732,01/08/2026 11:37:09,USR0017,PC-USR0017-01,C:\Documents\work_doc_17.docx,File Open,Sample content
FIL0001733,01/08/2026 14:24:28,USR0017,PC-USR0017-01,C:\Documents\work_doc_44.docx,File Open,Sample content
FIL0001734,01/08/2026 09:33:42,USR0017,PC-USR0017-01,C:\Documents\work_doc_42.docx,File Open,Sample content
FIL0001735,01/08/2026 12:36:45,USR0017,PC-USR0017-01,C:\Documents\work_doc_15.docx,File Open,Sample content
FIL0001736,01/08/2026 14:02:17,USR0017,PC-USR0017-01,C:\Documents\work_doc_27.docx,File Open,Sample content
FIL0001737,01/08/2026 11:44:39,USR0017,PC-USR0017-01,C:\Documents\work_doc_45.docx,File Open,Sample content
FIL0001738,01/08/2026 12:12:41,USR0017,PC-USR0017-01,C:\Documents\work_doc_30.docx,File Open,Sample content
FIL0001739,01/08/2026 13:07:22,USR0017,PC-USR0017-01,C:\Documents\work_doc_13.docx,File Open,Sample content
FIL0001740,01/08/2026 14:35:52,USR0017,PC-USR0017-01,C:\Documents\work_doc_47.docx,File Open,Sample content
FIL0001741,01/08/2026 12:13:45,USR0017,PC-USR0017-01,C:\Documents\work_doc_34.docx,File Open,Sample content
FIL0001742,01/08/2026 16:32:41,USR0017,PC-USR0017-01,C:\Documents\work_doc_38.docx,File Open,Sample content
FIL0001743,01/08/2026 15:53:27,USR0018,PC-USR0018-01,C:\Documents\work_doc_18.docx,File Open,Sample content
FIL0001744,01/08/2026 10:56:05,USR0018,PC-USR0018-01,C:\Documents\work_doc_3.docx,File Open,Sample content
FIL0001745,01/08/2026 14:04:49,USR0018,PC-USR0018-01,C:\Documents\work_doc_11.docx,File Open,Sample content
FIL0001746,01/08/2026 11:44:56,USR0018,PC-USR0018-01,C:\Documents\work_doc_30.docx,File Open,Sample content
FIL0001747,01/08/2026 11:52:17,USR0018,PC-USR0018-01,C:\Documents\work_doc_13.docx,File Open,Sample content
FIL0001748,01/08/2026 09:47:27,USR0018,PC-USR0018-01,C:\Documents\work_doc_32.docx,File Open,Sample content
FIL0001749,01/08/2026 16:31:39,USR0018,PC-USR0018-01,C:\Documents\work_doc_34.docx,File Open,Sample content
FIL0001750,01/08/2026 12:42:24,USR0018,PC-USR0018-01,C:\Documents\work_doc_30.docx,File Open,Sample content
FIL0001751,01/08/2026 16:32:04,USR0018,PC-USR0018-01,C:\Documents\work_doc_1.docx,File Open,Sample content
FIL0001752,01/08/2026 16:00:32,USR0018,PC-USR0018-01,C:\Documents\work_doc_45.docx,File Open,Sample content
FIL0001753,01/08/2026 11:16:03,USR0018,PC-USR0018-01,C:\Documents\work_doc_33.docx,File Open,Sample content
FIL0001754,01/08/2026 12:40:22,USR0018,PC-USR0018-01,C:\Documents\work_doc_6.docx,File Open,Sample content
FIL0001755,01/08/2026 12:12:47,USR0018,PC-USR0018-01,C:\Documents\work_doc_49.docx,File Open,Sample content
FIL0001756,01/08/2026 10:22:29,USR0018,PC-USR0018-01,C:\Documents\work_doc_37.docx,File Open,Sample content
FIL0001757,01/08/2026 11:03:35,USR0018,PC-USR0018-01,C:\Documents\work_doc_12.docx,File Open,Sample content
FIL0001758,01/08/2026 12:50:27,USR0018,PC-USR0018-01,C:\Documents\work_doc_25.docx,File Open,Sample content
FIL0001759,01/08/2026 10:53:45,USR0018,PC-USR0018-01,C:\Documents\work_doc_25.docx,File Open,Sample content
FIL0001760,01/08/2026 11:01:05,USR0018,PC-USR0018-01,C:\Documents\work_doc_29.docx,File Open,Sample content
FIL0001761,01/08/2026 15:34:32,USR0019,PC-USR0019-01,C:\Documents\work_doc_26.docx,File Open,Sample content
FIL0001762,01/08/2026 13:55:39,USR0019,PC-USR0019-01,C:\Documents\work_doc_37.docx,File Open,Sample content
FIL0001763,01/08/2026 12:54:12,USR0019,PC-USR0019-01,C:\Documents\work_doc_43.docx,File Open,Sample content
FIL0001764,01/08/2026 16:17:22,USR0019,PC-USR0019-01,C:\Documents\work_doc_13.docx,File Open,Sample content
FIL0001765,01/08/2026 10:34:02,USR0019,PC-USR0019-01,C:\Documents\work_doc_12.docx,File Open,Sample content
FIL0001766,01/08/2026 12:34:18,USR0019,PC-USR0019-01,C:\Documents\work_doc_36.docx,File Open,Sample content
FIL0001767,01/08/2026 16:26:05,USR0019,PC-USR0019-01,C:\Documents\work_doc_41.docx,File Open,Sample content
FIL0001768,01/08/2026 13:19:16,USR0019,PC-USR0019-01,C:\Documents\work_doc_15.docx,File Open,Sample content
FIL0001769,01/08/2026 12:42:43,USR0019,PC-USR0019-01,C:\Documents\work_doc_50.docx,File Open,Sample content
FIL0001770,01/08/2026 16:57:14,USR0019,PC-USR0019-01,C:\Documents\work_doc_25.docx,File Open,Sample content
FIL0001771,01/08/2026 09:39:54,USR0019,PC-USR0019-01,C:\Documents\work_doc_4.docx,File Open,Sample content
FIL0001772,01/08/2026 14:28:21,USR0019,PC-USR0019-01,C:\Documents\work_doc_15.docx,File Open,Sample content
FIL0001773,01/08/2026 16:38:19,USR0019,PC-USR0019-01,C:\Documents\work_doc_29.docx,File Open,Sample content
FIL0001774,01/08/2026 15:48:13,USR0019,PC-USR0019-01,C:\Documents\work_doc_7.docx,File Open,Sample content
FIL0001775,01/08/2026 12:41:16,USR0019,PC-USR0019-01,C:\Documents\work_doc_12.docx,File Open,Sample content
FIL0001776,01/08/2026 13:30:53,USR0020,PC-USR0020-01,C:\Documents\work_doc_49.docx,File Open,Sample content
FIL0001777,01/08/2026 10:04:22,USR0020,PC-USR0020-01,C:\Documents\work_doc_21.docx,File Open,Sample content
FIL0001778,01/08/2026 11:54:11,USR0020,PC-USR0020-01,C:\Documents\work_doc_5.docx,File Open,Sample content
FIL0001779,01/08/2026 10:52:36,USR0020,PC-USR0020-01,C:\Documents\work_doc_22.docx,File Open,Sample content
FIL0001780,01/08/2026 10:28:05,USR0020,PC-USR0020-01,C:\Documents\work_doc_39.docx,File Open,Sample content
FIL0001781,01/08/2026 09:28:52,USR0020,PC-USR0020-01,C:\Documents\work_doc_2.docx,File Open,Sample content
FIL0001782,01/08/2026 15:29:30,USR0020,PC-USR0020-01,C:\Documents\work_doc_42.docx,File Open,Sample content
FIL0001783,01/08/2026 15:42:38,USR0020,PC-USR0020-01,C:\Documents\work_doc_13.docx,File Open,Sample content
FIL0001784,01/08/2026 10:13:06,USR0020,PC-USR0020-01,C:\Documents\work_doc_26.docx,File Open,Sample content
FIL0001785,01/08/2026 13:00:20,USR0021,PC-USR0021-01,C:\Documents\work_doc_4.docx,File Open,Sample content
FIL0001786,01/08/2026 10:35:06,USR0021,PC-USR0021-01,C:\Documents\work_doc_16.docx,File Open,Sample content
FIL0001787,01/08/2026 15:04:31,USR0021,PC-USR0021-01,C:\Documents\work_doc_3.docx,File Open,Sample content
FIL0001788,01/08/2026 09:02:17,USR0021,PC-USR0021-01,C:\Documents\work_doc_33.docx,File Open,Sample content
FIL0001789,01/08/2026 14:19:46,USR0021,PC-USR0021-01,C:\Documents\work_doc_43.docx,File Open,Sample content
FIL0001790,01/08/2026 10:46:54,USR0021,PC-USR0021-01,C:\Documents\work_doc_50.docx,File Open,Sample content
FIL0001791,01/08/2026 11:43:12,USR0021,PC-USR0021-01,C:\Documents\work_doc_43.docx,File Open,Sample content
FIL0001792,01/08/2026 13:32:59,USR0021,PC-USR0021-01,C:\Documents\work_doc_7.docx,File Open,Sample content
FIL0001793,01/08/2026 11:46:23,USR0022,PC-USR0022-01,C:\Documents\work_doc_15.docx,File Open,Sample content
FIL0001794,01/08/2026 09:13:03,USR0022,PC-USR0022-01,C:\Documents\work_doc_9.docx,File Open,Sample content
FIL0001795,01/08/2026 13:54:04,USR0022,PC-USR0022-01,C:\Documents\work_doc_15.docx,File Open,Sample content
FIL0001796,01/08/2026 09:00:07,USR0022,PC-USR0022-01,C:\Documents\work_doc_8.docx,File Open,Sample content
FIL0001797,01/08/2026 12:04:18,USR0022,PC-USR0022-01,C:\Documents\work_doc_28.docx,File Open,Sample content
FIL0001798,01/08/2026 13:53:19,USR0022,PC-USR0022-01,C:\Documents\work_doc_12.docx,File Open,Sample content
FIL0001799,01/08/2026 10:18:15,USR0022,PC-USR0022-01,C:\Documents\work_doc_30.docx,File Open,Sample content
FIL0001800,01/08/2026 16:32:43,USR0022,PC-USR0022-01,C:\Documents\work_doc_44.docx,File Open,Sample content
FIL0001801,01/08/2026 09:54:23,USR0022,PC-USR0022-01,C:\Documents\work_doc_22.docx,File Open,Sample content
FIL0001802,01/08/2026 11:47:08,USR0022,PC-USR0022-01,C:\Documents\work_doc_31.docx,File Open,Sample content
FIL0001803,01/08/2026 16:01:42,USR0022,PC-USR0022-01,C:\Documents\work_doc_9.docx,File Open,Sample content
FIL0001804,01/08/2026 15:03:47,USR0022,PC-USR0022-01,C:\Documents\work_doc_20.docx,File Open,Sample content
FIL0001805,01/08/2026 16:25:39,USR0022,PC-USR0022-01,C:\Documents\work_doc_42.docx,File Open,Sample content
FIL0001806,01/08/2026 16:39:37,USR0022,PC-USR0022-01,C:\Documents\work_doc_48.docx,File Open,Sample content
FIL0001807,01/08/2026 16:44:11,USR0022,PC-USR0022-01,C:\Documents\work_doc_23.docx,File Open,Sample content
FIL0001808,01/08/2026 15:42:37,USR0022,PC-USR0022-01,C:\Documents\work_doc_28.docx,File Open,Sample content
FIL0001809,01/08/2026 13:04:04,USR0022,PC-USR0022-01,C:\Documents\work_doc_14.docx,File Open,Sample content
FIL0001810,01/08/2026 12:17:57,USR0023,PC-USR0023-01,C:\Documents\work_doc_12.docx,File Open,Sample content
FIL0001811,01/08/2026 11:02:31,USR0023,PC-USR0023-01,C:\Documents\work_doc_3.docx,File Open,Sample content
FIL0001812,01/08/2026 13:13:05,USR0023,PC-USR0023-01,C:\Documents\work_doc_44.docx,File Open,Sample content
FIL0001813,01/08/2026 09:59:29,USR0023,PC-USR0023-01,C:\Documents\work_doc_30.docx,File Open,Sample content
FIL0001814,01/08/2026 11:10:09,USR0023,PC-USR0023-01,C:\Documents\work_doc_36.docx,File Open,Sample content
FIL0001815,01/08/2026 16:16:39,USR0023,PC-USR0023-01,C:\Documents\work_doc_39.docx,File Open,Sample content
FIL0001816,01/08/2026 14:58:32,USR0023,PC-USR0023-01,C:\Documents\work_doc_37.docx,File Open,Sample content
FIL0001817,01/08/2026 12:46:25,USR0023,PC-USR0023-01,C:\Documents\work_doc_32.docx,File Open,Sample content
FIL0001818,01/08/2026 13:10:34,USR0023,PC-USR0023-01,C:\Documents\work_doc_47.docx,File Open,Sample content
FIL0001819,01/08/2026 15:02:05,USR0023,PC-USR0023-01,C:\Documents\work_doc_32.docx,File Open,Sample content
FIL0001820,01/08/2026 15:56:44,USR0023,PC-USR0023-01,C:\Documents\work_doc_42.docx,File Open,Sample content
FIL0001821,01/08/2026 16:42:55,USR0023,PC-USR0023-01,C:\Documents\work_doc_34.docx,File Open,Sample content
FIL0001822,01/08/2026 16:13:57,USR0023,PC-USR0023-01,C:\Documents\work_doc_33.docx,File Open,Sample content
FIL0001823,01/08/2026 11:12:24,USR0024,PC-USR0024-01,C:\Documents\work_doc_18.docx,File Open,Sample content
FIL0001824,01/08/2026 13:36:45,USR0024,PC-USR0024-01,C:\Documents\work_doc_37.docx,File Open,Sample content
FIL0001825,01/08/2026 14:43:06,USR0024,PC-USR0024-01,C:\Documents\work_doc_19.docx,File Open,Sample content
FIL0001826,01/08/2026 12:28:42,USR0024,PC-USR0024-01,C:\Documents\work_doc_1.docx,File Open,Sample content
FIL0001827,01/08/2026 13:12:56,USR0024,PC-USR0024-01,C:\Documents\work_doc_44.docx,File Open,Sample content
FIL0001828,01/08/2026 13:09:18,USR0024,PC-USR0024-01,C:\Documents\work_doc_39.docx,File Open,Sample content
FIL0001829,01/08/2026 10:54:26,USR0024,PC-USR0024-01,C:\Documents\work_doc_10.docx,File Open,Sample content
FIL0001830,01/08/2026 15:12:07,USR0024,PC-USR0024-01,C:\Documents\work_doc_32.docx,File Open,Sample content
FIL0001831,01/08/2026 16:30:48,USR0024,PC-USR0024-01,C:\Documents\work_doc_18.docx,File Open,Sample content
FIL0001832,01/08/2026 13:09:11,USR0024,PC-USR0024-01,C:\Documents\work_doc_10.docx,File Open,Sample content
FIL0001833,01/08/2026 14:25:12,USR0025,PC-USR0025-01,C:\Documents\work_doc_27.docx,File Open,Sample content
FIL0001834,01/08/2026 09:13:32,USR0025,PC-USR0025-01,C:\Documents\work_doc_22.docx,File Open,Sample content
FIL0001835,01/08/2026 14:10:32,USR0025,PC-USR0025-01,C:\Documents\work_doc_49.docx,File Open,Sample content
FIL0001836,01/08/2026 11:12:07,USR0025,PC-USR0025-01,C:\Documents\work_doc_14.docx,File Open,Sample content
FIL0001837,01/08/2026 11:39:39,USR0025,PC-USR0025-01,C:\Documents\work_doc_28.docx,File Open,Sample content
FIL0001838,01/08/2026 16:32:13,USR0025,PC-USR0025-01,C:\Documents\work_doc_20.docx,File Open,Sample content
FIL0001839,01/09/2026 16:58:00,AAE0190,PC-AAE0190-01,C:\Documents\work_doc_50.docx,File Open,Sample content
FIL0001840,01/09/2026 11:51:53,AAE0190,PC-AAE0190-01,C:\Documents\work_doc_43.docx,File Open,Sample content
FIL0001841,01/09/2026 14:28:38,AAE0190,PC-AAE0190-01,C:\Documents\work_doc_21.docx,File Open,Sample content
FIL0001842,01/09/2026 12:50:22,AAE0190,PC-AAE0190-01,C:\Documents\work_doc_28.docx,File Open,Sample content
FIL0001843,01/09/2026 13:17:42,AAE0190,PC-AAE0190-01,C:\Documents\work_doc_5.docx,File Open,Sample content
FIL0001844,01/09/2026 10:38:41,AAE0190,PC-AAE0190-01,C:\Documents\work_doc_44.docx,File Open,Sample content
FIL0001845,01/09/2026 12:22:18,AAE0190,PC-AAE0190-01,C:\Documents\work_doc_50.docx,File Open,Sample content
FIL0001846,01/09/2026 16:44:11,AAE0190,PC-AAE0190-01,C:\Documents\work_doc_34.docx,File Open,Sample content
FIL0001847,01/09/2026 15:15:37,AAE0190,PC-AAE0190-01,C:\Documents\work_doc_37.docx,File Open,Sample content
FIL0001848,01/09/2026 15:10:19,AAE0190,PC-AAE0190-01,C:\Documents\work_doc_2.docx,File Open,Sample content
FIL0001849,01/09/2026 11:14:32,AAE0190,PC-AAE0190-01,C:\Documents\work_doc_45.docx,File Open,Sample content
FIL0001850,01/09/2026 13:39:09,AAE0190,PC-AAE0190-01,C:\Documents\work_doc_4.docx,File Open,Sample content
FIL0001851,01/09/2026 12:04:30,AAE0190,PC-AAE0190-01,C:\Documents\work_doc_41.docx,File Open,Sample content
FIL0001852,01/09/2026 14:39:04,AAE0190,PC-AAE0190-01,C:\Documents\work_doc_17.docx,File Open,Sample content
FIL0001853,01/09/2026 14:00:38,AAE0190,PC-AAE0190-01,C:\Documents\work_doc_3.docx,File Open,Sample content
FIL0001854,01/09/2026 09:41:12,AAE0190,PC-AAE0190-01,C:\Documents\work_doc_40.docx,File Open,Sample content
FIL0001855,01/09/2026 14:49:30,AAE0190,PC-AAE0190-01,C:\Documents\work_doc_9.docx,File Open,Sample content
FIL0001856,01/09/2026 15:37:39,USR0002,PC-USR0002-01,C:\Documents\work_doc_9.docx,File Open,Sample content
FIL0001857,01/09/2026 11:26:38,USR0002,PC-USR0002-01,C:\Documents\work_doc_43.docx,File Open,Sample content
FIL0001858,01/09/2026 10:52:23,USR0002,PC-USR0002-01,C:\Documents\work_doc_25.docx,File Open,Sample content
FIL0001859,01/09/2026 13:38:01,USR0002,PC-USR0002-01,C:\Documents\work_doc_28.docx,File Open,Sample content
FIL0001860,01/09/2026 09:54:33,USR0002,PC-USR0002-01,C:\Documents\work_doc_42.docx,File Open,Sample content
FIL0001861,01/09/2026 11:31:27,USR0002,PC-USR0002-01,C:\Documents\work_doc_8.docx,File Open,Sample content
FIL0001862,01/09/2026 15:27:18,USR0003,PC-USR0003-01,C:\Documents\work_doc_47.docx,File Open,Sample content
FIL0001863,01/09/2026 14:42:52,USR0003,PC-USR0003-01,C:\Documents\work_doc_14.docx,File Open,Sample content
FIL0001864,01/09/2026 15:09:53,USR0003,PC-USR0003-01,C:\Documents\work_doc_37.docx,File Open,Sample content
FIL0001865,01/09/2026 11:07:48,USR0003,PC-USR0003-01,C:\Documents\work_doc_45.docx,File Open,Sample content
FIL0001866,01/09/2026 12:56:46,USR0003,PC-USR0003-01,C:\Documents\work_doc_22.docx,File Open,Sample content
FIL0001867,01/09/2026 09:40:54,USR0003,PC-USR0003-01,C:\Documents\work_doc_7.docx,File Open,Sample content
FIL0001868,01/09/2026 10:15:17,USR0003,PC-USR0003-01,C:\Documents\work_doc_17.docx,File Open,Sample content
FIL0001869,01/09/2026 15:34:58,USR0003,PC-USR0003-01,C:\Documents\work_doc_45.docx,File Open,Sample content
FIL0001870,01/09/2026 14:01:37,USR0003,PC-USR0003-01,C:\Documents\work_doc_9.docx,File Open,Sample content
FIL0001871,01/09/2026 10:53:52,USR0003,PC-USR0003-01,C:\Documents\work_doc_34.docx,File Open,Sample content
FIL0001872,01/09/2026 13:32:37,USR0003,PC-USR0003-01,C:\Documents\work_doc_38.docx,File Open,Sample content
FIL0001873,01/09/2026 13:22:17,USR0003,PC-USR0003-01,C:\Documents\work_doc_43.docx,File Open,Sample content
FIL0001874,01/09/2026 13:47:38,USR0003,PC-USR0003-01,C:\Documents\work_doc_29.docx,File Open,Sample content
FIL0001875,01/09/2026 11:22:18,USR0003,PC-USR0003-01,C:\Documents\work_doc_30.docx,File Open,Sample content
FIL0001876,01/09/2026 11:42:57,USR0003,PC-USR0003-01,C:\Documents\work_doc_49.docx,File Open,Sample content
FIL0001877,01/09/2026 09:18:31,USR0003,PC-USR0003-01,C:\Documents\work_doc_17.docx,File Open,Sample content
FIL0001878,01/09/2026 13:08:43,USR0003,PC-USR0003-01,C:\Documents\work_doc_7.docx,File Open,Sample content
FIL0001879,01/09/2026 16:53:23,USR0003,PC-USR0003-01,C:\Documents\work_doc_27.docx,File Open,Sample content
FIL0001880,01/09/2026 12:36:16,USR0003,PC-USR0003-01,C:\Documents\work_doc_38.docx,File Open,Sample content
FIL0001881,01/09/2026 10:58:57,USR0004,PC-USR0004-01,C:\Documents\work_doc_11.docx,File Open,Sample content
FIL0001882,01/09/2026 14:31:39,USR0004,PC-USR0004-01,C:\Documents\work_doc_35.docx,File Open,Sample content
FIL0001883,01/09/2026 15:59:38,USR0004,PC-USR0004-01,C:\Documents\work_doc_5.docx,File Open,Sample content
FIL0001884,01/09/2026 09:09:19,USR0004,PC-USR0004-01,C:\Documents\work_doc_8.docx,File Open,Sample content
FIL0001885,01/09/2026 11:30:48,USR0004,PC-USR0004-01,C:\Documents\work_doc_11.docx,File Open,Sample content
FIL0001886,01/09/2026 13:18:41,USR0004,PC-USR0004-01,C:\Documents\work_doc_40.docx,File Open,Sample content
FIL0001887,01/09/2026 14:11:02,USR0004,PC-USR0004-01,C:\Documents\work_doc_29.docx,File Open,Sample content
FIL0001888,01/09/2026 15:36:37,USR0004,PC-USR0004-01,C:\Documents\work_doc_41.docx,File Open,Sample content
FIL0001889,01/09/2026 10:22:09,USR0004,PC-USR0004-01,C:\Documents\work_doc_35.docx,File Open,Sample content
FIL0001890,01/09/2026 15:30:04,USR0005,PC-USR0005-01,C:\Documents\work_doc_42.docx,File Open,Sample content
FIL0001891,01/09/2026 11:29:21,USR0005,PC-USR0005-01,C:\Documents\work_doc_11.docx,File Open,Sample content
FIL0001892,01/09/2026 12:28:57,USR0005,PC-USR0005-01,C:\Documents\work_doc_7.docx,File Open,Sample content
FIL0001893,01/09/2026 09:56:00,USR0005,PC-USR0005-01,C:\Documents\work_doc_47.docx,File Open,Sample content
FIL0001894,01/09/2026 11:46:50,USR0005,PC-USR0005-01,C:\Documents\work_doc_40.docx,File Open,Sample content
FIL0001895,01/09/2026 14:55:39,USR0005,PC-USR0005-01,C:\Documents\work_doc_42.docx,File Open,Sample content
FIL0001896,01/09/2026 15:12:20,USR0005,PC-USR0005-01,C:\Documents\work_doc_5.docx,File Open,Sample content
FIL0001897,01/09/2026 16:22:28,USR0005,PC-USR0005-01,C:\Documents\work_doc_4.docx,File Open,Sample content
FIL0001898,01/09/2026 14:13:52,USR0005,PC-USR0005-01,C:\Documents\work_doc_12.docx,File Open,Sample content
FIL0001899,01/09/2026 09:36:45,USR0005,PC-USR0005-01,C:\Documents\work_doc_16.docx,File Open,Sample content
FIL0001900,01/09/2026 15:04:14,USR0005,PC-USR0005-01,C:\Documents\work_doc_44.docx,File Open,Sample content
FIL0001901,01/09/2026 09:04:18,USR0005,PC-USR0005-01,C:\Documents\work_doc_20.docx,File Open,Sample content
FIL0001902,01/09/2026 15:17:50,USR0005,PC-USR0005-01,C:\Documents\work_doc_7.docx,File Open,Sample content
FIL0001903,01/09/2026 16:10:45,USR0005,PC-USR0005-01,C:\Documents\work_doc_37.docx,File Open,Sample content
FIL0001904,01/09/2026 13:14:24,USR0006,PC-USR0006-01,C:\Documents\work_doc_27.docx,File Open,Sample content
FIL0001905,01/09/2026 14:48:54,USR0006,PC-USR0006-01,C:\Documents\work_doc_37.docx,File Open,Sample content
FIL0001906,01/09/2026 13:22:57,USR0006,PC-USR0006-01,C:\Documents\work_doc_13.docx,File Open,Sample content
FIL0001907,01/09/2026 11:13:08,USR0006,PC-USR0006-01,C:\Documents\work_doc_16.docx,File Open,Sample content
FIL0001908,01/09/2026 13:50:21,USR0006,PC-USR0006-01,C:\Documents\work_doc_47.docx,File Open,Sample content
FIL0001909,01/09/2026 12:13:22,USR0006,PC-USR0006-01,C:\Documents\work_doc_25.docx,File Open,Sample content
FIL0001910,01/09/2026 15:32:51,USR0006,PC-USR0006-01,C:\Documents\work_doc_11.docx,File Open,Sample content
FIL0001911,01/09/2026 11:49:48,USR0006,PC-USR0006-01,C:\Documents\work_doc_34.docx,File Open,Sample content
FIL0001912,01/09/2026 15:27:02,USR0007,PC-USR0007-01,C:\Documents\work_doc_25.docx,File Open,Sample content
FIL0001913,01/09/2026 14:01:32,USR0007,PC-USR0007-01,C:\Documents\work_doc_24.docx,File Open,Sample content
FIL0001914,01/09/2026 11:27:05,USR0007,PC-USR0007-01,C:\Documents\work_doc_4.docx,File Open,Sample content
FIL0001915,01/09/2026 15:32:39,USR0007,PC-USR0007-01,C:\Documents\work_doc_27.docx,File Open,Sample content
FIL0001916,01/09/2026 14:22:55,USR0007,PC-USR0007-01,C:\Documents\work_doc_48.docx,File Open,Sample content
FIL0001917,01/09/2026 12:08:24,USR0007,PC-USR0007-01,C:\Documents\work_doc_49.docx,File Open,Sample content
FIL0001918,01/09/2026 13:31:17,USR0007,PC-USR0007-01,C:\Documents\work_doc_7.docx,File Open,Sample content
FIL0001919,01/09/2026 13:04:11,USR0007,PC-USR0007-01,C:\Documents\work_doc_44.docx,File Open,Sample content
FIL0001920,01/09/2026 13:00:43,USR0007,PC-USR0007-01,C:\Documents\work_doc_49.docx,File Open,Sample content
FIL0001921,01/09/2026 13:12:36,USR0007,PC-USR0007-01,C:\Documents\work_doc_28.docx,File Open,Sample content
FIL0001922,01/09/2026 13:32:54,USR0007,PC-USR0007-01,C:\Documents\work_doc_14.docx,File Open,Sample content
FIL0001923,01/09/2026 14:37:50,USR0007,PC-USR0007-01,C:\Documents\work_doc_50.docx,File Open,Sample content
FIL0001924,01/09/2026 15:03:00,USR0007,PC-USR0007-01,C:\Documents\work_doc_1.docx,File Open,Sample content
FIL0001925,01/09/2026 10:35:42,USR0007,PC-USR0007-01,C:\Documents\work_doc_44.docx,File Open,Sample content
FIL0001926,01/09/2026 11:00:57,USR0007,PC-USR0007-01,C:\Documents\work_doc_33.docx,File Open,Sample content
FIL0001927,01/09/2026 16:06:24,USR0007,PC-USR0007-01,C:\Documents\work_doc_41.docx,File Open,Sample content
FIL0001928,01/09/2026 12:33:56,USR0007,PC-USR0007-01,C:\Documents\work_doc_36.docx,File Open,Sample content
FIL0001929,01/09/2026 09:27:25,USR0008,PC-USR0008-01,C:\Documents\work_doc_26.docx,File Open,Sample content
FIL0001930,01/09/2026 13:57:27,USR0008,PC-USR0008-01,C:\Documents\work_doc_45.docx,File Open,Sample content
FIL0001931,01/09/2026 14:06:53,USR0008,PC-USR0008-01,C:\Documents\work_doc_33.docx,File Open,Sample content
FIL0001932,01/09/2026 13:30:32,USR0008,PC-USR0008-01,C:\Documents\work_doc_33.docx,File Open,Sample content
FIL0001933,01/09/2026 16:45:57,USR0008,PC-USR0008-01,C:\Documents\work_doc_42.docx,File Open,Sample content
FIL0001934,01/09/2026 16:33:35,USR0008,PC-USR0008-01,C:\Documents\work_doc_33.docx,File Open,Sample content
FIL0001935,01/09/2026 13:22:54,USR0008,PC-USR0008-01,C:\Documents\work_doc_33.docx,File Open,Sample content
FIL0001936,01/09/2026 12:02:23,USR0009,PC-USR0009-01,C:\Documents\work_doc_14.docx,File Open,Sample content
FIL0001937,01/09/2026 16:17:02,USR0009,PC-USR0009-01,C:\Documents\work_doc_43.docx,File Open,Sample content
FIL0001938,01/09/2026 15:10:16,USR0009,PC-USR0009-01,C:\Documents\work_doc_9.docx,File Open,Sample content
FIL0001939,01/09/2026 15:07:03,USR0009,PC-USR0009-01,C:\Documents\work_doc_46.docx,File Open,Sample content
FIL0001940,01/09/2026 12:15:09,USR0009,PC-USR0009-01,C:\Documents\work_doc_18.docx,File Open,Sample content
FIL0001941,01/09/2026 16:31:12,USR0009,PC-USR0009-01,C:\Documents\work_doc_25.docx,File Open,Sample content
FIL0001942,01/09/2026 14:06:33,USR0009,PC-USR0009-01,C:\Documents\work_doc_35.docx,File Open,Sample content
FIL0001943,01/09/2026 13:49:38,USR0009,PC-USR0009-01,C:\Documents\work_doc_8.docx,File Open,Sample content
FIL0001944,01/09/2026 15:48:25,USR0009,PC-USR0009-01,C:\Documents\work_doc_6.docx,File Open,Sample content
FIL0001945,01/09/2026 12:09:37,USR0009,PC-USR0009-01,C:\Documents\work_doc_20.docx,File Open,Sample content
FIL0001946,01/09/2026 09:25:15,USR0009,PC-USR0009-01,C:\Documents\work_doc_24.docx,File Open,Sample content
FIL0001947,01/09/2026 16:11:16,USR0009,PC-USR0009-01,C:\Documents\work_doc_30.docx,File Open,Sample content
FIL0001948,01/09/2026 12:54:50,USR0010,PC-USR0010-01,C:\Documents\work_doc_16.docx,File Open,Sample content
FIL0001949,01/09/2026 09:39:57,USR0010,PC-USR0010-01,C:\Documents\work_doc_35.docx,File Open,Sample content
FIL0001950,01/09/2026 12:06:16,USR0010,PC-USR0010-01,C:\Documents\work_doc_24.docx,File Open,Sample content
FIL0001951,01/09/2026 11:15:31,USR0010,PC-USR0010-01,C:\Documents\work_doc_35.docx,File Open,Sample content
FIL0001952,01/09/2026 09:13:19,USR0010,PC-USR0010-01,C:\Documents\work_doc_25.docx,File Open,Sample content
FIL0001953,01/09/2026 12:51:12,USR0010,PC-USR0010-01,C:\Documents\work_doc_48.docx,File Open,Sample content
FIL0001954,01/09/2026 11:32:28,USR0010,PC-USR0010-01,C:\Documents\work_doc_17.docx,File Open,Sample content
FIL0001955,01/09/2026 11:51:23,USR0010,PC-USR0010-01,C:\Documents\work_doc_27.docx,File Open,Sample content
FIL0001956,01/09/2026 10:53:32,USR0011,PC-USR0011-01,C:\Documents\work_doc_31.docx,File Open,Sample content
FIL0001957,01/09/2026 12:13:03,USR0011,PC-USR0011-01,C:\Documents\work_doc_2.docx,File Open,Sample content
FIL0001958,01/09/2026 11:31:40,USR0011,PC-USR0011-01,C:\Documents\work_doc_25.docx,File Open,Sample content
FIL0001959,01/09/2026 12:45:08,USR0011,PC-USR0011-01,C:\Documents\work_doc_30.docx,File Open,Sample content
FIL0001960,01/09/2026 11:10:13,USR0011,PC-USR0011-01,C:\Documents\work_doc_32.docx,File Open,Sample content
FIL0001961,01/09/2026 12:53:27,USR0011,PC-USR0011-01,C:\Documents\work_doc_40.docx,File Open,Sample content
FIL0001962,01/09/2026 13:35:52,USR0012,PC-USR0012-01,C:\Documents\work_doc_44.docx,File Open,Sample content
FIL0001963,01/09/2026 16:17:24,USR0012,PC-USR0012-01,C:\Documents\work_doc_8.docx,File Open,Sample content
FIL0001964,01/09/2026 11:15:42,USR0012,PC-USR0012-01,C:\Documents\work_doc_6.docx,File Open,Sample content
FIL0001965,01/09/2026 09:02:09,USR0012,PC-USR0012-01,C:\Documents\work_doc_19.docx,File Open,Sample content
FIL0001966,01/09/2026 10:23:21,USR0012,PC-USR0012-01,C:\Documents\work_doc_8.docx,File Open,Sample content
FIL0001967,01/09/2026 16:54:58,USR0012,PC-USR0012-01,C:\Documents\work_doc_21.docx,File Open,Sample content
FIL0001968,01/09/2026 15:57:13,USR0012,PC-USR0012-01,C:\Documents\work_doc_29.docx,File Open,Sample content
FIL0001969,01/09/2026 12:21:13,USR0012,PC-USR0012-01,C:\Documents\work_doc_13.docx,File Open,Sample content
FIL0001970,01/09/2026 14:12:54,USR0013,PC-USR0013-01,C:\Documents\work_doc_46.docx,File Open,Sample content
FIL0001971,01/09/2026 15:27:31,USR0013,PC-USR0013-01,C:\Documents\work_doc_6.docx,File Open,Sample content
FIL0001972,01/09/2026 12:25:19,USR0013,PC-USR0013-01,C:\Documents\work_doc_27.docx,File Open,Sample content
FIL0001973,01/09/2026 12:21:05,USR0013,PC-USR0013-01,C:\Documents\work_doc_48.docx,File Open,Sample content
FIL0001974,01/09/2026 13:20:10,USR0013,PC-USR0013-01,C:\Documents\work_doc_12.docx,File Open,Sample content
FIL0001975,01/09/2026 11:13:08,USR0013,PC-USR0013-01,C:\Documents\work_doc_21.docx,File Open,Sample content
FIL0001976,01/09/2026 12:53:19,USR0013,PC-USR0013-01,C:\Documents\work_doc_33.docx,File Open,Sample content
FIL0001977,01/09/2026 14:46:11,USR0013,PC-USR0013-01,C:\Documents\work_doc_46.docx,File Open,Sample content
FIL0001978,01/09/2026 16:48:39,USR0013,PC-USR0013-01,C:\Documents\work_doc_37.docx,File Open,Sample content
FIL0001979,01/09/2026 12:45:16,USR0013,PC-USR0013-01,C:\Documents\work_doc_39.docx,File Open,Sample content
FIL0001980,01/09/2026 15:22:28,USR0013,PC-USR0013-01,C:\Documents\work_doc_30.docx,File Open,Sample content
FIL0001981,01/09/2026 14:35:15,USR0013,PC-USR0013-01,C:\Documents\work_doc_42.docx,File Open,Sample content
FIL0001982,01/09/2026 12:22:11,USR0013,PC-USR0013-01,C:\Documents\work_doc_8.docx,File Open,Sample content
FIL0001983,01/09/2026 16:00:43,USR0013,PC-USR0013-01,C:\Documents\work_doc_25.docx,File Open,Sample content
FIL0001984,01/09/2026 13:00:27,USR0013,PC-USR0013-01,C:\Documents\work_doc_19.docx,File Open,Sample content
FIL0001985,01/09/2026 10:09:12,USR0013,PC-USR0013-01,C:\Documents\work_doc_45.docx,File Open,Sample content
FIL0001986,01/09/2026 10:20:17,USR0013,PC-USR0013-01,C:\Documents\work_doc_3.docx,File Open,Sample content
FIL0001987,01/09/2026 09:40:21,USR0014,PC-USR0014-01,C:\Documents\work_doc_1.docx,File Open,Sample content
FIL0001988,01/09/2026 16:48:17,USR0014,PC-USR0014-01,C:\Documents\work_doc_37.docx,File Open,Sample content
FIL0001989,01/09/2026 14:03:55,USR0014,PC-USR0014-01,C:\Documents\work_doc_19.docx,File Open,Sample content
FIL0001990,01/09/2026 13:15:54,USR0014,PC-USR0014-01,C:\Documents\work_doc_11.docx,File Open,Sample content
FIL0001991,01/09/2026 16:06:52,USR0014,PC-USR0014-01,C:\Documents\work_doc_38.docx,File Open,Sample content
FIL0001992,01/09/2026 11:36:35,USR0014,PC-USR0014-01,C:\Documents\work_doc_42.docx,File Open,Sample content
FIL0001993,01/09/2026 09:09:45,USR0014,PC-USR0014-01,C:\Documents\work_doc_34.docx,File Open,Sample content
FIL0001994,01/09/2026 13:41:16,USR0014,PC-USR0014-01,C:\Documents\work_doc_49.docx,File Open,Sample content
FIL0001995,01/09/2026 10:50:50,USR0014,PC-USR0014-01,C:\Documents\work_doc_27.docx,File Open,Sample content
FIL0001996,01/09/2026 10:43:24,USR0014,PC-USR0014-01,C:\Documents\work_doc_38.docx,File Open,Sample content
FIL0001997,01/09/2026 12:43:26,USR0014,PC-USR0014-01,C:\Documents\work_doc_12.docx,File Open,Sample content
FIL0001998,01/09/2026 11:51:56,USR0015,PC-USR0015-01,C:\Documents\work_doc_27.docx,File Open,Sample content
FIL0001999,01/09/2026 11:23:46,USR0015,PC-USR0015-01,C:\Documents\work_doc_22.docx,File Open,Sample content
FIL0002000,01/09/2026 11:22:29,USR0015,PC-USR0015-01,C:\Documents\work_doc_27.docx,File Open,Sample content
FIL0002001,01/09/2026 10:22:01,USR0015,PC-USR0015-01,C:\Documents\work_doc_46.docx,File Open,Sample content
FIL0002002,01/09/2026 12:12:22,USR0015,PC-USR0015-01,C:\Documents\work_doc_39.docx,File Open,Sample content
FIL0002003,01/09/2026 13:34:03,USR0015,PC-USR0015-01,C:\Documents\work_doc_34.docx,File Open,Sample content
FIL0002004,01/09/2026 15:04:32,USR0015,PC-USR0015-01,C:\Documents\work_doc_28.docx,File Open,Sample content
FIL0002005,01/09/2026 12:48:00,USR0015,PC-USR0015-01,C:\Documents\work_doc_17.docx,File Open,Sample content
FIL0002006,01/09/2026 12:17:09,USR0015,PC-USR0015-01,C:\Documents\work_doc_11.docx,File Open,Sample content
FIL0002007,01/09/2026 16:34:23,USR0015,PC-USR0015-01,C:\Documents\work_doc_14.docx,File Open,Sample content
FIL0002008,01/09/2026 11:52:55,USR0015,PC-USR0015-01,C:\Documents\work_doc_8.docx,File Open,Sample content
FIL0002009,01/09/2026 09:04:45,USR0015,PC-USR0015-01,C:\Documents\work_doc_16.docx,File Open,Sample content
FIL0002010,01/09/2026 12:57:37,USR0015,PC-USR0015-01,C:\Documents\work_doc_35.docx,File Open,Sample content
FIL0002011,01/09/2026 12:00:36,USR0015,PC-USR0015-01,C:\Documents\work_doc_1.docx,File Open,Sample content
FIL0002012,01/09/2026 13:00:03,USR0015,PC-USR0015-01,C:\Documents\work_doc_16.docx,File Open,Sample content
FIL0002013,01/09/2026 16:59:52,USR0015,PC-USR0015-01,C:\Documents\work_doc_27.docx,File Open,Sample content
FIL0002014,01/09/2026 14:35:19,USR0015,PC-USR0015-01,C:\Documents\work_doc_48.docx,File Open,Sample content
FIL0002015,01/09/2026 09:06:57,USR0015,PC-USR0015-01,C:\Documents\work_doc_20.docx,File Open,Sample content
FIL0002016,01/09/2026 09:56:21,USR0015,PC-USR0015-01,C:\Documents\work_doc_28.docx,File Open,Sample content
FIL0002017,01/09/2026 14:47:00,USR0015,PC-USR0015-01,C:\Documents\work_doc_10.docx,File Open,Sample content
FIL0002018,01/09/2026 16:31:55,USR0016,PC-USR0016-01,C:\Documents\work_doc_37.docx,File Open,Sample content
FIL0002019,01/09/2026 15:03:55,USR0016,PC-USR0016-01,C:\Documents\work_doc_27.docx,File Open,Sample content
FIL0002020,01/09/2026 15:28:42,USR0016,PC-USR0016-01,C:\Documents\work_doc_46.docx,File Open,Sample content
FIL0002021,01/09/2026 13:46:58,USR0016,PC-USR0016-01,C:\Documents\work_doc_12.docx,File Open,Sample content
FIL0002022,01/09/2026 09:21:43,USR0016,PC-USR0016-01,C:\Documents\work_doc_45.docx,File Open,Sample content
FIL0002023,01/09/2026 09:42:52,USR0016,PC-USR0016-01,C:\Documents\work_doc_21.docx,File Open,Sample content
FIL0002024,01/09/2026 16:34:18,USR0016,PC-USR0016-01,C:\Documents\work_doc_26.docx,File Open,Sample content
FIL0002025,01/09/2026 11:09:52,USR0016,PC-USR0016-01,C:\Documents\work_doc_5.docx,File Open,Sample content
FIL0002026,01/09/2026 15:13:16,USR0016,PC-USR0016-01,C:\Documents\work_doc_50.docx,File Open,Sample content
FIL0002027,01/09/2026 15:21:05,USR0016,PC-USR0016-01,C:\Documents\work_doc_35.docx,File Open,Sample content
FIL0002028,01/09/2026 16:15:27,USR0017,PC-USR0017-01,C:\Documents\work_doc_27.docx,File Open,Sample content
FIL0002029,01/09/2026 13:36:31,USR0017,PC-USR0017-01,C:\Documents\work_doc_3.docx,File Open,Sample content
FIL0002030,01/09/2026 15:41:39,USR0017,PC-USR0017-01,C:\Documents\work_doc_21.docx,File Open,Sample content
FIL0002031,01/09/2026 09:46:46,USR0017,PC-USR0017-01,C:\Documents\work_doc_44.docx,File Open,Sample content
FIL0002032,01/09/2026 10:36:52,USR0017,PC-USR0017-01,C:\Documents\work_doc_26.docx,File Open,Sample content
FIL0002033,01/09/2026 15:35:36,USR0018,PC-USR0018-01,C:\Documents\work_doc_7.docx,File Open,Sample content
FIL0002034,01/09/2026 14:57:44,USR0018,PC-USR0018-01,C:\Documents\work_doc_41.docx,File Open,Sample content
FIL0002035,01/09/2026 12:13:58,USR0018,PC-USR0018-01,C:\Documents\work_doc_26.docx,File Open,Sample content
FIL0002036,01/09/2026 14:39:48,USR0018,PC-USR0018-01,C:\Documents\work_doc_29.docx,File Open,Sample content
FIL0002037,01/09/2026 13:31:56,USR0018,PC-USR0018-01,C:\Documents\work_doc_3.docx,File Open,Sample content
FIL0002038,01/09/2026 10:18:32,USR0018,PC-USR0018-01,C:\Documents\work_doc_30.docx,File Open,Sample content
FIL0002039,01/09/2026 10:38:11,USR0018,PC-USR0018-01,C:\Documents\work_doc_45.docx,File Open,Sample content
FIL0002040,01/09/2026 09:55:32,USR0018,PC-USR0018-01,C:\Documents\work_doc_15.docx,File Open,Sample content
FIL0002041,01/09/2026 12:33:56,USR0018,PC-USR0018-01,C:\Documents\work_doc_9.docx,File Open,Sample content
FIL0002042,01/09/2026 15:22:27,USR0018,PC-USR0018-01,C:\Documents\work_doc_8.docx,File Open,Sample content
FIL0002043,01/09/2026 16:34:40,USR0018,PC-USR0018-01,C:\Documents\work_doc_50.docx,File Open,Sample content
FIL0002044,01/09/2026 15:34:56,USR0018,PC-USR0018-01,C:\Documents\work_doc_5.docx,File Open,Sample content
FIL0002045,01/09/2026 11:24:25,USR0018,PC-USR0018-01,C:\Documents\work_doc_27.docx,File Open,Sample content
FIL0002046,01/09/2026 10:24:46,USR0018,PC-USR0018-01,C:\Documents\work_doc_37.docx,File Open,Sample content
FIL0002047,01/09/2026 09:13:33,USR0019,PC-USR0019-01,C:\Documents\work_doc_28.docx,File Open,Sample content
FIL0002048,01/09/2026 13:41:55,USR0019,PC-USR0019-01,C:\Documents\work_doc_45.docx,File Open,Sample content
FIL0002049,01/09/2026 16:56:14,USR0019,PC-USR0019-01,C:\Documents\work_doc_10.docx,File Open,Sample content
FIL0002050,01/09/2026 11:13:57,USR0019,PC-USR0019-01,C:\Documents\work_doc_9.docx,File Open,Sample content
FIL0002051,01/09/2026 11:16:10,USR0019,PC-USR0019-01,C:\Documents\work_doc_28.docx,File Open,Sample content
FIL0002052,01/09/2026 12:28:55,USR0019,PC-USR0019-01,C:\Documents\work_doc_36.docx,File Open,Sample content
FIL0002053,01/09/2026 12:25:32,USR0019,PC-USR0019-01,C:\Documents\work_doc_48.docx,File Open,Sample content
FIL0002054,01/09/2026 10:10:21,USR0019,PC-USR0019-01,C:\Documents\work_doc_17.docx,File Open,Sample content
FIL0002055,01/09/2026 10:18:21,USR0019,PC-USR0019-01,C:\Documents\work_doc_9.docx,File Open,Sample content
FIL0002056,01/09/2026 16:52:34,USR0019,PC-USR0019-01,C:\Documents\work_doc_18.docx,File Open,Sample content
FIL0002057,01/09/2026 16:22:39,USR0019,PC-USR0019-01,C:\Documents\work_doc_1.docx,File Open,Sample content
FIL0002058,01/09/2026 13:16:29,USR0019,PC-USR0019-01,C:\Documents\work_doc_19.docx,File Open,Sample content
FIL0002059,01/09/2026 10:28:27,USR0019,PC-USR0019-01,C:\Documents\work_doc_20.docx,File Open,Sample content
FIL0002060,01/09/2026 12:17:17,USR0019,PC-USR0019-01,C:\Documents\work_doc_5.docx,File Open,Sample content
FIL0002061,01/09/2026 09:22:29,USR0019,PC-USR0019-01,C:\Documents\work_doc_38.docx,File Open,Sample content
FIL0002062,01/09/2026 13:42:46,USR0019,PC-USR0019-01,C:\Documents\work_doc_3.docx,File Open,Sample content
FIL0002063,01/09/2026 15:44:20,USR0019,PC-USR0019-01,C:\Documents\work_doc_12.docx,File Open,Sample content
FIL0002064,01/09/2026 14:13:11,USR0019,PC-USR0019-01,C:\Documents\work_doc_38.docx,File Open,Sample content
FIL0002065,01/09/2026 12:40:08,USR0019,PC-USR0019-01,C:\Documents\work_doc_18.docx,File Open,Sample content
FIL0002066,01/09/2026 13:53:17,USR0019,PC-USR0019-01,C:\Documents\work_doc_43.docx,File Open,Sample content
FIL0002067,01/09/2026 12:38:12,USR0020,PC-USR0020-01,C:\Documents\work_doc_6.docx,File Open,Sample content
FIL0002068,01/09/2026 14:55:53,USR0020,PC-USR0020-01,C:\Documents\work_doc_47.docx,File Open,Sample content
FIL0002069,01/09/2026 15:24:46,USR0020,PC-USR0020-01,C:\Documents\work_doc_46.docx,File Open,Sample content
FIL0002070,01/09/2026 14:16:56,USR0020,PC-USR0020-01,C:\Documents\work_doc_37.docx,File Open,Sample content
FIL0002071,01/09/2026 12:16:58,USR0020,PC-USR0020-01,C:\Documents\work_doc_30.docx,File Open,Sample content
FIL0002072,01/09/2026 10:50:09,USR0020,PC-USR0020-01,C:\Documents\work_doc_50.docx,File Open,Sample content
FIL0002073,01/09/2026 15:33:35,USR0020,PC-USR0020-01,C:\Documents\work_doc_33.docx,File Open,Sample content
FIL0002074,01/09/2026 10:00:30,USR0020,PC-USR0020-01,C:\Documents\work_doc_41.docx,File Open,Sample content
FIL0002075,01/09/2026 15:45:40,USR0020,PC-USR0020-01,C:\Documents\work_doc_43.docx,File Open,Sample content
FIL0002076,01/09/2026 12:11:03,USR0020,PC-USR0020-01,C:\Documents\work_doc_6.docx,File Open,Sample content
FIL0002077,01/09/2026 16:02:40,USR0020,PC-USR0020-01,C:\Documents\work_doc_14.docx,File Open,Sample content
FIL0002078,01/09/2026 09:31:40,USR0020,PC-USR0020-01,C:\Documents\work_doc_50.docx,File Open,Sample content
FIL0002079,01/09/2026 10:29:47,USR0020,PC-USR0020-01,C:\Documents\work_doc_28.docx,File Open,Sample content
FIL0002080,01/09/2026 11:15:45,USR0020,PC-USR0020-01,C:\Documents\work_doc_12.docx,File Open,Sample content
FIL0002081,01/09/2026 14:21:58,USR0020,PC-USR0020-01,C:\Documents\work_doc_34.docx,File Open,Sample content
FIL0002082,01/09/2026 10:05:41,USR0020,PC-USR0020-01,C:\Documents\work_doc_48.docx,File Open,Sample content
FIL0002083,01/09/2026 16:40:55,USR0021,PC-USR0021-01,C:\Documents\work_doc_43.docx,File Open,Sample content
FIL0002084,01/09/2026 12:03:39,USR0021,PC-USR0021-01,C:\Documents\work_doc_44.docx,File Open,Sample content
FIL0002085,01/09/2026 16:35:01,USR0021,PC-USR0021-01,C:\Documents\work_doc_16.docx,File Open,Sample content
FIL0002086,01/09/2026 12:16:25,USR0021,PC-USR0021-01,C:\Documents\work_doc_36.docx,File Open,Sample content
FIL0002087,01/09/2026 15:10:03,USR0021,PC-USR0021-01,C:\Documents\work_doc_46.docx,File Open,Sample content
FIL0002088,01/09/2026 16:21:13,USR0021,PC-USR0021-01,C:\Documents\work_doc_37.docx,File Open,Sample content
FIL0002089,01/09/2026 10:52:38,USR0021,PC-USR0021-01,C:\Documents\work_doc_6.docx,File Open,Sample content
FIL0002090,01/09/2026 12:35:59,USR0021,PC-USR0021-01,C:\Documents\work_doc_11.docx,File Open,Sample content
FIL0002091,01/09/2026 10:32:53,USR0021,PC-USR0021-01,C:\Documents\work_doc_47.docx,File Open,Sample content
FIL0002092,01/09/2026 12:56:58,USR0021,PC-USR0021-01,C:\Documents\work_doc_47.docx,File Open,Sample content
FIL0002093,01/09/2026 14:00:28,USR0021,PC-USR0021-01,C:\Documents\work_doc_16.docx,File Open,Sample content
FIL0002094,01/09/2026 13:34:40,USR0021,PC-USR0021-01,C:\Documents\work_doc_21.docx,File Open,Sample content
FIL0002095,01/09/2026 14:00:23,USR0021,PC-USR0021-01,C:\Documents\work_doc_3.docx,File Open,Sample content
FIL0002096,01/09/2026 15:32:07,USR0021,PC-USR0021-01,C:\Documents\work_doc_23.docx,File Open,Sample content
FIL0002097,01/09/2026 10:43:05,USR0021,PC-USR0021-01,C:\Documents\work_doc_17.docx,File Open,Sample content
FIL0002098,01/09/2026 15:08:29,USR0021,PC-USR0021-01,C:\Documents\work_doc_33.docx,File Open,Sample content
FIL0002099,01/09/2026 14:25:49,USR0021,PC-USR0021-01,C:\Documents\work_doc_41.docx,File Open,Sample content
FIL0002100,01/09/2026 15:10:04,USR0021,PC-USR0021-01,C:\Documents\work_doc_31.docx,File Open,Sample content
FIL0002101,01/09/2026 15:59:10,USR0021,PC-USR0021-01,C:\Documents\work_doc_44.docx,File Open,Sample content
FIL0002102,01/09/2026 13:54:49,USR0022,PC-USR0022-01,C:\Documents\work_doc_31.docx,File Open,Sample content
FIL0002103,01/09/2026 09:32:01,USR0022,PC-USR0022-01,C:\Documents\work_doc_48.docx,File Open,Sample content
FIL0002104,01/09/2026 16:02:37,USR0022,PC-USR0022-01,C:\Documents\work_doc_12.docx,File Open,Sample content
FIL0002105,01/09/2026 16:33:41,USR0022,PC-USR0022-01,C:\Documents\work_doc_24.docx,File Open,Sample content
FIL0002106,01/09/2026 16:17:46,USR0022,PC-USR0022-01,C:\Documents\work_doc_13.docx,File Open,Sample content
FIL0002107,01/09/2026 15:44:18,USR0022,PC-USR0022-01,C:\Documents\work_doc_11.docx,File Open,Sample content
FIL0002108,01/09/2026 14:17:11,USR0022,PC-USR0022-01,C:\Documents\work_doc_44.docx,File Open,Sample content
FIL0002109,01/09/2026 13:43:29,USR0022,PC-USR0022-01,C:\Documents\work_doc_4.docx,File Open,Sample content
FIL0002110,01/09/2026 11:24:39,USR0022,PC-USR0022-01,C:\Documents\work_doc_7.docx,File Open,Sample content
FIL0002111,01/09/2026 16:08:21,USR0023,PC-USR0023-01,C:\Documents\work_doc_33.docx,File Open,Sample content
FIL0002112,01/09/2026 13:11:54,USR0023,PC-USR0023-01,C:\Documents\work_doc_15.docx,File Open,Sample content
FIL0002113,01/09/2026 09:08:10,USR0023,PC-USR0023-01,C:\Documents\work_doc_42.docx,File Open,Sample content
FIL0002114,01/09/2026 16:59:59,USR0023,PC-USR0023-01,C:\Documents\work_doc_12.docx,File Open,Sample content
FIL0002115,01/09/2026 16:44:58,USR0023,PC-USR0023-01,C:\Documents\work_doc_24.docx,File Open,Sample content
FIL0002116,01/09/2026 11:07:43,USR0023,PC-USR0023-01,C:\Documents\work_doc_23.docx,File Open,Sample content
FIL0002117,01/09/2026 13:52:20,USR0024,PC-USR0024-01,C:\Documents\work_doc_5.docx,File Open,Sample content
FIL0002118,01/09/2026 11:00:32,USR0024,PC-USR0024-01,C:\Documents\work_doc_47.docx,File Open,Sample content
FIL0002119,01/09/2026 13:39:47,USR0024,PC-USR0024-01,C:\Documents\work_doc_28.docx,File Open,Sample content
FIL0002120,01/09/2026 14:15:50,USR0024,PC-USR0024-01,C:\Documents\work_doc_33.docx,File Open,Sample content
FIL0002121,01/09/2026 14:05:58,USR0024,PC-USR0024-01,C:\Documents\work_doc_37.docx,File Open,Sample content
FIL0002122,01/09/2026 13:02:23,USR0024,PC-USR0024-01,C:\Documents\work_doc_26.docx,File Open,Sample content
FIL0002123,01/09/2026 13:48:43,USR0024,PC-USR0024-01,C:\Documents\work_doc_23.docx,File Open,Sample content
FIL0002124,01/09/2026 12:44:16,USR0024,PC-USR0024-01,C:\Documents\work_doc_4.docx,File Open,Sample content
FIL0002125,01/09/2026 13:34:50,USR0025,PC-USR0025-01,C:\Documents\work_doc_24.docx,File Open,Sample content
FIL0002126,01/09/2026 15:18:48,USR0025,PC-USR0025-01,C:\Documents\work_doc_47.docx,File Open,Sample content
FIL0002127,01/09/2026 12:59:10,USR0025,PC-USR0025-01,C:\Documents\work_doc_30.docx,File Open,Sample content
FIL0002128,01/09/2026 14:19:05,USR0025,PC-USR0025-01,C:\Documents\work_doc_5.docx,File Open,Sample content
FIL0002129,01/09/2026 14:27:23,USR0025,PC-USR0025-01,C:\Documents\work_doc_10.docx,File Open,Sample content
FIL0002130,01/09/2026 16:29:03,USR0025,PC-USR0025-01,C:\Documents\work_doc_6.docx,File Open,Sample content
FIL0002131,01/09/2026 14:52:24,USR0025,PC-USR0025-01,C:\Documents\work_doc_11.docx,File Open,Sample content
FIL0002132,01/09/2026 15:25:56,USR0025,PC-USR0025-01,C:\Documents\work_doc_49.docx,File Open,Sample content
FIL0002133,01/09/2026 10:34:03,USR0025,PC-USR0025-01,C:\Documents\work_doc_24.docx,File Open,Sample content
FIL0002134,01/09/2026 11:28:51,USR0025,PC-USR0025-01,C:\Documents\work_doc_38.docx,File Open,Sample content
FIL0002135,01/09/2026 11:01:02,USR0025,PC-USR0025-01,C:\Documents\work_doc_36.docx,File Open,Sample content
FIL0002136,01/12/2026 12:56:10,AAE0190,PC-AAE0190-01,C:\Documents\work_doc_24.docx,File Open,Sample content
FIL0002137,01/12/2026 14:13:34,AAE0190,PC-AAE0190-01,C:\Documents\work_doc_11.docx,File Open,Sample content
FIL0002138,01/12/2026 16:53:46,AAE0190,PC-AAE0190-01,C:\Documents\work_doc_20.docx,File Open,Sample content
FIL0002139,01/12/2026 12:35:14,AAE0190,PC-AAE0190-01,C:\Documents\work_doc_10.docx,File Open,Sample content
FIL0002140,01/12/2026 15:48:51,AAE0190,PC-AAE0190-01,C:\Documents\work_doc_11.docx,File Open,Sample content
FIL0002141,01/12/2026 11:21:03,AAE0190,PC-AAE0190-01,C:\Documents\work_doc_28.docx,File Open,Sample content
FIL0002142,01/12/2026 12:19:33,AAE0190,PC-AAE0190-01,C:\Documents\work_doc_14.docx,File Open,Sample content
FIL0002143,01/12/2026 16:15:57,AAE0190,PC-AAE0190-01,C:\Documents\work_doc_48.docx,File Open,Sample content
FIL0002144,01/12/2026 11:57:14,AAE0190,PC-AAE0190-01,C:\Documents\work_doc_1.docx,File Open,Sample content
FIL0002145,01/12/2026 10:16:57,AAE0190,PC-AAE0190-01,C:\Documents\work_doc_27.docx,File Open,Sample content
FIL0002146,01/12/2026 13:27:30,AAE0190,PC-AAE0190-01,C:\Documents\work_doc_24.docx,File Open,Sample content
FIL0002147,01/12/2026 09:15:33,AAE0190,PC-AAE0190-01,C:\Documents\work_doc_4.docx,File Open,Sample content
FIL0002148,01/12/2026 14:47:18,AAE0190,PC-AAE0190-01,C:\Documents\work_doc_6.docx,File Open,Sample content
FIL0002149,01/12/2026 14:44:10,AAE0190,PC-AAE0190-01,C:\Documents\work_doc_4.docx,File Open,Sample content
FIL0002150,01/12/2026 12:37:31,AAE0190,PC-AAE0190-01,C:\Documents\work_doc_7.docx,File Open,Sample content
FIL0002151,01/12/2026 09:52:57,AAE0190,PC-AAE0190-01,C:\Documents\work_doc_8.docx,File Open,Sample content
FIL0002152,01/12/2026 09:17:48,AAE0190,PC-AAE0190-01,C:\Documents\work_doc_18.docx,File Open,Sample content
FIL0002153,01/12/2026 12:13:02,AAE0190,PC-AAE0190-01,C:\Documents\work_doc_24.docx,File Open,Sample content
FIL0002154,01/12/2026 09:37:34,AAE0190,PC-AAE0190-01,C:\Documents\work_doc_4.docx,File Open,Sample content
FIL0002155,01/12/2026 15:15:34,USR0002,PC-USR0002-01,C:\Documents\work_doc_13.docx,File Open,Sample content
FIL0002156,01/12/2026 15:24:26,USR0002,PC-USR0002-01,C:\Documents\work_doc_37.docx,File Open,Sample content
FIL0002157,01/12/2026 13:40:48,USR0002,PC-USR0002-01,C:\Documents\work_doc_13.docx,File Open,Sample content
FIL0002158,01/12/2026 15:55:21,USR0002,PC-USR0002-01,C:\Documents\work_doc_33.docx,File Open,Sample content
FIL0002159,01/12/2026 15:46:39,USR0002,PC-USR0002-01,C:\Documents\work_doc_20.docx,File Open,Sample content
FIL0002160,01/12/2026 10:38:36,USR0002,PC-USR0002-01,C:\Documents\work_doc_31.docx,File Open,Sample content
FIL0002161,01/12/2026 14:54:44,USR0002,PC-USR0002-01,C:\Documents\work_doc_8.docx,File Open,Sample content
FIL0002162,01/12/2026 12:45:41,USR0002,PC-USR0002-01,C:\Documents\work_doc_20.docx,File Open,Sample content
FIL0002163,01/12/2026 13:51:20,USR0002,PC-USR0002-01,C:\Documents\work_doc_47.docx,File Open,Sample content
FIL0002164,01/12/2026 14:15:44,USR0002,PC-USR0002-01,C:\Documents\work_doc_11.docx,File Open,Sample content
FIL0002165,01/12/2026 15:31:31,USR0002,PC-USR0002-01,C:\Documents\work_doc_13.docx,File Open,Sample content
FIL0002166,01/12/2026 16:54:20,USR0002,PC-USR0002-01,C:\Documents\work_doc_38.docx,File Open,Sample content
FIL0002167,01/12/2026 13:55:56,USR0002,PC-USR0002-01,C:\Documents\work_doc_10.docx,File Open,Sample content
FIL0002168,01/12/2026 12:05:32,USR0002,PC-USR0002-01,C:\Documents\work_doc_42.docx,File Open,Sample content
FIL0002169,01/12/2026 15:06:25,USR0002,PC-USR0002-01,C:\Documents\work_doc_27.docx,File Open,Sample content
FIL0002170,01/12/2026 13:39:28,USR0003,PC-USR0003-01,C:\Documents\work_doc_50.docx,File Open,Sample content
FIL0002171,01/12/2026 14:51:13,USR0003,PC-USR0003-01,C:\Documents\work_doc_40.docx,File Open,Sample content
FIL0002172,01/12/2026 12:02:14,USR0003,PC-USR0003-01,C:\Documents\work_doc_42.docx,File Open,Sample content
FIL0002173,01/12/2026 15:59:04,USR0003,PC-USR0003-01,C:\Documents\work_doc_40.docx,File Open,Sample content
FIL0002174,01/12/2026 12:08:24,USR0003,PC-USR0003-01,C:\Documents\work_doc_47.docx,File Open,Sample content
FIL0002175,01/12/2026 09:15:50,USR0003,PC-USR0003-01,C:\Documents\work_doc_35.docx,File Open,Sample content
FIL0002176,01/12/2026 15:07:40,USR0003,PC-USR0003-01,C:\Documents\work_doc_24.docx,File Open,Sample content
FIL0002177,01/12/2026 16:56:41,USR0003,PC-USR0003-01,C:\Documents\work_doc_19.docx,File Open,Sample content
FIL0002178,01/12/2026 11:55:53,USR0003,PC-USR0003-01,C:\Documents\work_doc_48.docx,File Open,Sample content
FIL0002179,01/12/2026 10:35:29,USR0004,PC-USR0004-01,C:\Documents\work_doc_30.docx,File Open,Sample content
FIL0002180,01/12/2026 15:53:43,USR0004,PC-USR0004-01,C:\Documents\work_doc_35.docx,File Open,Sample content
FIL0002181,01/12/2026 15:05:44,USR0004,PC-USR0004-01,C:\Documents\work_doc_31.docx,File Open,Sample content
FIL0002182,01/12/2026 15:40:34,USR0004,PC-USR0004-01,C:\Documents\work_doc_29.docx,File Open,Sample content
FIL0002183,01/12/2026 11:36:26,USR0004,PC-USR0004-01,C:\Documents\work_doc_9.docx,File Open,Sample content
FIL0002184,01/12/2026 09:19:10,USR0004,PC-USR0004-01,C:\Documents\work_doc_50.docx,File Open,Sample content
FIL0002185,01/12/2026 16:23:50,USR0004,PC-USR0004-01,C:\Documents\work_doc_46.docx,File Open,Sample content
FIL0002186,01/12/2026 10:03:05,USR0004,PC-USR0004-01,C:\Documents\work_doc_45.docx,File Open,Sample content
FIL0002187,01/12/2026 13:04:03,USR0004,PC-USR0004-01,C:\Documents\work_doc_47.docx,File Open,Sample content
FIL0002188,01/12/2026 09:33:46,USR0004,PC-USR0004-01,C:\Documents\work_doc_10.docx,File Open,Sample content
FIL0002189,01/12/2026 14:58:37,USR0004,PC-USR0004-01,C:\Documents\work_doc_41.docx,File Open,Sample content
FIL0002190,01/12/2026 11:13:03,USR0004,PC-USR0004-01,C:\Documents\work_doc_25.docx,File Open,Sample content
FIL0002191,01/12/2026 14:06:07,USR0004,PC-USR0004-01,C:\Documents\work_doc_31.docx,File Open,Sample content
FIL0002192,01/12/2026 15:35:10,USR0004,PC-USR0004-01,C:\Documents\work_doc_21.docx,File Open,Sample content
FIL0002193,01/12/2026 11:35:30,USR0005,PC-USR0005-01,C:\Documents\work_doc_48.docx,File Open,Sample content
FIL0002194,01/12/2026 13:00:42,USR0005,PC-USR0005-01,C:\Documents\work_doc_34.docx,File Open,Sample content
FIL0002195,01/12/2026 16:23:41,USR0005,PC-USR0005-01,C:\Documents\work_doc_32.docx,File Open,Sample content
FIL0002196,01/12/2026 13:55:08,USR0005,PC-USR0005-01,C:\Documents\work_doc_15.docx,File Open,Sample content
FIL0002197,01/12/2026 14:05:40,USR0005,PC-USR0005-01,C:\Documents\work_doc_36.docx,File Open,Sample content
FIL0002198,01/12/2026 09:45:53,USR0005,PC-USR0005-01,C:\Documents\work_doc_11.docx,File Open,Sample content
FIL0002199,01/12/2026 15:19:11,USR0005,PC-USR0005-01,C:\Documents\work_doc_8.docx,File Open,Sample content
FIL0002200,01/12/2026 13:37:08,USR0005,PC-USR0005-01,C:\Documents\work_doc_35.docx,File Open,Sample content
FIL0002201,01/12/2026 13:04:24,USR0005,PC-USR0005-01,C:\Documents\work_doc_47.docx,File Open,Sample content
FIL0002202,01/12/2026 12:57:45,USR0005,PC-USR0005-01,C:\Documents\work_doc_18.docx,File Open,Sample content
FIL0002203,01/12/2026 15:31:14,USR0006,PC-USR0006-01,C:\Documents\work_doc_21.docx,File Open,Sample content
FIL0002204,01/12/2026 11:06:25,USR0006,PC-USR0006-01,C:\Documents\work_doc_2.docx,File Open,Sample content
FIL0002205,01/12/2026 12:19:02,USR0006,PC-USR0006-01,C:\Documents\work_doc_11.docx,File Open,Sample content
FIL0002206,01/12/2026 16:51:17,USR0006,PC-USR0006-01,C:\Documents\work_doc_50.docx,File Open,Sample content
FIL0002207,01/12/2026 09:39:13,USR0006,PC-USR0006-01,C:\Documents\work_doc_49.docx,File Open,Sample content
FIL0002208,01/12/2026 12:17:58,USR0006,PC-USR0006-01,C:\Documents\work_doc_40.docx,File Open,Sample content
FIL0002209,01/12/2026 15:17:30,USR0006,PC-USR0006-01,C:\Documents\work_doc_39.docx,File Open,Sample content
FIL0002210,01/12/2026 12:23:14,USR0006,PC-USR0006-01,C:\Documents\work_doc_40.docx,File Open,Sample content
FIL0002211,01/12/2026 14:55:24,USR0006,PC-USR0006-01,C:\Documents\work_doc_11.docx,File Open,Sample content
FIL0002212,01/12/2026 10:47:20,USR0006,PC-USR0006-01,C:\Documents\work_doc_19.docx,File Open,Sample content
FIL0002213,01/12/2026 11:45:51,USR0006,PC-USR0006-01,C:\Documents\work_doc_27.docx,File Open,Sample content
FIL0002214,01/12/2026 11:53:26,USR0006,PC-USR0006-01,C:\Documents\work_doc_30.docx,File Open,Sample content
FIL0002215,01/12/2026 10:33:34,USR0006,PC-USR0006-01,C:\Documents\work_doc_39.docx,File Open,Sample content
FIL0002216,01/12/2026 11:59:26,USR0006,PC-USR0006-01,C:\Documents\work_doc_48.docx,File Open,Sample content
FIL0002217,01/12/2026 16:03:05,USR0006,PC-USR0006-01,C:\Documents\work_doc_14.docx,File Open,Sample content
FIL0002218,01/12/2026 15:04:37,USR0006,PC-USR0006-01,C:\Documents\work_doc_6.docx,File Open,Sample content
FIL0002219,01/12/2026 15:24:28,USR0006,PC-USR0006-01,C:\Documents\work_doc_15.docx,File Open,Sample content
FIL0002220,01/12/2026 09:01:59,USR0007,PC-USR0007-01,C:\Documents\work_doc_6.docx,File Open,Sample content
FIL0002221,01/12/2026 16:36:30,USR0007,PC-USR0007-01,C:\Documents\work_doc_31.docx,File Open,Sample content
FIL0002222,01/12/2026 15:24:42,USR0007,PC-USR0007-01,C:\Documents\work_doc_3.docx,File Open,Sample content
FIL0002223,01/12/2026 09:11:10,USR0007,PC-USR0007-01,C:\Documents\work_doc_1.docx,File Open,Sample content
FIL0002224,01/12/2026 09:41:58,USR0007,PC-USR0007-01,C:\Documents\work_doc_16.docx,File Open,Sample content
FIL0002225,01/12/2026 15:19:49,USR0007,PC-USR0007-01,C:\Documents\work_doc_9.docx,File Open,Sample content
FIL0002226,01/12/2026 12:32:10,USR0007,PC-USR0007-01,C:\Documents\work_doc_9.docx,File Open,Sample content
FIL0002227,01/12/2026 12:21:20,USR0007,PC-USR0007-01,C:\Documents\work_doc_12.docx,File Open,Sample content
FIL0002228,01/12/2026 12:02:26,USR0008,PC-USR0008-01,C:\Documents\work_doc_9.docx,File Open,Sample content
FIL0002229,01/12/2026 16:12:49,USR0008,PC-USR0008-01,C:\Documents\work_doc_18.docx,File Open,Sample content
FIL0002230,01/12/2026 14:07:08,USR0008,PC-USR0008-01,C:\Documents\work_doc_37.docx,File Open,Sample content
FIL0002231,01/12/2026 14:52:07,USR0008,PC-USR0008-01,C:\Documents\work_doc_40.docx,File Open,Sample content
FIL0002232,01/12/2026 16:43:43,USR0008,PC-USR0008-01,C:\Documents\work_doc_10.docx,File Open,Sample content
FIL0002233,01/12/2026 14:21:34,USR0008,PC-USR0008-01,C:\Documents\work_doc_25.docx,File Open,Sample content
FIL0002234,01/12/2026 16:39:46,USR0008,PC-USR0008-01,C:\Documents\work_doc_16.docx,File Open,Sample content
FIL0002235,01/12/2026 10:24:57,USR0008,PC-USR0008-01,C:\Documents\work_doc_3.docx,File Open,Sample content
FIL0002236,01/12/2026 11:30:32,USR0008,PC-USR0008-01,C:\Documents\work_doc_28.docx,File Open,Sample content
FIL0002237,01/12/2026 12:46:45,USR0008,PC-USR0008-01,C:\Documents\work_doc_19.docx,File Open,Sample content
FIL0002238,01/12/2026 16:52:26,USR0008,PC-USR0008-01,C:\Documents\work_doc_50.docx,File Open,Sample content
FIL0002239,01/12/2026 14:46:25,USR0008,PC-USR0008-01,C:\Documents\work_doc_48.docx,File Open,Sample content
FIL0002240,01/12/2026 10:08:33,USR0008,PC-USR0008-01,C:\Documents\work_doc_4.docx,File Open,Sample content
FIL0002241,01/12/2026 15:38:53,USR0008,PC-USR0008-01,C:\Documents\work_doc_23.docx,File Open,Sample content
FIL0002242,01/12/2026 16:27:03,USR0009,PC-USR0009-01,C:\Documents\work_doc_20.docx,File Open,Sample content
FIL0002243,01/12/2026 13:03:19,USR0009,PC-USR0009-01,C:\Documents\work_doc_10.docx,File Open,Sample content
FIL0002244,01/12/2026 13:06:18,USR0009,PC-USR0009-01,C:\Documents\work_doc_10.docx,File Open,Sample content
FIL0002245,01/12/2026 15:20:24,USR0009,PC-USR0009-01,C:\Documents\work_doc_10.docx,File Open,Sample content
FIL0002246,01/12/2026 15:04:55,USR0009,PC-USR0009-01,C:\Documents\work_doc_26.docx,File Open,Sample content
FIL0002247,01/12/2026 09:16:25,USR0009,PC-USR0009-01,C:\Documents\work_doc_20.docx,File Open,Sample content
FIL0002248,01/12/2026 12:01:56,USR0009,PC-USR0009-01,C:\Documents\work_doc_47.docx,File Open,Sample content
FIL0002249,01/12/2026 09:28:10,USR0009,PC-USR0009-01,C:\Documents\work_doc_20.docx,File Open,Sample content
FIL0002250,01/12/2026 16:57:25,USR0009,PC-USR0009-01,C:\Documents\work_doc_25.docx,File Open,Sample content
FIL0002251,01/12/2026 09:58:22,USR0009,PC-USR0009-01,C:\Documents\work_doc_50.docx,File Open,Sample content
FIL0002252,01/12/2026 12:04:53,USR0009,PC-USR0009-01,C:\Documents\work_doc_14.docx,File Open,Sample content
FIL0002253,01/12/2026 16:48:33,USR0009,PC-USR0009-01,C:\Documents\work_doc_14.docx,File Open,Sample content
FIL0002254,01/12/2026 16:18:30,USR0009,PC-USR0009-01,C:\Documents\work_doc_25.docx,File Open,Sample content
FIL0002255,01/12/2026 13:54:31,USR0010,PC-USR0010-01,C:\Documents\work_doc_7.docx,File Open,Sample content
FIL0002256,01/12/2026 10:43:59,USR0010,PC-USR0010-01,C:\Documents\work_doc_31.docx,File Open,Sample content
FIL0002257,01/12/2026 14:14:17,USR0010,PC-USR0010-01,C:\Documents\work_doc_3.docx,File Open,Sample content
FIL0002258,01/12/2026 15:06:40,USR0010,PC-USR0010-01,C:\Documents\work_doc_37.docx,File Open,Sample content
FIL0002259,01/12/2026 16:49:40,USR0010,PC-USR0010-01,C:\Documents\work_doc_23.docx,File Open,Sample content
FIL0002260,01/12/2026 10:05:51,USR0010,PC-USR0010-01,C:\Documents\work_doc_32.docx,File Open,Sample content
FIL0002261,01/12/2026 14:26:13,USR0010,PC-USR0010-01,C:\Documents\work_doc_19.docx,File Open,Sample content
FIL0002262,01/12/2026 13:03:26,USR0010,PC-USR0010-01,C:\Documents\work_doc_4.docx,File Open,Sample content
FIL0002263,01/12/2026 11:07:02,USR0010,PC-USR0010-01,C:\Documents\work_doc_38.docx,File Open,Sample content
FIL0002264,01/12/2026 10:56:24,USR0010,PC-USR0010-01,C:\Documents\work_doc_12.docx,File Open,Sample content
FIL0002265,01/12/2026 15:39:26,USR0010,PC-USR0010-01,C:\Documents\work_doc_40.docx,File Open,Sample content
FIL0002266,01/12/2026 15:59:30,USR0010,PC-USR0010-01,C:\Documents\work_doc_11.docx,File Open,Sample content
FIL0002267,01/12/2026 16:50:32,USR0010,PC-USR0010-01,C:\Documents\work_doc_45.docx,File Open,Sample content
FIL0002268,01/12/2026 12:13:11,USR0010,PC-USR0010-01,C:\Documents\work_doc_12.docx,File Open,Sample content
FIL0002269,01/12/2026 15:59:13,USR0010,PC-USR0010-01,C:\Documents\work_doc_32.docx,File Open,Sample content
FIL0002270,01/12/2026 12:04:36,USR0010,PC-USR0010-01,C:\Documents\work_doc_27.docx,File Open,Sample content
FIL0002271,01/12/2026 11:19:12,USR0010,PC-USR0010-01,C:\Documents\work_doc_27.docx,File Open,Sample content
FIL0002272,01/12/2026 10:48:08,USR0010,PC-USR0010-01,C:\Documents\work_doc_3.docx,File Open,Sample content
FIL0002273,01/12/2026 16:09:24,USR0011,PC-USR0011-01,C:\Documents\work_doc_43.docx,File Open,Sample content
FIL0002274,01/12/2026 16:43:02,USR0011,PC-USR0011-01,C:\Documents\work_doc_45.docx,File Open,Sample content
FIL0002275,01/12/2026 14:42:04,USR0011,PC-USR0011-01,C:\Documents\work_doc_47.docx,File Open,Sample content
FIL0002276,01/12/2026 10:39:14,USR0011,PC-USR0011-01,C:\Documents\work_doc_34.docx,File Open,Sample content
FIL0002277,01/12/2026 12:59:43,USR0011,PC-USR0011-01,C:\Documents\work_doc_4.docx,File Open,Sample content
FIL0002278,01/12/2026 14:26:18,USR0012,PC-USR0012-01,C:\Documents\work_doc_23.docx,File Open,Sample content
FIL0002279,01/12/2026 14:46:13,USR0012,PC-USR0012-01,C:\Documents\work_doc_39.docx,File Open,Sample content
FIL0002280,01/12/2026 11:33:16,USR0012,PC-USR0012-01,C:\Documents\work_doc_2.docx,File Open,Sample content
FIL0002281,01/12/2026 12:17:31,USR0012,PC-USR0012-01,C:\Documents\work_doc_28.docx,File Open,Sample content
FIL0002282,01/12/2026 15:19:47,USR0012,PC-USR0012-01,C:\Documents\work_doc_24.docx,File Open,Sample content
FIL0002283,01/12/2026 13:59:53,USR0012,PC-USR0012-01,C:\Documents\work_doc_20.docx,File Open,Sample content
FIL0002284,01/12/2026 09:26:25,USR0012,PC-USR0012-01,C:\Documents\work_doc_34.docx,File Open,Sample content
FIL0002285,01/12/2026 13:09:21,USR0012,PC-USR0012-01,C:\Documents\work_doc_14.docx,File Open,Sample content
FIL0002286,01/12/2026 11:32:12,USR0012,PC-USR0012-01,C:\Documents\work_doc_26.docx,File Open,Sample content
FIL0002287,01/12/2026 12:00:55,USR0012,PC-USR0012-01,C:\Documents\work_doc_41.docx,File Open,Sample content
FIL0002288,01/12/2026 09:04:06,USR0012,PC-USR0012-01,C:\Documents\work_doc_42.docx,File Open,Sample content
FIL0002289,01/12/2026 16:11:07,USR0012,PC-USR0012-01,C:\Documents\work_doc_42.docx,File Open,Sample content
FIL0002290,01/12/2026 12:36:34,USR0012,PC-USR0012-01,C:\Documents\work_doc_47.docx,File Open,Sample content
FIL0002291,01/12/2026 12:46:01,USR0012,PC-USR0012-01,C:\Documents\work_doc_11.docx,File Open,Sample content
FIL0002292,01/12/2026 09:44:01,USR0012,PC-USR0012-01,C:\Documents\work_doc_23.docx,File Open,Sample content
FIL0002293,01/12/2026 15:40:41,USR0012,PC-USR0012-01,C:\Documents\work_doc_22.docx,File Open,Sample content
FIL0002294,01/12/2026 16:56:52,USR0012,PC-USR0012-01,C:\Documents\work_doc_11.docx,File Open,Sample content
FIL0002295,01/12/2026 12:34:27,USR0012,PC-USR0012-01,C:\Documents\work_doc_43.docx,File Open,Sample content
FIL0002296,01/12/2026 11:11:39,USR0013,PC-USR0013-01,C:\Documents\work_doc_2.docx,File Open,Sample content
FIL0002297,01/12/2026 13:01:40,USR0013,PC-USR0013-01,C:\Documents\work_doc_6.docx,File Open,Sample content
FIL0002298,01/12/2026 14:01:30,USR0013,PC-USR0013-01,C:\Documents\work_doc_28.docx,File Open,Sample content
FIL0002299,01/12/2026 11:37:45,USR0013,PC-USR0013-01,C:\Documents\work_doc_18.docx,File Open,Sample content
FIL0002300,01/12/2026 11:01:06,USR0013,PC-USR0013-01,C:\Documents\work_doc_10.docx,File Open,Sample content
FIL0002301,01/12/2026 10:29:08,USR0013,PC-USR0013-01,C:\Documents\work_doc_50.docx,File Open,Sample content
FIL0002302,01/12/2026 11:02:37,USR0013,PC-USR0013-01,C:\Documents\work_doc_20.docx,File Open,Sample content
FIL0002303,01/12/2026 12:16:11,USR0013,PC-USR0013-01,C:\Documents\work_doc_12.docx,File Open,Sample content
FIL0002304,01/12/2026 09:33:59,USR0013,PC-USR0013-01,C:\Documents\work_doc_9.docx,File Open,Sample content
FIL0002305,01/12/2026 13:55:05,USR0013,PC-USR0013-01,C:\Documents\work_doc_44.docx,File Open,Sample content
FIL0002306,01/12/2026 14:29:29,USR0013,PC-USR0013-01,C:\Documents\work_doc_47.docx,File Open,Sample content
FIL0002307,01/12/2026 16:13:18,USR0013,PC-USR0013-01,C:\Documents\work_doc_8.docx,File Open,Sample content
FIL0002308,01/12/2026 12:28:09,USR0013,PC-USR0013-01,C:\Documents\work_doc_14.docx,File Open,Sample content
FIL0002309,01/12/2026 09:45:44,USR0013,PC-USR0013-01,C:\Documents\work_doc_30.docx,File Open,Sample content
FIL0002310,01/12/2026 12:20:31,USR0013,PC-USR0013-01,C:\Documents\work_doc_7.docx,File Open,Sample content
FIL0002311,01/12/2026 09:32:02,USR0014,PC-USR0014-01,C:\Documents\work_doc_4.docx,File Open,Sample content
FIL0002312,01/12/2026 11:41:55,USR0014,PC-USR0014-01,C:\Documents\work_doc_26.docx,File Open,Sample content
FIL0002313,01/12/2026 13:39:06,USR0014,PC-USR0014-01,C:\Documents\work_doc_13.docx,File Open,Sample content
FIL0002314,01/12/2026 14:42:37,USR0014,PC-USR0014-01,C:\Documents\work_doc_31.docx,File Open,Sample content
FIL0002315,01/12/2026 13:54:33,USR0014,PC-USR0014-01,C:\Documents\work_doc_38.docx,File Open,Sample content
FIL0002316,01/12/2026 14:25:17,USR0014,PC-USR0014-01,C:\Documents\work_doc_9.docx,File Open,Sample content
FIL0002317,01/12/2026 14:09:31,USR0014,PC-USR0014-01,C:\Documents\work_doc_22.docx,File Open,Sample content
FIL0002318,01/12/2026 09:49:56,USR0015,PC-USR0015-01,C:\Documents\work_doc_30.docx,File Open,Sample content
FIL0002319,01/12/2026 15:44:06,USR0015,PC-USR0015-01,C:\Documents\work_doc_45.docx,File Open,Sample content
FIL0002320,01/12/2026 09:55:40,USR0015,PC-USR0015-01,C:\Documents\work_doc_40.docx,File Open,Sample content
FIL0002321,01/12/2026 16:37:34,USR0015,PC-USR0015-01,C:\Documents\work_doc_38.docx,File Open,Sample content
FIL0002322,01/12/2026 15:21:47,USR0015,PC-USR0015-01,C:\Documents\work_doc_37.docx,File Open,Sample content
FIL0002323,01/12/2026 10:14:06,USR0015,PC-USR0015-01,C:\Documents\work_doc_7.docx,File Open,Sample content
FIL0002324,01/12/2026 16:01:54,USR0015,PC-USR0015-01,C:\Documents\work_doc_43.docx,File Open,Sample content
FIL0002325,01/12/2026 16:33:47,USR0015,PC-USR0015-01,C:\Documents\work_doc_5.docx,File Open,Sample content
FIL0002326,01/12/2026 14:28:58,USR0015,PC-USR0015-01,C:\Documents\work_doc_17.docx,File Open,Sample content
FIL0002327,01/12/2026 10:27:54,USR0015,PC-USR0015-01,C:\Documents\work_doc_32.docx,File Open,Sample content
FIL0002328,01/12/2026 09:02:37,USR0016,PC-USR0016-01,C:\Documents\work_doc_12.docx,File Open,Sample content
FIL0002329,01/12/2026 14:52:49,USR0016,PC-USR0016-01,C:\Documents\work_doc_43.docx,File Open,Sample content
FIL0002330,01/12/2026 13:09:31,USR0016,PC-USR0016-01,C:\Documents\work_doc_2.docx,File Open,Sample content
FIL0002331,01/12/2026 12:06:44,USR0016,PC-USR0016-01,C:\Documents\work_doc_33.docx,File Open,Sample content
FIL0002332,01/12/2026 10:34:03,USR0016,PC-USR0016-01,C:\Documents\work_doc_16.docx,File Open,Sample content
FIL0002333,01/12/2026 13:12:01,USR0016,PC-USR0016-01,C:\Documents\work_doc_30.docx,File Open,Sample content
FIL0002334,01/12/2026 10:19:52,USR0016,PC-USR0016-01,C:\Documents\work_doc_35.docx,File Open,Sample content
FIL0002335,01/12/2026 12:56:02,USR0016,PC-USR0016-01,C:\Documents\work_doc_22.docx,File Open,Sample content
FIL0002336,01/12/2026 13:22:01,USR0016,PC-USR0016-01,C:\Documents\work_doc_36.docx,File Open,Sample content
FIL0002337,01/12/2026 11:59:31,USR0016,PC-USR0016-01,C:\Documents\work_doc_41.docx,File Open,Sample content
FIL0002338,01/12/2026 14:43:56,USR0016,PC-USR0016-01,C:\Documents\work_doc_39.docx,File Open,Sample content
FIL0002339,01/12/2026 15:33:23,USR0016,PC-USR0016-01,C:\Documents\work_doc_36.docx,File Open,Sample content
FIL0002340,01/12/2026 10:38:31,USR0016,PC-USR0016-01,C:\Documents\work_doc_18.docx,File Open,Sample content
FIL0002341,01/12/2026 15:08:53,USR0017,PC-USR0017-01,C:\Documents\work_doc_39.docx,File Open,Sample content
FIL0002342,01/12/2026 10:12:59,USR0017,PC-USR0017-01,C:\Documents\work_doc_45.docx,File Open,Sample content
FIL0002343,01/12/2026 15:11:05,USR0017,PC-USR0017-01,C:\Documents\work_doc_22.docx,File Open,Sample content
FIL0002344,01/12/2026 12:37:17,USR0017,PC-USR0017-01,C:\Documents\work_doc_17.docx,File Open,Sample content
FIL0002345,01/12/2026 09:48:24,USR0017,PC-USR0017-01,C:\Documents\work_doc_1.docx,File Open,Sample content
FIL0002346,01/12/2026 10:53:18,USR0017,PC-USR0017-01,C:\Documents\work_doc_27.docx,File Open,Sample content
FIL0002347,01/12/2026 10:44:08,USR0017,PC-USR0017-01,C:\Documents\work_doc_1.docx,File Open,Sample content
FIL0002348,01/12/2026 14:45:35,USR0017,PC-USR0017-01,C:\Documents\work_doc_18.docx,File Open,Sample content
FIL0002349,01/12/2026 13:16:59,USR0017,PC-USR0017-01,C:\Documents\work_doc_29.docx,File Open,Sample content
FIL0002350,01/12/2026 14:14:39,USR0017,PC-USR0017-01,C:\Documents\work_doc_13.docx,File Open,Sample content
FIL0002351,01/12/2026 15:58:03,USR0017,PC-USR0017-01,C:\Documents\work_doc_2.docx,File Open,Sample content
FIL0002352,01/12/2026 16:18:33,USR0017,PC-USR0017-01,C:\Documents\work_doc_7.docx,File Open,Sample content
FIL0002353,01/12/2026 12:54:43,USR0017,PC-USR0017-01,C:\Documents\work_doc_13.docx,File Open,Sample content
FIL0002354,01/12/2026 14:15:13,USR0017,PC-USR0017-01,C:\Documents\work_doc_45.docx,File Open,Sample content
FIL0002355,01/12/2026 12:27:58,USR0017,PC-USR0017-01,C:\Documents\work_doc_40.docx,File Open,Sample content
FIL0002356,01/12/2026 13:04:55,USR0017,PC-USR0017-01,C:\Documents\work_doc_29.docx,File Open,Sample content
FIL0002357,01/12/2026 14:07:32,USR0017,PC-USR0017-01,C:\Documents\work_doc_2.docx,File Open,Sample content
FIL0002358,01/12/2026 10:34:32,USR0018,PC-USR0018-01,C:\Documents\work_doc_19.docx,File Open,Sample content
FIL0002359,01/12/2026 13:02:46,USR0018,PC-USR0018-01,C:\Documents\work_doc_50.docx,File Open,Sample content
FIL0002360,01/12/2026 10:51:16,USR0018,PC-USR0018-01,C:\Documents\work_doc_29.docx,File Open,Sample content
FIL0002361,01/12/2026 09:35:11,USR0018,PC-USR0018-01,C:\Documents\work_doc_13.docx,File Open,Sample content
FIL0002362,01/12/2026 10:43:37,USR0018,PC-USR0018-01,C:\Documents\work_doc_25.docx,File Open,Sample content
FIL0002363,01/12/2026 10:30:41,USR0018,PC-USR0018-01,C:\Documents\work_doc_10.docx,File Open,Sample content
FIL0002364,01/12/2026 14:32:54,USR0018,PC-USR0018-01,C:\Documents\work_doc_35.docx,File Open,Sample content
FIL0002365,01/12/2026 11:43:42,USR0018,PC-USR0018-01,C:\Documents\work_doc_34.docx,File Open,Sample content
FIL0002366,01/12/2026 12:58:33,USR0019,PC-USR0019-01,C:\Documents\work_doc_37.docx,File Open,Sample content
FIL0002367,01/12/2026 12:20:14,USR0019,PC-USR0019-01,C:\Documents\work_doc_7.docx,File Open,Sample content
FIL0002368,01/12/2026 16:12:47,USR0019,PC-USR0019-01,C:\Documents\work_doc_10.docx,File Open,Sample content
FIL0002369,01/12/2026 13:27:06,USR0019,PC-USR0019-01,C:\Documents\work_doc_23.docx,File Open,Sample content
FIL0002370,01/12/2026 14:10:09,USR0019,PC-USR0019-01,C:\Documents\work_doc_19.docx,File Open,Sample content
FIL0002371,01/12/2026 10:04:15,USR0019,PC-USR0019-01,C:\Documents\work_doc_17.docx,File Open,Sample content
FIL0002372,01/12/2026 10:18:56,USR0019,PC-USR0019-01,C:\Documents\work_doc_36.docx,File Open,Sample content
FIL0002373,01/12/2026 10:08:26,USR0019,PC-USR0019-01,C:\Documents\work_doc_47.docx,File Open,Sample content
FIL0002374,01/12/2026 11:55:52,USR0019,PC-USR0019-01,C:\Documents\work_doc_25.docx,File Open,Sample content
FIL0002375,01/12/2026 14:34:44,USR0019,PC-USR0019-01,C:\Documents\work_doc_15.docx,File Open,Sample content
FIL0002376,01/12/2026 14:40:11,USR0019,PC-USR0019-01,C:\Documents\work_doc_31.docx,File Open,Sample content
FIL0002377,01/12/2026 12:34:13,USR0019,PC-USR0019-01,C:\Documents\work_doc_47.docx,File Open,Sample content
FIL0002378,01/12/2026 15:50:32,USR0019,PC-USR0019-01,C:\Documents\work_doc_35.docx,File Open,Sample content
FIL0002379,01/12/2026 13:53:56,USR0020,PC-USR0020-01,C:\Documents\work_doc_29.docx,File Open,Sample content
FIL0002380,01/12/2026 13:51:08,USR0020,PC-USR0020-01,C:\Documents\work_doc_8.docx,File Open,Sample content
FIL0002381,01/12/2026 11:47:58,USR0020,PC-USR0020-01,C:\Documents\work_doc_3.docx,File Open,Sample content
FIL0002382,01/12/2026 15:51:55,USR0020,PC-USR0020-01,C:\Documents\work_doc_44.docx,File Open,Sample content
FIL0002383,01/12/2026 15:01:23,USR0020,PC-USR0020-01,C:\Documents\work_doc_44.docx,File Open,Sample content
FIL0002384,01/12/2026 14:17:20,USR0021,PC-USR0021-01,C:\Documents\work_doc_16.docx,File Open,Sample content
FIL0002385,01/12/2026 15:29:36,USR0021,PC-USR0021-01,C:\Documents\work_doc_13.docx,File Open,Sample content
FIL0002386,01/12/2026 11:58:26,USR0021,PC-USR0021-01,C:\Documents\work_doc_13.docx,File Open,Sample content
FIL0002387,01/12/2026 12:16:22,USR0021,PC-USR0021-01,C:\Documents\work_doc_44.docx,File Open,Sample content
FIL0002388,01/12/2026 16:03:32,USR0021,PC-USR0021-01,C:\Documents\work_doc_43.docx,File Open,Sample content
FIL0002389,01/12/2026 10:04:58,USR0021,PC-USR0021-01,C:\Documents\work_doc_31.docx,File Open,Sample content
FIL0002390,01/12/2026 14:53:56,USR0021,PC-USR0021-01,C:\Documents\work_doc_38.docx,File Open,Sample content
FIL0002391,01/12/2026 15:26:51,USR0021,PC-USR0021-01,C:\Documents\work_doc_6.docx,File Open,Sample content
FIL0002392,01/12/2026 13:19:42,USR0021,PC-USR0021-01,C:\Documents\work_doc_28.docx,File Open,Sample content
FIL0002393,01/12/2026 15:23:33,USR0021,PC-USR0021-01,C:\Documents\work_doc_43.docx,File Open,Sample content
FIL0002394,01/12/2026 13:59:37,USR0021,PC-USR0021-01,C:\Documents\work_doc_4.docx,File Open,Sample content
FIL0002395,01/12/2026 14:30:07,USR0021,PC-USR0021-01,C:\Documents\work_doc_4.docx,File Open,Sample content
FIL0002396,01/12/2026 16:02:24,USR0021,PC-USR0021-01,C:\Documents\work_doc_8.docx,File Open,Sample content
FIL0002397,01/12/2026 14:16:46,USR0022,PC-USR0022-01,C:\Documents\work_doc_33.docx,File Open,Sample content
FIL0002398,01/12/2026 13:02:53,USR0022,PC-USR0022-01,C:\Documents\work_doc_1.docx,File Open,Sample content
FIL0002399,01/12/2026 13:09:04,USR0022,PC-USR0022-01,C:\Documents\work_doc_1.docx,File Open,Sample content
FIL0002400,01/12/2026 16:37:44,USR0022,PC-USR0022-01,C:\Documents\work_doc_34.docx,File Open,Sample content
FIL0002401,01/12/2026 14:29:26,USR0022,PC-USR0022-01,C:\Documents\work_doc_46.docx,File Open,Sample content
FIL0002402,01/12/2026 09:04:43,USR0022,PC-USR0022-01,C:\Documents\work_doc_37.docx,File Open,Sample content
FIL0002403,01/12/2026 15:45:26,USR0022,PC-USR0022-01,C:\Documents\work_doc_43.docx,File Open,Sample content
FIL0002404,01/12/2026 15:43:28,USR0022,PC-USR0022-01,C:\Documents\work_doc_37.docx,File Open,Sample content
FIL0002405,01/12/2026 12:52:37,USR0022,PC-USR0022-01,C:\Documents\work_doc_37.docx,File Open,Sample content
FIL0002406,01/12/2026 11:31:59,USR0022,PC-USR0022-01,C:\Documents\work_doc_35.docx,File Open,Sample content
FIL0002407,01/12/2026 12:24:40,USR0022,PC-USR0022-01,C:\Documents\work_doc_46.docx,File Open,Sample content
FIL0002408,01/12/2026 09:55:49,USR0022,PC-USR0022-01,C:\Documents\work_doc_46.docx,File Open,Sample content
FIL0002409,01/12/2026 16:37:33,USR0022,PC-USR0022-01,C:\Documents\work_doc_39.docx,File Open,Sample content
FIL0002410,01/12/2026 09:45:54,USR0022,PC-USR0022-01,C:\Documents\work_doc_37.docx,File Open,Sample content
FIL0002411,01/12/2026 16:47:43,USR0022,PC-USR0022-01,C:\Documents\work_doc_35.docx,File Open,Sample content
FIL0002412,01/12/2026 13:21:39,USR0023,PC-USR0023-01,C:\Documents\work_doc_34.docx,File Open,Sample content
FIL0002413,01/12/2026 09:12:16,USR0023,PC-USR0023-01,C:\Documents\work_doc_17.docx,File Open,Sample content
FIL0002414,01/12/2026 09:21:34,USR0023,PC-USR0023-01,C:\Documents\work_doc_23.docx,File Open,Sample content
FIL0002415,01/12/2026 15:22:46,USR0023,PC-USR0023-01,C:\Documents\work_doc_40.docx,File Open,Sample content
FIL0002416,01/12/2026 14:05:37,USR0023,PC-USR0023-01,C:\Documents\work_doc_31.docx,File Open,Sample content
FIL0002417,01/12/2026 13:44:15,USR0023,PC-USR0023-01,C:\Documents\work_doc_50.docx,File Open,Sample content
FIL0002418,01/12/2026 14:02:16,USR0023,PC-USR0023-01,C:\Documents\work_doc_19.docx,File Open,Sample content
FIL0002419,01/12/2026 13:55:55,USR0023,PC-USR0023-01,C:\Documents\work_doc_46.docx,File Open,Sample content
FIL0002420,01/12/2026 11:48:43,USR0023,PC-USR0023-01,C:\Documents\work_doc_2.docx,File Open,Sample content
FIL0002421,01/12/2026 14:17:20,USR0023,PC-USR0023-01,C:\Documents\work_doc_24.docx,File Open,Sample content
FIL0002422,01/12/2026 13:38:05,USR0023,PC-USR0023-01,C:\Documents\work_doc_12.docx,File Open,Sample content
FIL0002423,01/12/2026 12:04:53,USR0023,PC-USR0023-01,C:\Documents\work_doc_7.docx,File Open,Sample content
FIL0002424,01/12/2026 16:56:44,USR0023,PC-USR0023-01,C:\Documents\work_doc_37.docx,File Open,Sample content
FIL0002425,01/12/2026 13:59:57,USR0023,PC-USR0023-01,C:\Documents\work_doc_38.docx,File Open,Sample content
FIL0002426,01/12/2026 13:57:17,USR0023,PC-USR0023-01,C:\Documents\work_doc_9.docx,File Open,Sample content
FIL0002427,01/12/2026 11:53:32,USR0023,PC-USR0023-01,C:\Documents\work_doc_16.docx,File Open,Sample content
FIL0002428,01/12/2026 11:39:40,USR0023,PC-USR0023-01,C:\Documents\work_doc_37.docx,File Open,Sample content
FIL0002429,01/12/2026 13:33:22,USR0024,PC-USR0024-01,C:\Documents\work_doc_13.docx,File Open,Sample content
FIL0002430,01/12/2026 15:05:40,USR0024,PC-USR0024-01,C:\Documents\work_doc_49.docx,File Open,Sample content
FIL0002431,01/12/2026 09:18:50,USR0024,PC-USR0024-01,C:\Documents\work_doc_33.docx,File Open,Sample content
FIL0002432,01/12/2026 09:32:35,USR0024,PC-USR0024-01,C:\Documents\work_doc_1.docx,File Open,Sample content
FIL0002433,01/12/2026 14:54:41,USR0024,PC-USR0024-01,C:\Documents\work_doc_31.docx,File Open,Sample content
FIL0002434,01/12/2026 13:55:43,USR0024,PC-USR0024-01,C:\Documents\work_doc_38.docx,File Open,Sample content
FIL0002435,01/12/2026 16:23:33,USR0024,PC-USR0024-01,C:\Documents\work_doc_46.docx,File Open,Sample content
FIL0002436,01/12/2026 13:50:46,USR0024,PC-USR0024-01,C:\Documents\work_doc_4.docx,File Open,Sample content
FIL0002437,01/12/2026 11:19:48,USR0024,PC-USR0024-01,C:\Documents\work_doc_38.docx,File Open,Sample content
FIL0002438,01/12/2026 12:32:29,USR0024,PC-USR0024-01,C:\Documents\work_doc_5.docx,File Open,Sample content
FIL0002439,01/12/2026 12:34:38,USR0024,PC-USR0024-01,C:\Documents\work_doc_39.docx,File Open,Sample content
FIL0002440,01/12/2026 11:29:36,USR0024,PC-USR0024-01,C:\Documents\work_doc_45.docx,File Open,Sample content
FIL0002441,01/12/2026 12:21:42,USR0024,PC-USR0024-01,C:\Documents\work_doc_19.docx,File Open,Sample content
FIL0002442,01/12/2026 13:43:17,USR0024,PC-USR0024-01,C:\Documents\work_doc_22.docx,File Open,Sample content
FIL0002443,01/12/2026 09:21:55,USR0024,PC-USR0024-01,C:\Documents\work_doc_48.docx,File Open,Sample content
FIL0002444,01/12/2026 11:55:06,USR0025,PC-USR0025-01,C:\Documents\work_doc_8.docx,File Open,Sample content
FIL0002445,01/12/2026 11:17:20,USR0025,PC-USR0025-01,C:\Documents\work_doc_36.docx,File Open,Sample content
FIL0002446,01/12/2026 15:05:22,USR0025,PC-USR0025-01,C:\Documents\work_doc_18.docx,File Open,Sample content
FIL0002447,01/12/2026 16:39:36,USR0025,PC-USR0025-01,C:\Documents\work_doc_33.docx,File Open,Sample content
FIL0002448,01/12/2026 13:57:16,USR0025,PC-USR0025-01,C:\Documents\work_doc_45.docx,File Open,Sample content
FIL0002449,01/12/2026 10:34:43,USR0025,PC-USR0025-01,C:\Documents\work_doc_23.docx,File Open,Sample content
FIL0002450,01/12/2026 10:38:38,USR0025,PC-USR0025-01,C:\Documents\work_doc_27.docx,File Open,Sample content
FIL0002451,01/12/2026 12:44:10,USR0025,PC-USR0025-01,C:\Documents\work_doc_31.docx,File Open,Sample content
FIL0002452,01/12/2026 15:09:50,USR0025,PC-USR0025-01,C:\Documents\work_doc_35.docx,File Open,Sample content
FIL0002453,01/12/2026 09:32:09,USR0025,PC-USR0025-01,C:\Documents\work_doc_15.docx,File Open,Sample content
FIL0002454,01/12/2026 16:07:01,USR0025,PC-USR0025-01,C:\Documents\work_doc_24.docx,File Open,Sample content
FIL0002455,01/12/2026 15:00:10,USR0025,PC-USR0025-01,C:\Documents\work_doc_13.docx,File Open,Sample content
FIL0002456,01/13/2026 14:51:37,AAE0190,PC-AAE0190-01,C:\Documents\work_doc_3.docx,File Open,Sample content
FIL0002457,01/13/2026 09:12:57,AAE0190,PC-AAE0190-01,C:\Documents\work_doc_29.docx,File Open,Sample content
FIL0002458,01/13/2026 09:56:34,AAE0190,PC-AAE0190-01,C:\Documents\work_doc_27.docx,File Open,Sample content
FIL0002459,01/13/2026 10:59:19,AAE0190,PC-AAE0190-01,C:\Documents\work_doc_28.docx,File Open,Sample content
FIL0002460,01/13/2026 12:37:05,AAE0190,PC-AAE0190-01,C:\Documents\work_doc_4.docx,File Open,Sample content
FIL0002461,01/13/2026 11:50:55,AAE0190,PC-AAE0190-01,C:\Documents\work_doc_30.docx,File Open,Sample content
FIL0002462,01/13/2026 13:11:13,AAE0190,PC-AAE0190-01,C:\Documents\work_doc_31.docx,File Open,Sample content
FIL0002463,01/13/2026 12:28:41,AAE0190,PC-AAE0190-01,C:\Documents\work_doc_28.docx,File Open,Sample content
FIL0002464,01/13/2026 11:57:15,AAE0190,PC-AAE0190-01,C:\Documents\work_doc_8.docx,File Open,Sample content
FIL0002465,01/13/2026 13:30:00,AAE0190,PC-AAE0190-01,C:\Documents\work_doc_6.docx,File Open,Sample content
FIL0002466,01/13/2026 11:25:43,AAE0190,PC-AAE0190-01,C:\Documents\work_doc_2.docx,File Open,Sample content
FIL0002467,01/13/2026 14:56:26,AAE0190,PC-AAE0190-01,C:\Documents\work_doc_46.docx,File Open,Sample content
FIL0002468,01/13/2026 11:39:08,AAE0190,PC-AAE0190-01,C:\Documents\work_doc_26.docx,File Open,Sample content
FIL0002469,01/13/2026 15:37:10,AAE0190,PC-AAE0190-01,C:\Documents\work_doc_15.docx,File Open,Sample content
FIL0002470,01/13/2026 15:08:03,AAE0190,PC-AAE0190-01,C:\Documents\work_doc_7.docx,File Open,Sample content
FIL0002471,01/13/2026 12:18:09,AAE0190,PC-AAE0190-01,C:\Documents\work_doc_7.docx,File Open,Sample content
FIL0002472,01/13/2026 13:45:32,AAE0190,PC-AAE0190-01,C:\Documents\work_doc_32.docx,File Open,Sample content
FIL0002473,01/13/2026 15:14:01,AAE0190,PC-AAE0190-01,C:\Documents\work_doc_10.docx,File Open,Sample content
FIL0002474,01/13/2026 16:58:57,USR0002,PC-USR0002-01,C:\Documents\work_doc_7.docx,File Open,Sample content
FIL0002475,01/13/2026 10:02:17,USR0002,PC-USR0002-01,C:\Documents\work_doc_24.docx,File Open,Sample content
FIL0002476,01/13/2026 10:19:07,USR0002,PC-USR0002-01,C:\Documents\work_doc_17.docx,File Open,Sample content
FIL0002477,01/13/2026 15:45:34,USR0002,PC-USR0002-01,C:\Documents\work_doc_33.docx,File Open,Sample content
FIL0002478,01/13/2026 10:50:31,USR0002,PC-USR0002-01,C:\Documents\work_doc_21.docx,File Open,Sample content
FIL0002479,01/13/2026 15:04:02,USR0002,PC-USR0002-01,C:\Documents\work_doc_37.docx,File Open,Sample content
FIL0002480,01/13/2026 14:35:14,USR0002,PC-USR0002-01,C:\Documents\work_doc_19.docx,File Open,Sample content
FIL0002481,01/13/2026 12:21:59,USR0002,PC-USR0002-01,C:\Documents\work_doc_39.docx,File Open,Sample content
FIL0002482,01/13/2026 10:52:10,USR0002,PC-USR0002-01,C:\Documents\work_doc_30.docx,File Open,Sample content
FIL0002483,01/13/2026 14:56:14,USR0002,PC-USR0002-01,C:\Documents\work_doc_27.docx,File Open,Sample content
FIL0002484,01/13/2026 11:19:59,USR0002,PC-USR0002-01,C:\Documents\work_doc_31.docx,File Open,Sample content
FIL0002485,01/13/2026 09:22:11,USR0002,PC-USR0002-01,C:\Documents\work_doc_49.docx,File Open,Sample content
FIL0002486,01/13/2026 09:30:42,USR0003,PC-USR0003-01,C:\Documents\work_doc_44.docx,File Open,Sample content
FIL0002487,01/13/2026 15:43:30,USR0003,PC-USR0003-01,C:\Documents\work_doc_37.docx,File Open,Sample content
FIL0002488,01/13/2026 14:45:51,USR0003,PC-USR0003-01,C:\Documents\work_doc_32.docx,File Open,Sample content
FIL0002489,01/13/2026 14:43:29,USR0003,PC-USR0003-01,C:\Documents\work_doc_7.docx,File Open,Sample content
FIL0002490,01/13/2026 15:56:38,USR0003,PC-USR0003-01,C:\Documents\work_doc_29.docx,File Open,Sample content
FIL0002491,01/13/2026 11:23:01,USR0003,PC-USR0003-01,C:\Documents\work_doc_2.docx,File Open,Sample content
FIL0002492,01/13/2026 15:54:38,USR0003,PC-USR0003-01,C:\Documents\work_doc_30.docx,File Open,Sample content
FIL0002493,01/13/2026 12:27:21,USR0003,PC-USR0003-01,C:\Documents\work_doc_33.docx,File Open,Sample content
FIL0002494,01/13/2026 16:51:45,USR0003,PC-USR0003-01,C:\Documents\work_doc_42.docx,File Open,Sample content
FIL0002495,01/13/2026 13:37:44,USR0003,PC-USR0003-01,C:\Documents\work_doc_10.docx,File Open,Sample content
FIL0002496,01/13/2026 13:17:19,USR0004,PC-USR0004-01,C:\Documents\work_doc_12.docx,File Open,Sample content
FIL0002497,01/13/2026 12:37:24,USR0004,PC-USR0004-01,C:\Documents\work_doc_14.docx,File Open,Sample content
FIL0002498,01/13/2026 11:17:31,USR0004,PC-USR0004-01,C:\Documents\work_doc_3.docx,File Open,Sample content
FIL0002499,01/13/2026 09:19:10,USR0004,PC-USR0004-01,C:\Documents\work_doc_38.docx,File Open,Sample content
FIL0002500,01/13/2026 14:20:46,USR0004,PC-USR0004-01,C:\Documents\work_doc_46.docx,File Open,Sample content
FIL0002501,01/13/2026 13:30:07,USR0004,PC-USR0004-01,C:\Documents\work_doc_11.docx,File Open,Sample content
FIL0002502,01/13/2026 09:02:28,USR0004,PC-USR0004-01,C:\Documents\work_doc_15.docx,File Open,Sample content
FIL0002503,01/13/2026 10:24:35,USR0004,PC-USR0004-01,C:\Documents\work_doc_3.docx,File Open,Sample content
FIL0002504,01/13/2026 09:24:50,USR0004,PC-USR0004-01,C:\Documents\work_doc_36.docx,File Open,Sample content
FIL0002505,01/13/2026 11:17:09,USR0004,PC-USR0004-01,C:\Documents\work_doc_16.docx,File Open,Sample content
FIL0002506,01/13/2026 16:40:28,USR0004,PC-USR0004-01,C:\Documents\work_doc_26.docx,File Open,Sample content
FIL0002507,01/13/2026 16:20:12,USR0004,PC-USR0004-01,C:\Documents\work_doc_9.docx,File Open,Sample content
FIL0002508,01/13/2026 12:36:06,USR0004,PC-USR0004-01,C:\Documents\work_doc_36.docx,File Open,Sample content
FIL0002509,01/13/2026 16:44:21,USR0004,PC-USR0004-01,C:\Documents\work_doc_39.docx,File Open,Sample content
FIL0002510,01/13/2026 09:23:32,USR0004,PC-USR0004-01,C:\Documents\work_doc_34.docx,File Open,Sample content
FIL0002511,01/13/2026 13:07:37,USR0004,PC-USR0004-01,C:\Documents\work_doc_49.docx,File Open,Sample content
FIL0002512,01/13/2026 13:32:11,USR0004,PC-USR0004-01,C:\Documents\work_doc_18.docx,File Open,Sample content
FIL0002513,01/13/2026 09:44:59,USR0005,PC-USR0005-01,C:\Documents\work_doc_6.docx,File Open,Sample content
FIL0002514,01/13/2026 12:46:48,USR0005,PC-USR0005-01,C:\Documents\work_doc_1.docx,File Open,Sample content
FIL0002515,01/13/2026 15:53:20,USR0005,PC-USR0005-01,C:\Documents\work_doc_50.docx,File Open,Sample content
FIL0002516,01/13/2026 12:12:10,USR0005,PC-USR0005-01,C:\Documents\work_doc_16.docx,File Open,Sample content
FIL0002517,01/13/2026 15:58:53,USR0005,PC-USR0005-01,C:\Documents\work_doc_39.docx,File Open,Sample content
FIL0002518,01/13/2026 10:52:06,USR0005,PC-USR0005-01,C:\Documents\work_doc_43.docx,File Open,Sample content
FIL0002519,01/13/2026 15:24:19,USR0005,PC-USR0005-01,C:\Documents\work_doc_44.docx,File Open,Sample content
FIL0002520,01/13/2026 10:04:21,USR0005,PC-USR0005-01,C:\Documents\work_doc_6.docx,File Open,Sample content
FIL0002521,01/13/2026 15:18:53,USR0005,PC-USR0005-01,C:\Documents\work_doc_45.docx,File Open,Sample content
FIL0002522,01/13/2026 12:31:08,USR0006,PC-USR0006-01,C:\Documents\work_doc_44.docx,File Open,Sample content
FIL0002523,01/13/2026 13:11:56,USR0006,PC-USR0006-01,C:\Documents\work_doc_49.docx,File Open,Sample content
FIL0002524,01/13/2026 09:18:26,USR0006,PC-USR0006-01,C:\Documents\work_doc_48.docx,File Open,Sample content
FIL0002525,01/13/2026 14:14:56,USR0006,PC-USR0006-01,C:\Documents\work_doc_21.docx,File Open,Sample content
FIL0002526,01/13/2026 11:04:41,USR0006,PC-USR0006-01,C:\Documents\work_doc_32.docx,File Open,Sample content
FIL0002527,01/13/2026 09:21:51,USR0006,PC-USR0006-01,C:\Documents\work_doc_31.docx,File Open,Sample content
FIL0002528,01/13/2026 11:24:50,USR0006,PC-USR0006-01,C:\Documents\work_doc_32.docx,File Open,Sample content
FIL0002529,01/13/2026 14:57:59,USR0007,PC-USR0007-01,C:\Documents\work_doc_9.docx,File Open,Sample content
FIL0002530,01/13/2026 10:37:42,USR0007,PC-USR0007-01,C:\Documents\work_doc_16.docx,File Open,Sample content
FIL0002531,01/13/2026 14:10:08,USR0007,PC-USR0007-01,C:\Documents\work_doc_11.docx,File Open,Sample content
FIL0002532,01/13/2026 12:07:04,USR0007,PC-USR0007-01,C:\Documents\work_doc_20.docx,File Open,Sample content
FIL0002533,01/13/2026 11:54:14,USR0007,PC-USR0007-01,C:\Documents\work_doc_6.docx,File Open,Sample content
FIL0002534,01/13/2026 10:23:55,USR0007,PC-USR0007-01,C:\Documents\work_doc_20.docx,File Open,Sample content
FIL0002535,01/13/2026 16:52:57,USR0007,PC-USR0007-01,C:\Documents\work_doc_38.docx,File Open,Sample content
FIL0002536,01/13/2026 16:40:46,USR0007,PC-USR0007-01,C:\Documents\work_doc_1.docx,File Open,Sample content
FIL0002537,01/13/2026 13:55:39,USR0007,PC-USR0007-01,C:\Documents\work_doc_47.docx,File Open,Sample content
FIL0002538,01/13/2026 12:05:50,USR0007,PC-USR0007-01,C:\Documents\work_doc_46.docx,File Open,Sample content
FIL0002539,01/13/2026 15:04:18,USR0008,PC-USR0008-01,C:\Documents\work_doc_45.docx,File Open,Sample content
FIL0002540,01/13/2026 13:25:16,USR0008,PC-USR0008-01,C:\Documents\work_doc_50.docx,File Open,Sample content
FIL0002541,01/13/2026 14:23:28,USR0008,PC-USR0008-01,C:\Documents\work_doc_23.docx,File Open,Sample content
FIL0002542,01/13/2026 12:04:03,USR0008,PC-USR0008-01,C:\Documents\work_doc_3.docx,File Open,Sample content
FIL0002543,01/13/2026 11:26:55,USR0008,PC-USR0008-01,C:\Documents\work_doc_28.docx,File Open,Sample content
FIL0002544,01/13/2026 16:19:54,USR0008,PC-USR0008-01,C:\Documents\work_doc_12.docx,File Open,Sample content
FIL0002545,01/13/2026 16:20:28,USR0008,PC-USR0008-01,C:\Documents\work_doc_5.docx,File Open,Sample content
FIL0002546,01/13/2026 13:33:38,USR0008,PC-USR0008-01,C:\Documents\work_doc_5.docx,File Open,Sample content
FIL0002547,01/13/2026 11:23:22,USR0008,PC-USR0008-01,C:\Documents\work_doc_9.docx,File Open,Sample content
FIL0002548,01/13/2026 10:43:25,USR0008,PC-USR0008-01,C:\Documents\work_doc_23.docx,File Open,Sample content
FIL0002549,01/13/2026 13:09:27,USR0009,PC-USR0009-01,C:\Documents\work_doc_32.docx,File Open,Sample content
FIL0002550,01/13/2026 15:47:05,USR0009,PC-USR0009-01,C:\Documents\work_doc_29.docx,File Open,Sample content
FIL0002551,01/13/2026 13:00:20,USR0009,PC-USR0009-01,C:\Documents\work_doc_20.docx,File Open,Sample content
FIL0002552,01/13/2026 14:59:41,USR0009,PC-USR0009-01,C:\Documents\work_doc_8.docx,File Open,Sample content
FIL0002553,01/13/2026 11:01:26,USR0009,PC-USR0009-01,C:\Documents\work_doc_7.docx,File Open,Sample content
FIL0002554,01/13/2026 11:47:24,USR0009,PC-USR0009-01,C:\Documents\work_doc_33.docx,File Open,Sample content
FIL0002555,01/13/2026 16:56:15,USR0009,PC-USR0009-01,C:\Documents\work_doc_31.docx,File Open,Sample content
FIL0002556,01/13/2026 09:06:17,USR0009,PC-USR0009-01,C:\Documents\work_doc_18.docx,File Open,Sample content
FIL0002557,01/13/2026 16:30:06,USR0009,PC-USR0009-01,C:\Documents\work_doc_45.docx,File Open,Sample content
FIL0002558,01/13/2026 10:57:03,USR0010,PC-USR0010-01,C:\Documents\work_doc_20.docx,File Open,Sample content
FIL0002559,01/13/2026 14:08:55,USR0010,PC-USR0010-01,C:\Documents\work_doc_34.docx,File Open,Sample content
FIL0002560,01/13/2026 16:26:18,USR0010,PC-USR0010-01,C:\Documents\work_doc_47.docx,File Open,Sample content
FIL0002561,01/13/2026 15:32:32,USR0010,PC-USR0010-01,C:\Documents\work_doc_2.docx,File Open,Sample content
FIL0002562,01/13/2026 09:45:43,USR0010,PC-USR0010-01,C:\Documents\work_doc_17.docx,File Open,Sample content
FIL0002563,01/13/2026 14:09:24,USR0010,PC-USR0010-01,C:\Documents\work_doc_2.docx,File Open,Sample content
FIL0002564,01/13/2026 14:45:56,USR0010,PC-USR0010-01,C:\Documents\work_doc_7.docx,File Open,Sample content
FIL0002565,01/13/2026 14:53:18,USR0010,PC-USR0010-01,C:\Documents\work_doc_47.docx,File Open,Sample content
FIL0002566,01/13/2026 15:17:06,USR0010,PC-USR0010-01,C:\Documents\work_doc_13.docx,File Open,Sample content
FIL0002567,01/13/2026 16:09:52,USR0010,PC-USR0010-01,C:\Documents\work_doc_50.docx,File Open,Sample content
FIL0002568,01/13/2026 10:06:08,USR0010,PC-USR0010-01,C:\Documents\work_doc_11.docx,File Open,Sample content
FIL0002569,01/13/2026 12:04:19,USR0010,PC-USR0010-01,C:\Documents\work_doc_17.docx,File Open,Sample content
FIL0002570,01/13/2026 15:14:26,USR0010,PC-USR0010-01,C:\Documents\work_doc_28.docx,File Open,Sample content
FIL0002571,01/13/2026 09:56:14,USR0011,PC-USR0011-01,C:\Documents\work_doc_33.docx,File Open,Sample content
FIL0002572,01/13/2026 12:19:30,USR0011,PC-USR0011-01,C:\Documents\work_doc_28.docx,File Open,Sample content
FIL0002573,01/13/2026 13:39:37,USR0011,PC-USR0011-01,C:\Documents\work_doc_21.docx,File Open,Sample content
FIL0002574,01/13/2026 11:45:57,USR0011,PC-USR0011-01,C:\Documents\work_doc_13.docx,File Open,Sample content
FIL0002575,01/13/2026 11:54:20,USR0011,PC-USR0011-01,C:\Documents\work_doc_13.docx,File Open,Sample content
FIL0002576,01/13/2026 16:30:41,USR0011,PC-USR0011-01,C:\Documents\work_doc_19.docx,File Open,Sample content
FIL0002577,01/13/2026 11:10:40,USR0011,PC-USR0011-01,C:\Documents\work_doc_27.docx,File Open,Sample content
FIL0002578,01/13/2026 16:04:24,USR0011,PC-USR0011-01,C:\Documents\work_doc_19.docx,File Open,Sample content
FIL0002579,01/13/2026 13:15:48,USR0011,PC-USR0011-01,C:\Documents\work_doc_23.docx,File Open,Sample content
FIL0002580,01/13/2026 10:18:22,USR0011,PC-USR0011-01,C:\Documents\work_doc_19.docx,File Open,Sample content
FIL0002581,01/13/2026 15:08:24,USR0011,PC-USR0011-01,C:\Documents\work_doc_3.docx,File Open,Sample content
FIL0002582,01/13/2026 14:21:14,USR0011,PC-USR0011-01,C:\Documents\work_doc_33.docx,File Open,Sample content
FIL0002583,01/13/2026 14:57:22,USR0011,PC-USR0011-01,C:\Documents\work_doc_23.docx,File Open,Sample content
FIL0002584,01/13/2026 14:36:37,USR0011,PC-USR0011-01,C:\Documents\work_doc_7.docx,File Open,Sample content
FIL0002585,01/13/2026 09:14:59,USR0011,PC-USR0011-01,C:\Documents\work_doc_18.docx,File Open,Sample content
FIL0002586,01/13/2026 16:29:43,USR0011,PC-USR0011-01,C:\Documents\work_doc_17.docx,File Open,Sample content
FIL0002587,01/13/2026 13:14:40,USR0012,PC-USR0012-01,C:\Documents\work_doc_25.docx,File Open,Sample content
FIL0002588,01/13/2026 09:18:32,USR0012,PC-USR0012-01,C:\Documents\work_doc_44.docx,File Open,Sample content
FIL0002589,01/13/2026 12:15:25,USR0012,PC-USR0012-01,C:\Documents\work_doc_9.docx,File Open,Sample content
FIL0002590,01/13/2026 10:59:28,USR0012,PC-USR0012-01,C:\Documents\work_doc_47.docx,File Open,Sample content
FIL0002591,01/13/2026 14:00:27,USR0012,PC-USR0012-01,C:\Documents\work_doc_3.docx,File Open,Sample content
FIL0002592,01/13/2026 13:45:29,USR0012,PC-USR0012-01,C:\Documents\work_doc_5.docx,File Open,Sample content
FIL0002593,01/13/2026 09:43:42,USR0012,PC-USR0012-01,C:\Documents\work_doc_25.docx,File Open,Sample content
FIL0002594,01/13/2026 14:04:54,USR0012,PC-USR0012-01,C:\Documents\work_doc_15.docx,File Open,Sample content
FIL0002595,01/13/2026 10:37:07,USR0012,PC-USR0012-01,C:\Documents\work_doc_50.docx,File Open,Sample content
FIL0002596,01/13/2026 13:10:36,USR0012,PC-USR0012-01,C:\Documents\work_doc_27.docx,File Open,Sample content
FIL0002597,01/13/2026 16:12:49,USR0012,PC-USR0012-01,C:\Documents\work_doc_1.docx,File Open,Sample content
FIL0002598,01/13/2026 16:16:25,USR0012,PC-USR0012-01,C:\Documents\work_doc_36.docx,File Open,Sample content
FIL0002599,01/13/2026 15:47:13,USR0012,PC-USR0012-01,C:\Documents\work_doc_35.docx,File Open,Sample content
FIL0002600,01/13/2026 15:18:24,USR0012,PC-USR0012-01,C:\Documents\work_doc_5.docx,File Open,Sample content
FIL0002601,01/13/2026 09:57:47,USR0012,PC-USR0012-01,C:\Documents\work_doc_30.docx,File Open,Sample content
FIL0002602,01/13/2026 10:10:28,USR0012,PC-USR0012-01,C:\Documents\work_doc_30.docx,File Open,Sample content
FIL0002603,01/13/2026 13:39:07,USR0012,PC-USR0012-01,C:\Documents\work_doc_31.docx,File Open,Sample content
FIL0002604,01/13/2026 15:20:54,USR0012,PC-USR0012-01,C:\Documents\work_doc_21.docx,File Open,Sample content
FIL0002605,01/13/2026 11:14:57,USR0012,PC-USR0012-01,C:\Documents\work_doc_39.docx,File Open,Sample content
FIL0002606,01/13/2026 09:39:09,USR0013,PC-USR0013-01,C:\Documents\work_doc_14.docx,File Open,Sample content
FIL0002607,01/13/2026 16:38:51,USR0013,PC-USR0013-01,C:\Documents\work_doc_34.docx,File Open,Sample content
FIL0002608,01/13/2026 12:51:11,USR0013,PC-USR0013-01,C:\Documents\work_doc_41.docx,File Open,Sample content
FIL0002609,01/13/2026 12:10:48,USR0013,PC-USR0013-01,C:\Documents\work_doc_48.docx,File Open,Sample content
FIL0002610,01/13/2026 12:45:24,USR0013,PC-USR0013-01,C:\Documents\work_doc_29.docx,File Open,Sample content
FIL0002611,01/13/2026 16:53:01,USR0013,PC-USR0013-01,C:\Documents\work_doc_39.docx,File Open,Sample content
FIL0002612,01/13/2026 14:13:55,USR0013,PC-USR0013-01,C:\Documents\work_doc_20.docx,File Open,Sample content
FIL0002613,01/13/2026 11:22:44,USR0013,PC-USR0013-01,C:\Documents\work_doc_50.docx,File Open,Sample content
FIL0002614,01/13/2026 10:31:03,USR0013,PC-USR0013-01,C:\Documents\work_doc_8.docx,File Open,Sample content
FIL0002615,01/13/2026 12:51:45,USR0013,PC-USR0013-01,C:\Documents\work_doc_21.docx,File Open,Sample content
FIL0002616,01/13/2026 10:43:10,USR0013,PC-USR0013-01,C:\Documents\work_doc_8.docx,File Open,Sample content
FIL0002617,01/13/2026 14:23:58,USR0013,PC-USR0013-01,C:\Documents\work_doc_49.docx,File Open,Sample content
FIL0002618,01/13/2026 14:08:16,USR0013,PC-USR0013-01,C:\Documents\work_doc_36.docx,File Open,Sample content
FIL0002619,01/13/2026 12:55:00,USR0013,PC-USR0013-01,C:\Documents\work_doc_49.docx,File Open,Sample content
FIL0002620,01/13/2026 16:07:13,USR0013,PC-USR0013-01,C:\Documents\work_doc_1.docx,File Open,Sample content
FIL0002621,01/13/2026 10:25:05,USR0013,PC-USR0013-01,C:\Documents\work_doc_36.docx,File Open,Sample content
FIL0002622,01/13/2026 09:19:49,USR0013,PC-USR0013-01,C:\Documents\work_doc_49.docx,File Open,Sample content
FIL0002623,01/13/2026 10:06:44,USR0013,PC-USR0013-01,C:\Documents\work_doc_12.docx,File Open,Sample content
FIL0002624,01/13/2026 10:42:08,USR0013,PC-USR0013-01,C:\Documents\work_doc_25.docx,File Open,Sample content
FIL0002625,01/13/2026 11:27:43,USR0014,PC-USR0014-01,C:\Documents\work_doc_23.docx,File Open,Sample content
FIL0002626,01/13/2026 14:21:44,USR0014,PC-USR0014-01,C:\Documents\work_doc_41.docx,File Open,Sample content
FIL0002627,01/13/2026 16:21:59,USR0014,PC-USR0014-01,C:\Documents\work_doc_29.docx,File Open,Sample content
FIL0002628,01/13/2026 15:56:42,USR0014,PC-USR0014-01,C:\Documents\work_doc_33.docx,File Open,Sample content
FIL0002629,01/13/2026 10:07:10,USR0014,PC-USR0014-01,C:\Documents\work_doc_1.docx,File Open,Sample content
FIL0002630,01/13/2026 09:55:22,USR0014,PC-USR0014-01,C:\Documents\work_doc_27.docx,File Open,Sample content
FIL0002631,01/13/2026 14:43:20,USR0014,PC-USR0014-01,C:\Documents\work_doc_23.docx,File Open,Sample content
FIL0002632,01/13/2026 12:03:47,USR0014,PC-USR0014-01,C:\Documents\work_doc_43.docx,File Open,Sample content
FIL0002633,01/13/2026 13:01:30,USR0014,PC-USR0014-01,C:\Documents\work_doc_47.docx,File Open,Sample content
FIL0002634,01/13/2026 13:12:40,USR0014,PC-USR0014-01,C:\Documents\work_doc_39.docx,File Open,Sample content
FIL0002635,01/13/2026 12:33:29,USR0014,PC-USR0014-01,C:\Documents\work_doc_11.docx,File Open,Sample content
FIL0002636,01/13/2026 16:54:00,USR0014,PC-USR0014-01,C:\Documents\work_doc_31.docx,File Open,Sample content
FIL0002637,01/13/2026 14:38:45,USR0014,PC-USR0014-01,C:\Documents\work_doc_14.docx,File Open,Sample content
FIL0002638,01/13/2026 12:22:39,USR0014,PC-USR0014-01,C:\Documents\work_doc_42.docx,File Open,Sample content
FIL0002639,01/13/2026 11:18:10,USR0014,PC-USR0014-01,C:\Documents\work_doc_13.docx,File Open,Sample content
FIL0002640,01/13/2026 13:16:35,USR0014,PC-USR0014-01,C:\Documents\work_doc_9.docx,File Open,Sample content
FIL0002641,01/13/2026 10:01:49,USR0015,PC-USR0015-01,C:\Documents\work_doc_23.docx,File Open,Sample content
FIL0002642,01/13/2026 11:19:41,USR0015,PC-USR0015-01,C:\Documents\work_doc_21.docx,File Open,Sample content
FIL0002643,01/13/2026 09:12:20,USR0015,PC-USR0015-01,C:\Documents\work_doc_30.docx,File Open,Sample content
FIL0002644,01/13/2026 12:23:19,USR0015,PC-USR0015-01,C:\Documents\work_doc_12.docx,File Open,Sample content
FIL0002645,01/13/2026 10:48:07,USR0015,PC-USR0015-01,C:\Documents\work_doc_46.docx,File Open,Sample content
FIL0002646,01/13/2026 12:56:41,USR0015,PC-USR0015-01,C:\Documents\work_doc_50.docx,File Open,Sample content
FIL0002647,01/13/2026 14:30:39,USR0015,PC-USR0015-01,C:\Documents\work_doc_26.docx,File Open,Sample content
FIL0002648,01/13/2026 10:19:16,USR0015,PC-USR0015-01,C:\Documents\work_doc_19.docx,File Open,Sample content
FIL0002649,01/13/2026 09:03:21,USR0015,PC-USR0015-01,C:\Documents\work_doc_30.docx,File Open,Sample content
FIL0002650,01/13/2026 16:38:35,USR0015,PC-USR0015-01,C:\Documents\work_doc_20.docx,File Open,Sample content
FIL0002651,01/13/2026 12:05:56,USR0015,PC-USR0015-01,C:\Documents\work_doc_22.docx,File Open,Sample content
FIL0002652,01/13/2026 11:10:31,USR0015,PC-USR0015-01,C:\Documents\work_doc_46.docx,File Open,Sample content
FIL0002653,01/13/2026 10:07:00,USR0015,PC-USR0015-01,C:\Documents\work_doc_44.docx,File Open,Sample content
FIL0002654,01/13/2026 16:19:27,USR0015,PC-USR0015-01,C:\Documents\work_doc_23.docx,File Open,Sample content
FIL0002655,01/13/2026 14:59:02,USR0015,PC-USR0015-01,C:\Documents\work_doc_26.docx,File Open,Sample content
FIL0002656,01/13/2026 14:48:52,USR0015,PC-USR0015-01,C:\Documents\work_doc_16.docx,File Open,Sample content
FIL0002657,01/13/2026 09:11:41,USR0015,PC-USR0015-01,C:\Documents\work_doc_1.docx,File Open,Sample content
FIL0002658,01/13/2026 09:27:34,USR0015,PC-USR0015-01,C:\Documents\work_doc_48.docx,File Open,Sample content
FIL0002659,01/13/2026 15:50:22,USR0015,PC-USR0015-01,C:\Documents\work_doc_42.docx,File Open,Sample content
FIL0002660,01/13/2026 11:12:10,USR0015,PC-USR0015-01,C:\Documents\work_doc_4.docx,File Open,Sample content
FIL0002661,01/13/2026 14:40:12,USR0016,PC-USR0016-01,C:\Documents\work_doc_32.docx,File Open,Sample content
FIL0002662,01/13/2026 09:56:01,USR0016,PC-USR0016-01,C:\Documents\work_doc_17.docx,File Open,Sample content
FIL0002663,01/13/2026 10:58:02,USR0016,PC-USR0016-01,C:\Documents\work_doc_12.docx,File Open,Sample content
FIL0002664,01/13/2026 12:14:54,USR0016,PC-USR0016-01,C:\Documents\work_doc_25.docx,File Open,Sample content
FIL0002665,01/13/2026 11:35:24,USR0016,PC-USR0016-01,C:\Documents\work_doc_19.docx,File Open,Sample content
FIL0002666,01/13/2026 10:04:25,USR0016,PC-USR0016-01,C:\Documents\work_doc_39.docx,File Open,Sample content
FIL0002667,01/13/2026 11:31:30,USR0016,PC-USR0016-01,C:\Documents\work_doc_42.docx,File Open,Sample content
FIL0002668,01/13/2026 09:15:35,USR0016,PC-USR0016-01,C:\Documents\work_doc_39.docx,File Open,Sample content
FIL0002669,01/13/2026 12:43:46,USR0016,PC-USR0016-01,C:\Documents\work_doc_5.docx,File Open,Sample content
FIL0002670,01/13/2026 12:44:42,USR0016,PC-USR0016-01,C:\Documents\work_doc_28.docx,File Open,Sample content
FIL0002671,01/13/2026 13:37:01,USR0016,PC-USR0016-01,C:\Documents\work_doc_16.docx,File Open,Sample content
FIL0002672,01/13/2026 15:45:20,USR0016,PC-USR0016-01,C:\Documents\work_doc_29.docx,File Open,Sample content
FIL0002673,01/13/2026 10:27:33,USR0016,PC-USR0016-01,C:\Documents\work_doc_34.docx,File Open,Sample content
FIL0002674,01/13/2026 16:09:37,USR0016,PC-USR0016-01,C:\Documents\work_doc_42.docx,File Open,Sample content
FIL0002675,01/13/2026 12:04:38,USR0016,PC-USR0016-01,C:\Documents\work_doc_2.docx,File Open,Sample content
FIL0002676,01/13/2026 10:02:58,USR0016,PC-USR0016-01,C:\Documents\work_doc_6.docx,File Open,Sample content
FIL0002677,01/13/2026 14:22:17,USR0016,PC-USR0016-01,C:\Documents\work_doc_1.docx,File Open,Sample content
FIL0002678,01/13/2026 14:48:31,USR0016,PC-USR0016-01,C:\Documents\work_doc_49.docx,File Open,Sample content
FIL0002679,01/13/2026 13:18:33,USR0016,PC-USR0016-01,C:\Documents\work_doc_32.docx,File Open,Sample content
FIL0002680,01/13/2026 12:25:09,USR0017,PC-USR0017-01,C:\Documents\work_doc_17.docx,File Open,Sample content
FIL0002681,01/13/2026 09:49:45,USR0017,PC-USR0017-01,C:\Documents\work_doc_18.docx,File Open,Sample content
FIL0002682,01/13/2026 15:30:30,USR0017,PC-USR0017-01,C:\Documents\work_doc_39.docx,File Open,Sample content
FIL0002683,01/13/2026 12:57:12,USR0017,PC-USR0017-01,C:\Documents\work_doc_36.docx,File Open,Sample content
FIL0002684,01/13/2026 12:37:21,USR0017,PC-USR0017-01,C:\Documents\work_doc_47.docx,File Open,Sample content
FIL0002685,01/13/2026 09:09:40,USR0017,PC-USR0017-01,C:\Documents\work_doc_30.docx,File Open,Sample content
FIL0002686,01/13/2026 15:42:10,USR0017,PC-USR0017-01,C:\Documents\work_doc_44.docx,File Open,Sample content
FIL0002687,01/13/2026 15:12:54,USR0017,PC-USR0017-01,C:\Documents\work_doc_44.docx,File Open,Sample content
FIL0002688,01/13/2026 16:44:12,USR0018,PC-USR0018-01,C:\Documents\work_doc_30.docx,File Open,Sample content
FIL0002689,01/13/2026 14:24:34,USR0018,PC-USR0018-01,C:\Documents\work_doc_34.docx,File Open,Sample content
FIL0002690,01/13/2026 09:46:33,USR0018,PC-USR0018-01,C:\Documents\work_doc_21.docx,File Open,Sample content
FIL0002691,01/13/2026 15:27:22,USR0018,PC-USR0018-01,C:\Documents\work_doc_10.docx,File Open,Sample content
FIL0002692,01/13/2026 10:59:24,USR0018,PC-USR0018-01,C:\Documents\work_doc_14.docx,File Open,Sample content
FIL0002693,01/13/2026 13:33:30,USR0018,PC-USR0018-01,C:\Documents\work_doc_36.docx,File Open,Sample content
FIL0002694,01/13/2026 15:47:17,USR0018,PC-USR0018-01,C:\Documents\work_doc_34.docx,File Open,Sample content
FIL0002695,01/13/2026 09:07:03,USR0018,PC-USR0018-01,C:\Documents\work_doc_22.docx,File Open,Sample content
FIL0002696,01/13/2026 10:41:05,USR0018,PC-USR0018-01,C:\Documents\work_doc_33.docx,File Open,Sample content
FIL0002697,01/13/2026 13:51:59,USR0018,PC-USR0018-01,C:\Documents\work_doc_9.docx,File Open,Sample content
FIL0002698,01/13/2026 15:59:19,USR0018,PC-USR0018-01,C:\Documents\work_doc_8.docx,File Open,Sample content
FIL0002699,01/13/2026 09:10:09,USR0018,PC-USR0018-01,C:\Documents\work_doc_4.docx,File Open,Sample content
FIL0002700,01/13/2026 14:34:15,USR0018,PC-USR0018-01,C:\Documents\work_doc_21.docx,File Open,Sample content
FIL0002701,01/13/2026 14:40:30,USR0018,PC-USR0018-01,C:\Documents\work_doc_50.docx,File Open,Sample content
FIL0002702,01/13/2026 09:44:34,USR0018,PC-USR0018-01,C:\Documents\work_doc_15.docx,File Open,Sample content
FIL0002703,01/13/2026 14:08:24,USR0018,PC-USR0018-01,C:\Documents\work_doc_12.docx,File Open,Sample content
FIL0002704,01/13/2026 16:15:58,USR0018,PC-USR0018-01,C:\Documents\work_doc_43.docx,File Open,Sample content
FIL0002705,01/13/2026 16:42:00,USR0019,PC-USR0019-01,C:\Documents\work_doc_38.docx,File Open,Sample content
FIL0002706,01/13/2026 16:56:42,USR0019,PC-USR0019-01,C:\Documents\work_doc_33.docx,File Open,Sample content
FIL0002707,01/13/2026 14:41:02,USR0019,PC-USR0019-01,C:\Documents\work_doc_49.docx,File Open,Sample content
FIL0002708,01/13/2026 15:04:24,USR0019,PC-USR0019-01,C:\Documents\work_doc_5.docx,File Open,Sample content
FIL0002709,01/13/2026 12:07:41,USR0019,PC-USR0019-01,C:\Documents\work_doc_10.docx,File Open,Sample content
FIL0002710,01/13/2026 10:29:59,USR0019,PC-USR0019-01,C:\Documents\work_doc_34.docx,File Open,Sample content
FIL0002711,01/13/2026 10:27:41,USR0019,PC-USR0019-01,C:\Documents\work_doc_12.docx,File Open,Sample content
FIL0002712,01/13/2026 15:27:59,USR0019,PC-USR0019-01,C:\Documents\work_doc_26.docx,File Open,Sample content
FIL0002713,01/13/2026 16:17:48,USR0019,PC-USR0019-01,C:\Documents\work_doc_9.docx,File Open,Sample content
FIL0002714,01/13/2026 11:56:15,USR0019,PC-USR0019-01,C:\Documents\work_doc_15.docx,File Open,Sample content
FIL0002715,01/13/2026 13:19:19,USR0019,PC-USR0019-01,C:\Documents\work_doc_26.docx,File Open,Sample content
FIL0002716,01/13/2026 10:05:29,USR0019,PC-USR0019-01,C:\Documents\work_doc_37.docx,File Open,Sample content
FIL0002717,01/13/2026 14:19:38,USR0019,PC-USR0019-01,C:\Documents\work_doc_47.docx,File Open,Sample content
FIL0002718,01/13/2026 14:59:47,USR0019,PC-USR0019-01,C:\Documents\work_doc_30.docx,File Open,Sample content
FIL0002719,01/13/2026 10:43:52,USR0019,PC-USR0019-01,C:\Documents\work_doc_6.docx,File Open,Sample content
FIL0002720,01/13/2026 16:49:00,USR0019,PC-USR0019-01,C:\Documents\work_doc_19.docx,File Open,Sample content
FIL0002721,01/13/2026 13:41:44,USR0019,PC-USR0019-01,C:\Documents\work_doc_20.docx,File Open,Sample content
FIL0002722,01/13/2026 12:40:45,USR0020,PC-USR0020-01,C:\Documents\work_doc_40.docx,File Open,Sample content
FIL0002723,01/13/2026 13:22:41,USR0020,PC-USR0020-01,C:\Documents\work_doc_11.docx,File Open,Sample content
FIL0002724,01/13/2026 11:28:45,USR0020,PC-USR0020-01,C:\Documents\work_doc_38.docx,File Open,Sample content
FIL0002725,01/13/2026 10:33:51,USR0020,PC-USR0020-01,C:\Documents\work_doc_1.docx,File Open,Sample content
FIL0002726,01/13/2026 14:20:50,USR0020,PC-USR0020-01,C:\Documents\work_doc_17.docx,File Open,Sample content
FIL0002727,01/13/2026 16:03:03,USR0020,PC-USR0020-01,C:\Documents\work_doc_46.docx,File Open,Sample content
FIL0002728,01/13/2026 15:59:53,USR0020,PC-USR0020-01,C:\Documents\work_doc_49.docx,File Open,Sample content
FIL0002729,01/13/2026 16:15:51,USR0020,PC-USR0020-01,C:\Documents\work_doc_46.docx,File Open,Sample content
FIL0002730,01/13/2026 09:40:08,USR0020,PC-USR0020-01,C:\Documents\work_doc_37.docx,File Open,Sample content
FIL0002731,01/13/2026 15:41:08,USR0020,PC-USR0020-01,C:\Documents\work_doc_2.docx,File Open,Sample content
FIL0002732,01/13/2026 14:47:26,USR0020,PC-USR0020-01,C:\Documents\work_doc_42.docx,File Open,Sample content
FIL0002733,01/13/2026 12:14:58,USR0020,PC-USR0020-01,C:\Documents\work_doc_26.docx,File Open,Sample content
FIL0002734,01/13/2026 13:03:49,USR0020,PC-USR0020-01,C:\Documents\work_doc_38.docx,File Open,Sample content
FIL0002735,01/13/2026 11:24:03,USR0021,PC-USR0021-01,C:\Documents\work_doc_38.docx,File Open,Sample content
FIL0002736,01/13/2026 15:47:02,USR0021,PC-USR0021-01,C:\Documents\work_doc_2.docx,File Open,Sample content
FIL0002737,01/13/2026 16:20:03,USR0021,PC-USR0021-01,C:\Documents\work_doc_30.docx,File Open,Sample content
FIL0002738,01/13/2026 16:21:49,USR0021,PC-USR0021-01,C:\Documents\work_doc_10.docx,File Open,Sample content
FIL0002739,01/13/2026 11:52:04,USR0021,PC-USR0021-01,C:\Documents\work_doc_30.docx,File Open,Sample content
FIL0002740,01/13/2026 09:26:26,USR0021,PC-USR0021-01,C:\Documents\work_doc_32.docx,File Open,Sample content
FIL0002741,01/13/2026 16:52:19,USR0021,PC-USR0021-01,C:\Documents\work_doc_33.docx,File Open,Sample content
FIL0002742,01/13/2026 10:32:37,USR0021,PC-USR0021-01,C:\Documents\work_doc_13.docx,File Open,Sample content
FIL0002743,01/13/2026 09:45:40,USR0021,PC-USR0021-01,C:\Documents\work_doc_5.docx,File Open,Sample content
FIL0002744,01/13/2026 15:12:44,USR0021,PC-USR0021-01,C:\Documents\work_doc_43.docx,File Open,Sample content
FIL0002745,01/13/2026 15:32:17,USR0021,PC-USR0021-01,C:\Documents\work_doc_9.docx,File Open,Sample content
FIL0002746,01/13/2026 15:56:58,USR0021,PC-USR0021-01,C:\Documents\work_doc_16.docx,File Open,Sample content
FIL0002747,01/13/2026 12:27:05,USR0021,PC-USR0021-01,C:\Documents\work_doc_36.docx,File Open,Sample content
FIL0002748,01/13/2026 10:15:20,USR0021,PC-USR0021-01,C:\Documents\work_doc_22.docx,File Open,Sample content
FIL0002749,01/13/2026 15:23:29,USR0021,PC-USR0021-01,C:\Documents\work_doc_11.docx,File Open,Sample content
FIL0002750,01/13/2026 13:52:41,USR0022,PC-USR0022-01,C:\Documents\work_doc_44.docx,File Open,Sample content
FIL0002751,01/13/2026 16:41:16,USR0022,PC-USR0022-01,C:\Documents\work_doc_20.docx,File Open,Sample content
FIL0002752,01/13/2026 16:57:41,USR0022,PC-USR0022-01,C:\Documents\work_doc_15.docx,File Open,Sample content
FIL0002753,01/13/2026 09:38:40,USR0022,PC-USR0022-01,C:\Documents\work_doc_47.docx,File Open,Sample content
FIL0002754,01/13/2026 10:07:53,USR0022,PC-USR0022-01,C:\Documents\work_doc_2.docx,File Open,Sample content
FIL0002755,01/13/2026 12:09:22,USR0023,PC-USR0023-01,C:\Documents\work_doc_44.docx,File Open,Sample content
FIL0002756,01/13/2026 15:36:39,USR0023,PC-USR0023-01,C:\Documents\work_doc_41.docx,File Open,Sample content
FIL0002757,01/13/2026 09:03:49,USR0023,PC-USR0023-01,C:\Documents\work_doc_35.docx,File Open,Sample content
FIL0002758,01/13/2026 10:18:33,USR0023,PC-USR0023-01,C:\Documents\work_doc_20.docx,File Open,Sample content
FIL0002759,01/13/2026 13:24:43,USR0023,PC-USR0023-01,C:\Documents\work_doc_22.docx,File Open,Sample content
FIL0002760,01/13/2026 13:04:44,USR0023,PC-USR0023-01,C:\Documents\work_doc_5.docx,File Open,Sample content
FIL0002761,01/13/2026 11:17:45,USR0023,PC-USR0023-01,C:\Documents\work_doc_12.docx,File Open,Sample content
FIL0002762,01/13/2026 11:38:26,USR0023,PC-USR0023-01,C:\Documents\work_doc_4.docx,File Open,Sample content
FIL0002763,01/13/2026 15:49:39,USR0023,PC-USR0023-01,C:\Documents\work_doc_6.docx,File Open,Sample content
FIL0002764,01/13/2026 10:25:04,USR0024,PC-USR0024-01,C:\Documents\work_doc_33.docx,File Open,Sample content
FIL0002765,01/13/2026 14:45:00,USR0024,PC-USR0024-01,C:\Documents\work_doc_11.docx,File Open,Sample content
FIL0002766,01/13/2026 16:25:28,USR0024,PC-USR0024-01,C:\Documents\work_doc_4.docx,File Open,Sample content
FIL0002767,01/13/2026 15:16:18,USR0024,PC-USR0024-01,C:\Documents\work_doc_1.docx,File Open,Sample content
FIL0002768,01/13/2026 12:48:01,USR0024,PC-USR0024-01,C:\Documents\work_doc_45.docx,File Open,Sample content
FIL0002769,01/13/2026 14:30:28,USR0024,PC-USR0024-01,C:\Documents\work_doc_28.docx,File Open,Sample content
FIL0002770,01/13/2026 10:18:00,USR0024,PC-USR0024-01,C:\Documents\work_doc_25.docx,File Open,Sample content
FIL0002771,01/13/2026 11:25:01,USR0024,PC-USR0024-01,C:\Documents\work_doc_3.docx,File Open,Sample content
FIL0002772,01/13/2026 14:18:09,USR0024,PC-USR0024-01,C:\Documents\work_doc_36.docx,File Open,Sample content
FIL0002773,01/13/2026 15:13:22,USR0024,PC-USR0024-01,C:\Documents\work_doc_32.docx,File Open,Sample content
FIL0002774,01/13/2026 13:02:52,USR0024,PC-USR0024-01,C:\Documents\work_doc_36.docx,File Open,Sample content
FIL0002775,01/13/2026 14:06:28,USR0024,PC-USR0024-01,C:\Documents\work_doc_20.docx,File Open,Sample content
FIL0002776,01/13/2026 13:19:18,USR0024,PC-USR0024-01,C:\Documents\work_doc_5.docx,File Open,Sample content
FIL0002777,01/13/2026 12:48:33,USR0024,PC-USR0024-01,C:\Documents\work_doc_35.docx,File Open,Sample content
FIL0002778,01/13/2026 11:20:34,USR0024,PC-USR0024-01,C:\Documents\work_doc_42.docx,File Open,Sample content
FIL0002779,01/13/2026 11:46:15,USR0024,PC-USR0024-01,C:\Documents\work_doc_50.docx,File Open,Sample content
FIL0002780,01/13/2026 14:21:09,USR0024,PC-USR0024-01,C:\Documents\work_doc_26.docx,File Open,Sample content
FIL0002781,01/13/2026 12:29:13,USR0024,PC-USR0024-01,C:\Documents\work_doc_16.docx,File Open,Sample content
FIL0002782,01/13/2026 09:54:24,USR0024,PC-USR0024-01,C:\Documents\work_doc_49.docx,File Open,Sample content
FIL0002783,01/13/2026 10:31:30,USR0024,PC-USR0024-01,C:\Documents\work_doc_40.docx,File Open,Sample content
FIL0002784,01/13/2026 14:01:54,USR0025,PC-USR0025-01,C:\Documents\work_doc_20.docx,File Open,Sample content
FIL0002785,01/13/2026 16:40:44,USR0025,PC-USR0025-01,C:\Documents\work_doc_3.docx,File Open,Sample content
FIL0002786,01/13/2026 09:55:25,USR0025,PC-USR0025-01,C:\Documents\work_doc_12.docx,File Open,Sample content
FIL0002787,01/13/2026 11:20:52,USR0025,PC-USR0025-01,C:\Documents\work_doc_3.docx,File Open,Sample content
FIL0002788,01/13/2026 10:59:28,USR0025,PC-USR0025-01,C:\Documents\work_doc_32.docx,File Open,Sample content
FIL0002789,01/13/2026 14:39:04,USR0025,PC-USR0025-01,C:\Documents\work_doc_30.docx,File Open,Sample content
FIL0002790,01/13/2026 13:51:34,USR0025,PC-USR0025-01,C:\Documents\work_doc_42.docx,File Open,Sample content
FIL0002791,01/13/2026 09:38:59,USR0025,PC-USR0025-01,C:\Documents\work_doc_12.docx,File Open,Sample content
FIL0002792,01/13/2026 12:54:36,USR0025,PC-USR0025-01,C:\Documents\work_doc_15.docx,File Open,Sample content
FIL0002793,01/13/2026 15:56:01,USR0025,PC-USR0025-01,C:\Documents\work_doc_45.docx,File Open,Sample content
FIL0002794,01/13/2026 13:41:17,USR0025,PC-USR0025-01,C:\Documents\work_doc_32.docx,File Open,Sample content
FIL0002795,01/13/2026 09:29:46,USR0025,PC-USR0025-01,C:\Documents\work_doc_49.docx,File Open,Sample content
FIL0002796,01/13/2026 09:26:27,USR0025,PC-USR0025-01,C:\Documents\work_doc_4.docx,File Open,Sample content
FIL0002797,01/13/2026 14:31:39,USR0025,PC-USR0025-01,C:\Documents\work_doc_25.docx,File Open,Sample content
FIL0002798,01/13/2026 14:08:30,USR0025,PC-USR0025-01,C:\Documents\work_doc_14.docx,File Open,Sample content
FIL0002799,01/13/2026 12:04:46,USR0025,PC-USR0025-01,C:\Documents\work_doc_7.docx,File Open,Sample content
FIL0002800,01/13/2026 11:46:54,USR0025,PC-USR0025-01,C:\Documents\work_doc_21.docx,File Open,Sample content
FIL0002801,01/13/2026 11:08:58,USR0025,PC-USR0025-01,C:\Documents\work_doc_6.docx,File Open,Sample content
FIL0002802,01/13/2026 16:50:00,USR0025,PC-USR0025-01,C:\Documents\work_doc_8.docx,File Open,Sample content
FIL0002803,01/14/2026 14:28:18,AAE0190,PC-AAE0190-01,C:\Documents\work_doc_14.docx,File Open,Sample content
FIL0002804,01/14/2026 16:57:57,AAE0190,PC-AAE0190-01,C:\Documents\work_doc_22.docx,File Open,Sample content
FIL0002805,01/14/2026 11:18:34,AAE0190,PC-AAE0190-01,C:\Documents\work_doc_5.docx,File Open,Sample content
FIL0002806,01/14/2026 12:09:59,AAE0190,PC-AAE0190-01,C:\Documents\work_doc_35.docx,File Open,Sample content
FIL0002807,01/14/2026 10:32:00,AAE0190,PC-AAE0190-01,C:\Documents\work_doc_7.docx,File Open,Sample content
FIL0002808,01/14/2026 11:39:43,AAE0190,PC-AAE0190-01,C:\Documents\work_doc_24.docx,File Open,Sample content
FIL0002809,01/14/2026 14:32:17,AAE0190,PC-AAE0190-01,C:\Documents\work_doc_43.docx,File Open,Sample content
FIL0002810,01/14/2026 13:20:28,AAE0190,PC-AAE0190-01,C:\Documents\work_doc_13.docx,File Open,Sample content
FIL0002811,01/14/2026 14:10:24,AAE0190,PC-AAE0190-01,C:\Documents\work_doc_17.docx,File Open,Sample content
FIL0002812,01/14/2026 09:51:28,AAE0190,PC-AAE0190-01,C:\Documents\work_doc_7.docx,File Open,Sample content
FIL0002813,01/14/2026 13:54:40,AAE0190,PC-AAE0190-01,C:\Documents\work_doc_37.docx,File Open,Sample content
FIL0002814,01/14/2026 10:12:06,AAE0190,PC-AAE0190-01,C:\Documents\work_doc_3.docx,File Open,Sample content
FIL0002815,01/14/2026 13:27:59,AAE0190,PC-AAE0190-01,C:\Documents\work_doc_47.docx,File Open,Sample content
FIL0002816,01/14/2026 14:09:31,AAE0190,PC-AAE0190-01,C:\Documents\work_doc_20.docx,File Open,Sample content
FIL0002817,01/14/2026 09:46:16,AAE0190,PC-AAE0190-01,C:\Documents\work_doc_23.docx,File Open,Sample content
FIL0002818,01/14/2026 15:16:20,AAE0190,PC-AAE0190-01,C:\Documents\work_doc_18.docx,File Open,Sample content
FIL0002819,01/14/2026 12:04:40,AAE0190,PC-AAE0190-01,C:\Documents\work_doc_12.docx,File Open,Sample content
FIL0002820,01/14/2026 10:48:58,USR0002,PC-USR0002-01,C:\Documents\work_doc_48.docx,File Open,Sample content
FIL0002821,01/14/2026 16:36:42,USR0002,PC-USR0002-01,C:\Documents\work_doc_35.docx,File Open,Sample content
FIL0002822,01/14/2026 13:09:28,USR0002,PC-USR0002-01,C:\Documents\work_doc_27.docx,File Open,Sample content
FIL0002823,01/14/2026 09:06:29,USR0002,PC-USR0002-01,C:\Documents\work_doc_30.docx,File Open,Sample content
FIL0002824,01/14/2026 09:56:24,USR0002,PC-USR0002-01,C:\Documents\work_doc_40.docx,File Open,Sample content
FIL0002825,01/14/2026 09:44:51,USR0002,PC-USR0002-01,C:\Documents\work_doc_22.docx,File Open,Sample content
FIL0002826,01/14/2026 12:58:12,USR0002,PC-USR0002-01,C:\Documents\work_doc_30.docx,File Open,Sample content
FIL0002827,01/14/2026 09:43:07,USR0002,PC-USR0002-01,C:\Documents\work_doc_39.docx,File Open,Sample content
FIL0002828,01/14/2026 12:24:14,USR0002,PC-USR0002-01,C:\Documents\work_doc_39.docx,File Open,Sample content
FIL0002829,01/14/2026 15:47:21,USR0002,PC-USR0002-01,C:\Documents\work_doc_5.docx,File Open,Sample content
FIL0002830,01/14/2026 13:40:57,USR0002,PC-USR0002-01,C:\Documents\work_doc_14.docx,File Open,Sample content
FIL0002831,01/14/2026 15:16:27,USR0002,PC-USR0002-01,C:\Documents\work_doc_12.docx,File Open,Sample content
FIL0002832,01/14/2026 10:38:57,USR0003,PC-USR0003-01,C:\Documents\work_doc_37.docx,File Open,Sample content
FIL0002833,01/14/2026 10:10:00,USR0003,PC-USR0003-01,C:\Documents\work_doc_25.docx,File Open,Sample content
FIL0002834,01/14/2026 11:52:16,USR0003,PC-USR0003-01,C:\Documents\work_doc_19.docx,File Open,Sample content
FIL0002835,01/14/2026 10:33:20,USR0003,PC-USR0003-01,C:\Documents\work_doc_49.docx,File Open,Sample content
FIL0002836,01/14/2026 09:04:42,USR0003,PC-USR0003-01,C:\Documents\work_doc_27.docx,File Open,Sample content
FIL0002837,01/14/2026 15:46:18,USR0003,PC-USR0003-01,C:\Documents\work_doc_43.docx,File Open,Sample content
FIL0002838,01/14/2026 10:21:52,USR0003,PC-USR0003-01,C:\Documents\work_doc_2.docx,File Open,Sample content
FIL0002839,01/14/2026 14:31:47,USR0003,PC-USR0003-01,C:\Documents\work_doc_22.docx,File Open,Sample content
FIL0002840,01/14/2026 15:33:52,USR0003,PC-USR0003-01,C:\Documents\work_doc_6.docx,File Open,Sample content
FIL0002841,01/14/2026 11:16:23,USR0004,PC-USR0004-01,C:\Documents\work_doc_32.docx,File Open,Sample content
FIL0002842,01/14/2026 12:30:43,USR0004,PC-USR0004-01,C:\Documents\work_doc_37.docx,File Open,Sample content
FIL0002843,01/14/2026 13:32:52,USR0004,PC-USR0004-01,C:\Documents\work_doc_3.docx,File Open,Sample content
FIL0002844,01/14/2026 09:09:51,USR0004,PC-USR0004-01,C:\Documents\work_doc_1.docx,File Open,Sample content
FIL0002845,01/14/2026 12:10:54,USR0004,PC-USR0004-01,C:\Documents\work_doc_34.docx,File Open,Sample content
FIL0002846,01/14/2026 16:54:41,USR0004,PC-USR0004-01,C:\Documents\work_doc_49.docx,File Open,Sample content
FIL0002847,01/14/2026 09:28:33,USR0004,PC-USR0004-01,C:\Documents\work_doc_50.docx,File Open,Sample content
FIL0002848,01/14/2026 14:48:02,USR0005,PC-USR0005-01,C:\Documents\work_doc_40.docx,File Open,Sample content
FIL0002849,01/14/2026 11:57:09,USR0005,PC-USR0005-01,C:\Documents\work_doc_5.docx,File Open,Sample content
FIL0002850,01/14/2026 15:55:08,USR0005,PC-USR0005-01,C:\Documents\work_doc_47.docx,File Open,Sample content
FIL0002851,01/14/2026 14:58:39,USR0005,PC-USR0005-01,C:\Documents\work_doc_15.docx,File Open,Sample content
FIL0002852,01/14/2026 11:55:11,USR0005,PC-USR0005-01,C:\Documents\work_doc_18.docx,File Open,Sample content
FIL0002853,01/14/2026 14:02:42,USR0006,PC-USR0006-01,C:\Documents\work_doc_20.docx,File Open,Sample content
FIL0002854,01/14/2026 13:46:10,USR0006,PC-USR0006-01,C:\Documents\work_doc_43.docx,File Open,Sample content
FIL0002855,01/14/2026 10:26:19,USR0006,PC-USR0006-01,C:\Documents\work_doc_21.docx,File Open,Sample content
FIL0002856,01/14/2026 09:41:47,USR0006,PC-USR0006-01,C:\Documents\work_doc_34.docx,File Open,Sample content
FIL0002857,01/14/2026 10:02:40,USR0006,PC-USR0006-01,C:\Documents\work_doc_47.docx,File Open,Sample content
FIL0002858,01/14/2026 15:23:34,USR0007,PC-USR0007-01,C:\Documents\work_doc_18.docx,File Open,Sample content
FIL0002859,01/14/2026 14:56:19,USR0007,PC-USR0007-01,C:\Documents\work_doc_50.docx,File Open,Sample content
FIL0002860,01/14/2026 16:26:11,USR0007,PC-USR0007-01,C:\Documents\work_doc_1.docx,File Open,Sample content
FIL0002861,01/14/2026 15:36:52,USR0007,PC-USR0007-01,C:\Documents\work_doc_15.docx,File Open,Sample content
FIL0002862,01/14/2026 13:49:32,USR0007,PC-USR0007-01,C:\Documents\work_doc_25.docx,File Open,Sample content
FIL0002863,01/14/2026 16:13:29,USR0007,PC-USR0007-01,C:\Documents\work_doc_2.docx,File Open,Sample content
FIL0002864,01/14/2026 11:06:45,USR0007,PC-USR0007-01,C:\Documents\work_doc_39.docx,File Open,Sample content
FIL0002865,01/14/2026 16:25:50,USR0007,PC-USR0007-01,C:\Documents\work_doc_8.docx,File Open,Sample content
FIL0002866,01/14/2026 16:52:16,USR0007,PC-USR0007-01,C:\Documents\work_doc_13.docx,File Open,Sample content
FIL0002867,01/14/2026 11:50:26,USR0007,PC-USR0007-01,C:\Documents\work_doc_20.docx,File Open,Sample content
FIL0002868,01/14/2026 10:30:10,USR0007,PC-USR0007-01,C:\Documents\work_doc_44.docx,File Open,Sample content
FIL0002869,01/14/2026 11:23:23,USR0007,PC-USR0007-01,C:\Documents\work_doc_8.docx,File Open,Sample content
FIL0002870,01/14/2026 13:22:35,USR0007,PC-USR0007-01,C:\Documents\work_doc_33.docx,File Open,Sample content
FIL0002871,01/14/2026 14:01:07,USR0007,PC-USR0007-01,C:\Documents\work_doc_35.docx,File Open,Sample content
FIL0002872,01/14/2026 11:37:37,USR0007,PC-USR0007-01,C:\Documents\work_doc_37.docx,File Open,Sample content
FIL0002873,01/14/2026 09:39:05,USR0007,PC-USR0007-01,C:\Documents\work_doc_1.docx,File Open,Sample content
FIL0002874,01/14/2026 10:03:10,USR0007,PC-USR0007-01,C:\Documents\work_doc_25.docx,File Open,Sample content
FIL0002875,01/14/2026 12:55:37,USR0007,PC-USR0007-01,C:\Documents\work_doc_44.docx,File Open,Sample content
FIL0002876,01/14/2026 09:00:42,USR0007,PC-USR0007-01,C:\Documents\work_doc_7.docx,File Open,Sample content
FIL0002877,01/14/2026 10:22:18,USR0008,PC-USR0008-01,C:\Documents\work_doc_43.docx,File Open,Sample content
FIL0002878,01/14/2026 09:56:39,USR0008,PC-USR0008-01,C:\Documents\work_doc_20.docx,File Open,Sample content
FIL0002879,01/14/2026 15:06:28,USR0008,PC-USR0008-01,C:\Documents\work_doc_18.docx,File Open,Sample content
FIL0002880,01/14/2026 14:20:26,USR0008,PC-USR0008-01,C:\Documents\work_doc_13.docx,File Open,Sample content
FIL0002881,01/14/2026 16:35:48,USR0008,PC-USR0008-01,C:\Documents\work_doc_3.docx,File Open,Sample content
FIL0002882,01/14/2026 10:33:31,USR0008,PC-USR0008-01,C:\Documents\work_doc_7.docx,File Open,Sample content
FIL0002883,01/14/2026 14:05:14,USR0008,PC-USR0008-01,C:\Documents\work_doc_1.docx,File Open,Sample content
FIL0002884,01/14/2026 09:25:12,USR0008,PC-USR0008-01,C:\Documents\work_doc_19.docx,File Open,Sample content
FIL0002885,01/14/2026 09:37:26,USR0008,PC-USR0008-01,C:\Documents\work_doc_7.docx,File Open,Sample content
FIL0002886,01/14/2026 11:56:41,USR0008,PC-USR0008-01,C:\Documents\work_doc_38.docx,File Open,Sample content
FIL0002887,01/14/2026 11:24:51,USR0008,PC-USR0008-01,C:\Documents\work_doc_10.docx,File Open,Sample content
FIL0002888,01/14/2026 12:48:24,USR0008,PC-USR0008-01,C:\Documents\work_doc_8.docx,File Open,Sample content
FIL0002889,01/14/2026 10:23:28,USR0008,PC-USR0008-01,C:\Documents\work_doc_38.docx,File Open,Sample content
FIL0002890,01/14/2026 16:28:26,USR0008,PC-USR0008-01,C:\Documents\work_doc_19.docx,File Open,Sample content
FIL0002891,01/14/2026 14:08:51,USR0009,PC-USR0009-01,C:\Documents\work_doc_4.docx,File Open,Sample content
FIL0002892,01/14/2026 16:31:18,USR0009,PC-USR0009-01,C:\Documents\work_doc_34.docx,File Open,Sample content
FIL0002893,01/14/2026 15:03:11,USR0009,PC-USR0009-01,C:\Documents\work_doc_23.docx,File Open,Sample content
FIL0002894,01/14/2026 15:57:14,USR0009,PC-USR0009-01,C:\Documents\work_doc_31.docx,File Open,Sample content
FIL0002895,01/14/2026 10:05:53,USR0009,PC-USR0009-01,C:\Documents\work_doc_45.docx,File Open,Sample content
FIL0002896,01/14/2026 15:37:03,USR0009,PC-USR0009-01,C:\Documents\work_doc_44.docx,File Open,Sample content
FIL0002897,01/14/2026 16:09:54,USR0009,PC-USR0009-01,C:\Documents\work_doc_29.docx,File Open,Sample content
FIL0002898,01/14/2026 12:11:41,USR0009,PC-USR0009-01,C:\Documents\work_doc_33.docx,File Open,Sample content
FIL0002899,01/14/2026 14:23:53,USR0009,PC-USR0009-01,C:\Documents\work_doc_50.docx,File Open,Sample content
FIL0002900,01/14/2026 16:48:29,USR0009,PC-USR0009-01,C:\Documents\work_doc_38.docx,File Open,Sample content
FIL0002901,01/14/2026 16:17:35,USR0009,PC-USR0009-01,C:\Documents\work_doc_17.docx,File Open,Sample content
FIL0002902,01/14/2026 09:33:23,USR0009,PC-USR0009-01,C:\Documents\work_doc_11.docx,File Open,Sample content
FIL0002903,01/14/2026 11:33:26,USR0009,PC-USR0009-01,C:\Documents\work_doc_6.docx,File Open,Sample content
FIL0002904,01/14/2026 11:28:09,USR0009,PC-USR0009-01,C:\Documents\work_doc_27.docx,File Open,Sample content
FIL0002905,01/14/2026 09:24:21,USR0009,PC-USR0009-01,C:\Documents\work_doc_31.docx,File Open,Sample content
FIL0002906,01/14/2026 15:32:10,USR0009,PC-USR0009-01,C:\Documents\work_doc_50.docx,File Open,Sample content
FIL0002907,01/14/2026 15:30:09,USR0009,PC-USR0009-01,C:\Documents\work_doc_34.docx,File Open,Sample content
FIL0002908,01/14/2026 09:45:30,USR0010,PC-USR0010-01,C:\Documents\work_doc_38.docx,File Open,Sample content
FIL0002909,01/14/2026 13:51:09,USR0010,PC-USR0010-01,C:\Documents\work_doc_42.docx,File Open,Sample content
FIL0002910,01/14/2026 14:54:38,USR0010,PC-USR0010-01,C:\Documents\work_doc_10.docx,File Open,Sample content
FIL0002911,01/14/2026 11:00:10,USR0010,PC-USR0010-01,C:\Documents\work_doc_5.docx,File Open,Sample content
FIL0002912,01/14/2026 12:39:41,USR0010,PC-USR0010-01,C:\Documents\work_doc_21.docx,File Open,Sample content
FIL0002913,01/14/2026 11:01:30,USR0010,PC-USR0010-01,C:\Documents\work_doc_27.docx,File Open,Sample content
FIL0002914,01/14/2026 13:43:55,USR0010,PC-USR0010-01,C:\Documents\work_doc_16.docx,File Open,Sample content
FIL0002915,01/14/2026 14:36:13,USR0010,PC-USR0010-01,C:\Documents\work_doc_10.docx,File Open,Sample content
FIL0002916,01/14/2026 14:26:59,USR0010,PC-USR0010-01,C:\Documents\work_doc_8.docx,File Open,Sample content
FIL0002917,01/14/2026 12:44:52,USR0010,PC-USR0010-01,C:\Documents\work_doc_31.docx,File Open,Sample content
FIL0002918,01/14/2026 09:07:50,USR0010,PC-USR0010-01,C:\Documents\work_doc_22.docx,File Open,Sample content
FIL0002919,01/14/2026 16:53:51,USR0010,PC-USR0010-01,C:\Documents\work_doc_31.docx,File Open,Sample content
FIL0002920,01/14/2026 13:19:05,USR0010,PC-USR0010-01,C:\Documents\work_doc_41.docx,File Open,Sample content
FIL0002921,01/14/2026 13:22:03,USR0011,PC-USR0011-01,C:\Documents\work_doc_13.docx,File Open,Sample content
FIL0002922,01/14/2026 16:51:14,USR0011,PC-USR0011-01,C:\Documents\work_doc_24.docx,File Open,Sample content
FIL0002923,01/14/2026 09:38:11,USR0011,PC-USR0011-01,C:\Documents\work_doc_42.docx,File Open,Sample content
FIL0002924,01/14/2026 15:58:49,USR0011,PC-USR0011-01,C:\Documents\work_doc_37.docx,File Open,Sample content
FIL0002925,01/14/2026 11:21:44,USR0011,PC-USR0011-01,C:\Documents\work_doc_44.docx,File Open,Sample content
FIL0002926,01/14/2026 11:27:04,USR0011,PC-USR0011-01,C:\Documents\work_doc_31.docx,File Open,Sample content
FIL0002927,01/14/2026 14:05:23,USR0011,PC-USR0011-01,C:\Documents\work_doc_17.docx,File Open,Sample content
FIL0002928,01/14/2026 10:33:59,USR0011,PC-USR0011-01,C:\Documents\work_doc_35.docx,File Open,Sample content
FIL0002929,01/14/2026 11:56:45,USR0011,PC-USR0011-01,C:\Documents\work_doc_12.docx,File Open,Sample content
FIL0002930,01/14/2026 16:02:03,USR0011,PC-USR0011-01,C:\Documents\work_doc_10.docx,File Open,Sample content
FIL0002931,01/14/2026 10:55:13,USR0011,PC-USR0011-01,C:\Documents\work_doc_28.docx,File Open,Sample content
FIL0002932,01/14/2026 15:37:25,USR0012,PC-USR0012-01,C:\Documents\work_doc_18.docx,File Open,Sample content
FIL0002933,01/14/2026 13:27:05,USR0012,PC-USR0012-01,C:\Documents\work_doc_22.docx,File Open,Sample content
FIL0002934,01/14/2026 10:01:07,USR0012,PC-USR0012-01,C:\Documents\work_doc_20.docx,File Open,Sample content
FIL0002935,01/14/2026 14:10:58,USR0012,PC-USR0012-01,C:\Documents\work_doc_37.docx,File Open,Sample content
FIL0002936,01/14/2026 16:41:51,USR0012,PC-USR0012-01,C:\Documents\work_doc_7.docx,File Open,Sample content
FIL0002937,01/14/2026 16:42:12,USR0012,PC-USR0012-01,C:\Documents\work_doc_48.docx,File Open,Sample content
FIL0002938,01/14/2026 09:17:12,USR0012,PC-USR0012-01,C:\Documents\work_doc_44.docx,File Open,Sample content
FIL0002939,01/14/2026 10:59:49,USR0012,PC-USR0012-01,C:\Documents\work_doc_5.docx,File Open,Sample content
FIL0002940,01/14/2026 12:32:54,USR0012,PC-USR0012-01,C:\Documents\work_doc_29.docx,File Open,Sample content
FIL0002941,01/14/2026 14:00:58,USR0012,PC-USR0012-01,C:\Documents\work_doc_37.docx,File Open,Sample content
FIL0002942,01/14/2026 12:04:40,USR0012,PC-USR0012-01,C:\Documents\work_doc_1.docx,File Open,Sample content
FIL0002943,01/14/2026 15:45:56,USR0012,PC-USR0012-01,C:\Documents\work_doc_7.docx,File Open,Sample content
FIL0002944,01/14/2026 16:14:21,USR0012,PC-USR0012-01,C:\Documents\work_doc_45.docx,File Open,Sample content
FIL0002945,01/14/2026 14:42:58,USR0012,PC-USR0012-01,C:\Documents\work_doc_40.docx,File Open,Sample content
FIL0002946,01/14/2026 16:07:56,USR0012,PC-USR0012-01,C:\Documents\work_doc_31.docx,File Open,Sample content
FIL0002947,01/14/2026 16:28:10,USR0012,PC-USR0012-01,C:\Documents\work_doc_8.docx,File Open,Sample content
FIL0002948,01/14/2026 15:24:18,USR0012,PC-USR0012-01,C:\Documents\work_doc_4.docx,File Open,Sample content
FIL0002949,01/14/2026 14:28:06,USR0013,PC-USR0013-01,C:\Documents\work_doc_31.docx,File Open,Sample content
FIL0002950,01/14/2026 12:00:03,USR0013,PC-USR0013-01,C:\Documents\work_doc_45.docx,File Open,Sample content
FIL0002951,01/14/2026 12:01:40,USR0013,PC-USR0013-01,C:\Documents\work_doc_24.docx,File Open,Sample content
FIL0002952,01/14/2026 15:19:16,USR0013,PC-USR0013-01,C:\Documents\work_doc_6.docx,File Open,Sample content
FIL0002953,01/14/2026 14:35:38,USR0013,PC-USR0013-01,C:\Documents\work_doc_26.docx,File Open,Sample content
FIL0002954,01/14/2026 16:54:19,USR0013,PC-USR0013-01,C:\Documents\work_doc_34.docx,File Open,Sample content
FIL0002955,01/14/2026 11:42:52,USR0013,PC-USR0013-01,C:\Documents\work_doc_35.docx,File Open,Sample content
FIL0002956,01/14/2026 11:59:26,USR0014,PC-USR0014-01,C:\Documents\work_doc_16.docx,File Open,Sample content
FIL0002957,01/14/2026 12:09:36,USR0014,PC-USR0014-01,C:\Documents\work_doc_13.docx,File Open,Sample content
FIL0002958,01/14/2026 12:42:57,USR0014,PC-USR0014-01,C:\Documents\work_doc_4.docx,File Open,Sample content
FIL0002959,01/14/2026 09:09:51,USR0014,PC-USR0014-01,C:\Documents\work_doc_14.docx,File Open,Sample content
FIL0002960,01/14/2026 11:34:44,USR0014,PC-USR0014-01,C:\Documents\work_doc_21.docx,File Open,Sample content
FIL0002961,01/14/2026 11:07:09,USR0014,PC-USR0014-01,C:\Documents\work_doc_18.docx,File Open,Sample content
FIL0002962,01/14/2026 09:02:24,USR0014,PC-USR0014-01,C:\Documents\work_doc_9.docx,File Open,Sample content
FIL0002963,01/14/2026 11:17:06,USR0014,PC-USR0014-01,C:\Documents\work_doc_31.docx,File Open,Sample content
FIL0002964,01/14/2026 13:47:33,USR0014,PC-USR0014-01,C:\Documents\work_doc_26.docx,File Open,Sample content
FIL0002965,01/14/2026 09:01:25,USR0014,PC-USR0014-01,C:\Documents\work_doc_18.docx,File Open,Sample content
FIL0002966,01/14/2026 11:16:29,USR0014,PC-USR0014-01,C:\Documents\work_doc_45.docx,File Open,Sample content
FIL0002967,01/14/2026 15:38:01,USR0014,PC-USR0014-01,C:\Documents\work_doc_41.docx,File Open,Sample content
FIL0002968,01/14/2026 11:37:00,USR0014,PC-USR0014-01,C:\Documents\work_doc_48.docx,File Open,Sample content
FIL0002969,01/14/2026 11:29:25,USR0014,PC-USR0014-01,C:\Documents\work_doc_38.docx,File Open,Sample content
FIL0002970,01/14/2026 09:52:50,USR0014,PC-USR0014-01,C:\Documents\work_doc_18.docx,File Open,Sample content
FIL0002971,01/14/2026 14:02:43,USR0014,PC-USR0014-01,C:\Documents\work_doc_36.docx,File Open,Sample content
FIL0002972,01/14/2026 11:01:53,USR0014,PC-USR0014-01,C:\Documents\work_doc_41.docx,File Open,Sample content
FIL0002973,01/14/2026 11:49:49,USR0014,PC-USR0014-01,C:\Documents\work_doc_28.docx,File Open,Sample content
FIL0002974,01/14/2026 11:29:35,USR0014,PC-USR0014-01,C:\Documents\work_doc_11.docx,File Open,Sample content
FIL0002975,01/14/2026 16:10:55,USR0014,PC-USR0014-01,C:\Documents\work_doc_48.docx,File Open,Sample content
FIL0002976,01/14/2026 14:52:50,USR0015,PC-USR0015-01,C:\Documents\work_doc_50.docx,File Open,Sample content
FIL0002977,01/14/2026 11:20:48,USR0015,PC-USR0015-01,C:\Documents\work_doc_36.docx,File Open,Sample content
FIL0002978,01/14/2026 09:19:36,USR0015,PC-USR0015-01,C:\Documents\work_doc_42.docx,File Open,Sample content
FIL0002979,01/14/2026 15:44:10,USR0015,PC-USR0015-01,C:\Documents\work_doc_23.docx,File Open,Sample content
FIL0002980,01/14/2026 11:22:46,USR0015,PC-USR0015-01,C:\Documents\work_doc_21.docx,File Open,Sample content
FIL0002981,01/14/2026 09:55:15,USR0015,PC-USR0015-01,C:\Documents\work_doc_46.docx,File Open,Sample content
FIL0002982,01/14/2026 10:50:20,USR0015,PC-USR0015-01,C:\Documents\work_doc_15.docx,File Open,Sample content
FIL0002983,01/14/2026 14:51:13,USR0015,PC-USR0015-01,C:\Documents\work_doc_5.docx,File Open,Sample content
FIL0002984,01/14/2026 12:04:13,USR0015,PC-USR0015-01,C:\Documents\work_doc_23.docx,File Open,Sample content
FIL0002985,01/14/2026 11:04:19,USR0015,PC-USR0015-01,C:\Documents\work_doc_47.docx,File Open,Sample content
FIL0002986,01/14/2026 14:42:30,USR0015,PC-USR0015-01,C:\Documents\work_doc_22.docx,File Open,Sample content
FIL0002987,01/14/2026 10:11:43,USR0016,PC-USR0016-01,C:\Documents\work_doc_17.docx,File Open,Sample content
FIL0002988,01/14/2026 13:57:09,USR0016,PC-USR0016-01,C:\Documents\work_doc_45.docx,File Open,Sample content
FIL0002989,01/14/2026 12:25:00,USR0016,PC-USR0016-01,C:\Documents\work_doc_45.docx,File Open,Sample content
FIL0002990,01/14/2026 11:20:26,USR0016,PC-USR0016-01,C:\Documents\work_doc_32.docx,File Open,Sample content
FIL0002991,01/14/2026 12:57:11,USR0016,PC-USR0016-01,C:\Documents\work_doc_45.docx,File Open,Sample content
FIL0002992,01/14/2026 15:14:37,USR0017,PC-USR0017-01,C:\Documents\work_doc_5.docx,File Open,Sample content
FIL0002993,01/14/2026 09:02:37,USR0017,PC-USR0017-01,C:\Documents\work_doc_8.docx,File Open,Sample content
FIL0002994,01/14/2026 09:56:30,USR0017,PC-USR0017-01,C:\Documents\work_doc_15.docx,File Open,Sample content
FIL0002995,01/14/2026 11:49:06,USR0017,PC-USR0017-01,C:\Documents\work_doc_34.docx,File Open,Sample content
FIL0002996,01/14/2026 14:07:17,USR0017,PC-USR0017-01,C:\Documents\work_doc_42.docx,File Open,Sample content
FIL0002997,01/14/2026 10:39:31,USR0017,PC-USR0017-01,C:\Documents\work_doc_45.docx,File Open,Sample content
FIL0002998,01/14/2026 12:17:57,USR0017,PC-USR0017-01,C:\Documents\work_doc_34.docx,File Open,Sample content
FIL0002999,01/14/2026 15:02:28,USR0017,PC-USR0017-01,C:\Documents\work_doc_44.docx,File Open,Sample content
FIL0003000,01/14/2026 10:29:48,USR0017,PC-USR0017-01,C:\Documents\work_doc_47.docx,File Open,Sample content
FIL0003001,01/14/2026 16:20:18,USR0017,PC-USR0017-01,C:\Documents\work_doc_24.docx,File Open,Sample content
FIL0003002,01/14/2026 09:31:40,USR0017,PC-USR0017-01,C:\Documents\work_doc_47.docx,File Open,Sample content
FIL0003003,01/14/2026 14:59:45,USR0017,PC-USR0017-01,C:\Documents\work_doc_26.docx,File Open,Sample content
FIL0003004,01/14/2026 15:35:01,USR0017,PC-USR0017-01,C:\Documents\work_doc_19.docx,File Open,Sample content
FIL0003005,01/14/2026 16:31:59,USR0017,PC-USR0017-01,C:\Documents\work_doc_45.docx,File Open,Sample content
FIL0003006,01/14/2026 09:49:45,USR0017,PC-USR0017-01,C:\Documents\work_doc_4.docx,File Open,Sample content
FIL0003007,01/14/2026 10:51:40,USR0017,PC-USR0017-01,C:\Documents\work_doc_13.docx,File Open,Sample content
FIL0003008,01/14/2026 14:36:28,USR0017,PC-USR0017-01,C:\Documents\work_doc_44.docx,File Open,Sample content
FIL0003009,01/14/2026 13:59:22,USR0018,PC-USR0018-01,C:\Documents\work_doc_37.docx,File Open,Sample content
FIL0003010,01/14/2026 16:22:42,USR0018,PC-USR0018-01,C:\Documents\work_doc_7.docx,File Open,Sample content
FIL0003011,01/14/2026 12:01:06,USR0018,PC-USR0018-01,C:\Documents\work_doc_11.docx,File Open,Sample content
FIL0003012,01/14/2026 09:53:31,USR0018,PC-USR0018-01,C:\Documents\work_doc_15.docx,File Open,Sample content
FIL0003013,01/14/2026 09:53:34,USR0018,PC-USR0018-01,C:\Documents\work_doc_5.docx,File Open,Sample content
FIL0003014,01/14/2026 10:02:16,USR0019,PC-USR0019-01,C:\Documents\work_doc_2.docx,File Open,Sample content
FIL0003015,01/14/2026 13:17:59,USR0019,PC-USR0019-01,C:\Documents\work_doc_28.docx,File Open,Sample content
FIL0003016,01/14/2026 13:48:48,USR0019,PC-USR0019-01,C:\Documents\work_doc_26.docx,File Open,Sample content
FIL0003017,01/14/2026 12:34:36,USR0019,PC-USR0019-01,C:\Documents\work_doc_36.docx,File Open,Sample content
FIL0003018,01/14/2026 11:09:33,USR0019,PC-USR0019-01,C:\Documents\work_doc_20.docx,File Open,Sample content
FIL0003019,01/14/2026 09:04:19,USR0019,PC-USR0019-01,C:\Documents\work_doc_47.docx,File Open,Sample content
FIL0003020,01/14/2026 13:47:40,USR0019,PC-USR0019-01,C:\Documents\work_doc_40.docx,File Open,Sample content
FIL0003021,01/14/2026 16:36:02,USR0019,PC-USR0019-01,C:\Documents\work_doc_45.docx,File Open,Sample content
FIL0003022,01/14/2026 14:40:31,USR0019,PC-USR0019-01,C:\Documents\work_doc_42.docx,File Open,Sample content
FIL0003023,01/14/2026 12:20:32,USR0019,PC-USR0019-01,C:\Documents\work_doc_4.docx,File Open,Sample content
FIL0003024,01/14/2026 14:17:07,USR0019,PC-USR0019-01,C:\Documents\work_doc_28.docx,File Open,Sample content
FIL0003025,01/14/2026 12:06:32,USR0019,PC-USR0019-01,C:\Documents\work_doc_39.docx,File Open,Sample content
FIL0003026,01/14/2026 11:57:53,USR0019,PC-USR0019-01,C:\Documents\work_doc_29.docx,File Open,Sample content
FIL0003027,01/14/2026 14:02:48,USR0019,PC-USR0019-01,C:\Documents\work_doc_1.docx,File Open,Sample content
FIL0003028,01/14/2026 15:42:43,USR0019,PC-USR0019-01,C:\Documents\work_doc_37.docx,File Open,Sample content
FIL0003029,01/14/2026 11:06:21,USR0019,PC-USR0019-01,C:\Documents\work_doc_13.docx,File Open,Sample content
FIL0003030,01/14/2026 09:43:58,USR0019,PC-USR0019-01,C:\Documents\work_doc_1.docx,File Open,Sample content
FIL0003031,01/14/2026 14:58:01,USR0019,PC-USR0019-01,C:\Documents\work_doc_46.docx,File Open,Sample content
FIL0003032,01/14/2026 15:45:30,USR0019,PC-USR0019-01,C:\Documents\work_doc_46.docx,File Open,Sample content
FIL0003033,01/14/2026 14:07:04,USR0020,PC-USR0020-01,C:\Documents\work_doc_28.docx,File Open,Sample content
FIL0003034,01/14/2026 10:44:03,USR0020,PC-USR0020-01,C:\Documents\work_doc_25.docx,File Open,Sample content
FIL0003035,01/14/2026 14:05:20,USR0020,PC-USR0020-01,C:\Documents\work_doc_42.docx,File Open,Sample content
FIL0003036,01/14/2026 10:13:32,USR0020,PC-USR0020-01,C:\Documents\work_doc_10.docx,File Open,Sample content
FIL0003037,01/14/2026 11:10:26,USR0020,PC-USR0020-01,C:\Documents\work_doc_10.docx,File Open,Sample content
FIL0003038,01/14/2026 12:24:48,USR0020,PC-USR0020-01,C:\Documents\work_doc_22.docx,File Open,Sample content
FIL0003039,01/14/2026 12:52:17,USR0020,PC-USR0020-01,C:\Documents\work_doc_47.docx,File Open,Sample content
FIL0003040,01/14/2026 15:54:03,USR0020,PC-USR0020-01,C:\Documents\work_doc_22.docx,File Open,Sample content
FIL0003041,01/14/2026 11:02:46,USR0020,PC-USR0020-01,C:\Documents\work_doc_20.docx,File Open,Sample content
FIL0003042,01/14/2026 11:56:20,USR0020,PC-USR0020-01,C:\Documents\work_doc_10.docx,File Open,Sample content
FIL0003043,01/14/2026 15:52:43,USR0020,PC-USR0020-01,C:\Documents\work_doc_30.docx,File Open,Sample content
FIL0003044,01/14/2026 10:47:12,USR0020,PC-USR0020-01,C:\Documents\work_doc_33.docx,File Open,Sample content
FIL0003045,01/14/2026 14:05:22,USR0020,PC-USR0020-01,C:\Documents\work_doc_33.docx,File Open,Sample content
FIL0003046,01/14/2026 11:08:50,USR0021,PC-USR0021-01,C:\Documents\work_doc_2.docx,File Open,Sample content
FIL0003047,01/14/2026 13:19:35,USR0021,PC-USR0021-01,C:\Documents\work_doc_19.docx,File Open,Sample content
FIL0003048,01/14/2026 09:41:01,USR0021,PC-USR0021-01,C:\Documents\work_doc_1.docx,File Open,Sample content
FIL0003049,01/14/2026 13:22:13,USR0021,PC-USR0021-01,C:\Documents\work_doc_20.docx,File Open,Sample content
FIL0003050,01/14/2026 13:17:25,USR0021,PC-USR0021-01,C:\Documents\work_doc_12.docx,File Open,Sample content
FIL0003051,01/14/2026 11:31:46,USR0021,PC-USR0021-01,C:\Documents\work_doc_39.docx,File Open,Sample content
FIL0003052,01/14/2026 11:32:04,USR0021,PC-USR0021-01,C:\Documents\work_doc_32.docx,File Open,Sample content
FIL0003053,01/14/2026 11:30:11,USR0021,PC-USR0021-01,C:\Documents\work_doc_18.docx,File Open,Sample content
FIL0003054,01/14/2026 12:12:16,USR0021,PC-USR0021-01,C:\Documents\work_doc_30.docx,File Open,Sample content
FIL0003055,01/14/2026 16:10:43,USR0021,PC-USR0021-01,C:\Documents\work_doc_2.docx,File Open,Sample content
FIL0003056,01/14/2026 13:55:58,USR0021,PC-USR0021-01,C:\Documents\work_doc_35.docx,File Open,Sample content
FIL0003057,01/14/2026 12:44:19,USR0022,PC-USR0022-01,C:\Documents\work_doc_9.docx,File Open,Sample content
FIL0003058,01/14/2026 11:14:20,USR0022,PC-USR0022-01,C:\Documents\work_doc_47.docx,File Open,Sample content
FIL0003059,01/14/2026 14:47:01,USR0022,PC-USR0022-01,C:\Documents\work_doc_18.docx,File Open,Sample content
FIL0003060,01/14/2026 13:44:47,USR0022,PC-USR0022-01,C:\Documents\work_doc_2.docx,File Open,Sample content
FIL0003061,01/14/2026 14:31:46,USR0022,PC-USR0022-01,C:\Documents\work_doc_46.docx,File Open,Sample content
FIL0003062,01/14/2026 10:03:52,USR0022,PC-USR0022-01,C:\Documents\work_doc_43.docx,File Open,Sample content
FIL0003063,01/14/2026 15:08:02,USR0022,PC-USR0022-01,C:\Documents\work_doc_33.docx,File Open,Sample content
FIL0003064,01/14/2026 16:47:38,USR0023,PC-USR0023-01,C:\Documents\work_doc_26.docx,File Open,Sample content
FIL0003065,01/14/2026 14:23:49,USR0023,PC-USR0023-01,C:\Documents\work_doc_37.docx,File Open,Sample content
FIL0003066,01/14/2026 15:20:40,USR0023,PC-USR0023-01,C:\Documents\work_doc_11.docx,File Open,Sample content
FIL0003067,01/14/2026 10:47:05,USR0023,PC-USR0023-01,C:\Documents\work_doc_31.docx,File Open,Sample content
FIL0003068,01/14/2026 16:55:46,USR0023,PC-USR0023-01,C:\Documents\work_doc_36.docx,File Open,Sample content
FIL0003069,01/14/2026 09:00:10,USR0023,PC-USR0023-01,C:\Documents\work_doc_33.docx,File Open,Sample content
FIL0003070,01/14/2026 10:55:03,USR0023,PC-USR0023-01,C:\Documents\work_doc_21.docx,File Open,Sample content
FIL0003071,01/14/2026 12:38:01,USR0023,PC-USR0023-01,C:\Documents\work_doc_16.docx,File Open,Sample content
FIL0003072,01/14/2026 09:24:19,USR0023,PC-USR0023-01,C:\Documents\work_doc_46.docx,File Open,Sample content
FIL0003073,01/14/2026 10:24:31,USR0023,PC-USR0023-01,C:\Documents\work_doc_43.docx,File Open,Sample content
FIL0003074,01/14/2026 10:06:47,USR0024,PC-USR0024-01,C:\Documents\work_doc_15.docx,File Open,Sample content
FIL0003075,01/14/2026 11:57:02,USR0024,PC-USR0024-01,C:\Documents\work_doc_15.docx,File Open,Sample content
FIL0003076,01/14/2026 15:01:36,USR0024,PC-USR0024-01,C:\Documents\work_doc_26.docx,File Open,Sample content
FIL0003077,01/14/2026 09:12:14,USR0024,PC-USR0024-01,C:\Documents\work_doc_32.docx,File Open,Sample content
FIL0003078,01/14/2026 13:36:25,USR0024,PC-USR0024-01,C:\Documents\work_doc_5.docx,File Open,Sample content
FIL0003079,01/14/2026 11:25:37,USR0024,PC-USR0024-01,C:\Documents\work_doc_1.docx,File Open,Sample content
FIL0003080,01/14/2026 16:08:50,USR0024,PC-USR0024-01,C:\Documents\work_doc_47.docx,File Open,Sample content
FIL0003081,01/14/2026 09:59:30,USR0024,PC-USR0024-01,C:\Documents\work_doc_39.docx,File Open,Sample content
FIL0003082,01/14/2026 12:44:18,USR0024,PC-USR0024-01,C:\Documents\work_doc_19.docx,File Open,Sample content
FIL0003083,01/14/2026 15:38:24,USR0024,PC-USR0024-01,C:\Documents\work_doc_39.docx,File Open,Sample content
FIL0003084,01/14/2026 09:40:37,USR0024,PC-USR0024-01,C:\Documents\work_doc_8.docx,File Open,Sample content
FIL0003085,01/14/2026 09:10:13,USR0024,PC-USR0024-01,C:\Documents\work_doc_6.docx,File Open,Sample content
FIL0003086,01/14/2026 16:07:12,USR0025,PC-USR0025-01,C:\Documents\work_doc_2.docx,File Open,Sample content
FIL0003087,01/14/2026 14:10:00,USR0025,PC-USR0025-01,C:\Documents\work_doc_26.docx,File Open,Sample content
FIL0003088,01/14/2026 13:45:01,USR0025,PC-USR0025-01,C:\Documents\work_doc_47.docx,File Open,Sample content
FIL0003089,01/14/2026 10:39:41,USR0025,PC-USR0025-01,C:\Documents\work_doc_6.docx,File Open,Sample content
FIL0003090,01/14/2026 16:47:56,USR0025,PC-USR0025-01,C:\Documents\work_doc_1.docx,File Open,Sample content
FIL0003091,01/14/2026 15:27:36,USR0025,PC-USR0025-01,C:\Documents\work_doc_15.docx,File Open,Sample content
FIL0003092,01/14/2026 14:18:32,USR0025,PC-USR0025-01,C:\Documents\work_doc_39.docx,File Open,Sample content
FIL0003093,01/14/2026 10:45:41,USR0025,PC-USR0025-01,C:\Documents\work_doc_2.docx,File Open,Sample content
FIL0003094,01/14/2026 11:50:45,USR0025,PC-USR0025-01,C:\Documents\work_doc_6.docx,File Open,Sample content
FIL0003095,01/14/2026 10:16:46,USR0025,PC-USR0025-01,C:\Documents\work_doc_2.docx,File Open,Sample content
FIL0003096,01/14/2026 10:20:20,USR0025,PC-USR0025-01,C:\Documents\work_doc_35.docx,File Open,Sample content
FIL0003097,01/14/2026 10:25:31,USR0025,PC-USR0025-01,C:\Documents\work_doc_13.docx,File Open,Sample content
FIL0003098,01/14/2026 12:14:38,USR0025,PC-USR0025-01,C:\Documents\work_doc_45.docx,File Open,Sample content
FIL0003099,01/14/2026 16:00:53,USR0025,PC-USR0025-01,C:\Documents\work_doc_19.docx,File Open,Sample content
FIL0003100,01/15/2026 14:12:39,AAE0190,PC-AAE0190-01,C:\Documents\work_doc_9.docx,File Open,Sample content
FIL0003101,01/15/2026 10:34:06,AAE0190,PC-AAE0190-01,C:\Documents\work_doc_45.docx,File Open,Sample content
FIL0003102,01/15/2026 10:43:08,AAE0190,PC-AAE0190-01,C:\Documents\work_doc_19.docx,File Open,Sample content
FIL0003103,01/15/2026 15:16:42,AAE0190,PC-AAE0190-01,C:\Documents\work_doc_34.docx,File Open,Sample content
FIL0003104,01/15/2026 09:28:34,AAE0190,PC-AAE0190-01,C:\Documents\work_doc_35.docx,File Open,Sample content
FIL0003105,01/15/2026 09:31:03,AAE0190,PC-AAE0190-01,C:\Documents\work_doc_30.docx,File Open,Sample content
FIL0003106,01/15/2026 16:15:01,AAE0190,PC-AAE0190-01,C:\Documents\work_doc_37.docx,File Open,Sample content
FIL0003107,01/15/2026 12:39:10,AAE0190,PC-AAE0190-01,C:\Documents\work_doc_12.docx,File Open,Sample content
FIL0003108,01/15/2026 11:33:09,AAE0190,PC-AAE0190-01,C:\Documents\work_doc_8.docx,File Open,Sample content
FIL0003109,01/15/2026 09:08:07,AAE0190,PC-AAE0190-01,C:\Documents\work_doc_23.docx,File Open,Sample content
FIL0003110,01/15/2026 11:12:17,AAE0190,PC-AAE0190-01,C:\Documents\work_doc_44.docx,File Open,Sample content
FIL0003111,01/15/2026 13:56:07,AAE0190,PC-AAE0190-01,C:\Documents\work_doc_30.docx,File Open,Sample content
FIL0003112,01/15/2026 10:36:15,AAE0190,PC-AAE0190-01,C:\Documents\work_doc_9.docx,File Open,Sample content
FIL0003113,01/15/2026 11:21:28,AAE0190,PC-AAE0190-01,C:\Documents\work_doc_6.docx,File Open,Sample content
FIL0003114,01/15/2026 16:28:38,AAE0190,PC-AAE0190-01,C:\Documents\work_doc_6.docx,File Open,Sample content
FIL0003115,01/15/2026 16:59:49,USR0002,PC-USR0002-01,C:\Documents\work_doc_33.docx,File Open,Sample content
FIL0003116,01/15/2026 10:12:47,USR0002,PC-USR0002-01,C:\Documents\work_doc_12.docx,File Open,Sample content
FIL0003117,01/15/2026 10:06:53,USR0002,PC-USR0002-01,C:\Documents\work_doc_8.docx,File Open,Sample content
FIL0003118,01/15/2026 10:49:34,USR0002,PC-USR0002-01,C:\Documents\work_doc_45.docx,File Open,Sample content
FIL0003119,01/15/2026 11:41:50,USR0002,PC-USR0002-01,C:\Documents\work_doc_30.docx,File Open,Sample content
FIL0003120,01/15/2026 14:54:13,USR0003,PC-USR0003-01,C:\Documents\work_doc_27.docx,File Open,Sample content
FIL0003121,01/15/2026 10:54:13,USR0003,PC-USR0003-01,C:\Documents\work_doc_43.docx,File Open,Sample content
FIL0003122,01/15/2026 10:59:53,USR0003,PC-USR0003-01,C:\Documents\work_doc_34.docx,File Open,Sample content
FIL0003123,01/15/2026 13:32:28,USR0003,PC-USR0003-01,C:\Documents\work_doc_34.docx,File Open,Sample content
FIL0003124,01/15/2026 15:31:53,USR0003,PC-USR0003-01,C:\Documents\work_doc_31.docx,File Open,Sample content
FIL0003125,01/15/2026 16:04:04,USR0003,PC-USR0003-01,C:\Documents\work_doc_2.docx,File Open,Sample content
FIL0003126,01/15/2026 09:43:37,USR0003,PC-USR0003-01,C:\Documents\work_doc_16.docx,File Open,Sample content
FIL0003127,01/15/2026 12:41:47,USR0003,PC-USR0003-01,C:\Documents\work_doc_49.docx,File Open,Sample content
FIL0003128,01/15/2026 11:00:59,USR0003,PC-USR0003-01,C:\Documents\work_doc_29.docx,File Open,Sample content
FIL0003129,01/15/2026 15:11:23,USR0003,PC-USR0003-01,C:\Documents\work_doc_31.docx,File Open,Sample content
FIL0003130,01/15/2026 16:43:07,USR0004,PC-USR0004-01,C:\Documents\work_doc_43.docx,File Open,Sample content
FIL0003131,01/15/2026 15:18:09,USR0004,PC-USR0004-01,C:\Documents\work_doc_4.docx,File Open,Sample content
FIL0003132,01/15/2026 16:16:14,USR0004,PC-USR0004-01,C:\Documents\work_doc_30.docx,File Open,Sample content
FIL0003133,01/15/2026 14:43:04,USR0004,PC-USR0004-01,C:\Documents\work_doc_43.docx,File Open,Sample content
FIL0003134,01/15/2026 16:51:51,USR0004,PC-USR0004-01,C:\Documents\work_doc_31.docx,File Open,Sample content
FIL0003135,01/15/2026 16:32:19,USR0004,PC-USR0004-01,C:\Documents\work_doc_9.docx,File Open,Sample content
FIL0003136,01/15/2026 14:07:02,USR0004,PC-USR0004-01,C:\Documents\work_doc_45.docx,File Open,Sample content
FIL0003137,01/15/2026 10:27:21,USR0004,PC-USR0004-01,C:\Documents\work_doc_42.docx,File Open,Sample content
FIL0003138,01/15/2026 13:26:50,USR0005,PC-USR0005-01,C:\Documents\work_doc_24.docx,File Open,Sample content
FIL0003139,01/15/2026 11:17:33,USR0005,PC-USR0005-01,C:\Documents\work_doc_15.docx,File Open,Sample content
FIL0003140,01/15/2026 13:34:12,USR0005,PC-USR0005-01,C:\Documents\work_doc_43.docx,File Open,Sample content
FIL0003141,01/15/2026 10:05:56,USR0005,PC-USR0005-01,C:\Documents\work_doc_20.docx,File Open,Sample content
FIL0003142,01/15/2026 14:01:25,USR0005,PC-USR0005-01,C:\Documents\work_doc_20.docx,File Open,Sample content
FIL0003143,01/15/2026 14:14:13,USR0005,PC-USR0005-01,C:\Documents\work_doc_20.docx,File Open,Sample content
FIL0003144,01/15/2026 14:26:37,USR0005,PC-USR0005-01,C:\Documents\work_doc_10.docx,File Open,Sample content
FIL0003145,01/15/2026 13:00:06,USR0005,PC-USR0005-01,C:\Documents\work_doc_15.docx,File Open,Sample content
FIL0003146,01/15/2026 14:38:53,USR0005,PC-USR0005-01,C:\Documents\work_doc_36.docx,File Open,Sample content
FIL0003147,01/15/2026 15:58:55,USR0005,PC-USR0005-01,C:\Documents\work_doc_17.docx,File Open,Sample content
FIL0003148,01/15/2026 15:33:57,USR0005,PC-USR0005-01,C:\Documents\work_doc_19.docx,File Open,Sample content
FIL0003149,01/15/2026 09:44:32,USR0005,PC-USR0005-01,C:\Documents\work_doc_48.docx,File Open,Sample content
FIL0003150,01/15/2026 14:58:42,USR0005,PC-USR0005-01,C:\Documents\work_doc_9.docx,File Open,Sample content
FIL0003151,01/15/2026 11:34:59,USR0005,PC-USR0005-01,C:\Documents\work_doc_11.docx,File Open,Sample content
FIL0003152,01/15/2026 13:32:30,USR0005,PC-USR0005-01,C:\Documents\work_doc_19.docx,File Open,Sample content
FIL0003153,01/15/2026 12:09:14,USR0005,PC-USR0005-01,C:\Documents\work_doc_27.docx,File Open,Sample content
FIL0003154,01/15/2026 11:41:39,USR0005,PC-USR0005-01,C:\Documents\work_doc_33.docx,File Open,Sample content
FIL0003155,01/15/2026 11:20:38,USR0005,PC-USR0005-01,C:\Documents\work_doc_40.docx,File Open,Sample content
FIL0003156,01/15/2026 14:41:21,USR0005,PC-USR0005-01,C:\Documents\work_doc_6.docx,File Open,Sample content
FIL0003157,01/15/2026 10:48:17,USR0005,PC-USR0005-01,C:\Documents\work_doc_46.docx,File Open,Sample content
FIL0003158,01/15/2026 15:08:54,USR0006,PC-USR0006-01,C:\Documents\work_doc_4.docx,File Open,Sample content
FIL0003159,01/15/2026 14:53:42,USR0006,PC-USR0006-01,C:\Documents\work_doc_22.docx,File Open,Sample content
FIL0003160,01/15/2026 09:24:30,USR0006,PC-USR0006-01,C:\Documents\work_doc_9.docx,File Open,Sample content
FIL0003161,01/15/2026 11:14:24,USR0006,PC-USR0006-01,C:\Documents\work_doc_1.docx,File Open,Sample content
FIL0003162,01/15/2026 12:21:10,USR0006,PC-USR0006-01,C:\Documents\work_doc_13.docx,File Open,Sample content
FIL0003163,01/15/2026 12:37:05,USR0006,PC-USR0006-01,C:\Documents\work_doc_39.docx,File Open,Sample content
FIL0003164,01/15/2026 15:08:58,USR0006,PC-USR0006-01,C:\Documents\work_doc_42.docx,File Open,Sample content
FIL0003165,01/15/2026 16:45:30,USR0006,PC-USR0006-01,C:\Documents\work_doc_50.docx,File Open,Sample content
FIL0003166,01/15/2026 09:08:35,USR0006,PC-USR0006-01,C:\Documents\work_doc_32.docx,File Open,Sample content
FIL0003167,01/15/2026 13:58:57,USR0006,PC-USR0006-01,C:\Documents\work_doc_36.docx,File Open,Sample content
FIL0003168,01/15/2026 11:34:45,USR0006,PC-USR0006-01,C:\Documents\work_doc_12.docx,File Open,Sample content
FIL0003169,01/15/2026 12:49:06,USR0006,PC-USR0006-01,C:\Documents\work_doc_13.docx,File Open,Sample content
FIL0003170,01/15/2026 10:43:51,USR0006,PC-USR0006-01,C:\Documents\work_doc_38.docx,File Open,Sample content
FIL0003171,01/15/2026 16:56:36,USR0006,PC-USR0006-01,C:\Documents\work_doc_40.docx,File Open,Sample content
FIL0003172,01/15/2026 10:08:15,USR0006,PC-USR0006-01,C:\Documents\work_doc_4.docx,File Open,Sample content
FIL0003173,01/15/2026 15:40:22,USR0006,PC-USR0006-01,C:\Documents\work_doc_46.docx,File Open,Sample content
FIL0003174,01/15/2026 14:55:12,USR0006,PC-USR0006-01,C:\Documents\work_doc_13.docx,File Open,Sample content
FIL0003175,01/15/2026 14:06:28,USR0006,PC-USR0006-01,C:\Documents\work_doc_20.docx,File Open,Sample content
FIL0003176,01/15/2026 14:09:31,USR0007,PC-USR0007-01,C:\Documents\work_doc_15.docx,File Open,Sample content
FIL0003177,01/15/2026 14:45:38,USR0007,PC-USR0007-01,C:\Documents\work_doc_42.docx,File Open,Sample content
FIL0003178,01/15/2026 15:20:22,USR0007,PC-USR0007-01,C:\Documents\work_doc_10.docx,File Open,Sample content
FIL0003179,01/15/2026 09:48:03,USR0007,PC-USR0007-01,C:\Documents\work_doc_6.docx,File Open,Sample content
FIL0003180,01/15/2026 16:45:25,USR0007,PC-USR0007-01,C:\Documents\work_doc_38.docx,File Open,Sample content
FIL0003181,01/15/2026 15:56:25,USR0007,PC-USR0007-01,C:\Documents\work_doc_28.docx,File Open,Sample content
FIL0003182,01/15/2026 16:45:54,USR0007,PC-USR0007-01,C:\Documents\work_doc_8.docx,File Open,Sample content
FIL0003183,01/15/2026 14:26:42,USR0007,PC-USR0007-01,C:\Documents\work_doc_41.docx,File Open,Sample content
FIL0003184,01/15/2026 12:56:01,USR0007,PC-USR0007-01,C:\Documents\work_doc_41.docx,File Open,Sample content
FIL0003185,01/15/2026 16:56:47,USR0007,PC-USR0007-01,C:\Documents\work_doc_24.docx,File Open,Sample content
FIL0003186,01/15/2026 11:21:51,USR0007,PC-USR0007-01,C:\Documents\work_doc_29.docx,File Open,Sample content
FIL0003187,01/15/2026 16:29:41,USR0007,PC-USR0007-01,C:\Documents\work_doc_25.docx,File Open,Sample content
FIL0003188,01/15/2026 15:54:35,USR0007,PC-USR0007-01,C:\Documents\work_doc_4.docx,File Open,Sample content
FIL0003189,01/15/2026 09:50:51,USR0007,PC-USR0007-01,C:\Documents\work_doc_49.docx,File Open,Sample content
FIL0003190,01/15/2026 09:10:28,USR0007,PC-USR0007-01,C:\Documents\work_doc_14.docx,File Open,Sample content
FIL0003191,01/15/2026 10:15:29,USR0007,PC-USR0007-01,C:\Documents\work_doc_9.docx,File Open,Sample content
FIL0003192,01/15/2026 15:48:21,USR0007,PC-USR0007-01,C:\Documents\work_doc_5.docx,File Open,Sample content
FIL0003193,01/15/2026 11:20:20,USR0007,PC-USR0007-01,C:\Documents\work_doc_36.docx,File Open,Sample content
FIL0003194,01/15/2026 10:24:42,USR0008,PC-USR0008-01,C:\Documents\work_doc_13.docx,File Open,Sample content
FIL0003195,01/15/2026 13:20:55,USR0008,PC-USR0008-01,C:\Documents\work_doc_42.docx,File Open,Sample content
FIL0003196,01/15/2026 16:52:58,USR0008,PC-USR0008-01,C:\Documents\work_doc_33.docx,File Open,Sample content
FIL0003197,01/15/2026 13:32:14,USR0008,PC-USR0008-01,C:\Documents\work_doc_37.docx,File Open,Sample content
FIL0003198,01/15/2026 16:18:07,USR0008,PC-USR0008-01,C:\Documents\work_doc_14.docx,File Open,Sample content
FIL0003199,01/15/2026 14:14:07,USR0008,PC-USR0008-01,C:\Documents\work_doc_46.docx,File Open,Sample content
FIL0003200,01/15/2026 11:12:43,USR0008,PC-USR0008-01,C:\Documents\work_doc_17.docx,File Open,Sample content
FIL0003201,01/15/2026 15:40:38,USR0008,PC-USR0008-01,C:\Documents\work_doc_11.docx,File Open,Sample content
FIL0003202,01/15/2026 16:55:32,USR0008,PC-USR0008-01,C:\Documents\work_doc_15.docx,File Open,Sample content
FIL0003203,01/15/2026 16:49:03,USR0008,PC-USR0008-01,C:\Documents\work_doc_5.docx,File Open,Sample content
FIL0003204,01/15/2026 11:17:31,USR0008,PC-USR0008-01,C:\Documents\work_doc_8.docx,File Open,Sample content
FIL0003205,01/15/2026 09:53:55,USR0008,PC-USR0008-01,C:\Documents\work_doc_6.docx,File Open,Sample content
FIL0003206,01/15/2026 09:14:32,USR0008,PC-USR0008-01,C:\Documents\work_doc_16.docx,File Open,Sample content
FIL0003207,01/15/2026 12:14:05,USR0008,PC-USR0008-01,C:\Documents\work_doc_6.docx,File Open,Sample content
FIL0003208,01/15/2026 11:37:28,USR0008,PC-USR0008-01,C:\Documents\work_doc_39.docx,File Open,Sample content
FIL0003209,01/15/2026 16:41:16,USR0008,PC-USR0008-01,C:\Documents\work_doc_17.docx,File Open,Sample content
FIL0003210,01/15/2026 14:11:31,USR0008,PC-USR0008-01,C:\Documents\work_doc_41.docx,File Open,Sample content
FIL0003211,01/15/2026 15:42:38,USR0008,PC-USR0008-01,C:\Documents\work_doc_27.docx,File Open,Sample content
FIL0003212,01/15/2026 15:43:11,USR0008,PC-USR0008-01,C:\Documents\work_doc_42.docx,File Open,Sample content
FIL0003213,01/15/2026 10:16:44,USR0009,PC-USR0009-01,C:\Documents\work_doc_34.docx,File Open,Sample content
FIL0003214,01/15/2026 09:09:10,USR0009,PC-USR0009-01,C:\Documents\work_doc_49.docx,File Open,Sample content
FIL0003215,01/15/2026 12:46:47,USR0009,PC-USR0009-01,C:\Documents\work_doc_22.docx,File Open,Sample content
FIL0003216,01/15/2026 16:16:29,USR0009,PC-USR0009-01,C:\Documents\work_doc_20.docx,File Open,Sample content
FIL0003217,01/15/2026 13:07:41,USR0009,PC-USR0009-01,C:\Documents\work_doc_9.docx,File Open,Sample content
FIL0003218,01/15/2026 13:01:17,USR0009,PC-USR0009-01,C:\Documents\work_doc_16.docx,File Open,Sample content
FIL0003219,01/15/2026 13:11:45,USR0009,PC-USR0009-01,C:\Documents\work_doc_34.docx,File Open,Sample content
FIL0003220,01/15/2026 12:15:53,USR0009,PC-USR0009-01,C:\Documents\work_doc_23.docx,File Open,Sample content
FIL0003221,01/15/2026 10:05:22,USR0009,PC-USR0009-01,C:\Documents\work_doc_35.docx,File Open,Sample content
FIL0003222,01/15/2026 12:49:01,USR0010,PC-USR0010-01,C:\Documents\work_doc_41.docx,File Open,Sample content
FIL0003223,01/15/2026 10:28:36,USR0010,PC-USR0010-01,C:\Documents\work_doc_12.docx,File Open,Sample content
FIL0003224,01/15/2026 11:45:39,USR0010,PC-USR0010-01,C:\Documents\work_doc_13.docx,File Open,Sample content
FIL0003225,01/15/2026 09:47:56,USR0010,PC-USR0010-01,C:\Documents\work_doc_33.docx,File Open,Sample content
FIL0003226,01/15/2026 14:50:48,USR0010,PC-USR0010-01,C:\Documents\work_doc_23.docx,File Open,Sample content
FIL0003227,01/15/2026 12:10:30,USR0010,PC-USR0010-01,C:\Documents\work_doc_32.docx,File Open,Sample content
FIL0003228,01/15/2026 16:30:02,USR0010,PC-USR0010-01,C:\Documents\work_doc_23.docx,File Open,Sample content
FIL0003229,01/15/2026 14:42:51,USR0010,PC-USR0010-01,C:\Documents\work_doc_4.docx,File Open,Sample content
FIL0003230,01/15/2026 12:58:29,USR0010,PC-USR0010-01,C:\Documents\work_doc_6.docx,File Open,Sample content
FIL0003231,01/15/2026 10:49:43,USR0010,PC-USR0010-01,C:\Documents\work_doc_41.docx,File Open,Sample content
FIL0003232,01/15/2026 15:09:19,USR0010,PC-USR0010-01,C:\Documents\work_doc_45.docx,File Open,Sample content
FIL0003233,01/15/2026 16:27:26,USR0010,PC-USR0010-01,C:\Documents\work_doc_44.docx,File Open,Sample content
FIL0003234,01/15/2026 14:45:37,USR0010,PC-USR0010-01,C:\Documents\work_doc_1.docx,File Open,Sample content
FIL0003235,01/15/2026 14:55:57,USR0010,PC-USR0010-01,C:\Documents\work_doc_13.docx,File Open,Sample content
FIL0003236,01/15/2026 13:48:38,USR0010,PC-USR0010-01,C:\Documents\work_doc_42.docx,File Open,Sample content
FIL0003237,01/15/2026 16:22:59,USR0010,PC-USR0010-01,C:\Documents\work_doc_29.docx,File Open,Sample content
FIL0003238,01/15/2026 13:18:20,USR0010,PC-USR0010-01,C:\Documents\work_doc_5.docx,File Open,Sample content
FIL0003239,01/15/2026 09:06:40,USR0010,PC-USR0010-01,C:\Documents\work_doc_44.docx,File Open,Sample content
FIL0003240,01/15/2026 14:36:35,USR0010,PC-USR0010-01,C:\Documents\work_doc_17.docx,File Open,Sample content
FIL0003241,01/15/2026 14:23:22,USR0010,PC-USR0010-01,C:\Documents\work_doc_17.docx,File Open,Sample content
FIL0003242,01/15/2026 12:57:06,USR0011,PC-USR0011-01,C:\Documents\work_doc_42.docx,File Open,Sample content
FIL0003243,01/15/2026 09:55:45,USR0011,PC-USR0011-01,C:\Documents\work_doc_49.docx,File Open,Sample content
FIL0003244,01/15/2026 13:50:27,USR0011,PC-USR0011-01,C:\Documents\work_doc_8.docx,File Open,Sample content
FIL0003245,01/15/2026 16:22:36,USR0011,PC-USR0011-01,C:\Documents\work_doc_12.docx,File Open,Sample content
FIL0003246,01/15/2026 15:57:20,USR0011,PC-USR0011-01,C:\Documents\work_doc_37.docx,File Open,Sample content
FIL0003247,01/15/2026 12:23:25,USR0012,PC-USR0012-01,C:\Documents\work_doc_22.docx,File Open,Sample content
FIL0003248,01/15/2026 09:08:48,USR0012,PC-USR0012-01,C:\Documents\work_doc_28.docx,File Open,Sample content
FIL0003249,01/15/2026 16:05:20,USR0012,PC-USR0012-01,C:\Documents\work_doc_16.docx,File Open,Sample content
FIL0003250,01/15/2026 13:46:20,USR0012,PC-USR0012-01,C:\Documents\work_doc_22.docx,File Open,Sample content
FIL0003251,01/15/2026 16:50:57,USR0012,PC-USR0012-01,C:\Documents\work_doc_47.docx,File Open,Sample content
FIL0003252,01/15/2026 13:00:18,USR0012,PC-USR0012-01,C:\Documents\work_doc_17.docx,File Open,Sample content
FIL0003253,01/15/2026 11:30:05,USR0012,PC-USR0012-01,C:\Documents\work_doc_5.docx,File Open,Sample content
FIL0003254,01/15/2026 09:42:32,USR0012,PC-USR0012-01,C:\Documents\work_doc_13.docx,File Open,Sample content
FIL0003255,01/15/2026 16:36:03,USR0012,PC-USR0012-01,C:\Documents\work_doc_34.docx,File Open,Sample content
FIL0003256,01/15/2026 16:36:43,USR0012,PC-USR0012-01,C:\Documents\work_doc_36.docx,File Open,Sample content
FIL0003257,01/15/2026 09:16:04,USR0012,PC-USR0012-01,C:\Documents\work_doc_43.docx,File Open,Sample content
FIL0003258,01/15/2026 15:23:27,USR0012,PC-USR0012-01,C:\Documents\work_doc_30.docx,File Open,Sample content
FIL0003259,01/15/2026 12:35:23,USR0012,PC-USR0012-01,C:\Documents\work_doc_28.docx,File Open,Sample content
FIL0003260,01/15/2026 13:42:33,USR0012,PC-USR0012-01,C:\Documents\work_doc_36.docx,File Open,Sample content
FIL0003261,01/15/2026 09:46:01,USR0012,PC-USR0012-01,C:\Documents\work_doc_8.docx,File Open,Sample content
FIL0003262,01/15/2026 10:47:33,USR0013,PC-USR0013-01,C:\Documents\work_doc_17.docx,File Open,Sample content
FIL0003263,01/15/2026 11:57:17,USR0013,PC-USR0013-01,C:\Documents\work_doc_14.docx,File Open,Sample content
FIL0003264,01/15/2026 14:46:01,USR0013,PC-USR0013-01,C:\Documents\work_doc_17.docx,File Open,Sample content
FIL0003265,01/15/2026 10:56:53,USR0013,PC-USR0013-01,C:\Documents\work_doc_50.docx,File Open,Sample content
FIL0003266,01/15/2026 13:34:22,USR0013,PC-USR0013-01,C:\Documents\work_doc_15.docx,File Open,Sample content
FIL0003267,01/15/2026 15:56:32,USR0013,PC-USR0013-01,C:\Documents\work_doc_13.docx,File Open,Sample content
FIL0003268,01/15/2026 10:35:23,USR0013,PC-USR0013-01,C:\Documents\work_doc_38.docx,File Open,Sample content
FIL0003269,01/15/2026 11:17:39,USR0013,PC-USR0013-01,C:\Documents\work_doc_41.docx,File Open,Sample content
FIL0003270,01/15/2026 12:17:29,USR0013,PC-USR0013-01,C:\Documents\work_doc_15.docx,File Open,Sample content
FIL0003271,01/15/2026 16:08:20,USR0013,PC-USR0013-01,C:\Documents\work_doc_50.docx,File Open,Sample content
FIL0003272,01/15/2026 16:28:12,USR0013,PC-USR0013-01,C:\Documents\work_doc_2.docx,File Open,Sample content
FIL0003273,01/15/2026 15:14:35,USR0013,PC-USR0013-01,C:\Documents\work_doc_24.docx,File Open,Sample content
FIL0003274,01/15/2026 14:40:45,USR0013,PC-USR0013-01,C:\Documents\work_doc_25.docx,File Open,Sample content
FIL0003275,01/15/2026 15:24:25,USR0014,PC-USR0014-01,C:\Documents\work_doc_19.docx,File Open,Sample content
FIL0003276,01/15/2026 14:52:03,USR0014,PC-USR0014-01,C:\Documents\work_doc_29.docx,File Open,Sample content
FIL0003277,01/15/2026 09:31:12,USR0014,PC-USR0014-01,C:\Documents\work_doc_8.docx,File Open,Sample content
FIL0003278,01/15/2026 10:19:17,USR0014,PC-USR0014-01,C:\Documents\work_doc_47.docx,File Open,Sample content
FIL0003279,01/15/2026 11:04:01,USR0014,PC-USR0014-01,C:\Documents\work_doc_11.docx,File Open,Sample content
FIL0003280,01/15/2026 09:37:47,USR0014,PC-USR0014-01,C:\Documents\work_doc_3.docx,File Open,Sample content
FIL0003281,01/15/2026 11:29:42,USR0015,PC-USR0015-01,C:\Documents\work_doc_32.docx,File Open,Sample content
FIL0003282,01/15/2026 10:56:35,USR0015,PC-USR0015-01,C:\Documents\work_doc_49.docx,File Open,Sample content
FIL0003283,01/15/2026 14:41:20,USR0015,PC-USR0015-01,C:\Documents\work_doc_5.docx,File Open,Sample content
FIL0003284,01/15/2026 15:34:42,USR0015,PC-USR0015-01,C:\Documents\work_doc_30.docx,File Open,Sample content
FIL0003285,01/15/2026 16:02:01,USR0015,PC-USR0015-01,C:\Documents\work_doc_5.docx,File Open,Sample content
FIL0003286,01/15/2026 13:34:17,USR0015,PC-USR0015-01,C:\Documents\work_doc_23.docx,File Open,Sample content
FIL0003287,01/15/2026 15:18:40,USR0015,PC-USR0015-01,C:\Documents\work_doc_34.docx,File Open,Sample content
FIL0003288,01/15/2026 09:14:23,USR0015,PC-USR0015-01,C:\Documents\work_doc_26.docx,File Open,Sample content
FIL0003289,01/15/2026 16:47:27,USR0015,PC-USR0015-01,C:\Documents\work_doc_8.docx,File Open,Sample content
FIL0003290,01/15/2026 10:22:26,USR0015,PC-USR0015-01,C:\Documents\work_doc_19.docx,File Open,Sample content
FIL0003291,01/15/2026 09:20:34,USR0015,PC-USR0015-01,C:\Documents\work_doc_32.docx,File Open,Sample content
FIL0003292,01/15/2026 12:19:11,USR0015,PC-USR0015-01,C:\Documents\work_doc_11.docx,File Open,Sample content
FIL0003293,01/15/2026 11:22:59,USR0015,PC-USR0015-01,C:\Documents\work_doc_13.docx,File Open,Sample content
FIL0003294,01/15/2026 10:58:46,USR0016,PC-USR0016-01,C:\Documents\work_doc_45.docx,File Open,Sample content
FIL0003295,01/15/2026 12:36:19,USR0016,PC-USR0016-01,C:\Documents\work_doc_47.docx,File Open,Sample content
FIL0003296,01/15/2026 16:49:20,USR0016,PC-USR0016-01,C:\Documents\work_doc_10.docx,File Open,Sample content
FIL0003297,01/15/2026 16:43:06,USR0016,PC-USR0016-01,C:\Documents\work_doc_10.docx,File Open,Sample content
FIL0003298,01/15/2026 09:17:10,USR0016,PC-USR0016-01,C:\Documents\work_doc_19.docx,File Open,Sample content
FIL0003299,01/15/2026 09:33:53,USR0016,PC-USR0016-01,C:\Documents\work_doc_12.docx,File Open,Sample content
FIL0003300,01/15/2026 16:18:24,USR0016,PC-USR0016-01,C:\Documents\work_doc_7.docx,File Open,Sample content
FIL0003301,01/15/2026 14:15:03,USR0017,PC-USR0017-01,C:\Documents\work_doc_42.docx,File Open,Sample content
FIL0003302,01/15/2026 13:53:20,USR0017,PC-USR0017-01,C:\Documents\work_doc_13.docx,File Open,Sample content
FIL0003303,01/15/2026 16:53:03,USR0017,PC-USR0017-01,C:\Documents\work_doc_32.docx,File Open,Sample content
FIL0003304,01/15/2026 13:58:55,USR0017,PC-USR0017-01,C:\Documents\work_doc_43.docx,File Open,Sample content
FIL0003305,01/15/2026 16:55:06,USR0017,PC-USR0017-01,C:\Documents\work_doc_14.docx,File Open,Sample content
FIL0003306,01/15/2026 10:16:53,USR0017,PC-USR0017-01,C:\Documents\work_doc_14.docx,File Open,Sample content
FIL0003307,01/15/2026 15:36:09,USR0017,PC-USR0017-01,C:\Documents\work_doc_27.docx,File Open,Sample content
FIL0003308,01/15/2026 10:36:42,USR0017,PC-USR0017-01,C:\Documents\work_doc_9.docx,File Open,Sample content
FIL0003309,01/15/2026 11:57:43,USR0017,PC-USR0017-01,C:\Documents\work_doc_43.docx,File Open,Sample content
FIL0003310,01/15/2026 16:40:38,USR0017,PC-USR0017-01,C:\Documents\work_doc_48.docx,File Open,Sample content
FIL0003311,01/15/2026 12:02:28,USR0017,PC-USR0017-01,C:\Documents\work_doc_43.docx,File Open,Sample content
FIL0003312,01/15/2026 14:02:16,USR0017,PC-USR0017-01,C:\Documents\work_doc_29.docx,File Open,Sample content
FIL0003313,01/15/2026 14:29:46,USR0017,PC-USR0017-01,C:\Documents\work_doc_4.docx,File Open,Sample content
FIL0003314,01/15/2026 16:19:43,USR0017,PC-USR0017-01,C:\Documents\work_doc_8.docx,File Open,Sample content
FIL0003315,01/15/2026 13:54:07,USR0017,PC-USR0017-01,C:\Documents\work_doc_32.docx,File Open,Sample content
FIL0003316,01/15/2026 13:57:20,USR0017,PC-USR0017-01,C:\Documents\work_doc_2.docx,File Open,Sample content
FIL0003317,01/15/2026 10:43:52,USR0017,PC-USR0017-01,C:\Documents\work_doc_42.docx,File Open,Sample content
FIL0003318,01/15/2026 10:43:21,USR0017,PC-USR0017-01,C:\Documents\work_doc_39.docx,File Open,Sample content
FIL0003319,01/15/2026 14:48:39,USR0017,PC-USR0017-01,C:\Documents\work_doc_16.docx,File Open,Sample content
FIL0003320,01/15/2026 15:35:45,USR0018,PC-USR0018-01,C:\Documents\work_doc_1.docx,File Open,Sample content
FIL0003321,01/15/2026 14:27:04,USR0018,PC-USR0018-01,C:\Documents\work_doc_1.docx,File Open,Sample content
FIL0003322,01/15/2026 15:10:07,USR0018,PC-USR0018-01,C:\Documents\work_doc_30.docx,File Open,Sample content
FIL0003323,01/15/2026 14:26:11,USR0018,PC-USR0018-01,C:\Documents\work_doc_28.docx,File Open,Sample content
FIL0003324,01/15/2026 11:13:14,USR0018,PC-USR0018-01,C:\Documents\work_doc_50.docx,File Open,Sample content
FIL0003325,01/15/2026 12:46:48,USR0018,PC-USR0018-01,C:\Documents\work_doc_16.docx,File Open,Sample content
FIL0003326,01/15/2026 10:09:19,USR0018,PC-USR0018-01,C:\Documents\work_doc_27.docx,File Open,Sample content
FIL0003327,01/15/2026 16:24:53,USR0018,PC-USR0018-01,C:\Documents\work_doc_32.docx,File Open,Sample content
FIL0003328,01/15/2026 16:46:49,USR0018,PC-USR0018-01,C:\Documents\work_doc_13.docx,File Open,Sample content
FIL0003329,01/15/2026 16:36:55,USR0018,PC-USR0018-01,C:\Documents\work_doc_35.docx,File Open,Sample content
FIL0003330,01/15/2026 09:50:00,USR0018,PC-USR0018-01,C:\Documents\work_doc_43.docx,File Open,Sample content
FIL0003331,01/15/2026 12:18:12,USR0019,PC-USR0019-01,C:\Documents\work_doc_5.docx,File Open,Sample content
FIL0003332,01/15/2026 14:11:00,USR0019,PC-USR0019-01,C:\Documents\work_doc_36.docx,File Open,Sample content
FIL0003333,01/15/2026 11:23:55,USR0019,PC-USR0019-01,C:\Documents\work_doc_33.docx,File Open,Sample content
FIL0003334,01/15/2026 09:41:08,USR0019,PC-USR0019-01,C:\Documents\work_doc_38.docx,File Open,Sample content
FIL0003335,01/15/2026 11:21:05,USR0019,PC-USR0019-01,C:\Documents\work_doc_50.docx,File Open,Sample content
FIL0003336,01/15/2026 15:47:55,USR0019,PC-USR0019-01,C:\Documents\work_doc_11.docx,File Open,Sample content
FIL0003337,01/15/2026 10:55:25,USR0019,PC-USR0019-01,C:\Documents\work_doc_30.docx,File Open,Sample content
FIL0003338,01/15/2026 11:47:42,USR0019,PC-USR0019-01,C:\Documents\work_doc_29.docx,File Open,Sample content
FIL0003339,01/15/2026 15:50:25,USR0019,PC-USR0019-01,C:\Documents\work_doc_50.docx,File Open,Sample content
FIL0003340,01/15/2026 13:04:52,USR0019,PC-USR0019-01,C:\Documents\work_doc_1.docx,File Open,Sample content
FIL0003341,01/15/2026 09:04:08,USR0019,PC-USR0019-01,C:\Documents\work_doc_33.docx,File Open,Sample content
FIL0003342,01/15/2026 12:45:16,USR0019,PC-USR0019-01,C:\Documents\work_doc_18.docx,File Open,Sample content
FIL0003343,01/15/2026 11:03:42,USR0019,PC-USR0019-01,C:\Documents\work_doc_32.docx,File Open,Sample content
FIL0003344,01/15/2026 12:54:04,USR0019,PC-USR0019-01,C:\Documents\work_doc_2.docx,File Open,Sample content
FIL0003345,01/15/2026 12:44:31,USR0019,PC-USR0019-01,C:\Documents\work_doc_2.docx,File Open,Sample content
FIL0003346,01/15/2026 09:21:57,USR0019,PC-USR0019-01,C:\Documents\work_doc_14.docx,File Open,Sample content
FIL0003347,01/15/2026 16:31:39,USR0019,PC-USR0019-01,C:\Documents\work_doc_37.docx,File Open,Sample content
FIL0003348,01/15/2026 11:47:33,USR0020,PC-USR0020-01,C:\Documents\work_doc_44.docx,File Open,Sample content
FIL0003349,01/15/2026 16:49:40,USR0020,PC-USR0020-01,C:\Documents\work_doc_8.docx,File Open,Sample content
FIL0003350,01/15/2026 16:54:05,USR0020,PC-USR0020-01,C:\Documents\work_doc_33.docx,File Open,Sample content
FIL0003351,01/15/2026 14:24:02,USR0020,PC-USR0020-01,C:\Documents\work_doc_25.docx,File Open,Sample content
FIL0003352,01/15/2026 16:07:17,USR0020,PC-USR0020-01,C:\Documents\work_doc_35.docx,File Open,Sample content
FIL0003353,01/15/2026 10:23:58,USR0020,PC-USR0020-01,C:\Documents\work_doc_46.docx,File Open,Sample content
FIL0003354,01/15/2026 12:11:02,USR0020,PC-USR0020-01,C:\Documents\work_doc_45.docx,File Open,Sample content
FIL0003355,01/15/2026 10:01:44,USR0020,PC-USR0020-01,C:\Documents\work_doc_31.docx,File Open,Sample content
FIL0003356,01/15/2026 12:49:53,USR0020,PC-USR0020-01,C:\Documents\work_doc_44.docx,File Open,Sample content
FIL0003357,01/15/2026 14:56:22,USR0020,PC-USR0020-01,C:\Documents\work_doc_33.docx,File Open,Sample content
FIL0003358,01/15/2026 12:55:48,USR0020,PC-USR0020-01,C:\Documents\work_doc_5.docx,File Open,Sample content
FIL0003359,01/15/2026 09:27:09,USR0020,PC-USR0020-01,C:\Documents\work_doc_6.docx,File Open,Sample content
FIL0003360,01/15/2026 14:11:37,USR0021,PC-USR0021-01,C:\Documents\work_doc_4.docx,File Open,Sample content
FIL0003361,01/15/2026 12:01:26,USR0021,PC-USR0021-01,C:\Documents\work_doc_39.docx,File Open,Sample content
FIL0003362,01/15/2026 14:26:39,USR0021,PC-USR0021-01,C:\Documents\work_doc_19.docx,File Open,Sample content
FIL0003363,01/15/2026 14:38:31,USR0021,PC-USR0021-01,C:\Documents\work_doc_20.docx,File Open,Sample content
FIL0003364,01/15/2026 10:19:20,USR0021,PC-USR0021-01,C:\Documents\work_doc_7.docx,File Open,Sample content
FIL0003365,01/15/2026 16:13:25,USR0021,PC-USR0021-01,C:\Documents\work_doc_24.docx,File Open,Sample content
FIL0003366,01/15/2026 10:53:23,USR0021,PC-USR0021-01,C:\Documents\work_doc_33.docx,File Open,Sample content
FIL0003367,01/15/2026 14:51:18,USR0021,PC-USR0021-01,C:\Documents\work_doc_16.docx,File Open,Sample content
FIL0003368,01/15/2026 16:52:38,USR0022,PC-USR0022-01,C:\Documents\work_doc_29.docx,File Open,Sample content
FIL0003369,01/15/2026 16:05:58,USR0022,PC-USR0022-01,C:\Documents\work_doc_31.docx,File Open,Sample content
FIL0003370,01/15/2026 14:38:50,USR0022,PC-USR0022-01,C:\Documents\work_doc_16.docx,File Open,Sample content
FIL0003371,01/15/2026 09:53:43,USR0022,PC-USR0022-01,C:\Documents\work_doc_2.docx,File Open,Sample content
FIL0003372,01/15/2026 15:07:40,USR0022,PC-USR0022-01,C:\Documents\work_doc_30.docx,File Open,Sample content
FIL0003373,01/15/2026 16:34:41,USR0022,PC-USR0022-01,C:\Documents\work_doc_40.docx,File Open,Sample content
FIL0003374,01/15/2026 13:19:16,USR0022,PC-USR0022-01,C:\Documents\work_doc_24.docx,File Open,Sample content
FIL0003375,01/15/2026 10:42:55,USR0022,PC-USR0022-01,C:\Documents\work_doc_42.docx,File Open,Sample content
FIL0003376,01/15/2026 16:49:02,USR0022,PC-USR0022-01,C:\Documents\work_doc_15.docx,File Open,Sample content
FIL0003377,01/15/2026 09:12:24,USR0022,PC-USR0022-01,C:\Documents\work_doc_47.docx,File Open,Sample content
FIL0003378,01/15/2026 16:14:52,USR0022,PC-USR0022-01,C:\Documents\work_doc_16.docx,File Open,Sample content
FIL0003379,01/15/2026 10:06:21,USR0022,PC-USR0022-01,C:\Documents\work_doc_36.docx,File Open,Sample content
FIL0003380,01/15/2026 13:13:55,USR0022,PC-USR0022-01,C:\Documents\work_doc_46.docx,File Open,Sample content
FIL0003381,01/15/2026 09:07:14,USR0022,PC-USR0022-01,C:\Documents\work_doc_5.docx,File Open,Sample content
FIL0003382,01/15/2026 12:17:35,USR0022,PC-USR0022-01,C:\Documents\work_doc_31.docx,File Open,Sample content
FIL0003383,01/15/2026 13:11:08,USR0022,PC-USR0022-01,C:\Documents\work_doc_32.docx,File Open,Sample content
FIL0003384,01/15/2026 13:49:37,USR0022,PC-USR0022-01,C:\Documents\work_doc_39.docx,File Open,Sample content
FIL0003385,01/15/2026 16:10:47,USR0023,PC-USR0023-01,C:\Documents\work_doc_36.docx,File Open,Sample content
FIL0003386,01/15/2026 12:03:02,USR0023,PC-USR0023-01,C:\Documents\work_doc_37.docx,File Open,Sample content
FIL0003387,01/15/2026 12:48:02,USR0023,PC-USR0023-01,C:\Documents\work_doc_27.docx,File Open,Sample content
FIL0003388,01/15/2026 12:14:35,USR0023,PC-USR0023-01,C:\Documents\work_doc_25.docx,File Open,Sample content
FIL0003389,01/15/2026 10:27:03,USR0023,PC-USR0023-01,C:\Documents\work_doc_10.docx,File Open,Sample content
FIL0003390,01/15/2026 11:09:28,USR0023,PC-USR0023-01,C:\Documents\work_doc_50.docx,File Open,Sample content
FIL0003391,01/15/2026 13:42:09,USR0023,PC-USR0023-01,C:\Documents\work_doc_45.docx,File Open,Sample content
FIL0003392,01/15/2026 10:30:35,USR0023,PC-USR0023-01,C:\Documents\work_doc_43.docx,File Open,Sample content
FIL0003393,01/15/2026 11:44:29,USR0023,PC-USR0023-01,C:\Documents\work_doc_29.docx,File Open,Sample content
FIL0003394,01/15/2026 10:53:03,USR0023,PC-USR0023-01,C:\Documents\work_doc_49.docx,File Open,Sample content
FIL0003395,01/15/2026 14:44:01,USR0023,PC-USR0023-01,C:\Documents\work_doc_43.docx,File Open,Sample content
FIL0003396,01/15/2026 10:45:42,USR0023,PC-USR0023-01,C:\Documents\work_doc_36.docx,File Open,Sample content
FIL0003397,01/15/2026 10:30:26,USR0024,PC-USR0024-01,C:\Documents\work_doc_18.docx,File Open,Sample content
FIL0003398,01/15/2026 12:42:47,USR0024,PC-USR0024-01,C:\Documents\work_doc_45.docx,File Open,Sample content
FIL0003399,01/15/2026 15:02:25,USR0024,PC-USR0024-01,C:\Documents\work_doc_30.docx,File Open,Sample content
FIL0003400,01/15/2026 14:08:16,USR0024,PC-USR0024-01,C:\Documents\work_doc_30.docx,File Open,Sample content
FIL0003401,01/15/2026 14:01:30,USR0024,PC-USR0024-01,C:\Documents\work_doc_42.docx,File Open,Sample content
FIL0003402,01/15/2026 10:11:39,USR0024,PC-USR0024-01,C:\Documents\work_doc_29.docx,File Open,Sample content
FIL0003403,01/15/2026 11:22:34,USR0024,PC-USR0024-01,C:\Documents\work_doc_48.docx,File Open,Sample content
FIL0003404,01/15/2026 16:06:15,USR0024,PC-USR0024-01,C:\Documents\work_doc_9.docx,File Open,Sample content
FIL0003405,01/15/2026 16:43:22,USR0025,PC-USR0025-01,C:\Documents\work_doc_4.docx,File Open,Sample content
FIL0003406,01/15/2026 16:35:14,USR0025,PC-USR0025-01,C:\Documents\work_doc_45.docx,File Open,Sample content
FIL0003407,01/15/2026 15:54:47,USR0025,PC-USR0025-01,C:\Documents\work_doc_23.docx,File Open,Sample content
FIL0003408,01/15/2026 14:35:38,USR0025,PC-USR0025-01,C:\Documents\work_doc_40.docx,File Open,Sample content
FIL0003409,01/15/2026 10:40:13,USR0025,PC-USR0025-01,C:\Documents\work_doc_21.docx,File Open,Sample content
FIL0003410,01/15/2026 13:25:45,USR0025,PC-USR0025-01,C:\Documents\work_doc_26.docx,File Open,Sample content
FIL0003411,01/15/2026 14:58:09,USR0025,PC-USR0025-01,C:\Documents\work_doc_9.docx,File Open,Sample content
FIL0003412,01/15/2026 16:59:21,USR0025,PC-USR0025-01,C:\Documents\work_doc_15.docx,File Open,Sample content
FIL0003413,01/15/2026 12:39:51,USR0025,PC-USR0025-01,C:\Documents\work_doc_43.docx,File Open,Sample content
FIL0003414,01/15/2026 15:35:35,USR0025,PC-USR0025-01,C:\Documents\work_doc_28.docx,File Open,Sample content
FIL0003415,01/15/2026 09:04:03,USR0025,PC-USR0025-01,C:\Documents\work_doc_11.docx,File Open,Sample content
FIL0003416,01/15/2026 14:25:43,USR0025,PC-USR0025-01,C:\Documents\work_doc_42.docx,File Open,Sample content
FIL0003417,01/15/2026 11:39:37,USR0025,PC-USR0025-01,C:\Documents\work_doc_48.docx,File Open,Sample content
FIL0003418,01/15/2026 16:44:27,USR0025,PC-USR0025-01,C:\Documents\work_doc_48.docx,File Open,Sample content
FIL0003419,01/15/2026 16:49:05,USR0025,PC-USR0025-01,C:\Documents\work_doc_19.docx,File Open,Sample content
FIL0003420,01/15/2026 15:33:56,USR0025,PC-USR0025-01,C:\Documents\work_doc_37.docx,File Open,Sample content
FIL0003421,01/15/2026 15:54:51,USR0025,PC-USR0025-01,C:\Documents\work_doc_41.docx,File Open,Sample content
FIL0003422,01/16/2026 13:09:42,AAE0190,PC-AAE0190-01,C:\Documents\work_doc_41.docx,File Open,Sample content
FIL0003423,01/16/2026 14:34:45,AAE0190,PC-AAE0190-01,C:\Documents\work_doc_19.docx,File Open,Sample content
FIL0003424,01/16/2026 12:11:40,AAE0190,PC-AAE0190-01,C:\Documents\work_doc_39.docx,File Open,Sample content
FIL0003425,01/16/2026 10:12:46,AAE0190,PC-AAE0190-01,C:\Documents\work_doc_31.docx,File Open,Sample content
FIL0003426,01/16/2026 09:30:31,AAE0190,PC-AAE0190-01,C:\Documents\work_doc_9.docx,File Open,Sample content
FIL0003427,01/16/2026 11:46:27,USR0002,PC-USR0002-01,C:\Documents\work_doc_31.docx,File Open,Sample content
FIL0003428,01/16/2026 13:39:38,USR0002,PC-USR0002-01,C:\Documents\work_doc_36.docx,File Open,Sample content
FIL0003429,01/16/2026 12:58:53,USR0002,PC-USR0002-01,C:\Documents\work_doc_22.docx,File Open,Sample content
FIL0003430,01/16/2026 10:39:38,USR0002,PC-USR0002-01,C:\Documents\work_doc_8.docx,File Open,Sample content
FIL0003431,01/16/2026 16:28:59,USR0002,PC-USR0002-01,C:\Documents\work_doc_16.docx,File Open,Sample content
FIL0003432,01/16/2026 16:53:27,USR0002,PC-USR0002-01,C:\Documents\work_doc_26.docx,File Open,Sample content
FIL0003433,01/16/2026 09:27:10,USR0002,PC-USR0002-01,C:\Documents\work_doc_24.docx,File Open,Sample content
FIL0003434,01/16/2026 12:49:29,USR0002,PC-USR0002-01,C:\Documents\work_doc_32.docx,File Open,Sample content
FIL0003435,01/16/2026 11:18:20,USR0002,PC-USR0002-01,C:\Documents\work_doc_29.docx,File Open,Sample content
FIL0003436,01/16/2026 13:16:56,USR0002,PC-USR0002-01,C:\Documents\work_doc_8.docx,File Open,Sample content
FIL0003437,01/16/2026 14:13:39,USR0002,PC-USR0002-01,C:\Documents\work_doc_25.docx,File Open,Sample content
FIL0003438,01/16/2026 15:57:02,USR0002,PC-USR0002-01,C:\Documents\work_doc_34.docx,File Open,Sample content
FIL0003439,01/16/2026 15:02:50,USR0002,PC-USR0002-01,C:\Documents\work_doc_20.docx,File Open,Sample content
FIL0003440,01/16/2026 13:00:40,USR0002,PC-USR0002-01,C:\Documents\work_doc_5.docx,File Open,Sample content
FIL0003441,01/16/2026 14:05:55,USR0002,PC-USR0002-01,C:\Documents\work_doc_19.docx,File Open,Sample content
FIL0003442,01/16/2026 10:39:37,USR0003,PC-USR0003-01,C:\Documents\work_doc_42.docx,File Open,Sample content
FIL0003443,01/16/2026 12:58:38,USR0003,PC-USR0003-01,C:\Documents\work_doc_25.docx,File Open,Sample content
FIL0003444,01/16/2026 09:31:12,USR0003,PC-USR0003-01,C:\Documents\work_doc_13.docx,File Open,Sample content
FIL0003445,01/16/2026 10:11:23,USR0003,PC-USR0003-01,C:\Documents\work_doc_27.docx,File Open,Sample content
FIL0003446,01/16/2026 15:04:16,USR0003,PC-USR0003-01,C:\Documents\work_doc_10.docx,File Open,Sample content
FIL0003447,01/16/2026 09:24:08,USR0003,PC-USR0003-01,C:\Documents\work_doc_8.docx,File Open,Sample content
FIL0003448,01/16/2026 13:49:02,USR0003,PC-USR0003-01,C:\Documents\work_doc_10.docx,File Open,Sample content
FIL0003449,01/16/2026 13:36:37,USR0003,PC-USR0003-01,C:\Documents\work_doc_43.docx,File Open,Sample content
FIL0003450,01/16/2026 12:54:41,USR0003,PC-USR0003-01,C:\Documents\work_doc_19.docx,File Open,Sample content
FIL0003451,01/16/2026 11:06:58,USR0003,PC-USR0003-01,C:\Documents\work_doc_32.docx,File Open,Sample content
FIL0003452,01/16/2026 14:33:31,USR0004,PC-USR0004-01,C:\Documents\work_doc_23.docx,File Open,Sample content
FIL0003453,01/16/2026 10:16:25,USR0004,PC-USR0004-01,C:\Documents\work_doc_2.docx,File Open,Sample content
FIL0003454,01/16/2026 09:08:20,USR0004,PC-USR0004-01,C:\Documents\work_doc_13.docx,File Open,Sample content
FIL0003455,01/16/2026 09:00:39,USR0004,PC-USR0004-01,C:\Documents\work_doc_49.docx,File Open,Sample content
FIL0003456,01/16/2026 14:53:45,USR0004,PC-USR0004-01,C:\Documents\work_doc_41.docx,File Open,Sample content
FIL0003457,01/16/2026 13:02:15,USR0004,PC-USR0004-01,C:\Documents\work_doc_42.docx,File Open,Sample content
FIL0003458,01/16/2026 13:19:39,USR0004,PC-USR0004-01,C:\Documents\work_doc_37.docx,File Open,Sample content
FIL0003459,01/16/2026 10:46:36,USR0004,PC-USR0004-01,C:\Documents\work_doc_24.docx,File Open,Sample content
FIL0003460,01/16/2026 13:00:07,USR0004,PC-USR0004-01,C:\Documents\work_doc_29.docx,File Open,Sample content
FIL0003461,01/16/2026 16:18:39,USR0004,PC-USR0004-01,C:\Documents\work_doc_23.docx,File Open,Sample content
FIL0003462,01/16/2026 09:12:20,USR0004,PC-USR0004-01,C:\Documents\work_doc_18.docx,File Open,Sample content
FIL0003463,01/16/2026 13:39:44,USR0004,PC-USR0004-01,C:\Documents\work_doc_9.docx,File Open,Sample content
FIL0003464,01/16/2026 15:55:14,USR0005,PC-USR0005-01,C:\Documents\work_doc_9.docx,File Open,Sample content
FIL0003465,01/16/2026 14:46:43,USR0005,PC-USR0005-01,C:\Documents\work_doc_10.docx,File Open,Sample content
FIL0003466,01/16/2026 14:24:37,USR0005,PC-USR0005-01,C:\Documents\work_doc_6.docx,File Open,Sample content
FIL0003467,01/16/2026 09:12:23,USR0005,PC-USR0005-01,C:\Documents\work_doc_11.docx,File Open,Sample content
FIL0003468,01/16/2026 13:46:59,USR0005,PC-USR0005-01,C:\Documents\work_doc_43.docx,File Open,Sample content
FIL0003469,01/16/2026 10:23:18,USR0005,PC-USR0005-01,C:\Documents\work_doc_19.docx,File Open,Sample content
FIL0003470,01/16/2026 16:56:17,USR0006,PC-USR0006-01,C:\Documents\work_doc_11.docx,File Open,Sample content
FIL0003471,01/16/2026 12:31:50,USR0006,PC-USR0006-01,C:\Documents\work_doc_29.docx,File Open,Sample content
FIL0003472,01/16/2026 11:01:16,USR0006,PC-USR0006-01,C:\Documents\work_doc_16.docx,File Open,Sample content
FIL0003473,01/16/2026 12:17:21,USR0006,PC-USR0006-01,C:\Documents\work_doc_14.docx,File Open,Sample content
FIL0003474,01/16/2026 09:14:39,USR0006,PC-USR0006-01,C:\Documents\work_doc_41.docx,File Open,Sample content
FIL0003475,01/16/2026 14:06:36,USR0006,PC-USR0006-01,C:\Documents\work_doc_18.docx,File Open,Sample content
FIL0003476,01/16/2026 15:59:34,USR0006,PC-USR0006-01,C:\Documents\work_doc_31.docx,File Open,Sample content
FIL0003477,01/16/2026 16:44:07,USR0006,PC-USR0006-01,C:\Documents\work_doc_16.docx,File Open,Sample content
FIL0003478,01/16/2026 14:59:01,USR0006,PC-USR0006-01,C:\Documents\work_doc_16.docx,File Open,Sample content
FIL0003479,01/16/2026 14:17:13,USR0006,PC-USR0006-01,C:\Documents\work_doc_13.docx,File Open,Sample content
FIL0003480,01/16/2026 15:25:22,USR0006,PC-USR0006-01,C:\Documents\work_doc_34.docx,File Open,Sample content
FIL0003481,01/16/2026 10:39:45,USR0006,PC-USR0006-01,C:\Documents\work_doc_16.docx,File Open,Sample content
FIL0003482,01/16/2026 11:47:58,USR0006,PC-USR0006-01,C:\Documents\work_doc_1.docx,File Open,Sample content
FIL0003483,01/16/2026 15:27:29,USR0006,PC-USR0006-01,C:\Documents\work_doc_42.docx,File Open,Sample content
FIL0003484,01/16/2026 11:06:27,USR0006,PC-USR0006-01,C:\Documents\work_doc_11.docx,File Open,Sample content
FIL0003485,01/16/2026 14:43:27,USR0006,PC-USR0006-01,C:\Documents\work_doc_36.docx,File Open,Sample content
FIL0003486,01/16/2026 13:23:35,USR0007,PC-USR0007-01,C:\Documents\work_doc_25.docx,File Open,Sample content
FIL0003487,01/16/2026 10:27:52,USR0007,PC-USR0007-01,C:\Documents\work_doc_11.docx,File Open,Sample content
FIL0003488,01/16/2026 13:54:32,USR0007,PC-USR0007-01,C:\Documents\work_doc_18.docx,File Open,Sample content
FIL0003489,01/16/2026 12:50:49,USR0007,PC-USR0007-01,C:\Documents\work_doc_36.docx,File Open,Sample content
FIL0003490,01/16/2026 12:46:14,USR0007,PC-USR0007-01,C:\Documents\work_doc_45.docx,File Open,Sample content
FIL0003491,01/16/2026 09:41:45,USR0007,PC-USR0007-01,C:\Documents\work_doc_17.docx,File Open,Sample content
FIL0003492,01/16/2026 13:36:47,USR0007,PC-USR0007-01,C:\Documents\work_doc_35.docx,File Open,Sample content
FIL0003493,01/16/2026 10:52:46,USR0007,PC-USR0007-01,C:\Documents\work_doc_34.docx,File Open,Sample content
FIL0003494,01/16/2026 14:53:33,USR0007,PC-USR0007-01,C:\Documents\work_doc_8.docx,File Open,Sample content
FIL0003495,01/16/2026 11:13:47,USR0007,PC-USR0007-01,C:\Documents\work_doc_41.docx,File Open,Sample content
FIL0003496,01/16/2026 15:29:14,USR0007,PC-USR0007-01,C:\Documents\work_doc_38.docx,File Open,Sample content
FIL0003497,01/16/2026 16:38:24,USR0007,PC-USR0007-01,C:\Documents\work_doc_2.docx,File Open,Sample content
FIL0003498,01/16/2026 09:33:26,USR0007,PC-USR0007-01,C:\Documents\work_doc_47.docx,File Open,Sample content
FIL0003499,01/16/2026 09:41:31,USR0007,PC-USR0007-01,C:\Documents\work_doc_34.docx,File Open,Sample content
FIL0003500,01/16/2026 09:18:36,USR0007,PC-USR0007-01,C:\Documents\work_doc_38.docx,File Open,Sample content
FIL0003501,01/16/2026 09:13:13,USR0007,PC-USR0007-01,C:\Documents\work_doc_11.docx,File Open,Sample content
FIL0003502,01/16/2026 15:12:06,USR0007,PC-USR0007-01,C:\Documents\work_doc_12.docx,File Open,Sample content
FIL0003503,01/16/2026 13:11:05,USR0008,PC-USR0008-01,C:\Documents\work_doc_19.docx,File Open,Sample content
FIL0003504,01/16/2026 14:52:54,USR0008,PC-USR0008-01,C:\Documents\work_doc_3.docx,File Open,Sample content
FIL0003505,01/16/2026 13:43:28,USR0008,PC-USR0008-01,C:\Documents\work_doc_39.docx,File Open,Sample content
FIL0003506,01/16/2026 13:52:57,USR0008,PC-USR0008-01,C:\Documents\work_doc_46.docx,File Open,Sample content
FIL0003507,01/16/2026 16:42:52,USR0008,PC-USR0008-01,C:\Documents\work_doc_27.docx,File Open,Sample content
FIL0003508,01/16/2026 13:19:41,USR0008,PC-USR0008-01,C:\Documents\work_doc_7.docx,File Open,Sample content
FIL0003509,01/16/2026 14:53:03,USR0008,PC-USR0008-01,C:\Documents\work_doc_45.docx,File Open,Sample content
FIL0003510,01/16/2026 16:39:43,USR0008,PC-USR0008-01,C:\Documents\work_doc_22.docx,File Open,Sample content
FIL0003511,01/16/2026 14:12:09,USR0008,PC-USR0008-01,C:\Documents\work_doc_28.docx,File Open,Sample content
FIL0003512,01/16/2026 15:08:22,USR0008,PC-USR0008-01,C:\Documents\work_doc_50.docx,File Open,Sample content
FIL0003513,01/16/2026 11:50:54,USR0008,PC-USR0008-01,C:\Documents\work_doc_36.docx,File Open,Sample content
FIL0003514,01/16/2026 16:45:05,USR0008,PC-USR0008-01,C:\Documents\work_doc_28.docx,File Open,Sample content
FIL0003515,01/16/2026 13:16:57,USR0008,PC-USR0008-01,C:\Documents\work_doc_17.docx,File Open,Sample content
FIL0003516,01/16/2026 11:41:40,USR0008,PC-USR0008-01,C:\Documents\work_doc_17.docx,File Open,Sample content
FIL0003517,01/16/2026 16:36:25,USR0009,PC-USR0009-01,C:\Documents\work_doc_2.docx,File Open,Sample content
FIL0003518,01/16/2026 16:57:03,USR0009,PC-USR0009-01,C:\Documents\work_doc_40.docx,File Open,Sample content
FIL0003519,01/16/2026 12:23:17,USR0009,PC-USR0009-01,C:\Documents\work_doc_45.docx,File Open,Sample content
FIL0003520,01/16/2026 11:28:57,USR0009,PC-USR0009-01,C:\Documents\work_doc_28.docx,File Open,Sample content
FIL0003521,01/16/2026 11:38:13,USR0009,PC-USR0009-01,C:\Documents\work_doc_6.docx,File Open,Sample content
FIL0003522,01/16/2026 16:58:56,USR0009,PC-USR0009-01,C:\Documents\work_doc_41.docx,File Open,Sample content
FIL0003523,01/16/2026 16:02:31,USR0009,PC-USR0009-01,C:\Documents\work_doc_29.docx,File Open,Sample content
FIL0003524,01/16/2026 11:50:15,USR0009,PC-USR0009-01,C:\Documents\work_doc_43.docx,File Open,Sample content
FIL0003525,01/16/2026 09:42:39,USR0009,PC-USR0009-01,C:\Documents\work_doc_47.docx,File Open,Sample content
FIL0003526,01/16/2026 15:27:37,USR0009,PC-USR0009-01,C:\Documents\work_doc_19.docx,File Open,Sample content
FIL0003527,01/16/2026 10:27:11,USR0009,PC-USR0009-01,C:\Documents\work_doc_3.docx,File Open,Sample content
FIL0003528,01/16/2026 12:07:22,USR0009,PC-USR0009-01,C:\Documents\work_doc_38.docx,File Open,Sample content
FIL0003529,01/16/2026 10:21:54,USR0009,PC-USR0009-01,C:\Documents\work_doc_30.docx,File Open,Sample content
FIL0003530,01/16/2026 12:06:19,USR0009,PC-USR0009-01,C:\Documents\work_doc_13.docx,File Open,Sample content
FIL0003531,01/16/2026 09:22:38,USR0009,PC-USR0009-01,C:\Documents\work_doc_26.docx,File Open,Sample content
FIL0003532,01/16/2026 10:24:01,USR0009,PC-USR0009-01,C:\Documents\work_doc_24.docx,File Open,Sample content
FIL0003533,01/16/2026 09:23:43,USR0009,PC-USR0009-01,C:\Documents\work_doc_2.docx,File Open,Sample content
FIL0003534,01/16/2026 12:21:05,USR0009,PC-USR0009-01,C:\Documents\work_doc_49.docx,File Open,Sample content
FIL0003535,01/16/2026 14:29:11,USR0010,PC-USR0010-01,C:\Documents\work_doc_28.docx,File Open,Sample content
FIL0003536,01/16/2026 16:51:27,USR0010,PC-USR0010-01,C:\Documents\work_doc_43.docx,File Open,Sample content
FIL0003537,01/16/2026 16:49:52,USR0010,PC-USR0010-01,C:\Documents\work_doc_37.docx,File Open,Sample content
FIL0003538,01/16/2026 16:25:02,USR0010,PC-USR0010-01,C:\Documents\work_doc_22.docx,File Open,Sample content
FIL0003539,01/16/2026 10:45:08,USR0010,PC-USR0010-01,C:\Documents\work_doc_42.docx,File Open,Sample content
FIL0003540,01/16/2026 16:36:51,USR0010,PC-USR0010-01,C:\Documents\work_doc_32.docx,File Open,Sample content
FIL0003541,01/16/2026 11:32:35,USR0010,PC-USR0010-01,C:\Documents\work_doc_10.docx,File Open,Sample content
FIL0003542,01/16/2026 13:50:53,USR0010,PC-USR0010-01,C:\Documents\work_doc_28.docx,File Open,Sample content
FIL0003543,01/16/2026 12:22:35,USR0010,PC-USR0010-01,C:\Documents\work_doc_43.docx,File Open,Sample content
FIL0003544,01/16/2026 14:44:49,USR0010,PC-USR0010-01,C:\Documents\work_doc_39.docx,File Open,Sample content
FIL0003545,01/16/2026 12:09:04,USR0010,PC-USR0010-01,C:\Documents\work_doc_4.docx,File Open,Sample content
FIL0003546,01/16/2026 14:22:24,USR0010,PC-USR0010-01,C:\Documents\work_doc_21.docx,File Open,Sample content
FIL0003547,01/16/2026 16:24:34,USR0010,PC-USR0010-01,C:\Documents\work_doc_1.docx,File Open,Sample content
FIL0003548,01/16/2026 10:31:34,USR0010,PC-USR0010-01,C:\Documents\work_doc_9.docx,File Open,Sample content
FIL0003549,01/16/2026 11:27:32,USR0010,PC-USR0010-01,C:\Documents\work_doc_35.docx,File Open,Sample content
FIL0003550,01/16/2026 14:05:22,USR0010,PC-USR0010-01,C:\Documents\work_doc_23.docx,File Open,Sample content
FIL0003551,01/16/2026 13:03:46,USR0011,PC-USR0011-01,C:\Documents\work_doc_38.docx,File Open,Sample content
FIL0003552,01/16/2026 15:17:25,USR0011,PC-USR0011-01,C:\Documents\work_doc_25.docx,File Open,Sample content
FIL0003553,01/16/2026 13:11:19,USR0011,PC-USR0011-01,C:\Documents\work_doc_37.docx,File Open,Sample content
FIL0003554,01/16/2026 13:04:34,USR0011,PC-USR0011-01,C:\Documents\work_doc_11.docx,File Open,Sample content
FIL0003555,01/16/2026 16:20:49,USR0011,PC-USR0011-01,C:\Documents\work_doc_19.docx,File Open,Sample content
FIL0003556,01/16/2026 12:59:02,USR0011,PC-USR0011-01,C:\Documents\work_doc_30.docx,File Open,Sample content
FIL0003557,01/16/2026 10:19:40,USR0011,PC-USR0011-01,C:\Documents\work_doc_6.docx,File Open,Sample content
FIL0003558,01/16/2026 16:19:31,USR0011,PC-USR0011-01,C:\Documents\work_doc_41.docx,File Open,Sample content
FIL0003559,01/16/2026 14:51:27,USR0012,PC-USR0012-01,C:\Documents\work_doc_18.docx,File Open,Sample content
FIL0003560,01/16/2026 11:25:18,USR0012,PC-USR0012-01,C:\Documents\work_doc_13.docx,File Open,Sample content
FIL0003561,01/16/2026 15:39:17,USR0012,PC-USR0012-01,C:\Documents\work_doc_23.docx,File Open,Sample content
FIL0003562,01/16/2026 10:22:07,USR0012,PC-USR0012-01,C:\Documents\work_doc_43.docx,File Open,Sample content
FIL0003563,01/16/2026 10:24:05,USR0012,PC-USR0012-01,C:\Documents\work_doc_16.docx,File Open,Sample content
FIL0003564,01/16/2026 10:53:18,USR0012,PC-USR0012-01,C:\Documents\work_doc_46.docx,File Open,Sample content
FIL0003565,01/16/2026 16:44:04,USR0012,PC-USR0012-01,C:\Documents\work_doc_48.docx,File Open,Sample content
FIL0003566,01/16/2026 14:21:58,USR0012,PC-USR0012-01,C:\Documents\work_doc_8.docx,File Open,Sample content
FIL0003567,01/16/2026 09:34:15,USR0013,PC-USR0013-01,C:\Documents\work_doc_4.docx,File Open,Sample content
FIL0003568,01/16/2026 09:48:01,USR0013,PC-USR0013-01,C:\Documents\work_doc_31.docx,File Open,Sample content
FIL0003569,01/16/2026 14:15:57,USR0013,PC-USR0013-01,C:\Documents\work_doc_31.docx,File Open,Sample content
FIL0003570,01/16/2026 10:59:52,USR0013,PC-USR0013-01,C:\Documents\work_doc_19.docx,File Open,Sample content
FIL0003571,01/16/2026 11:10:30,USR0013,PC-USR0013-01,C:\Documents\work_doc_26.docx,File Open,Sample content
FIL0003572,01/16/2026 09:46:15,USR0013,PC-USR0013-01,C:\Documents\work_doc_28.docx,File Open,Sample content
FIL0003573,01/16/2026 11:25:56,USR0013,PC-USR0013-01,C:\Documents\work_doc_18.docx,File Open,Sample content
FIL0003574,01/16/2026 12:41:45,USR0014,PC-USR0014-01,C:\Documents\work_doc_4.docx,File Open,Sample content
FIL0003575,01/16/2026 10:49:05,USR0014,PC-USR0014-01,C:\Documents\work_doc_14.docx,File Open,Sample content
FIL0003576,01/16/2026 13:34:58,USR0014,PC-USR0014-01,C:\Documents\work_doc_11.docx,File Open,Sample content
FIL0003577,01/16/2026 15:23:46,USR0014,PC-USR0014-01,C:\Documents\work_doc_22.docx,File Open,Sample content
FIL0003578,01/16/2026 10:08:34,USR0014,PC-USR0014-01,C:\Documents\work_doc_42.docx,File Open,Sample content
FIL0003579,01/16/2026 16:35:49,USR0014,PC-USR0014-01,C:\Documents\work_doc_13.docx,File Open,Sample content
FIL0003580,01/16/2026 13:32:47,USR0014,PC-USR0014-01,C:\Documents\work_doc_5.docx,File Open,Sample content
FIL0003581,01/16/2026 14:30:06,USR0014,PC-USR0014-01,C:\Documents\work_doc_20.docx,File Open,Sample content
FIL0003582,01/16/2026 15:14:38,USR0014,PC-USR0014-01,C:\Documents\work_doc_31.docx,File Open,Sample content
FIL0003583,01/16/2026 09:38:00,USR0014,PC-USR0014-01,C:\Documents\work_doc_13.docx,File Open,Sample content
FIL0003584,01/16/2026 10:17:55,USR0015,PC-USR0015-01,C:\Documents\work_doc_3.docx,File Open,Sample content
FIL0003585,01/16/2026 15:04:37,USR0015,PC-USR0015-01,C:\Documents\work_doc_34.docx,File Open,Sample content
FIL0003586,01/16/2026 13:15:48,USR0015,PC-USR0015-01,C:\Documents\work_doc_48.docx,File Open,Sample content
FIL0003587,01/16/2026 11:11:54,USR0015,PC-USR0015-01,C:\Documents\work_doc_2.docx,File Open,Sample content
FIL0003588,01/16/2026 12:10:58,USR0015,PC-USR0015-01,C:\Documents\work_doc_24.docx,File Open,Sample content
FIL0003589,01/16/2026 13:18:02,USR0015,PC-USR0015-01,C:\Documents\work_doc_35.docx,File Open,Sample content
FIL0003590,01/16/2026 10:15:31,USR0015,PC-USR0015-01,C:\Documents\work_doc_11.docx,File Open,Sample content
FIL0003591,01/16/2026 16:45:30,USR0015,PC-USR0015-01,C:\Documents\work_doc_28.docx,File Open,Sample content
FIL0003592,01/16/2026 12:06:53,USR0015,PC-USR0015-01,C:\Documents\work_doc_7.docx,File Open,Sample content
FIL0003593,01/16/2026 14:04:53,USR0015,PC-USR0015-01,C:\Documents\work_doc_50.docx,File Open,Sample content
FIL0003594,01/16/2026 12:26:51,USR0015,PC-USR0015-01,C:\Documents\work_doc_26.docx,File Open,Sample content
FIL0003595,01/16/2026 14:06:50,USR0015,PC-USR0015-01,C:\Documents\work_doc_45.docx,File Open,Sample content
FIL0003596,01/16/2026 12:01:27,USR0015,PC-USR0015-01,C:\Documents\work_doc_31.docx,File Open,Sample content
FIL0003597,01/16/2026 10:51:13,USR0015,PC-USR0015-01,C:\Documents\work_doc_15.docx,File Open,Sample content
FIL0003598,01/16/2026 13:14:45,USR0015,PC-USR0015-01,C:\Documents\work_doc_19.docx,File Open,Sample content
FIL0003599,01/16/2026 15:14:42,USR0015,PC-USR0015-01,C:\Documents\work_doc_5.docx,File Open,Sample content
FIL0003600,01/16/2026 13:28:24,USR0015,PC-USR0015-01,C:\Documents\work_doc_8.docx,File Open,Sample content
FIL0003601,01/16/2026 11:19:02,USR0015,PC-USR0015-01,C:\Documents\work_doc_25.docx,File Open,Sample content
FIL0003602,01/16/2026 11:38:42,USR0015,PC-USR0015-01,C:\Documents\work_doc_14.docx,File Open,Sample content
FIL0003603,01/16/2026 10:23:11,USR0016,PC-USR0016-01,C:\Documents\work_doc_12.docx,File Open,Sample content
FIL0003604,01/16/2026 14:23:54,USR0016,PC-USR0016-01,C:\Documents\work_doc_21.docx,File Open,Sample content
FIL0003605,01/16/2026 10:54:37,USR0016,PC-USR0016-01,C:\Documents\work_doc_42.docx,File Open,Sample content
FIL0003606,01/16/2026 15:31:20,USR0016,PC-USR0016-01,C:\Documents\work_doc_32.docx,File Open,Sample content
FIL0003607,01/16/2026 16:27:05,USR0016,PC-USR0016-01,C:\Documents\work_doc_28.docx,File Open,Sample content
FIL0003608,01/16/2026 13:46:48,USR0016,PC-USR0016-01,C:\Documents\work_doc_49.docx,File Open,Sample content
FIL0003609,01/16/2026 09:49:17,USR0016,PC-USR0016-01,C:\Documents\work_doc_11.docx,File Open,Sample content
FIL0003610,01/16/2026 10:49:00,USR0016,PC-USR0016-01,C:\Documents\work_doc_2.docx,File Open,Sample content
FIL0003611,01/16/2026 09:57:27,USR0016,PC-USR0016-01,C:\Documents\work_doc_9.docx,File Open,Sample content
FIL0003612,01/16/2026 10:44:57,USR0016,PC-USR0016-01,C:\Documents\work_doc_36.docx,File Open,Sample content
FIL0003613,01/16/2026 11:13:49,USR0016,PC-USR0016-01,C:\Documents\work_doc_24.docx,File Open,Sample content
FIL0003614,01/16/2026 15:13:25,USR0016,PC-USR0016-01,C:\Documents\work_doc_16.docx,File Open,Sample content
FIL0003615,01/16/2026 16:35:36,USR0016,PC-USR0016-01,C:\Documents\work_doc_14.docx,File Open,Sample content
FIL0003616,01/16/2026 10:41:17,USR0016,PC-USR0016-01,C:\Documents\work_doc_46.docx,File Open,Sample content
FIL0003617,01/16/2026 09:19:17,USR0016,PC-USR0016-01,C:\Documents\work_doc_37.docx,File Open,Sample content
FIL0003618,01/16/2026 14:11:26,USR0016,PC-USR0016-01,C:\Documents\work_doc_25.docx,File Open,Sample content
FIL0003619,01/16/2026 15:54:17,USR0016,PC-USR0016-01,C:\Documents\work_doc_24.docx,File Open,Sample content
FIL0003620,01/16/2026 16:03:42,USR0016,PC-USR0016-01,C:\Documents\work_doc_10.docx,File Open,Sample content
FIL0003621,01/16/2026 12:44:45,USR0017,PC-USR0017-01,C:\Documents\work_doc_14.docx,File Open,Sample content
FIL0003622,01/16/2026 14:59:46,USR0017,PC-USR0017-01,C:\Documents\work_doc_6.docx,File Open,Sample content
FIL0003623,01/16/2026 10:21:23,USR0017,PC-USR0017-01,C:\Documents\work_doc_10.docx,File Open,Sample content
FIL0003624,01/16/2026 13:05:22,USR0017,PC-USR0017-01,C:\Documents\work_doc_47.docx,File Open,Sample content
FIL0003625,01/16/2026 16:28:38,USR0017,PC-USR0017-01,C:\Documents\work_doc_11.docx,File Open,Sample content
FIL0003626,01/16/2026 14:34:40,USR0017,PC-USR0017-01,C:\Documents\work_doc_46.docx,File Open,Sample content
FIL0003627,01/16/2026 14:13:59,USR0017,PC-USR0017-01,C:\Documents\work_doc_2.docx,File Open,Sample content
FIL0003628,01/16/2026 11:10:27,USR0017,PC-USR0017-01,C:\Documents\work_doc_25.docx,File Open,Sample content
FIL0003629,01/16/2026 14:41:33,USR0017,PC-USR0017-01,C:\Documents\work_doc_9.docx,File Open,Sample content
FIL0003630,01/16/2026 12:57:42,USR0017,PC-USR0017-01,C:\Documents\work_doc_33.docx,File Open,Sample content
FIL0003631,01/16/2026 10:56:48,USR0017,PC-USR0017-01,C:\Documents\work_doc_18.docx,File Open,Sample content
FIL0003632,01/16/2026 13:49:38,USR0017,PC-USR0017-01,C:\Documents\work_doc_13.docx,File Open,Sample content
FIL0003633,01/16/2026 11:35:38,USR0017,PC-USR0017-01,C:\Documents\work_doc_50.docx,File Open,Sample content
FIL0003634,01/16/2026 14:21:28,USR0017,PC-USR0017-01,C:\Documents\work_doc_39.docx,File Open,Sample content
FIL0003635,01/16/2026 10:33:43,USR0017,PC-USR0017-01,C:\Documents\work_doc_4.docx,File Open,Sample content
FIL0003636,01/16/2026 14:12:47,USR0017,PC-USR0017-01,C:\Documents\work_doc_14.docx,File Open,Sample content
FIL0003637,01/16/2026 16:46:50,USR0017,PC-USR0017-01,C:\Documents\work_doc_49.docx,File Open,Sample content
FIL0003638,01/16/2026 14:41:07,USR0017,PC-USR0017-01,C:\Documents\work_doc_11.docx,File Open,Sample content
FIL0003639,01/16/2026 11:11:46,USR0017,PC-USR0017-01,C:\Documents\work_doc_37.docx,File Open,Sample content
FIL0003640,01/16/2026 11:33:09,USR0018,PC-USR0018-01,C:\Documents\work_doc_21.docx,File Open,Sample content
FIL0003641,01/16/2026 14:29:45,USR0018,PC-USR0018-01,C:\Documents\work_doc_29.docx,File Open,Sample content
FIL0003642,01/16/2026 09:10:36,USR0018,PC-USR0018-01,C:\Documents\work_doc_36.docx,File Open,Sample content
FIL0003643,01/16/2026 09:28:45,USR0018,PC-USR0018-01,C:\Documents\work_doc_8.docx,File Open,Sample content
FIL0003644,01/16/2026 14:26:01,USR0018,PC-USR0018-01,C:\Documents\work_doc_23.docx,File Open,Sample content
FIL0003645,01/16/2026 11:32:53,USR0018,PC-USR0018-01,C:\Documents\work_doc_24.docx,File Open,Sample content
FIL0003646,01/16/2026 15:09:21,USR0018,PC-USR0018-01,C:\Documents\work_doc_21.docx,File Open,Sample content
FIL0003647,01/16/2026 10:44:48,USR0018,PC-USR0018-01,C:\Documents\work_doc_16.docx,File Open,Sample content
FIL0003648,01/16/2026 15:59:24,USR0018,PC-USR0018-01,C:\Documents\work_doc_27.docx,File Open,Sample content
FIL0003649,01/16/2026 13:30:09,USR0019,PC-USR0019-01,C:\Documents\work_doc_46.docx,File Open,Sample content
FIL0003650,01/16/2026 14:27:44,USR0019,PC-USR0019-01,C:\Documents\work_doc_49.docx,File Open,Sample content
FIL0003651,01/16/2026 13:59:27,USR0019,PC-USR0019-01,C:\Documents\work_doc_42.docx,File Open,Sample content
FIL0003652,01/16/2026 13:31:44,USR0019,PC-USR0019-01,C:\Documents\work_doc_5.docx,File Open,Sample content
FIL0003653,01/16/2026 12:44:02,USR0019,PC-USR0019-01,C:\Documents\work_doc_30.docx,File Open,Sample content
FIL0003654,01/16/2026 11:58:01,USR0019,PC-USR0019-01,C:\Documents\work_doc_27.docx,File Open,Sample content
FIL0003655,01/16/2026 10:00:11,USR0019,PC-USR0019-01,C:\Documents\work_doc_33.docx,File Open,Sample content
FIL0003656,01/16/2026 12:17:36,USR0019,PC-USR0019-01,C:\Documents\work_doc_28.docx,File Open,Sample content
FIL0003657,01/16/2026 09:50:25,USR0019,PC-USR0019-01,C:\Documents\work_doc_41.docx,File Open,Sample content
FIL0003658,01/16/2026 10:24:47,USR0019,PC-USR0019-01,C:\Documents\work_doc_18.docx,File Open,Sample content
FIL0003659,01/16/2026 12:07:11,USR0019,PC-USR0019-01,C:\Documents\work_doc_13.docx,File Open,Sample content
FIL0003660,01/16/2026 09:25:32,USR0019,PC-USR0019-01,C:\Documents\work_doc_5.docx,File Open,Sample content
FIL0003661,01/16/2026 11:20:46,USR0019,PC-USR0019-01,C:\Documents\work_doc_33.docx,File Open,Sample content
FIL0003662,01/16/2026 16:33:54,USR0019,PC-USR0019-01,C:\Documents\work_doc_8.docx,File Open,Sample content
FIL0003663,01/16/2026 10:43:03,USR0019,PC-USR0019-01,C:\Documents\work_doc_9.docx,File Open,Sample content
FIL0003664,01/16/2026 14:11:31,USR0019,PC-USR0019-01,C:\Documents\work_doc_3.docx,File Open,Sample content
FIL0003665,01/16/2026 15:52:59,USR0019,PC-USR0019-01,C:\Documents\work_doc_41.docx,File Open,Sample content
FIL0003666,01/16/2026 10:08:08,USR0019,PC-USR0019-01,C:\Documents\work_doc_25.docx,File Open,Sample content
FIL0003667,01/16/2026 09:43:26,USR0019,PC-USR0019-01,C:\Documents\work_doc_45.docx,File Open,Sample content
FIL0003668,01/16/2026 15:24:44,USR0020,PC-USR0020-01,C:\Documents\work_doc_8.docx,File Open,Sample content
FIL0003669,01/16/2026 11:39:25,USR0020,PC-USR0020-01,C:\Documents\work_doc_16.docx,File Open,Sample content
FIL0003670,01/16/2026 10:54:04,USR0020,PC-USR0020-01,C:\Documents\work_doc_24.docx,File Open,Sample content
FIL0003671,01/16/2026 15:36:59,USR0020,PC-USR0020-01,C:\Documents\work_doc_31.docx,File Open,Sample content
FIL0003672,01/16/2026 10:45:59,USR0020,PC-USR0020-01,C:\Documents\work_doc_31.docx,File Open,Sample content
FIL0003673,01/16/2026 10:26:08,USR0020,PC-USR0020-01,C:\Documents\work_doc_27.docx,File Open,Sample content
FIL0003674,01/16/2026 16:57:35,USR0020,PC-USR0020-01,C:\Documents\work_doc_9.docx,File Open,Sample content
FIL0003675,01/16/2026 10:17:22,USR0020,PC-USR0020-01,C:\Documents\work_doc_42.docx,File Open,Sample content
FIL0003676,01/16/2026 15:29:47,USR0020,PC-USR0020-01,C:\Documents\work_doc_19.docx,File Open,Sample content
FIL0003677,01/16/2026 16:55:20,USR0020,PC-USR0020-01,C:\Documents\work_doc_3.docx,File Open,Sample content
FIL0003678,01/16/2026 11:58:25,USR0020,PC-USR0020-01,C:\Documents\work_doc_8.docx,File Open,Sample content
FIL0003679,01/16/2026 14:33:26,USR0020,PC-USR0020-01,C:\Documents\work_doc_7.docx,File Open,Sample content
FIL0003680,01/16/2026 15:04:47,USR0020,PC-USR0020-01,C:\Documents\work_doc_16.docx,File Open,Sample content
FIL0003681,01/16/2026 13:56:28,USR0020,PC-USR0020-01,C:\Documents\work_doc_5.docx,File Open,Sample content
FIL0003682,01/16/2026 12:44:22,USR0021,PC-USR0021-01,C:\Documents\work_doc_36.docx,File Open,Sample content
FIL0003683,01/16/2026 15:54:08,USR0021,PC-USR0021-01,C:\Documents\work_doc_8.docx,File Open,Sample content
FIL0003684,01/16/2026 12:40:07,USR0021,PC-USR0021-01,C:\Documents\work_doc_35.docx,File Open,Sample content
FIL0003685,01/16/2026 13:05:57,USR0021,PC-USR0021-01,C:\Documents\work_doc_46.docx,File Open,Sample content
FIL0003686,01/16/2026 09:46:30,USR0021,PC-USR0021-01,C:\Documents\work_doc_8.docx,File Open,Sample content
FIL0003687,01/16/2026 16:35:03,USR0021,PC-USR0021-01,C:\Documents\work_doc_37.docx,File Open,Sample content
FIL0003688,01/16/2026 15:53:23,USR0021,PC-USR0021-01,C:\Documents\work_doc_37.docx,File Open,Sample content
FIL0003689,01/16/2026 14:19:04,USR0021,PC-USR0021-01,C:\Documents\work_doc_32.docx,File Open,Sample content
FIL0003690,01/16/2026 12:11:12,USR0021,PC-USR0021-01,C:\Documents\work_doc_19.docx,File Open,Sample content
FIL0003691,01/16/2026 11:21:07,USR0021,PC-USR0021-01,C:\Documents\work_doc_13.docx,File Open,Sample content
FIL0003692,01/16/2026 15:07:28,USR0021,PC-USR0021-01,C:\Documents\work_doc_21.docx,File Open,Sample content
FIL0003693,01/16/2026 14:26:20,USR0021,PC-USR0021-01,C:\Documents\work_doc_5.docx,File Open,Sample content
FIL0003694,01/16/2026 16:13:41,USR0021,PC-USR0021-01,C:\Documents\work_doc_44.docx,File Open,Sample content
FIL0003695,01/16/2026 13:59:10,USR0021,PC-USR0021-01,C:\Documents\work_doc_26.docx,File Open,Sample content
FIL0003696,01/16/2026 10:08:35,USR0022,PC-USR0022-01,C:\Documents\work_doc_15.docx,File Open,Sample content
FIL0003697,01/16/2026 12:30:51,USR0022,PC-USR0022-01,C:\Documents\work_doc_2.docx,File Open,Sample content
FIL0003698,01/16/2026 16:39:51,USR0022,PC-USR0022-01,C:\Documents\work_doc_4.docx,File Open,Sample content
FIL0003699,01/16/2026 09:13:03,USR0022,PC-USR0022-01,C:\Documents\work_doc_11.docx,File Open,Sample content
FIL0003700,01/16/2026 11:17:40,USR0022,PC-USR0022-01,C:\Documents\work_doc_11.docx,File Open,Sample content
FIL0003701,01/16/2026 16:36:45,USR0022,PC-USR0022-01,C:\Documents\work_doc_14.docx,File Open,Sample content
FIL0003702,01/16/2026 10:25:25,USR0022,PC-USR0022-01,C:\Documents\work_doc_16.docx,File Open,Sample content
FIL0003703,01/16/2026 11:56:17,USR0022,PC-USR0022-01,C:\Documents\work_doc_6.docx,File Open,Sample content
FIL0003704,01/16/2026 09:32:05,USR0022,PC-USR0022-01,C:\Documents\work_doc_50.docx,File Open,Sample content
FIL0003705,01/16/2026 13:30:49,USR0022,PC-USR0022-01,C:\Documents\work_doc_44.docx,File Open,Sample content
FIL0003706,01/16/2026 13:57:47,USR0022,PC-USR0022-01,C:\Documents\work_doc_5.docx,File Open,Sample content
FIL0003707,01/16/2026 14:08:15,USR0022,PC-USR0022-01,C:\Documents\work_doc_23.docx,File Open,Sample content
FIL0003708,01/16/2026 11:46:32,USR0022,PC-USR0022-01,C:\Documents\work_doc_1.docx,File Open,Sample content
FIL0003709,01/16/2026 12:04:08,USR0022,PC-USR0022-01,C:\Documents\work_doc_48.docx,File Open,Sample content
FIL0003710,01/16/2026 13:55:57,USR0022,PC-USR0022-01,C:\Documents\work_doc_14.docx,File Open,Sample content
FIL0003711,01/16/2026 11:12:36,USR0023,PC-USR0023-01,C:\Documents\work_doc_5.docx,File Open,Sample content
FIL0003712,01/16/2026 12:39:24,USR0023,PC-USR0023-01,C:\Documents\work_doc_32.docx,File Open,Sample content
FIL0003713,01/16/2026 16:19:15,USR0023,PC-USR0023-01,C:\Documents\work_doc_17.docx,File Open,Sample content
FIL0003714,01/16/2026 10:52:41,USR0023,PC-USR0023-01,C:\Documents\work_doc_18.docx,File Open,Sample content
FIL0003715,01/16/2026 15:56:28,USR0023,PC-USR0023-01,C:\Documents\work_doc_5.docx,File Open,Sample content
FIL0003716,01/16/2026 16:41:00,USR0023,PC-USR0023-01,C:\Documents\work_doc_5.docx,File Open,Sample content
FIL0003717,01/16/2026 15:19:20,USR0023,PC-USR0023-01,C:\Documents\work_doc_11.docx,File Open,Sample content
FIL0003718,01/16/2026 16:13:22,USR0023,PC-USR0023-01,C:\Documents\work_doc_10.docx,File Open,Sample content
FIL0003719,01/16/2026 09:04:14,USR0023,PC-USR0023-01,C:\Documents\work_doc_14.docx,File Open,Sample content
FIL0003720,01/16/2026 13:45:47,USR0023,PC-USR0023-01,C:\Documents\work_doc_15.docx,File Open,Sample content
FIL0003721,01/16/2026 15:37:19,USR0023,PC-USR0023-01,C:\Documents\work_doc_25.docx,File Open,Sample content
FIL0003722,01/16/2026 13:22:36,USR0023,PC-USR0023-01,C:\Documents\work_doc_19.docx,File Open,Sample content
FIL0003723,01/16/2026 13:23:03,USR0023,PC-USR0023-01,C:\Documents\work_doc_1.docx,File Open,Sample content
FIL0003724,01/16/2026 13:01:06,USR0023,PC-USR0023-01,C:\Documents\work_doc_29.docx,File Open,Sample content
FIL0003725,01/16/2026 16:52:44,USR0023,PC-USR0023-01,C:\Documents\work_doc_27.docx,File Open,Sample content
FIL0003726,01/16/2026 16:52:23,USR0023,PC-USR0023-01,C:\Documents\work_doc_9.docx,File Open,Sample content
FIL0003727,01/16/2026 09:00:14,USR0023,PC-USR0023-01,C:\Documents\work_doc_20.docx,File Open,Sample content
FIL0003728,01/16/2026 11:59:21,USR0024,PC-USR0024-01,C:\Documents\work_doc_17.docx,File Open,Sample content
FIL0003729,01/16/2026 12:29:13,USR0024,PC-USR0024-01,C:\Documents\work_doc_7.docx,File Open,Sample content
FIL0003730,01/16/2026 15:28:26,USR0024,PC-USR0024-01,C:\Documents\work_doc_40.docx,File Open,Sample content
FIL0003731,01/16/2026 16:20:07,USR0024,PC-USR0024-01,C:\Documents\work_doc_48.docx,File Open,Sample content
FIL0003732,01/16/2026 13:46:25,USR0024,PC-USR0024-01,C:\Documents\work_doc_17.docx,File Open,Sample content
FIL0003733,01/16/2026 16:48:00,USR0025,PC-USR0025-01,C:\Documents\work_doc_13.docx,File Open,Sample content
FIL0003734,01/16/2026 14:19:54,USR0025,PC-USR0025-01,C:\Documents\work_doc_38.docx,File Open,Sample content
FIL0003735,01/16/2026 10:48:23,USR0025,PC-USR0025-01,C:\Documents\work_doc_46.docx,File Open,Sample content
FIL0003736,01/16/2026 16:20:07,USR0025,PC-USR0025-01,C:\Documents\work_doc_17.docx,File Open,Sample content
FIL0003737,01/16/2026 09:54:17,USR0025,PC-USR0025-01,C:\Documents\work_doc_17.docx,File Open,Sample content
FIL0003738,01/16/2026 13:49:21,USR0025,PC-USR0025-01,C:\Documents\work_doc_41.docx,File Open,Sample content
FIL0003739,01/16/2026 12:31:25,USR0025,PC-USR0025-01,C:\Documents\work_doc_4.docx,File Open,Sample content
FIL0003740,01/16/2026 09:57:26,USR0025,PC-USR0025-01,C:\Documents\work_doc_31.docx,File Open,Sample content
FIL0003741,01/16/2026 16:58:53,USR0025,PC-USR0025-01,C:\Documents\work_doc_16.docx,File Open,Sample content
FIL0003742,01/16/2026 12:00:24,USR0025,PC-USR0025-01,C:\Documents\work_doc_26.docx,File Open,Sample content
FIL0003743,01/16/2026 14:22:26,USR0025,PC-USR0025-01,C:\Documents\work_doc_12.docx,File Open,Sample content
FIL0003744,01/16/2026 10:09:24,USR0025,PC-USR0025-01,C:\Documents\work_doc_7.docx,File Open,Sample content
FIL0003745,01/16/2026 12:29:05,USR0025,PC-USR0025-01,C:\Documents\work_doc_26.docx,File Open,Sample content
FIL0003746,01/16/2026 13:01:15,USR0025,PC-USR0025-01,C:\Documents\work_doc_10.docx,File Open,Sample content
FIL0003747,01/16/2026 13:35:29,USR0025,PC-USR0025-01,C:\Documents\work_doc_41.docx,File Open,Sample content
FIL0003748,01/16/2026 12:22:29,USR0025,PC-USR0025-01,C:\Documents\work_doc_2.docx,File Open,Sample content
FIL0003749,01/16/2026 09:51:54,USR0025,PC-USR0025-01,C:\Documents\work_doc_3.docx,File Open,Sample content
FIL0003750,01/16/2026 16:04:06,USR0025,PC-USR0025-01,C:\Documents\work_doc_28.docx,File Open,Sample content
FIL0003751,01/16/2026 10:28:57,USR0025,PC-USR0025-01,C:\Documents\work_doc_18.docx,File Open,Sample content
FIL0003752,01/19/2026 09:55:56,AAE0190,PC-AAE0190-01,C:\Documents\work_doc_28.docx,File Open,Sample content
FIL0003753,01/19/2026 15:45:28,AAE0190,PC-AAE0190-01,C:\Documents\work_doc_5.docx,File Open,Sample content
FIL0003754,01/19/2026 14:23:43,AAE0190,PC-AAE0190-01,C:\Documents\work_doc_24.docx,File Open,Sample content
FIL0003755,01/19/2026 15:21:00,AAE0190,PC-AAE0190-01,C:\Documents\work_doc_17.docx,File Open,Sample content
FIL0003756,01/19/2026 15:28:24,AAE0190,PC-AAE0190-01,C:\Documents\work_doc_24.docx,File Open,Sample content
FIL0003757,01/19/2026 14:02:22,AAE0190,PC-AAE0190-01,C:\Documents\work_doc_28.docx,File Open,Sample content
FIL0003758,01/19/2026 09:21:44,AAE0190,PC-AAE0190-01,C:\Documents\work_doc_30.docx,File Open,Sample content
FIL0003759,01/19/2026 11:13:24,AAE0190,PC-AAE0190-01,C:\Documents\work_doc_41.docx,File Open,Sample content
FIL0003760,01/19/2026 13:30:19,AAE0190,PC-AAE0190-01,C:\Documents\work_doc_36.docx,File Open,Sample content
FIL0003761,01/19/2026 12:00:39,AAE0190,PC-AAE0190-01,C:\Documents\work_doc_9.docx,File Open,Sample content
FIL0003762,01/19/2026 12:04:13,USR0002,PC-USR0002-01,C:\Documents\work_doc_42.docx,File Open,Sample content
FIL0003763,01/19/2026 14:23:59,USR0002,PC-USR0002-01,C:\Documents\work_doc_29.docx,File Open,Sample content
FIL0003764,01/19/2026 10:43:29,USR0002,PC-USR0002-01,C:\Documents\work_doc_42.docx,File Open,Sample content
FIL0003765,01/19/2026 13:15:26,USR0002,PC-USR0002-01,C:\Documents\work_doc_22.docx,File Open,Sample content
FIL0003766,01/19/2026 14:14:08,USR0002,PC-USR0002-01,C:\Documents\work_doc_16.docx,File Open,Sample content
FIL0003767,01/19/2026 11:28:14,USR0002,PC-USR0002-01,C:\Documents\work_doc_13.docx,File Open,Sample content
FIL0003768,01/19/2026 16:38:07,USR0002,PC-USR0002-01,C:\Documents\work_doc_34.docx,File Open,Sample content
FIL0003769,01/19/2026 09:11:21,USR0002,PC-USR0002-01,C:\Documents\work_doc_3.docx,File Open,Sample content
FIL0003770,01/19/2026 11:46:42,USR0002,PC-USR0002-01,C:\Documents\work_doc_10.docx,File Open,Sample content
FIL0003771,01/19/2026 15:25:23,USR0002,PC-USR0002-01,C:\Documents\work_doc_10.docx,File Open,Sample content
FIL0003772,01/19/2026 11:51:25,USR0002,PC-USR0002-01,C:\Documents\work_doc_19.docx,File Open,Sample content
FIL0003773,01/19/2026 09:56:25,USR0003,PC-USR0003-01,C:\Documents\work_doc_45.docx,File Open,Sample content
FIL0003774,01/19/2026 11:35:29,USR0003,PC-USR0003-01,C:\Documents\work_doc_2.docx,File Open,Sample content
FIL0003775,01/19/2026 09:55:44,USR0003,PC-USR0003-01,C:\Documents\work_doc_31.docx,File Open,Sample content
FIL0003776,01/19/2026 15:11:21,USR0003,PC-USR0003-01,C:\Documents\work_doc_37.docx,File Open,Sample content
FIL0003777,01/19/2026 15:11:57,USR0003,PC-USR0003-01,C:\Documents\work_doc_7.docx,File Open,Sample content
FIL0003778,01/19/2026 13:38:11,USR0003,PC-USR0003-01,C:\Documents\work_doc_25.docx,File Open,Sample content
FIL0003779,01/19/2026 10:55:44,USR0003,PC-USR0003-01,C:\Documents\work_doc_19.docx,File Open,Sample content
FIL0003780,01/19/2026 11:22:04,USR0003,PC-USR0003-01,C:\Documents\work_doc_39.docx,File Open,Sample content
FIL0003781,01/19/2026 13:41:32,USR0003,PC-USR0003-01,C:\Documents\work_doc_27.docx,File Open,Sample content
FIL0003782,01/19/2026 16:21:56,USR0003,PC-USR0003-01,C:\Documents\work_doc_25.docx,File Open,Sample content
FIL0003783,01/19/2026 12:25:13,USR0003,PC-USR0003-01,C:\Documents\work_doc_13.docx,File Open,Sample content
FIL0003784,01/19/2026 12:05:38,USR0003,PC-USR0003-01,C:\Documents\work_doc_45.docx,File Open,Sample content
FIL0003785,01/19/2026 12:12:15,USR0003,PC-USR0003-01,C:\Documents\work_doc_35.docx,File Open,Sample content
FIL0003786,01/19/2026 11:50:58,USR0003,PC-USR0003-01,C:\Documents\work_doc_43.docx,File Open,Sample content
FIL0003787,01/19/2026 13:24:24,USR0003,PC-USR0003-01,C:\Documents\work_doc_2.docx,File Open,Sample content
FIL0003788,01/19/2026 12:31:57,USR0003,PC-USR0003-01,C:\Documents\work_doc_16.docx,File Open,Sample content
FIL0003789,01/19/2026 11:55:54,USR0003,PC-USR0003-01,C:\Documents\work_doc_36.docx,File Open,Sample content
FIL0003790,01/19/2026 16:52:55,USR0004,PC-USR0004-01,C:\Documents\work_doc_3.docx,File Open,Sample content
FIL0003791,01/19/2026 12:39:12,USR0004,PC-USR0004-01,C:\Documents\work_doc_39.docx,File Open,Sample content
FIL0003792,01/19/2026 15:45:35,USR0004,PC-USR0004-01,C:\Documents\work_doc_32.docx,File Open,Sample content
FIL0003793,01/19/2026 15:59:57,USR0004,PC-USR0004-01,C:\Documents\work_doc_30.docx,File Open,Sample content
FIL0003794,01/19/2026 10:11:09,USR0004,PC-USR0004-01,C:\Documents\work_doc_13.docx,File Open,Sample content
FIL0003795,01/19/2026 16:14:36,USR0004,PC-USR0004-01,C:\Documents\work_doc_9.docx,File Open,Sample content
FIL0003796,01/19/2026 11:02:13,USR0004,PC-USR0004-01,C:\Documents\work_doc_41.docx,File Open,Sample content
FIL0003797,01/19/2026 09:29:58,USR0004,PC-USR0004-01,C:\Documents\work_doc_24.docx,File Open,Sample content
FIL0003798,01/19/2026 09:46:41,USR0004,PC-USR0004-01,C:\Documents\work_doc_24.docx,File Open,Sample content
FIL0003799,01/19/2026 16:03:08,USR0004,PC-USR0004-01,C:\Documents\work_doc_28.docx,File Open,Sample content
FIL0003800,01/19/2026 15:02:30,USR0004,PC-USR0004-01,C:\Documents\work_doc_37.docx,File Open,Sample content
FIL0003801,01/19/2026 09:11:39,USR0004,PC-USR0004-01,C:\Documents\work_doc_34.docx,File Open,Sample content
FIL0003802,01/19/2026 15:28:06,USR0005,PC-USR0005-01,C:\Documents\work_doc_39.docx,File Open,Sample content
FIL0003803,01/19/2026 16:06:46,USR0005,PC-USR0005-01,C:\Documents\work_doc_13.docx,File Open,Sample content
FIL0003804,01/19/2026 11:00:38,USR0005,PC-USR0005-01,C:\Documents\work_doc_42.docx,File Open,Sample content
FIL0003805,01/19/2026 11:14:49,USR0005,PC-USR0005-01,C:\Documents\work_doc_50.docx,File Open,Sample content
FIL0003806,01/19/2026 11:45:26,USR0005,PC-USR0005-01,C:\Documents\work_doc_32.docx,File Open,Sample content
FIL0003807,01/19/2026 16:58:11,USR0005,PC-USR0005-01,C:\Documents\work_doc_11.docx,File Open,Sample content
FIL0003808,01/19/2026 16:43:25,USR0005,PC-USR0005-01,C:\Documents\work_doc_32.docx,File Open,Sample content
FIL0003809,01/19/2026 11:14:10,USR0005,PC-USR0005-01,C:\Documents\work_doc_14.docx,File Open,Sample content
FIL0003810,01/19/2026 11:54:36,USR0005,PC-USR0005-01,C:\Documents\work_doc_41.docx,File Open,Sample content
FIL0003811,01/19/2026 09:29:21,USR0005,PC-USR0005-01,C:\Documents\work_doc_44.docx,File Open,Sample content
FIL0003812,01/19/2026 15:33:07,USR0005,PC-USR0005-01,C:\Documents\work_doc_36.docx,File Open,Sample content
FIL0003813,01/19/2026 10:36:22,USR0005,PC-USR0005-01,C:\Documents\work_doc_21.docx,File Open,Sample content
FIL0003814,01/19/2026 16:28:18,USR0005,PC-USR0005-01,C:\Documents\work_doc_17.docx,File Open,Sample content
FIL0003815,01/19/2026 16:24:44,USR0005,PC-USR0005-01,C:\Documents\work_doc_39.docx,File Open,Sample content
FIL0003816,01/19/2026 15:06:47,USR0005,PC-USR0005-01,C:\Documents\work_doc_40.docx,File Open,Sample content
FIL0003817,01/19/2026 09:06:26,USR0005,PC-USR0005-01,C:\Documents\work_doc_39.docx,File Open,Sample content
FIL0003818,01/19/2026 11:55:04,USR0005,PC-USR0005-01,C:\Documents\work_doc_2.docx,File Open,Sample content
FIL0003819,01/19/2026 12:46:03,USR0005,PC-USR0005-01,C:\Documents\work_doc_39.docx,File Open,Sample content
FIL0003820,01/19/2026 15:08:29,USR0006,PC-USR0006-01,C:\Documents\work_doc_33.docx,File Open,Sample content
FIL0003821,01/19/2026 14:18:31,USR0006,PC-USR0006-01,C:\Documents\work_doc_18.docx,File Open,Sample content
FIL0003822,01/19/2026 11:36:02,USR0006,PC-USR0006-01,C:\Documents\work_doc_24.docx,File Open,Sample content
FIL0003823,01/19/2026 16:53:58,USR0006,PC-USR0006-01,C:\Documents\work_doc_34.docx,File Open,Sample content
FIL0003824,01/19/2026 14:41:33,USR0006,PC-USR0006-01,C:\Documents\work_doc_42.docx,File Open,Sample content
FIL0003825,01/19/2026 13:09:48,USR0006,PC-USR0006-01,C:\Documents\work_doc_40.docx,File Open,Sample content
FIL0003826,01/19/2026 14:58:11,USR0006,PC-USR0006-01,C:\Documents\work_doc_19.docx,File Open,Sample content
FIL0003827,01/19/2026 15:51:29,USR0006,PC-USR0006-01,C:\Documents\work_doc_11.docx,File Open,Sample content
FIL0003828,01/19/2026 16:58:07,USR0007,PC-USR0007-01,C:\Documents\work_doc_44.docx,File Open,Sample content
FIL0003829,01/19/2026 11:50:09,USR0007,PC-USR0007-01,C:\Documents\work_doc_36.docx,File Open,Sample content
FIL0003830,01/19/2026 09:19:45,USR0007,PC-USR0007-01,C:\Documents\work_doc_19.docx,File Open,Sample content
FIL0003831,01/19/2026 11:17:53,USR0007,PC-USR0007-01,C:\Documents\work_doc_8.docx,File Open,Sample content
FIL0003832,01/19/2026 15:26:54,USR0007,PC-USR0007-01,C:\Documents\work_doc_3.docx,File Open,Sample content
FIL0003833,01/19/2026 16:10:38,USR0007,PC-USR0007-01,C:\Documents\work_doc_46.docx,File Open,Sample content
FIL0003834,01/19/2026 14:21:12,USR0007,PC-USR0007-01,C:\Documents\work_doc_49.docx,File Open,Sample content
FIL0003835,01/19/2026 13:21:31,USR0007,PC-USR0007-01,C:\Documents\work_doc_23.docx,File Open,Sample content
FIL0003836,01/19/2026 15:33:52,USR0007,PC-USR0007-01,C:\Documents\work_doc_15.docx,File Open,Sample content
FIL0003837,01/19/2026 13:52:33,USR0007,PC-USR0007-01,C:\Documents\work_doc_12.docx,File Open,Sample content
FIL0003838,01/19/2026 11:28:30,USR0007,PC-USR0007-01,C:\Documents\work_doc_34.docx,File Open,Sample content
FIL0003839,01/19/2026 12:16:56,USR0007,PC-USR0007-01,C:\Documents\work_doc_34.docx,File Open,Sample content
FIL0003840,01/19/2026 13:40:14,USR0007,PC-USR0007-01,C:\Documents\work_doc_13.docx,File Open,Sample content
FIL0003841,01/19/2026 12:12:25,USR0007,PC-USR0007-01,C:\Documents\work_doc_10.docx,File Open,Sample content
FIL0003842,01/19/2026 13:49:32,USR0007,PC-USR0007-01,C:\Documents\work_doc_37.docx,File Open,Sample content
FIL0003843,01/19/2026 09:50:00,USR0007,PC-USR0007-01,C:\Documents\work_doc_2.docx,File Open,Sample content
FIL0003844,01/19/2026 10:38:01,USR0007,PC-USR0007-01,C:\Documents\work_doc_37.docx,File Open,Sample content
FIL0003845,01/19/2026 12:35:30,USR0007,PC-USR0007-01,C:\Documents\work_doc_42.docx,File Open,Sample content
FIL0003846,01/19/2026 15:43:42,USR0007,PC-USR0007-01,C:\Documents\work_doc_42.docx,File Open,Sample content
FIL0003847,01/19/2026 10:40:42,USR0007,PC-USR0007-01,C:\Documents\work_doc_49.docx,File Open,Sample content
FIL0003848,01/19/2026 16:33:29,USR0008,PC-USR0008-01,C:\Documents\work_doc_22.docx,File Open,Sample content
FIL0003849,01/19/2026 11:59:51,USR0008,PC-USR0008-01,C:\Documents\work_doc_29.docx,File Open,Sample content
FIL0003850,01/19/2026 12:21:43,USR0008,PC-USR0008-01,C:\Documents\work_doc_27.docx,File Open,Sample content
FIL0003851,01/19/2026 11:13:11,USR0008,PC-USR0008-01,C:\Documents\work_doc_25.docx,File Open,Sample content
FIL0003852,01/19/2026 10:02:00,USR0008,PC-USR0008-01,C:\Documents\work_doc_12.docx,File Open,Sample content
FIL0003853,01/19/2026 16:54:02,USR0008,PC-USR0008-01,C:\Documents\work_doc_13.docx,File Open,Sample content
FIL0003854,01/19/2026 10:44:56,USR0008,PC-USR0008-01,C:\Documents\work_doc_20.docx,File Open,Sample content
FIL0003855,01/19/2026 15:55:27,USR0009,PC-USR0009-01,C:\Documents\work_doc_48.docx,File Open,Sample content
FIL0003856,01/19/2026 14:30:58,USR0009,PC-USR0009-01,C:\Documents\work_doc_35.docx,File Open,Sample content
FIL0003857,01/19/2026 10:24:23,USR0009,PC-USR0009-01,C:\Documents\work_doc_30.docx,File Open,Sample content
FIL0003858,01/19/2026 13:51:23,USR0009,PC-USR0009-01,C:\Documents\work_doc_33.docx,File Open,Sample content
FIL0003859,01/19/2026 09:09:32,USR0009,PC-USR0009-01,C:\Documents\work_doc_42.docx,File Open,Sample content
FIL0003860,01/19/2026 11:53:17,USR0009,PC-USR0009-01,C:\Documents\work_doc_3.docx,File Open,Sample content
FIL0003861,01/19/2026 11:43:46,USR0009,PC-USR0009-01,C:\Documents\work_doc_7.docx,File Open,Sample content
FIL0003862,01/19/2026 09:05:58,USR0009,PC-USR0009-01,C:\Documents\work_doc_38.docx,File Open,Sample content
FIL0003863,01/19/2026 11:12:46,USR0009,PC-USR0009-01,C:\Documents\work_doc_30.docx,File Open,Sample content
FIL0003864,01/19/2026 10:09:36,USR0010,PC-USR0010-01,C:\Documents\work_doc_7.docx,File Open,Sample content
FIL0003865,01/19/2026 14:54:34,USR0010,PC-USR0010-01,C:\Documents\work_doc_41.docx,File Open,Sample content
FIL0003866,01/19/2026 16:02:38,USR0010,PC-USR0010-01,C:\Documents\work_doc_22.docx,File Open,Sample content
FIL0003867,01/19/2026 11:27:13,USR0010,PC-USR0010-01,C:\Documents\work_doc_25.docx,File Open,Sample content
FIL0003868,01/19/2026 11:28:17,USR0010,PC-USR0010-01,C:\Documents\work_doc_12.docx,File Open,Sample content
FIL0003869,01/19/2026 11:20:35,USR0010,PC-USR0010-01,C:\Documents\work_doc_21.docx,File Open,Sample content
FIL0003870,01/19/2026 12:36:26,USR0010,PC-USR0010-01,C:\Documents\work_doc_16.docx,File Open,Sample content
FIL0003871,01/19/2026 14:01:09,USR0010,PC-USR0010-01,C:\Documents\work_doc_38.docx,File Open,Sample content
FIL0003872,01/19/2026 12:43:57,USR0010,PC-USR0010-01,C:\Documents\work_doc_43.docx,File Open,Sample content
FIL0003873,01/19/2026 14:21:30,USR0010,PC-USR0010-01,C:\Documents\work_doc_1.docx,File Open,Sample content
FIL0003874,01/19/2026 16:58:51,USR0010,PC-USR0010-01,C:\Documents\work_doc_17.docx,File Open,Sample content
FIL0003875,01/19/2026 16:26:57,USR0010,PC-USR0010-01,C:\Documents\work_doc_21.docx,File Open,Sample content
FIL0003876,01/19/2026 11:33:25,USR0010,PC-USR0010-01,C:\Documents\work_doc_36.docx,File Open,Sample content
FIL0003877,01/19/2026 12:43:34,USR0010,PC-USR0010-01,C:\Documents\work_doc_17.docx,File Open,Sample content
FIL0003878,01/19/2026 12:10:17,USR0010,PC-USR0010-01,C:\Documents\work_doc_31.docx,File Open,Sample content
FIL0003879,01/19/2026 15:05:58,USR0010,PC-USR0010-01,C:\Documents\work_doc_5.docx,File Open,Sample content
FIL0003880,01/19/2026 15:20:44,USR0011,PC-USR0011-01,C:\Documents\work_doc_16.docx,File Open,Sample content
FIL0003881,01/19/2026 09:42:16,USR0011,PC-USR0011-01,C:\Documents\work_doc_34.docx,File Open,Sample content
FIL0003882,01/19/2026 11:29:44,USR0011,PC-USR0011-01,C:\Documents\work_doc_9.docx,File Open,Sample content
FIL0003883,01/19/2026 10:21:22,USR0011,PC-USR0011-01,C:\Documents\work_doc_3.docx,File Open,Sample content
FIL0003884,01/19/2026 12:37:40,USR0011,PC-USR0011-01,C:\Documents\work_doc_28.docx,File Open,Sample content
FIL0003885,01/19/2026 09:07:04,USR0011,PC-USR0011-01,C:\Documents\work_doc_27.docx,File Open,Sample content
FIL0003886,01/19/2026 11:04:34,USR0011,PC-USR0011-01,C:\Documents\work_doc_30.docx,File Open,Sample content
FIL0003887,01/19/2026 13:02:55,USR0011,PC-USR0011-01,C:\Documents\work_doc_25.docx,File Open,Sample content
FIL0003888,01/19/2026 13:36:09,USR0011,PC-USR0011-01,C:\Documents\work_doc_47.docx,File Open,Sample content
FIL0003889,01/19/2026 11:02:28,USR0011,PC-USR0011-01,C:\Documents\work_doc_16.docx,File Open,Sample content
FIL0003890,01/19/2026 14:42:40,USR0011,PC-USR0011-01,C:\Documents\work_doc_24.docx,File Open,Sample content
FIL0003891,01/19/2026 15:08:02,USR0011,PC-USR0011-01,C:\Documents\work_doc_9.docx,File Open,Sample content
FIL0003892,01/19/2026 11:37:16,USR0011,PC-USR0011-01,C:\Documents\work_doc_37.docx,File Open,Sample content
FIL0003893,01/19/2026 13:53:23,USR0011,PC-USR0011-01,C:\Documents\work_doc_7.docx,File Open,Sample content
FIL0003894,01/19/2026 12:40:04,USR0011,PC-USR0011-01,C:\Documents\work_doc_39.docx,File Open,Sample content
FIL0003895,01/19/2026 13:42:40,USR0011,PC-USR0011-01,C:\Documents\work_doc_43.docx,File Open,Sample content
FIL0003896,01/19/2026 13:48:56,USR0011,PC-USR0011-01,C:\Documents\work_doc_31.docx,File Open,Sample content
FIL0003897,01/19/2026 09:45:30,USR0011,PC-USR0011-01,C:\Documents\work_doc_5.docx,File Open,Sample content
FIL0003898,01/19/2026 16:15:51,USR0011,PC-USR0011-01,C:\Documents\work_doc_2.docx,File Open,Sample content
FIL0003899,01/19/2026 11:05:22,USR0011,PC-USR0011-01,C:\Documents\work_doc_26.docx,File Open,Sample content
FIL0003900,01/19/2026 15:20:48,USR0012,PC-USR0012-01,C:\Documents\work_doc_43.docx,File Open,Sample content
FIL0003901,01/19/2026 13:00:11,USR0012,PC-USR0012-01,C:\Documents\work_doc_45.docx,File Open,Sample content
FIL0003902,01/19/2026 16:57:34,USR0012,PC-USR0012-01,C:\Documents\work_doc_27.docx,File Open,Sample content
FIL0003903,01/19/2026 14:43:48,USR0012,PC-USR0012-01,C:\Documents\work_doc_27.docx,File Open,Sample content
FIL0003904,01/19/2026 09:31:17,USR0012,PC-USR0012-01,C:\Documents\work_doc_5.docx,File Open,Sample content
FIL0003905,01/19/2026 15:34:55,USR0012,PC-USR0012-01,C:\Documents\work_doc_34.docx,File Open,Sample content
FIL0003906,01/19/2026 10:40:04,USR0012,PC-USR0012-01,C:\Documents\work_doc_15.docx,File Open,Sample content
FIL0003907,01/19/2026 13:26:36,USR0012,PC-USR0012-01,C:\Documents\work_doc_34.docx,File Open,Sample content
FIL0003908,01/19/2026 13:05:39,USR0012,PC-USR0012-01,C:\Documents\work_doc_49.docx,File Open,Sample content
FIL0003909,01/19/2026 14:23:58,USR0012,PC-USR0012-01,C:\Documents\work_doc_13.docx,File Open,Sample content
FIL0003910,01/19/2026 12:51:06,USR0012,PC-USR0012-01,C:\Documents\work_doc_44.docx,File Open,Sample content
FIL0003911,01/19/2026 16:21:40,USR0012,PC-USR0012-01,C:\Documents\work_doc_4.docx,File Open,Sample content
FIL0003912,01/19/2026 10:05:43,USR0013,PC-USR0013-01,C:\Documents\work_doc_10.docx,File Open,Sample content
FIL0003913,01/19/2026 10:31:53,USR0013,PC-USR0013-01,C:\Documents\work_doc_33.docx,File Open,Sample content
FIL0003914,01/19/2026 14:37:45,USR0013,PC-USR0013-01,C:\Documents\work_doc_1.docx,File Open,Sample content
FIL0003915,01/19/2026 10:08:54,USR0013,PC-USR0013-01,C:\Documents\work_doc_26.docx,File Open,Sample content
FIL0003916,01/19/2026 09:09:20,USR0013,PC-USR0013-01,C:\Documents\work_doc_14.docx,File Open,Sample content
FIL0003917,01/19/2026 11:50:17,USR0013,PC-USR0013-01,C:\Documents\work_doc_36.docx,File Open,Sample content
FIL0003918,01/19/2026 13:01:22,USR0013,PC-USR0013-01,C:\Documents\work_doc_38.docx,File Open,Sample content
FIL0003919,01/19/2026 10:16:31,USR0013,PC-USR0013-01,C:\Documents\work_doc_2.docx,File Open,Sample content
FIL0003920,01/19/2026 11:47:25,USR0013,PC-USR0013-01,C:\Documents\work_doc_24.docx,File Open,Sample content
FIL0003921,01/19/2026 15:15:38,USR0014,PC-USR0014-01,C:\Documents\work_doc_22.docx,File Open,Sample content
FIL0003922,01/19/2026 11:16:54,USR0014,PC-USR0014-01,C:\Documents\work_doc_26.docx,File Open,Sample content
FIL0003923,01/19/2026 15:12:46,USR0014,PC-USR0014-01,C:\Documents\work_doc_10.docx,File Open,Sample content
FIL0003924,01/19/2026 10:49:24,USR0014,PC-USR0014-01,C:\Documents\work_doc_2.docx,File Open,Sample content
FIL0003925,01/19/2026 12:58:32,USR0014,PC-USR0014-01,C:\Documents\work_doc_1.docx,File Open,Sample content
FIL0003926,01/19/2026 09:28:13,USR0014,PC-USR0014-01,C:\Documents\work_doc_26.docx,File Open,Sample content
FIL0003927,01/19/2026 14:06:05,USR0014,PC-USR0014-01,C:\Documents\work_doc_14.docx,File Open,Sample content
FIL0003928,01/19/2026 12:10:29,USR0014,PC-USR0014-01,C:\Documents\work_doc_18.docx,File Open,Sample content
FIL0003929,01/19/2026 13:38:30,USR0014,PC-USR0014-01,C:\Documents\work_doc_41.docx,File Open,Sample content
FIL0003930,01/19/2026 14:02:07,USR0014,PC-USR0014-01,C:\Documents\work_doc_20.docx,File Open,Sample content
FIL0003931,01/19/2026 11:48:05,USR0014,PC-USR0014-01,C:\Documents\work_doc_48.docx,File Open,Sample content
FIL0003932,01/19/2026 09:44:56,USR0014,PC-USR0014-01,C:\Documents\work_doc_37.docx,File Open,Sample content
FIL0003933,01/19/2026 16:39:02,USR0014,PC-USR0014-01,C:\Documents\work_doc_41.docx,File Open,Sample content
FIL0003934,01/19/2026 10:17:54,USR0014,PC-USR0014-01,C:\Documents\work_doc_16.docx,File Open,Sample content
FIL0003935,01/19/2026 14:16:47,USR0015,PC-USR0015-01,C:\Documents\work_doc_35.docx,File Open,Sample content
FIL0003936,01/19/2026 14:03:25,USR0015,PC-USR0015-01,C:\Documents\work_doc_30.docx,File Open,Sample content
FIL0003937,01/19/2026 10:16:18,USR0015,PC-USR0015-01,C:\Documents\work_doc_28.docx,File Open,Sample content
FIL0003938,01/19/2026 13:53:43,USR0015,PC-USR0015-01,C:\Documents\work_doc_38.docx,File Open,Sample content
FIL0003939,01/19/2026 13:41:22,USR0015,PC-USR0015-01,C:\Documents\work_doc_38.docx,File Open,Sample content
FIL0003940,01/19/2026 11:16:35,USR0015,PC-USR0015-01,C:\Documents\work_doc_42.docx,File Open,Sample content
FIL0003941,01/19/2026 14:38:48,USR0015,PC-USR0015-01,C:\Documents\work_doc_46.docx,File Open,Sample content
FIL0003942,01/19/2026 10:57:02,USR0015,PC-USR0015-01,C:\Documents\work_doc_28.docx,File Open,Sample content
FIL0003943,01/19/2026 10:22:42,USR0015,PC-USR0015-01,C:\Documents\work_doc_15.docx,File Open,Sample content
FIL0003944,01/19/2026 13:14:14,USR0015,PC-USR0015-01,C:\Documents\work_doc_26.docx,File Open,Sample content
FIL0003945,01/19/2026 15:30:54,USR0015,PC-USR0015-01,C:\Documents\work_doc_7.docx,File Open,Sample content
FIL0003946,01/19/2026 11:35:46,USR0015,PC-USR0015-01,C:\Documents\work_doc_47.docx,File Open,Sample content
FIL0003947,01/19/2026 10:59:03,USR0015,PC-USR0015-01,C:\Documents\work_doc_44.docx,File Open,Sample content
FIL0003948,01/19/2026 12:04:21,USR0016,PC-USR0016-01,C:\Documents\work_doc_43.docx,File Open,Sample content
FIL0003949,01/19/2026 16:28:00,USR0016,PC-USR0016-01,C:\Documents\work_doc_32.docx,File Open,Sample content
FIL0003950,01/19/2026 12:14:59,USR0016,PC-USR0016-01,C:\Documents\work_doc_1.docx,File Open,Sample content
FIL0003951,01/19/2026 10:56:40,USR0016,PC-USR0016-01,C:\Documents\work_doc_40.docx,File Open,Sample content
FIL0003952,01/19/2026 11:35:56,USR0016,PC-USR0016-01,C:\Documents\work_doc_32.docx,File Open,Sample content
FIL0003953,01/19/2026 11:39:04,USR0016,PC-USR0016-01,C:\Documents\work_doc_16.docx,File Open,Sample content
FIL0003954,01/19/2026 10:46:02,USR0016,PC-USR0016-01,C:\Documents\work_doc_15.docx,File Open,Sample content
FIL0003955,01/19/2026 10:24:12,USR0016,PC-USR0016-01,C:\Documents\work_doc_2.docx,File Open,Sample content
FIL0003956,01/19/2026 13:47:03,USR0016,PC-USR0016-01,C:\Documents\work_doc_33.docx,File Open,Sample content
FIL0003957,01/19/2026 15:13:02,USR0016,PC-USR0016-01,C:\Documents\work_doc_48.docx,File Open,Sample content
FIL0003958,01/19/2026 15:54:20,USR0017,PC-USR0017-01,C:\Documents\work_doc_15.docx,File Open,Sample content
FIL0003959,01/19/2026 12:39:43,USR0017,PC-USR0017-01,C:\Documents\work_doc_42.docx,File Open,Sample content
FIL0003960,01/19/2026 10:54:25,USR0017,PC-USR0017-01,C:\Documents\work_doc_2.docx,File Open,Sample content
FIL0003961,01/19/2026 12:53:29,USR0017,PC-USR0017-01,C:\Documents\work_doc_42.docx,File Open,Sample content
FIL0003962,01/19/2026 12:56:44,USR0017,PC-USR0017-01,C:\Documents\work_doc_7.docx,File Open,Sample content
FIL0003963,01/19/2026 09:11:23,USR0017,PC-USR0017-01,C:\Documents\work_doc_43.docx,File Open,Sample content
FIL0003964,01/19/2026 10:05:44,USR0017,PC-USR0017-01,C:\Documents\work_doc_29.docx,File Open,Sample content
FIL0003965,01/19/2026 12:57:20,USR0017,PC-USR0017-01,C:\Documents\work_doc_13.docx,File Open,Sample content
FIL0003966,01/19/2026 16:31:58,USR0017,PC-USR0017-01,C:\Documents\work_doc_31.docx,File Open,Sample content
FIL0003967,01/19/2026 10:11:19,USR0017,PC-USR0017-01,C:\Documents\work_doc_49.docx,File Open,Sample content
FIL0003968,01/19/2026 11:02:45,USR0017,PC-USR0017-01,C:\Documents\work_doc_33.docx,File Open,Sample content
FIL0003969,01/19/2026 14:20:21,USR0017,PC-USR0017-01,C:\Documents\work_doc_20.docx,File Open,Sample content
FIL0003970,01/19/2026 14:39:23,USR0017,PC-USR0017-01,C:\Documents\work_doc_1.docx,File Open,Sample content
FIL0003971,01/19/2026 11:57:56,USR0018,PC-USR0018-01,C:\Documents\work_doc_1.docx,File Open,Sample content
FIL0003972,01/19/2026 11:11:21,USR0018,PC-USR0018-01,C:\Documents\work_doc_41.docx,File Open,Sample content
FIL0003973,01/19/2026 09:28:33,USR0018,PC-USR0018-01,C:\Documents\work_doc_45.docx,File Open,Sample content
FIL0003974,01/19/2026 14:26:22,USR0018,PC-USR0018-01,C:\Documents\work_doc_7.docx,File Open,Sample content
FIL0003975,01/19/2026 14:04:26,USR0018,PC-USR0018-01,C:\Documents\work_doc_25.docx,File Open,Sample content
FIL0003976,01/19/2026 12:50:16,USR0018,PC-USR0018-01,C:\Documents\work_doc_43.docx,File Open,Sample content
FIL0003977,01/19/2026 11:23:20,USR0018,PC-USR0018-01,C:\Documents\work_doc_17.docx,File Open,Sample content
FIL0003978,01/19/2026 12:37:43,USR0018,PC-USR0018-01,C:\Documents\work_doc_19.docx,File Open,Sample content
FIL0003979,01/19/2026 10:31:48,USR0018,PC-USR0018-01,C:\Documents\work_doc_1.docx,File Open,Sample content
FIL0003980,01/19/2026 14:11:58,USR0018,PC-USR0018-01,C:\Documents\work_doc_34.docx,File Open,Sample content
FIL0003981,01/19/2026 16:13:49,USR0018,PC-USR0018-01,C:\Documents\work_doc_2.docx,File Open,Sample content
FIL0003982,01/19/2026 10:59:51,USR0018,PC-USR0018-01,C:\Documents\work_doc_18.docx,File Open,Sample content
FIL0003983,01/19/2026 15:35:10,USR0018,PC-USR0018-01,C:\Documents\work_doc_5.docx,File Open,Sample content
FIL0003984,01/19/2026 11:18:40,USR0018,PC-USR0018-01,C:\Documents\work_doc_42.docx,File Open,Sample content
FIL0003985,01/19/2026 14:38:16,USR0019,PC-USR0019-01,C:\Documents\work_doc_10.docx,File Open,Sample content
FIL0003986,01/19/2026 10:31:44,USR0019,PC-USR0019-01,C:\Documents\work_doc_41.docx,File Open,Sample content
FIL0003987,01/19/2026 11:26:45,USR0019,PC-USR0019-01,C:\Documents\work_doc_41.docx,File Open,Sample content
FIL0003988,01/19/2026 09:32:10,USR0019,PC-USR0019-01,C:\Documents\work_doc_7.docx,File Open,Sample content
FIL0003989,01/19/2026 12:40:20,USR0019,PC-USR0019-01,C:\Documents\work_doc_39.docx,File Open,Sample content
FIL0003990,01/19/2026 10:10:55,USR0019,PC-USR0019-01,C:\Documents\work_doc_37.docx,File Open,Sample content
FIL0003991,01/19/2026 11:44:49,USR0019,PC-USR0019-01,C:\Documents\work_doc_15.docx,File Open,Sample content
FIL0003992,01/19/2026 10:54:00,USR0019,PC-USR0019-01,C:\Documents\work_doc_30.docx,File Open,Sample content
FIL0003993,01/19/2026 13:26:27,USR0019,PC-USR0019-01,C:\Documents\work_doc_45.docx,File Open,Sample content
FIL0003994,01/19/2026 14:24:45,USR0019,PC-USR0019-01,C:\Documents\work_doc_7.docx,File Open,Sample content
FIL0003995,01/19/2026 16:45:05,USR0019,PC-USR0019-01,C:\Documents\work_doc_35.docx,File Open,Sample content
FIL0003996,01/19/2026 11:13:10,USR0019,PC-USR0019-01,C:\Documents\work_doc_32.docx,File Open,Sample content
FIL0003997,01/19/2026 12:35:35,USR0019,PC-USR0019-01,C:\Documents\work_doc_9.docx,File Open,Sample content
FIL0003998,01/19/2026 16:56:45,USR0019,PC-USR0019-01,C:\Documents\work_doc_37.docx,File Open,Sample content
FIL0003999,01/19/2026 16:58:47,USR0019,PC-USR0019-01,C:\Documents\work_doc_18.docx,File Open,Sample content
FIL0004000,01/19/2026 10:15:36,USR0019,PC-USR0019-01,C:\Documents\work_doc_42.docx,File Open,Sample content
FIL0004001,01/19/2026 16:14:52,USR0019,PC-USR0019-01,C:\Documents\work_doc_5.docx,File Open,Sample content
FIL0004002,01/19/2026 11:07:25,USR0020,PC-USR0020-01,C:\Documents\work_doc_41.docx,File Open,Sample content
FIL0004003,01/19/2026 10:12:55,USR0020,PC-USR0020-01,C:\Documents\work_doc_22.docx,File Open,Sample content
FIL0004004,01/19/2026 11:50:43,USR0020,PC-USR0020-01,C:\Documents\work_doc_25.docx,File Open,Sample content
FIL0004005,01/19/2026 13:09:57,USR0020,PC-USR0020-01,C:\Documents\work_doc_23.docx,File Open,Sample content
FIL0004006,01/19/2026 10:21:58,USR0020,PC-USR0020-01,C:\Documents\work_doc_46.docx,File Open,Sample content
FIL0004007,01/19/2026 13:12:12,USR0020,PC-USR0020-01,C:\Documents\work_doc_38.docx,File Open,Sample content
FIL0004008,01/19/2026 16:16:54,USR0020,PC-USR0020-01,C:\Documents\work_doc_35.docx,File Open,Sample content
FIL0004009,01/19/2026 09:34:45,USR0020,PC-USR0020-01,C:\Documents\work_doc_46.docx,File Open,Sample content
FIL0004010,01/19/2026 16:28:54,USR0020,PC-USR0020-01,C:\Documents\work_doc_1.docx,File Open,Sample content
FIL0004011,01/19/2026 09:25:39,USR0020,PC-USR0020-01,C:\Documents\work_doc_5.docx,File Open,Sample content
FIL0004012,01/19/2026 13:49:56,USR0020,PC-USR0020-01,C:\Documents\work_doc_15.docx,File Open,Sample content
FIL0004013,01/19/2026 13:52:21,USR0020,PC-USR0020-01,C:\Documents\work_doc_6.docx,File Open,Sample content
FIL0004014,01/19/2026 16:36:42,USR0020,PC-USR0020-01,C:\Documents\work_doc_49.docx,File Open,Sample content
FIL0004015,01/19/2026 11:36:26,USR0020,PC-USR0020-01,C:\Documents\work_doc_35.docx,File Open,Sample content
FIL0004016,01/19/2026 16:28:45,USR0020,PC-USR0020-01,C:\Documents\work_doc_9.docx,File Open,Sample content
FIL0004017,01/19/2026 10:35:53,USR0020,PC-USR0020-01,C:\Documents\work_doc_47.docx,File Open,Sample content
FIL0004018,01/19/2026 13:16:12,USR0020,PC-USR0020-01,C:\Documents\work_doc_29.docx,File Open,Sample content
FIL0004019,01/19/2026 15:24:48,USR0020,PC-USR0020-01,C:\Documents\work_doc_10.docx,File Open,Sample content
FIL0004020,01/19/2026 15:35:28,USR0021,PC-USR0021-01,C:\Documents\work_doc_49.docx,File Open,Sample content
FIL0004021,01/19/2026 09:08:46,USR0021,PC-USR0021-01,C:\Documents\work_doc_34.docx,File Open,Sample content
FIL0004022,01/19/2026 16:29:30,USR0021,PC-USR0021-01,C:\Documents\work_doc_39.docx,File Open,Sample content
FIL0004023,01/19/2026 16:40:25,USR0021,PC-USR0021-01,C:\Documents\work_doc_31.docx,File Open,Sample content
FIL0004024,01/19/2026 14:49:03,USR0021,PC-USR0021-01,C:\Documents\work_doc_46.docx,File Open,Sample content
FIL0004025,01/19/2026 14:27:58,USR0021,PC-USR0021-01,C:\Documents\work_doc_32.docx,File Open,Sample content
FIL0004026,01/19/2026 14:44:14,USR0021,PC-USR0021-01,C:\Documents\work_doc_41.docx,File Open,Sample content
FIL0004027,01/19/2026 14:56:08,USR0021,PC-USR0021-01,C:\Documents\work_doc_32.docx,File Open,Sample content
FIL0004028,01/19/2026 13:21:00,USR0021,PC-USR0021-01,C:\Documents\work_doc_13.docx,File Open,Sample content
FIL0004029,01/19/2026 15:13:45,USR0021,PC-USR0021-01,C:\Documents\work_doc_22.docx,File Open,Sample content
FIL0004030,01/19/2026 12:57:11,USR0021,PC-USR0021-01,C:\Documents\work_doc_19.docx,File Open,Sample content
FIL0004031,01/19/2026 12:35:16,USR0021,PC-USR0021-01,C:\Documents\work_doc_21.docx,File Open,Sample content
FIL0004032,01/19/2026 12:46:42,USR0022,PC-USR0022-01,C:\Documents\work_doc_31.docx,File Open,Sample content
FIL0004033,01/19/2026 14:08:29,USR0022,PC-USR0022-01,C:\Documents\work_doc_2.docx,File Open,Sample content
FIL0004034,01/19/2026 16:39:21,USR0022,PC-USR0022-01,C:\Documents\work_doc_5.docx,File Open,Sample content
FIL0004035,01/19/2026 14:10:43,USR0022,PC-USR0022-01,C:\Documents\work_doc_30.docx,File Open,Sample content
FIL0004036,01/19/2026 09:43:53,USR0022,PC-USR0022-01,C:\Documents\work_doc_37.docx,File Open,Sample content
FIL0004037,01/19/2026 11:40:50,USR0022,PC-USR0022-01,C:\Documents\work_doc_16.docx,File Open,Sample content
FIL0004038,01/19/2026 09:29:59,USR0022,PC-USR0022-01,C:\Documents\work_doc_31.docx,File Open,Sample content
FIL0004039,01/19/2026 12:23:35,USR0022,PC-USR0022-01,C:\Documents\work_doc_18.docx,File Open,Sample content
FIL0004040,01/19/2026 15:40:30,USR0022,PC-USR0022-01,C:\Documents\work_doc_31.docx,File Open,Sample content
FIL0004041,01/19/2026 14:29:25,USR0022,PC-USR0022-01,C:\Documents\work_doc_3.docx,File Open,Sample content
FIL0004042,01/19/2026 10:33:35,USR0022,PC-USR0022-01,C:\Documents\work_doc_27.docx,File Open,Sample content
FIL0004043,01/19/2026 16:35:11,USR0022,PC-USR0022-01,C:\Documents\work_doc_44.docx,File Open,Sample content
FIL0004044,01/19/2026 15:21:04,USR0022,PC-USR0022-01,C:\Documents\work_doc_24.docx,File Open,Sample content
FIL0004045,01/19/2026 09:57:41,USR0022,PC-USR0022-01,C:\Documents\work_doc_23.docx,File Open,Sample content
FIL0004046,01/19/2026 12:22:03,USR0022,PC-USR0022-01,C:\Documents\work_doc_38.docx,File Open,Sample content
FIL0004047,01/19/2026 12:39:29,USR0022,PC-USR0022-01,C:\Documents\work_doc_49.docx,File Open,Sample content
FIL0004048,01/19/2026 10:06:58,USR0022,PC-USR0022-01,C:\Documents\work_doc_18.docx,File Open,Sample content
FIL0004049,01/19/2026 16:57:58,USR0022,PC-USR0022-01,C:\Documents\work_doc_30.docx,File Open,Sample content
FIL0004050,01/19/2026 15:40:27,USR0022,PC-USR0022-01,C:\Documents\work_doc_34.docx,File Open,Sample content
FIL0004051,01/19/2026 13:21:53,USR0022,PC-USR0022-01,C:\Documents\work_doc_17.docx,File Open,Sample content
FIL0004052,01/19/2026 12:21:15,USR0023,PC-USR0023-01,C:\Documents\work_doc_30.docx,File Open,Sample content
FIL0004053,01/19/2026 13:36:21,USR0023,PC-USR0023-01,C:\Documents\work_doc_9.docx,File Open,Sample content
FIL0004054,01/19/2026 14:11:54,USR0023,PC-USR0023-01,C:\Documents\work_doc_42.docx,File Open,Sample content
FIL0004055,01/19/2026 14:27:00,USR0023,PC-USR0023-01,C:\Documents\work_doc_33.docx,File Open,Sample content
FIL0004056,01/19/2026 13:31:43,USR0023,PC-USR0023-01,C:\Documents\work_doc_43.docx,File Open,Sample content
FIL0004057,01/19/2026 09:31:41,USR0023,PC-USR0023-01,C:\Documents\work_doc_6.docx,File Open,Sample content
FIL0004058,01/19/2026 10:29:59,USR0023,PC-USR0023-01,C:\Documents\work_doc_26.docx,File Open,Sample content
FIL0004059,01/19/2026 12:50:13,USR0023,PC-USR0023-01,C:\Documents\work_doc_28.docx,File Open,Sample content
FIL0004060,01/19/2026 15:06:35,USR0023,PC-USR0023-01,C:\Documents\work_doc_43.docx,File Open,Sample content
FIL0004061,01/19/2026 10:23:04,USR0023,PC-USR0023-01,C:\Documents\work_doc_22.docx,File Open,Sample content
FIL0004062,01/19/2026 13:30:09,USR0023,PC-USR0023-01,C:\Documents\work_doc_36.docx,File Open,Sample content
FIL0004063,01/19/2026 13:56:05,USR0023,PC-USR0023-01,C:\Documents\work_doc_12.docx,File Open,Sample content
FIL0004064,01/19/2026 14:57:33,USR0023,PC-USR0023-01,C:\Documents\work_doc_24.docx,File Open,Sample content
FIL0004065,01/19/2026 14:51:48,USR0023,PC-USR0023-01,C:\Documents\work_doc_44.docx,File Open,Sample content
FIL0004066,01/19/2026 12:01:01,USR0023,PC-USR0023-01,C:\Documents\work_doc_5.docx,File Open,Sample content
FIL0004067,01/19/2026 14:04:55,USR0024,PC-USR0024-01,C:\Documents\work_doc_30.docx,File Open,Sample content
FIL0004068,01/19/2026 09:36:07,USR0024,PC-USR0024-01,C:\Documents\work_doc_24.docx,File Open,Sample content
FIL0004069,01/19/2026 12:04:24,USR0024,PC-USR0024-01,C:\Documents\work_doc_19.docx,File Open,Sample content
FIL0004070,01/19/2026 12:46:29,USR0024,PC-USR0024-01,C:\Documents\work_doc_35.docx,File Open,Sample content
FIL0004071,01/19/2026 09:33:22,USR0024,PC-USR0024-01,C:\Documents\work_doc_2.docx,File Open,Sample content
FIL0004072,01/19/2026 16:38:59,USR0024,PC-USR0024-01,C:\Documents\work_doc_4.docx,File Open,Sample content
FIL0004073,01/19/2026 09:33:40,USR0024,PC-USR0024-01,C:\Documents\work_doc_38.docx,File Open,Sample content
FIL0004074,01/19/2026 13:47:04,USR0024,PC-USR0024-01,C:\Documents\work_doc_21.docx,File Open,Sample content
FIL0004075,01/19/2026 16:11:59,USR0024,PC-USR0024-01,C:\Documents\work_doc_10.docx,File Open,Sample content
FIL0004076,01/19/2026 10:39:26,USR0024,PC-USR0024-01,C:\Documents\work_doc_40.docx,File Open,Sample content
FIL0004077,01/19/2026 12:35:58,USR0024,PC-USR0024-01,C:\Documents\work_doc_7.docx,File Open,Sample content
FIL0004078,01/19/2026 09:10:07,USR0024,PC-USR0024-01,C:\Documents\work_doc_2.docx,File Open,Sample content
FIL0004079,01/19/2026 11:22:05,USR0024,PC-USR0024-01,C:\Documents\work_doc_34.docx,File Open,Sample content
FIL0004080,01/19/2026 14:33:10,USR0024,PC-USR0024-01,C:\Documents\work_doc_48.docx,File Open,Sample content
FIL0004081,01/19/2026 12:30:38,USR0024,PC-USR0024-01,C:\Documents\work_doc_7.docx,File Open,Sample content
FIL0004082,01/19/2026 14:35:16,USR0024,PC-USR0024-01,C:\Documents\work_doc_28.docx,File Open,Sample content
FIL0004083,01/19/2026 14:52:28,USR0025,PC-USR0025-01,C:\Documents\work_doc_38.docx,File Open,Sample content
FIL0004084,01/19/2026 09:41:52,USR0025,PC-USR0025-01,C:\Documents\work_doc_25.docx,File Open,Sample content
FIL0004085,01/19/2026 09:50:12,USR0025,PC-USR0025-01,C:\Documents\work_doc_47.docx,File Open,Sample content
FIL0004086,01/19/2026 11:01:36,USR0025,PC-USR0025-01,C:\Documents\work_doc_39.docx,File Open,Sample content
FIL0004087,01/19/2026 10:21:51,USR0025,PC-USR0025-01,C:\Documents\work_doc_11.docx,File Open,Sample content
FIL0004088,01/19/2026 10:21:36,USR0025,PC-USR0025-01,C:\Documents\work_doc_22.docx,File Open,Sample content
FIL0004089,01/19/2026 15:16:24,USR0025,PC-USR0025-01,C:\Documents\work_doc_3.docx,File Open,Sample content
FIL0004090,01/19/2026 11:15:33,USR0025,PC-USR0025-01,C:\Documents\work_doc_21.docx,File Open,Sample content
FIL0004091,01/19/2026 14:56:12,USR0025,PC-USR0025-01,C:\Documents\work_doc_12.docx,File Open,Sample content
FIL0004092,01/19/2026 11:11:32,USR0025,PC-USR0025-01,C:\Documents\work_doc_25.docx,File Open,Sample content
FIL0004093,01/19/2026 13:16:45,USR0025,PC-USR0025-01,C:\Documents\work_doc_43.docx,File Open,Sample content
FIL0004094,01/19/2026 10:16:58,USR0025,PC-USR0025-01,C:\Documents\work_doc_7.docx,File Open,Sample content
FIL0004095,01/19/2026 12:36:47,USR0025,PC-USR0025-01,C:\Documents\work_doc_17.docx,File Open,Sample content
FIL0004096,01/19/2026 15:27:36,USR0025,PC-USR0025-01,C:\Documents\work_doc_22.docx,File Open,Sample content
FIL0004097,01/19/2026 09:32:18,USR0025,PC-USR0025-01,C:\Documents\work_doc_7.docx,File Open,Sample content
FIL0004098,01/19/2026 13:41:58,USR0025,PC-USR0025-01,C:\Documents\work_doc_15.docx,File Open,Sample content
FIL0004099,01/19/2026 15:45:02,USR0025,PC-USR0025-01,C:\Documents\work_doc_25.docx,File Open,Sample content
FIL0004100,01/19/2026 13:12:35,USR0025,PC-USR0025-01,C:\Documents\work_doc_3.docx,File Open,Sample content
FIL0004101,01/19/2026 12:52:08,USR0025,PC-USR0025-01,C:\Documents\work_doc_29.docx,File Open,Sample content
FIL0004102,01/19/2026 13:13:23,USR0025,PC-USR0025-01,C:\Documents\work_doc_2.docx,File Open,Sample content
FIL0004103,01/20/2026 16:32:50,AAE0190,PC-AAE0190-01,C:\Documents\work_doc_15.docx,File Open,Sample content
FIL0004104,01/20/2026 09:06:25,AAE0190,PC-AAE0190-01,C:\Documents\work_doc_12.docx,File Open,Sample content
FIL0004105,01/20/2026 14:47:29,AAE0190,PC-AAE0190-01,C:\Documents\work_doc_31.docx,File Open,Sample content
FIL0004106,01/20/2026 13:19:34,AAE0190,PC-AAE0190-01,C:\Documents\work_doc_47.docx,File Open,Sample content
FIL0004107,01/20/2026 12:01:54,AAE0190,PC-AAE0190-01,C:\Documents\work_doc_47.docx,File Open,Sample content
FIL0004108,01/20/2026 16:22:44,AAE0190,PC-AAE0190-01,C:\Documents\work_doc_23.docx,File Open,Sample content
FIL0004109,01/20/2026 16:42:17,USR0002,PC-USR0002-01,C:\Documents\work_doc_2.docx,File Open,Sample content
FIL0004110,01/20/2026 10:44:20,USR0002,PC-USR0002-01,C:\Documents\work_doc_7.docx,File Open,Sample content
FIL0004111,01/20/2026 16:40:07,USR0002,PC-USR0002-01,C:\Documents\work_doc_19.docx,File Open,Sample content
FIL0004112,01/20/2026 12:22:25,USR0002,PC-USR0002-01,C:\Documents\work_doc_10.docx,File Open,Sample content
FIL0004113,01/20/2026 11:22:55,USR0002,PC-USR0002-01,C:\Documents\work_doc_5.docx,File Open,Sample content
FIL0004114,01/20/2026 14:52:17,USR0002,PC-USR0002-01,C:\Documents\work_doc_2.docx,File Open,Sample content
FIL0004115,01/20/2026 12:21:27,USR0002,PC-USR0002-01,C:\Documents\work_doc_14.docx,File Open,Sample content
FIL0004116,01/20/2026 09:47:07,USR0002,PC-USR0002-01,C:\Documents\work_doc_19.docx,File Open,Sample content
FIL0004117,01/20/2026 14:06:25,USR0002,PC-USR0002-01,C:\Documents\work_doc_17.docx,File Open,Sample content
FIL0004118,01/20/2026 16:26:29,USR0002,PC-USR0002-01,C:\Documents\work_doc_18.docx,File Open,Sample content
FIL0004119,01/20/2026 15:32:17,USR0002,PC-USR0002-01,C:\Documents\work_doc_30.docx,File Open,Sample content
FIL0004120,01/20/2026 09:25:54,USR0002,PC-USR0002-01,C:\Documents\work_doc_50.docx,File Open,Sample content
FIL0004121,01/20/2026 11:23:45,USR0002,PC-USR0002-01,C:\Documents\work_doc_50.docx,File Open,Sample content
FIL0004122,01/20/2026 10:18:23,USR0002,PC-USR0002-01,C:\Documents\work_doc_39.docx,File Open,Sample content
FIL0004123,01/20/2026 12:47:52,USR0002,PC-USR0002-01,C:\Documents\work_doc_2.docx,File Open,Sample content
FIL0004124,01/20/2026 10:32:59,USR0002,PC-USR0002-01,C:\Documents\work_doc_19.docx,File Open,Sample content
FIL0004125,01/20/2026 12:58:37,USR0003,PC-USR0003-01,C:\Documents\work_doc_2.docx,File Open,Sample content
FIL0004126,01/20/2026 14:03:45,USR0003,PC-USR0003-01,C:\Documents\work_doc_35.docx,File Open,Sample content
FIL0004127,01/20/2026 09:57:51,USR0003,PC-USR0003-01,C:\Documents\work_doc_44.docx,File Open,Sample content
FIL0004128,01/20/2026 16:52:51,USR0003,PC-USR0003-01,C:\Documents\work_doc_7.docx,File Open,Sample content
FIL0004129,01/20/2026 09:07:52,USR0003,PC-USR0003-01,C:\Documents\work_doc_23.docx,File Open,Sample content
FIL0004130,01/20/2026 14:20:39,USR0003,PC-USR0003-01,C:\Documents\work_doc_7.docx,File Open,Sample content
FIL0004131,01/20/2026 12:52:09,USR0004,PC-USR0004-01,C:\Documents\work_doc_30.docx,File Open,Sample content
FIL0004132,01/20/2026 10:38:23,USR0004,PC-USR0004-01,C:\Documents\work_doc_39.docx,File Open,Sample content
FIL0004133,01/20/2026 12:08:35,USR0004,PC-USR0004-01,C:\Documents\work_doc_8.docx,File Open,Sample content
FIL0004134,01/20/2026 09:58:52,USR0004,PC-USR0004-01,C:\Documents\work_doc_50.docx,File Open,Sample content
FIL0004135,01/20/2026 13:25:26,USR0004,PC-USR0004-01,C:\Documents\work_doc_45.docx,File Open,Sample content
FIL0004136,01/20/2026 09:57:58,USR0004,PC-USR0004-01,C:\Documents\work_doc_10.docx,File Open,Sample content
FIL0004137,01/20/2026 16:37:01,USR0004,PC-USR0004-01,C:\Documents\work_doc_10.docx,File Open,Sample content
FIL0004138,01/20/2026 12:07:16,USR0004,PC-USR0004-01,C:\Documents\work_doc_37.docx,File Open,Sample content
FIL0004139,01/20/2026 14:06:45,USR0004,PC-USR0004-01,C:\Documents\work_doc_30.docx,File Open,Sample content
FIL0004140,01/20/2026 16:22:44,USR0004,PC-USR0004-01,C:\Documents\work_doc_25.docx,File Open,Sample content
FIL0004141,01/20/2026 14:30:45,USR0004,PC-USR0004-01,C:\Documents\work_doc_2.docx,File Open,Sample content
FIL0004142,01/20/2026 11:15:05,USR0004,PC-USR0004-01,C:\Documents\work_doc_26.docx,File Open,Sample content
FIL0004143,01/20/2026 11:34:14,USR0004,PC-USR0004-01,C:\Documents\work_doc_44.docx,File Open,Sample content
FIL0004144,01/20/2026 11:39:34,USR0004,PC-USR0004-01,C:\Documents\work_doc_43.docx,File Open,Sample content
FIL0004145,01/20/2026 13:49:54,USR0005,PC-USR0005-01,C:\Documents\work_doc_34.docx,File Open,Sample content
FIL0004146,01/20/2026 13:17:11,USR0005,PC-USR0005-01,C:\Documents\work_doc_14.docx,File Open,Sample content
FIL0004147,01/20/2026 13:43:10,USR0005,PC-USR0005-01,C:\Documents\work_doc_10.docx,File Open,Sample content
FIL0004148,01/20/2026 12:34:37,USR0005,PC-USR0005-01,C:\Documents\work_doc_13.docx,File Open,Sample content
FIL0004149,01/20/2026 15:55:30,USR0005,PC-USR0005-01,C:\Documents\work_doc_4.docx,File Open,Sample content
FIL0004150,01/20/2026 09:12:26,USR0005,PC-USR0005-01,C:\Documents\work_doc_37.docx,File Open,Sample content
FIL0004151,01/20/2026 09:16:45,USR0005,PC-USR0005-01,C:\Documents\work_doc_11.docx,File Open,Sample content
FIL0004152,01/20/2026 15:03:21,USR0005,PC-USR0005-01,C:\Documents\work_doc_3.docx,File Open,Sample content
FIL0004153,01/20/2026 11:32:06,USR0006,PC-USR0006-01,C:\Documents\work_doc_3.docx,File Open,Sample content
FIL0004154,01/20/2026 09:49:24,USR0006,PC-USR0006-01,C:\Documents\work_doc_12.docx,File Open,Sample content
FIL0004155,01/20/2026 09:15:56,USR0006,PC-USR0006-01,C:\Documents\work_doc_11.docx,File Open,Sample content
FIL0004156,01/20/2026 16:13:03,USR0006,PC-USR0006-01,C:\Documents\work_doc_28.docx,File Open,Sample content
FIL0004157,01/20/2026 12:16:49,USR0006,PC-USR0006-01,C:\Documents\work_doc_18.docx,File Open,Sample content
FIL0004158,01/20/2026 12:27:48,USR0006,PC-USR0006-01,C:\Documents\work_doc_10.docx,File Open,Sample content
FIL0004159,01/20/2026 09:12:47,USR0006,PC-USR0006-01,C:\Documents\work_doc_38.docx,File Open,Sample content
FIL0004160,01/20/2026 13:34:07,USR0006,PC-USR0006-01,C:\Documents\work_doc_7.docx,File Open,Sample content
FIL0004161,01/20/2026 10:10:36,USR0006,PC-USR0006-01,C:\Documents\work_doc_31.docx,File Open,Sample content
FIL0004162,01/20/2026 15:16:00,USR0006,PC-USR0006-01,C:\Documents\work_doc_30.docx,File Open,Sample content
FIL0004163,01/20/2026 11:55:02,USR0006,PC-USR0006-01,C:\Documents\work_doc_42.docx,File Open,Sample content
FIL0004164,01/20/2026 14:06:21,USR0006,PC-USR0006-01,C:\Documents\work_doc_35.docx,File Open,Sample content
FIL0004165,01/20/2026 14:14:13,USR0006,PC-USR0006-01,C:\Documents\work_doc_5.docx,File Open,Sample content
FIL0004166,01/20/2026 14:18:50,USR0006,PC-USR0006-01,C:\Documents\work_doc_6.docx,File Open,Sample content
FIL0004167,01/20/2026 13:59:18,USR0006,PC-USR0006-01,C:\Documents\work_doc_27.docx,File Open,Sample content
FIL0004168,01/20/2026 10:12:55,USR0006,PC-USR0006-01,C:\Documents\work_doc_3.docx,File Open,Sample content
FIL0004169,01/20/2026 10:00:02,USR0006,PC-USR0006-01,C:\Documents\work_doc_34.docx,File Open,Sample content
FIL0004170,01/20/2026 12:03:33,USR0006,PC-USR0006-01,C:\Documents\work_doc_27.docx,File Open,Sample content
FIL0004171,01/20/2026 09:56:15,USR0006,PC-USR0006-01,C:\Documents\work_doc_27.docx,File Open,Sample content
FIL0004172,01/20/2026 12:40:29,USR0006,PC-USR0006-01,C:\Documents\work_doc_2.docx,File Open,Sample content
FIL0004173,01/20/2026 12:41:58,USR0007,PC-USR0007-01,C:\Documents\work_doc_49.docx,File Open,Sample content
FIL0004174,01/20/2026 11:52:56,USR0007,PC-USR0007-01,C:\Documents\work_doc_35.docx,File Open,Sample content
FIL0004175,01/20/2026 16:52:34,USR0007,PC-USR0007-01,C:\Documents\work_doc_45.docx,File Open,Sample content
FIL0004176,01/20/2026 10:59:04,USR0007,PC-USR0007-01,C:\Documents\work_doc_28.docx,File Open,Sample content
FIL0004177,01/20/2026 11:20:40,USR0007,PC-USR0007-01,C:\Documents\work_doc_39.docx,File Open,Sample content
FIL0004178,01/20/2026 12:41:48,USR0007,PC-USR0007-01,C:\Documents\work_doc_37.docx,File Open,Sample content
FIL0004179,01/20/2026 10:13:22,USR0007,PC-USR0007-01,C:\Documents\work_doc_4.docx,File Open,Sample content
FIL0004180,01/20/2026 12:10:58,USR0007,PC-USR0007-01,C:\Documents\work_doc_42.docx,File Open,Sample content
FIL0004181,01/20/2026 12:50:09,USR0007,PC-USR0007-01,C:\Documents\work_doc_15.docx,File Open,Sample content
FIL0004182,01/20/2026 14:37:05,USR0007,PC-USR0007-01,C:\Documents\work_doc_47.docx,File Open,Sample content
FIL0004183,01/20/2026 15:40:24,USR0007,PC-USR0007-01,C:\Documents\work_doc_43.docx,File Open,Sample content
FIL0004184,01/20/2026 10:03:29,USR0007,PC-USR0007-01,C:\Documents\work_doc_19.docx,File Open,Sample content
FIL0004185,01/20/2026 15:18:48,USR0007,PC-USR0007-01,C:\Documents\work_doc_17.docx,File Open,Sample content
FIL0004186,01/20/2026 12:39:50,USR0007,PC-USR0007-01,C:\Documents\work_doc_40.docx,File Open,Sample content
FIL0004187,01/20/2026 11:00:53,USR0007,PC-USR0007-01,C:\Documents\work_doc_28.docx,File Open,Sample content
FIL0004188,01/20/2026 10:50:04,USR0007,PC-USR0007-01,C:\Documents\work_doc_4.docx,File Open,Sample content
FIL0004189,01/20/2026 13:48:42,USR0007,PC-USR0007-01,C:\Documents\work_doc_45.docx,File Open,Sample content
FIL0004190,01/20/2026 09:20:17,USR0008,PC-USR0008-01,C:\Documents\work_doc_36.docx,File Open,Sample content
FIL0004191,01/20/2026 12:29:51,USR0008,PC-USR0008-01,C:\Documents\work_doc_50.docx,File Open,Sample content
FIL0004192,01/20/2026 13:25:58,USR0008,PC-USR0008-01,C:\Documents\work_doc_39.docx,File Open,Sample content
FIL0004193,01/20/2026 09:27:48,USR0008,PC-USR0008-01,C:\Documents\work_doc_20.docx,File Open,Sample content
FIL0004194,01/20/2026 16:49:26,USR0008,PC-USR0008-01,C:\Documents\work_doc_17.docx,File Open,Sample content
FIL0004195,01/20/2026 09:23:39,USR0008,PC-USR0008-01,C:\Documents\work_doc_1.docx,File Open,Sample content
FIL0004196,01/20/2026 13:16:00,USR0008,PC-USR0008-01,C:\Documents\work_doc_45.docx,File Open,Sample content
FIL0004197,01/20/2026 12:12:47,USR0008,PC-USR0008-01,C:\Documents\work_doc_48.docx,File Open,Sample content
FIL0004198,01/20/2026 15:37:09,USR0008,PC-USR0008-01,C:\Documents\work_doc_5.docx,File Open,Sample content
FIL0004199,01/20/2026 15:08:15,USR0009,PC-USR0009-01,C:\Documents\work_doc_7.docx,File Open,Sample content
FIL0004200,01/20/2026 10:24:23,USR0009,PC-USR0009-01,C:\Documents\work_doc_28.docx,File Open,Sample content
FIL0004201,01/20/2026 14:03:08,USR0009,PC-USR0009-01,C:\Documents\work_doc_9.docx,File Open,Sample content
FIL0004202,01/20/2026 15:31:36,USR0009,PC-USR0009-01,C:\Documents\work_doc_26.docx,File Open,Sample content
FIL0004203,01/20/2026 10:28:36,USR0009,PC-USR0009-01,C:\Documents\work_doc_5.docx,File Open,Sample content
FIL0004204,01/20/2026 15:46:16,USR0009,PC-USR0009-01,C:\Documents\work_doc_26.docx,File Open,Sample content
FIL0004205,01/20/2026 13:34:31,USR0009,PC-USR0009-01,C:\Documents\work_doc_7.docx,File Open,Sample content
FIL0004206,01/20/2026 10:11:20,USR0009,PC-USR0009-01,C:\Documents\work_doc_26.docx,File Open,Sample content
FIL0004207,01/20/2026 16:15:41,USR0009,PC-USR0009-01,C:\Documents\work_doc_35.docx,File Open,Sample content
FIL0004208,01/20/2026 15:08:29,USR0009,PC-USR0009-01,C:\Documents\work_doc_32.docx,File Open,Sample content
FIL0004209,01/20/2026 13:12:22,USR0009,PC-USR0009-01,C:\Documents\work_doc_30.docx,File Open,Sample content
FIL0004210,01/20/2026 15:21:39,USR0009,PC-USR0009-01,C:\Documents\work_doc_15.docx,File Open,Sample content
FIL0004211,01/20/2026 15:09:05,USR0009,PC-USR0009-01,C:\Documents\work_doc_33.docx,File Open,Sample content
FIL0004212,01/20/2026 12:21:38,USR0009,PC-USR0009-01,C:\Documents\work_doc_10.docx,File Open,Sample content
FIL0004213,01/20/2026 13:37:04,USR0009,PC-USR0009-01,C:\Documents\work_doc_25.docx,File Open,Sample content
FIL0004214,01/20/2026 15:13:45,USR0010,PC-USR0010-01,C:\Documents\work_doc_47.docx,File Open,Sample content
FIL0004215,01/20/2026 14:58:21,USR0010,PC-USR0010-01,C:\Documents\work_doc_42.docx,File Open,Sample content
FIL0004216,01/20/2026 15:57:12,USR0010,PC-USR0010-01,C:\Documents\work_doc_7.docx,File Open,Sample content
FIL0004217,01/20/2026 14:20:54,USR0010,PC-USR0010-01,C:\Documents\work_doc_41.docx,File Open,Sample content
FIL0004218,01/20/2026 12:01:19,USR0010,PC-USR0010-01,C:\Documents\work_doc_5.docx,File Open,Sample content
FIL0004219,01/20/2026 15:05:49,USR0010,PC-USR0010-01,C:\Documents\work_doc_2.docx,File Open,Sample content
FIL0004220,01/20/2026 16:58:41,USR0010,PC-USR0010-01,C:\Documents\work_doc_42.docx,File Open,Sample content
FIL0004221,01/20/2026 15:29:11,USR0010,PC-USR0010-01,C:\Documents\work_doc_33.docx,File Open,Sample content
FIL0004222,01/20/2026 09:39:41,USR0010,PC-USR0010-01,C:\Documents\work_doc_22.docx,File Open,Sample content
FIL0004223,01/20/2026 09:59:17,USR0010,PC-USR0010-01,C:\Documents\work_doc_36.docx,File Open,Sample content
FIL0004224,01/20/2026 12:28:04,USR0010,PC-USR0010-01,C:\Documents\work_doc_5.docx,File Open,Sample content
FIL0004225,01/20/2026 11:37:02,USR0010,PC-USR0010-01,C:\Documents\work_doc_46.docx,File Open,Sample content
FIL0004226,01/20/2026 09:00:59,USR0011,PC-USR0011-01,C:\Documents\work_doc_36.docx,File Open,Sample content
FIL0004227,01/20/2026 15:32:28,USR0011,PC-USR0011-01,C:\Documents\work_doc_11.docx,File Open,Sample content
FIL0004228,01/20/2026 15:16:07,USR0011,PC-USR0011-01,C:\Documents\work_doc_39.docx,File Open,Sample content
FIL0004229,01/20/2026 13:07:37,USR0011,PC-USR0011-01,C:\Documents\work_doc_30.docx,File Open,Sample content
FIL0004230,01/20/2026 13:13:27,USR0011,PC-USR0011-01,C:\Documents\work_doc_43.docx,File Open,Sample content
FIL0004231,01/20/2026 11:28:50,USR0011,PC-USR0011-01,C:\Documents\work_doc_6.docx,File Open,Sample content
FIL0004232,01/20/2026 11:04:15,USR0011,PC-USR0011-01,C:\Documents\work_doc_31.docx,File Open,Sample content
FIL0004233,01/20/2026 10:19:23,USR0011,PC-USR0011-01,C:\Documents\work_doc_39.docx,File Open,Sample content
FIL0004234,01/20/2026 10:54:39,USR0011,PC-USR0011-01,C:\Documents\work_doc_13.docx,File Open,Sample content
FIL0004235,01/20/2026 11:11:29,USR0011,PC-USR0011-01,C:\Documents\work_doc_38.docx,File Open,Sample content
FIL0004236,01/20/2026 14:31:04,USR0012,PC-USR0012-01,C:\Documents\work_doc_26.docx,File Open,Sample content
FIL0004237,01/20/2026 16:13:02,USR0012,PC-USR0012-01,C:\Documents\work_doc_41.docx,File Open,Sample content
FIL0004238,01/20/2026 12:10:31,USR0012,PC-USR0012-01,C:\Documents\work_doc_15.docx,File Open,Sample content
FIL0004239,01/20/2026 12:05:29,USR0012,PC-USR0012-01,C:\Documents\work_doc_35.docx,File Open,Sample content
FIL0004240,01/20/2026 13:47:42,USR0012,PC-USR0012-01,C:\Documents\work_doc_6.docx,File Open,Sample content
FIL0004241,01/20/2026 11:25:01,USR0012,PC-USR0012-01,C:\Documents\work_doc_20.docx,File Open,Sample content
FIL0004242,01/20/2026 14:48:36,USR0012,PC-USR0012-01,C:\Documents\work_doc_46.docx,File Open,Sample content
FIL0004243,01/20/2026 10:43:51,USR0012,PC-USR0012-01,C:\Documents\work_doc_15.docx,File Open,Sample content
FIL0004244,01/20/2026 10:15:02,USR0012,PC-USR0012-01,C:\Documents\work_doc_14.docx,File Open,Sample content
FIL0004245,01/20/2026 15:21:22,USR0012,PC-USR0012-01,C:\Documents\work_doc_39.docx,File Open,Sample content
FIL0004246,01/20/2026 16:26:48,USR0012,PC-USR0012-01,C:\Documents\work_doc_29.docx,File Open,Sample content
FIL0004247,01/20/2026 10:02:24,USR0012,PC-USR0012-01,C:\Documents\work_doc_12.docx,File Open,Sample content
FIL0004248,01/20/2026 09:15:55,USR0012,PC-USR0012-01,C:\Documents\work_doc_27.docx,File Open,Sample content
FIL0004249,01/20/2026 13:25:53,USR0012,PC-USR0012-01,C:\Documents\work_doc_3.docx,File Open,Sample content
FIL0004250,01/20/2026 09:59:57,USR0012,PC-USR0012-01,C:\Documents\work_doc_50.docx,File Open,Sample content
FIL0004251,01/20/2026 16:30:29,USR0012,PC-USR0012-01,C:\Documents\work_doc_16.docx,File Open,Sample content
FIL0004252,01/20/2026 14:26:49,USR0012,PC-USR0012-01,C:\Documents\work_doc_18.docx,File Open,Sample content
FIL0004253,01/20/2026 14:16:59,USR0013,PC-USR0013-01,C:\Documents\work_doc_10.docx,File Open,Sample content
FIL0004254,01/20/2026 12:08:46,USR0013,PC-USR0013-01,C:\Documents\work_doc_48.docx,File Open,Sample content
FIL0004255,01/20/2026 16:10:58,USR0013,PC-USR0013-01,C:\Documents\work_doc_39.docx,File Open,Sample content
FIL0004256,01/20/2026 16:00:11,USR0013,PC-USR0013-01,C:\Documents\work_doc_31.docx,File Open,Sample content
FIL0004257,01/20/2026 15:17:37,USR0013,PC-USR0013-01,C:\Documents\work_doc_8.docx,File Open,Sample content
FIL0004258,01/20/2026 12:42:14,USR0013,PC-USR0013-01,C:\Documents\work_doc_8.docx,File Open,Sample content
FIL0004259,01/20/2026 15:50:04,USR0013,PC-USR0013-01,C:\Documents\work_doc_48.docx,File Open,Sample content
FIL0004260,01/20/2026 13:22:12,USR0013,PC-USR0013-01,C:\Documents\work_doc_47.docx,File Open,Sample content
FIL0004261,01/20/2026 16:16:31,USR0013,PC-USR0013-01,C:\Documents\work_doc_8.docx,File Open,Sample content
FIL0004262,01/20/2026 14:21:32,USR0013,PC-USR0013-01,C:\Documents\work_doc_40.docx,File Open,Sample content
FIL0004263,01/20/2026 11:53:57,USR0013,PC-USR0013-01,C:\Documents\work_doc_23.docx,File Open,Sample content
FIL0004264,01/20/2026 13:56:03,USR0013,PC-USR0013-01,C:\Documents\work_doc_12.docx,File Open,Sample content
FIL0004265,01/20/2026 15:18:47,USR0013,PC-USR0013-01,C:\Documents\work_doc_10.docx,File Open,Sample content
FIL0004266,01/20/2026 16:52:43,USR0013,PC-USR0013-01,C:\Documents\work_doc_6.docx,File Open,Sample content
FIL0004267,01/20/2026 15:16:56,USR0013,PC-USR0013-01,C:\Documents\work_doc_8.docx,File Open,Sample content
FIL0004268,01/20/2026 13:57:23,USR0013,PC-USR0013-01,C:\Documents\work_doc_16.docx,File Open,Sample content
FIL0004269,01/20/2026 09:41:01,USR0014,PC-USR0014-01,C:\Documents\work_doc_14.docx,File Open,Sample content
FIL0004270,01/20/2026 10:03:35,USR0014,PC-USR0014-01,C:\Documents\work_doc_11.docx,File Open,Sample content
FIL0004271,01/20/2026 16:47:28,USR0014,PC-USR0014-01,C:\Documents\work_doc_16.docx,File Open,Sample content
FIL0004272,01/20/2026 10:24:18,USR0014,PC-USR0014-01,C:\Documents\work_doc_2.docx,File Open,Sample content
FIL0004273,01/20/2026 16:20:23,USR0014,PC-USR0014-01,C:\Documents\work_doc_25.docx,File Open,Sample content
FIL0004274,01/20/2026 12:19:56,USR0014,PC-USR0014-01,C:\Documents\work_doc_2.docx,File Open,Sample content
FIL0004275,01/20/2026 09:59:01,USR0014,PC-USR0014-01,C:\Documents\work_doc_13.docx,File Open,Sample content
FIL0004276,01/20/2026 13:01:57,USR0014,PC-USR0014-01,C:\Documents\work_doc_39.docx,File Open,Sample content
FIL0004277,01/20/2026 13:32:32,USR0014,PC-USR0014-01,C:\Documents\work_doc_20.docx,File Open,Sample content
FIL0004278,01/20/2026 13:46:34,USR0014,PC-USR0014-01,C:\Documents\work_doc_38.docx,File Open,Sample content
FIL0004279,01/20/2026 13:40:28,USR0014,PC-USR0014-01,C:\Documents\work_doc_15.docx,File Open,Sample content
FIL0004280,01/20/2026 10:36:30,USR0014,PC-USR0014-01,C:\Documents\work_doc_34.docx,File Open,Sample content
FIL0004281,01/20/2026 16:35:52,USR0014,PC-USR0014-01,C:\Documents\work_doc_21.docx,File Open,Sample content
FIL0004282,01/20/2026 12:12:36,USR0014,PC-USR0014-01,C:\Documents\work_doc_23.docx,File Open,Sample content
FIL0004283,01/20/2026 15:51:33,USR0014,PC-USR0014-01,C:\Documents\work_doc_12.docx,File Open,Sample content
FIL0004284,01/20/2026 13:54:09,USR0015,PC-USR0015-01,C:\Documents\work_doc_50.docx,File Open,Sample content
FIL0004285,01/20/2026 09:22:04,USR0015,PC-USR0015-01,C:\Documents\work_doc_42.docx,File Open,Sample content
FIL0004286,01/20/2026 16:28:33,USR0015,PC-USR0015-01,C:\Documents\work_doc_21.docx,File Open,Sample content
FIL0004287,01/20/2026 11:24:12,USR0015,PC-USR0015-01,C:\Documents\work_doc_30.docx,File Open,Sample content
FIL0004288,01/20/2026 12:03:09,USR0015,PC-USR0015-01,C:\Documents\work_doc_15.docx,File Open,Sample content
FIL0004289,01/20/2026 14:21:59,USR0015,PC-USR0015-01,C:\Documents\work_doc_13.docx,File Open,Sample content
FIL0004290,01/20/2026 12:31:08,USR0015,PC-USR0015-01,C:\Documents\work_doc_13.docx,File Open,Sample content
FIL0004291,01/20/2026 10:20:31,USR0015,PC-USR0015-01,C:\Documents\work_doc_3.docx,File Open,Sample content
FIL0004292,01/20/2026 11:38:32,USR0015,PC-USR0015-01,C:\Documents\work_doc_17.docx,File Open,Sample content
FIL0004293,01/20/2026 10:20:49,USR0015,PC-USR0015-01,C:\Documents\work_doc_1.docx,File Open,Sample content
FIL0004294,01/20/2026 10:47:08,USR0015,PC-USR0015-01,C:\Documents\work_doc_27.docx,File Open,Sample content
FIL0004295,01/20/2026 10:07:52,USR0015,PC-USR0015-01,C:\Documents\work_doc_16.docx,File Open,Sample content
FIL0004296,01/20/2026 09:38:57,USR0016,PC-USR0016-01,C:\Documents\work_doc_4.docx,File Open,Sample content
FIL0004297,01/20/2026 14:53:27,USR0016,PC-USR0016-01,C:\Documents\work_doc_23.docx,File Open,Sample content
FIL0004298,01/20/2026 13:24:14,USR0016,PC-USR0016-01,C:\Documents\work_doc_27.docx,File Open,Sample content
FIL0004299,01/20/2026 13:05:55,USR0016,PC-USR0016-01,C:\Documents\work_doc_39.docx,File Open,Sample content
FIL0004300,01/20/2026 15:26:40,USR0016,PC-USR0016-01,C:\Documents\work_doc_19.docx,File Open,Sample content
FIL0004301,01/20/2026 14:23:41,USR0016,PC-USR0016-01,C:\Documents\work_doc_18.docx,File Open,Sample content
FIL0004302,01/20/2026 12:26:40,USR0016,PC-USR0016-01,C:\Documents\work_doc_50.docx,File Open,Sample content
FIL0004303,01/20/2026 16:20:59,USR0017,PC-USR0017-01,C:\Documents\work_doc_32.docx,File Open,Sample content
FIL0004304,01/20/2026 16:52:53,USR0017,PC-USR0017-01,C:\Documents\work_doc_32.docx,File Open,Sample content
FIL0004305,01/20/2026 16:19:19,USR0017,PC-USR0017-01,C:\Documents\work_doc_25.docx,File Open,Sample content
FIL0004306,01/20/2026 11:41:00,USR0017,PC-USR0017-01,C:\Documents\work_doc_25.docx,File Open,Sample content
FIL0004307,01/20/2026 09:41:37,USR0017,PC-USR0017-01,C:\Documents\work_doc_3.docx,File Open,Sample content
FIL0004308,01/20/2026 10:17:05,USR0018,PC-USR0018-01,C:\Documents\work_doc_24.docx,File Open,Sample content
FIL0004309,01/20/2026 14:32:19,USR0018,PC-USR0018-01,C:\Documents\work_doc_43.docx,File Open,Sample content
FIL0004310,01/20/2026 10:50:22,USR0018,PC-USR0018-01,C:\Documents\work_doc_13.docx,File Open,Sample content
FIL0004311,01/20/2026 10:43:29,USR0018,PC-USR0018-01,C:\Documents\work_doc_18.docx,File Open,Sample content
FIL0004312,01/20/2026 16:56:00,USR0018,PC-USR0018-01,C:\Documents\work_doc_43.docx,File Open,Sample content
FIL0004313,01/20/2026 14:55:36,USR0018,PC-USR0018-01,C:\Documents\work_doc_43.docx,File Open,Sample content
FIL0004314,01/20/2026 09:32:44,USR0018,PC-USR0018-01,C:\Documents\work_doc_23.docx,File Open,Sample content
FIL0004315,01/20/2026 15:59:19,USR0018,PC-USR0018-01,C:\Documents\work_doc_5.docx,File Open,Sample content
FIL0004316,01/20/2026 16:22:59,USR0018,PC-USR0018-01,C:\Documents\work_doc_2.docx,File Open,Sample content
FIL0004317,01/20/2026 13:31:22,USR0019,PC-USR0019-01,C:\Documents\work_doc_22.docx,File Open,Sample content
FIL0004318,01/20/2026 14:47:50,USR0019,PC-USR0019-01,C:\Documents\work_doc_17.docx,File Open,Sample content
FIL0004319,01/20/2026 10:15:46,USR0019,PC-USR0019-01,C:\Documents\work_doc_44.docx,File Open,Sample content
FIL0004320,01/20/2026 11:54:24,USR0019,PC-USR0019-01,C:\Documents\work_doc_2.docx,File Open,Sample content
FIL0004321,01/20/2026 13:52:38,USR0019,PC-USR0019-01,C:\Documents\work_doc_19.docx,File Open,Sample content
FIL0004322,01/20/2026 12:56:50,USR0019,PC-USR0019-01,C:\Documents\work_doc_50.docx,File Open,Sample content
FIL0004323,01/20/2026 14:09:39,USR0019,PC-USR0019-01,C:\Documents\work_doc_10.docx,File Open,Sample content
FIL0004324,01/20/2026 12:03:41,USR0019,PC-USR0019-01,C:\Documents\work_doc_21.docx,File Open,Sample content
FIL0004325,01/20/2026 15:04:44,USR0019,PC-USR0019-01,C:\Documents\work_doc_41.docx,File Open,Sample content
FIL0004326,01/20/2026 10:57:22,USR0019,PC-USR0019-01,C:\Documents\work_doc_12.docx,File Open,Sample content
FIL0004327,01/20/2026 16:09:31,USR0019,PC-USR0019-01,C:\Documents\work_doc_29.docx,File Open,Sample content
FIL0004328,01/20/2026 12:33:11,USR0019,PC-USR0019-01,C:\Documents\work_doc_1.docx,File Open,Sample content
FIL0004329,01/20/2026 11:45:54,USR0019,PC-USR0019-01,C:\Documents\work_doc_26.docx,File Open,Sample content
FIL0004330,01/20/2026 13:01:29,USR0019,PC-USR0019-01,C:\Documents\work_doc_27.docx,File Open,Sample content
FIL0004331,01/20/2026 13:18:13,USR0020,PC-USR0020-01,C:\Documents\work_doc_20.docx,File Open,Sample content
FIL0004332,01/20/2026 15:30:16,USR0020,PC-USR0020-01,C:\Documents\work_doc_36.docx,File Open,Sample content
FIL0004333,01/20/2026 09:09:59,USR0020,PC-USR0020-01,C:\Documents\work_doc_12.docx,File Open,Sample content
FIL0004334,01/20/2026 11:22:51,USR0020,PC-USR0020-01,C:\Documents\work_doc_39.docx,File Open,Sample content
FIL0004335,01/20/2026 15:41:10,USR0020,PC-USR0020-01,C:\Documents\work_doc_22.docx,File Open,Sample content
FIL0004336,01/20/2026 15:05:19,USR0020,PC-USR0020-01,C:\Documents\work_doc_31.docx,File Open,Sample content
FIL0004337,01/20/2026 15:48:46,USR0020,PC-USR0020-01,C:\Documents\work_doc_33.docx,File Open,Sample content
FIL0004338,01/20/2026 15:52:42,USR0020,PC-USR0020-01,C:\Documents\work_doc_10.docx,File Open,Sample content
FIL0004339,01/20/2026 13:36:48,USR0020,PC-USR0020-01,C:\Documents\work_doc_35.docx,File Open,Sample content
FIL0004340,01/20/2026 11:26:58,USR0020,PC-USR0020-01,C:\Documents\work_doc_32.docx,File Open,Sample content
FIL0004341,01/20/2026 16:23:13,USR0020,PC-USR0020-01,C:\Documents\work_doc_38.docx,File Open,Sample content
FIL0004342,01/20/2026 12:36:12,USR0020,PC-USR0020-01,C:\Documents\work_doc_1.docx,File Open,Sample content
FIL0004343,01/20/2026 12:17:25,USR0021,PC-USR0021-01,C:\Documents\work_doc_39.docx,File Open,Sample content
FIL0004344,01/20/2026 12:41:09,USR0021,PC-USR0021-01,C:\Documents\work_doc_34.docx,File Open,Sample content
FIL0004345,01/20/2026 11:34:07,USR0021,PC-USR0021-01,C:\Documents\work_doc_15.docx,File Open,Sample content
FIL0004346,01/20/2026 15:32:14,USR0021,PC-USR0021-01,C:\Documents\work_doc_15.docx,File Open,Sample content
FIL0004347,01/20/2026 15:53:20,USR0021,PC-USR0021-01,C:\Documents\work_doc_10.docx,File Open,Sample content
FIL0004348,01/20/2026 09:33:16,USR0021,PC-USR0021-01,C:\Documents\work_doc_32.docx,File Open,Sample content
FIL0004349,01/20/2026 14:18:59,USR0021,PC-USR0021-01,C:\Documents\work_doc_42.docx,File Open,Sample content
FIL0004350,01/20/2026 09:05:30,USR0021,PC-USR0021-01,C:\Documents\work_doc_12.docx,File Open,Sample content
FIL0004351,01/20/2026 15:13:28,USR0021,PC-USR0021-01,C:\Documents\work_doc_2.docx,File Open,Sample content
FIL0004352,01/20/2026 11:53:29,USR0021,PC-USR0021-01,C:\Documents\work_doc_47.docx,File Open,Sample content
FIL0004353,01/20/2026 12:55:47,USR0021,PC-USR0021-01,C:\Documents\work_doc_6.docx,File Open,Sample content
FIL0004354,01/20/2026 10:15:28,USR0021,PC-USR0021-01,C:\Documents\work_doc_20.docx,File Open,Sample content
FIL0004355,01/20/2026 14:39:25,USR0021,PC-USR0021-01,C:\Documents\work_doc_26.docx,File Open,Sample content
FIL0004356,01/20/2026 11:50:18,USR0021,PC-USR0021-01,C:\Documents\work_doc_15.docx,File Open,Sample content
FIL0004357,01/20/2026 11:47:46,USR0021,PC-USR0021-01,C:\Documents\work_doc_45.docx,File Open,Sample content
FIL0004358,01/20/2026 13:19:45,USR0021,PC-USR0021-01,C:\Documents\work_doc_40.docx,File Open,Sample content
FIL0004359,01/20/2026 13:53:54,USR0022,PC-USR0022-01,C:\Documents\work_doc_48.docx,File Open,Sample content
FIL0004360,01/20/2026 09:29:59,USR0022,PC-USR0022-01,C:\Documents\work_doc_41.docx,File Open,Sample content
FIL0004361,01/20/2026 15:46:27,USR0022,PC-USR0022-01,C:\Documents\work_doc_32.docx,File Open,Sample content
FIL0004362,01/20/2026 09:16:09,USR0022,PC-USR0022-01,C:\Documents\work_doc_25.docx,File Open,Sample content
FIL0004363,01/20/2026 13:52:50,USR0022,PC-USR0022-01,C:\Documents\work_doc_31.docx,File Open,Sample content
FIL0004364,01/20/2026 09:23:27,USR0022,PC-USR0022-01,C:\Documents\work_doc_33.docx,File Open,Sample content
FIL0004365,01/20/2026 11:52:42,USR0023,PC-USR0023-01,C:\Documents\work_doc_26.docx,File Open,Sample content
FIL0004366,01/20/2026 15:29:22,USR0023,PC-USR0023-01,C:\Documents\work_doc_1.docx,File Open,Sample content
FIL0004367,01/20/2026 12:56:05,USR0023,PC-USR0023-01,C:\Documents\work_doc_21.docx,File Open,Sample content
FIL0004368,01/20/2026 10:00:14,USR0023,PC-USR0023-01,C:\Documents\work_doc_3.docx,File Open,Sample content
FIL0004369,01/20/2026 09:47:31,USR0023,PC-USR0023-01,C:\Documents\work_doc_27.docx,File Open,Sample content
FIL0004370,01/20/2026 16:09:03,USR0023,PC-USR0023-01,C:\Documents\work_doc_3.docx,File Open,Sample content
FIL0004371,01/20/2026 09:54:29,USR0023,PC-USR0023-01,C:\Documents\work_doc_13.docx,File Open,Sample content
FIL0004372,01/20/2026 11:31:11,USR0023,PC-USR0023-01,C:\Documents\work_doc_16.docx,File Open,Sample content
FIL0004373,01/20/2026 13:08:44,USR0023,PC-USR0023-01,C:\Documents\work_doc_48.docx,File Open,Sample content
FIL0004374,01/20/2026 09:13:00,USR0023,PC-USR0023-01,C:\Documents\work_doc_40.docx,File Open,Sample content
FIL0004375,01/20/2026 14:40:05,USR0023,PC-USR0023-01,C:\Documents\work_doc_9.docx,File Open,Sample content
FIL0004376,01/20/2026 13:29:51,USR0023,PC-USR0023-01,C:\Documents\work_doc_17.docx,File Open,Sample content
FIL0004377,01/20/2026 10:42:11,USR0023,PC-USR0023-01,C:\Documents\work_doc_31.docx,File Open,Sample content
FIL0004378,01/20/2026 14:44:16,USR0023,PC-USR0023-01,C:\Documents\work_doc_16.docx,File Open,Sample content
FIL0004379,01/20/2026 15:23:40,USR0023,PC-USR0023-01,C:\Documents\work_doc_18.docx,File Open,Sample content
FIL0004380,01/20/2026 12:57:06,USR0024,PC-USR0024-01,C:\Documents\work_doc_37.docx,File Open,Sample content
FIL0004381,01/20/2026 12:54:43,USR0024,PC-USR0024-01,C:\Documents\work_doc_17.docx,File Open,Sample content
FIL0004382,01/20/2026 10:52:53,USR0024,PC-USR0024-01,C:\Documents\work_doc_16.docx,File Open,Sample content
FIL0004383,01/20/2026 14:53:33,USR0024,PC-USR0024-01,C:\Documents\work_doc_8.docx,File Open,Sample content
FIL0004384,01/20/2026 09:47:51,USR0024,PC-USR0024-01,C:\Documents\work_doc_8.docx,File Open,Sample content
FIL0004385,01/20/2026 16:24:16,USR0024,PC-USR0024-01,C:\Documents\work_doc_32.docx,File Open,Sample content
FIL0004386,01/20/2026 11:07:58,USR0025,PC-USR0025-01,C:\Documents\work_doc_10.docx,File Open,Sample content
FIL0004387,01/20/2026 09:10:33,USR0025,PC-USR0025-01,C:\Documents\work_doc_21.docx,File Open,Sample content
FIL0004388,01/20/2026 12:13:13,USR0025,PC-USR0025-01,C:\Documents\work_doc_35.docx,File Open,Sample content
FIL0004389,01/20/2026 09:12:54,USR0025,PC-USR0025-01,C:\Documents\work_doc_50.docx,File Open,Sample content
FIL0004390,01/20/2026 11:16:42,USR0025,PC-USR0025-01,C:\Documents\work_doc_20.docx,File Open,Sample content
FIL0004391,01/20/2026 11:21:19,USR0025,PC-USR0025-01,C:\Documents\work_doc_42.docx,File Open,Sample content
FIL0004392,01/20/2026 15:25:09,USR0025,PC-USR0025-01,C:\Documents\work_doc_49.docx,File Open,Sample content
FIL0004393,01/20/2026 16:33:35,USR0025,PC-USR0025-01,C:\Documents\work_doc_14.docx,File Open,Sample content
FIL0004394,01/20/2026 10:53:24,USR0025,PC-USR0025-01,C:\Documents\work_doc_27.docx,File Open,Sample content
FIL0004395,01/20/2026 11:46:11,USR0025,PC-USR0025-01,C:\Documents\work_doc_17.docx,File Open,Sample content
FIL0004396,01/20/2026 14:52:49,USR0025,PC-USR0025-01,C:\Documents\work_doc_34.docx,File Open,Sample content
FIL0004397,01/20/2026 15:58:54,USR0025,PC-USR0025-01,C:\Documents\work_doc_45.docx,File Open,Sample content
FIL0004398,01/20/2026 09:17:33,USR0025,PC-USR0025-01,C:\Documents\work_doc_34.docx,File Open,Sample content
FIL0004399,01/20/2026 14:47:31,USR0025,PC-USR0025-01,C:\Documents\work_doc_30.docx,File Open,Sample content
FIL0004400,01/21/2026 22:31:03,AAE0190,PC-AAE0190-01,C:\Documents\work_doc_1.docx,File Open,Sample content
FIL0004401,01/21/2026 22:00:00,AAE0190,PC-AAE0190-01,C:\Documents\work_doc_26.docx,File Open,Sample content
FIL0004402,01/21/2026 23:48:11,AAE0190,PC-AAE0190-01,C:\Documents\work_doc_32.docx,File Open,Sample content
FIL0004403,01/21/2026 22:43:43,AAE0190,PC-AAE0190-01,C:\Confidential\source_code_export_10.zip,File Open,Sample content
FIL0004404,01/21/2026 21:26:51,AAE0190,PC-AAE0190-01,C:\Confidential\source_code_export_4.zip,File Open,Sample content
FIL0004405,01/21/2026 23:24:31,AAE0190,PC-AAE0190-01,C:\Documents\work_doc_37.docx,File Open,Sample content
FIL0004406,01/21/2026 23:59:57,AAE0190,PC-AAE0190-01,C:\Documents\work_doc_22.docx,File Open,Sample content
FIL0004407,01/21/2026 22:03:55,AAE0190,PC-AAE0190-01,C:\Documents\work_doc_6.docx,File Open,Sample content
FIL0004408,01/21/2026 23:17:02,AAE0190,PC-AAE0190-01,C:\Documents\work_doc_30.docx,File Open,Sample content
FIL0004409,01/21/2026 23:57:17,AAE0190,PC-AAE0190-01,C:\Documents\work_doc_43.docx,File Open,Sample content
FIL0004410,01/21/2026 22:37:58,AAE0190,PC-AAE0190-01,C:\Confidential\source_code_export_9.zip,File Open,Sample content
FIL0004411,01/21/2026 23:09:17,AAE0190,PC-AAE0190-01,C:\Documents\work_doc_16.docx,File Open,Sample content
FIL0004412,01/21/2026 22:54:12,AAE0190,PC-AAE0190-01,C:\Confidential\source_code_export_1.zip,File Open,Sample content
FIL0004413,01/21/2026 21:04:45,AAE0190,PC-AAE0190-01,C:\Documents\work_doc_44.docx,File Open,Sample content
FIL0004414,01/21/2026 21:01:57,AAE0190,PC-AAE0190-01,C:\Documents\work_doc_10.docx,File Open,Sample content
FIL0004415,01/21/2026 22:27:27,AAE0190,PC-AAE0190-01,C:\Documents\work_doc_41.docx,File Open,Sample content
FIL0004416,01/21/2026 22:45:15,AAE0190,PC-AAE0190-01,C:\Confidential\source_code_export_5.zip,File Open,Sample content
FIL0004417,01/21/2026 22:15:35,AAE0190,PC-AAE0190-01,C:\Documents\work_doc_28.docx,File Open,Sample content
FIL0004418,01/21/2026 21:30:55,AAE0190,PC-AAE0190-01,C:\Confidential\source_code_export_4.zip,File Open,Sample content
FIL0004419,01/21/2026 21:57:53,AAE0190,PC-AAE0190-01,C:\Documents\work_doc_37.docx,File Open,Sample content
FIL0004420,01/21/2026 22:37:07,AAE0190,PC-AAE0190-01,C:\Confidential\source_code_export_9.zip,File Open,Sample content
FIL0004421,01/21/2026 23:36:57,AAE0190,PC-AAE0190-01,C:\Documents\work_doc_34.docx,File Open,Sample content
FIL0004422,01/21/2026 22:34:12,AAE0190,PC-AAE0190-01,C:\Confidential\source_code_export_8.zip,File Open,Sample content
FIL0004423,01/21/2026 23:13:58,AAE0190,PC-AAE0190-01,C:\Confidential\source_code_export_9.zip,File Open,Sample content
FIL0004424,01/21/2026 21:02:03,AAE0190,PC-AAE0190-01,C:\Documents\work_doc_23.docx,File Open,Sample content
FIL0004425,01/21/2026 21:14:23,AAE0190,PC-AAE0190-01,C:\Documents\work_doc_31.docx,File Open,Sample content
FIL0004426,01/21/2026 21:10:18,AAE0190,PC-AAE0190-01,C:\Confidential\source_code_export_9.zip,File Open,Sample content
FIL0004427,01/21/2026 21:39:32,AAE0190,PC-AAE0190-01,C:\Documents\work_doc_38.docx,File Open,Sample content
FIL0004428,01/21/2026 21:16:03,AAE0190,PC-AAE0190-01,C:\Documents\work_doc_8.docx,File Open,Sample content
FIL0004429,01/21/2026 21:06:47,AAE0190,PC-AAE0190-01,C:\Documents\work_doc_1.docx,File Open,Sample content
FIL0004430,01/21/2026 23:06:56,AAE0190,PC-AAE0190-01,C:\Confidential\source_code_export_4.zip,File Open,Sample content
FIL0004431,01/21/2026 21:58:39,AAE0190,PC-AAE0190-01,C:\Documents\work_doc_23.docx,File Open,Sample content
FIL0004432,01/21/2026 22:12:06,AAE0190,PC-AAE0190-01,C:\Documents\work_doc_21.docx,File Open,Sample content
FIL0004433,01/21/2026 21:44:02,AAE0190,PC-AAE0190-01,C:\Confidential\source_code_export_8.zip,File Open,Sample content
FIL0004434,01/21/2026 22:24:38,AAE0190,PC-AAE0190-01,C:\Documents\work_doc_3.docx,File Open,Sample content
FIL0004435,01/21/2026 23:41:03,AAE0190,PC-AAE0190-01,C:\Documents\work_doc_2.docx,File Open,Sample content
FIL0004436,01/21/2026 22:12:22,AAE0190,PC-AAE0190-01,C:\Documents\work_doc_50.docx,File Open,Sample content
FIL0004437,01/21/2026 23:01:01,AAE0190,PC-AAE0190-01,C:\Documents\work_doc_4.docx,File Open,Sample content
FIL0004438,01/21/2026 21:40:10,AAE0190,PC-AAE0190-01,C:\Confidential\source_code_export_7.zip,File Open,Sample content
FIL0004439,01/21/2026 22:54:19,AAE0190,PC-AAE0190-01,C:\Documents\work_doc_38.docx,File Open,Sample content
FIL0004440,01/21/2026 21:29:21,AAE0190,PC-AAE0190-01,C:\Documents\work_doc_34.docx,File Open,Sample content
FIL0004441,01/21/2026 21:02:48,AAE0190,PC-AAE0190-01,C:\Documents\work_doc_16.docx,File Open,Sample content
FIL0004442,01/21/2026 22:26:05,AAE0190,PC-AAE0190-01,C:\Documents\work_doc_5.docx,File Open,Sample content
FIL0004443,01/21/2026 23:28:55,AAE0190,PC-AAE0190-01,C:\Documents\work_doc_17.docx,File Open,Sample content
FIL0004444,01/21/2026 22:22:10,AAE0190,PC-AAE0190-01,C:\Documents\work_doc_38.docx,File Open,Sample content
FIL0004445,01/21/2026 21:19:55,AAE0190,PC-AAE0190-01,C:\Documents\work_doc_14.docx,File Open,Sample content
FIL0004446,01/21/2026 22:45:50,AAE0190,PC-AAE0190-01,C:\Documents\work_doc_47.docx,File Open,Sample content
FIL0004447,01/21/2026 21:03:25,AAE0190,PC-AAE0190-01,C:\Confidential\source_code_export_6.zip,File Open,Sample content
FIL0004448,01/21/2026 22:41:36,AAE0190,PC-AAE0190-01,C:\Documents\work_doc_34.docx,File Open,Sample content
FIL0004449,01/21/2026 22:55:48,AAE0190,PC-AAE0190-01,C:\Documents\work_doc_13.docx,File Open,Sample content
FIL0004450,01/21/2026 22:28:02,AAE0190,PC-AAE0190-01,C:\Documents\work_doc_20.docx,File Open,Sample content
FIL0004451,01/21/2026 21:12:41,AAE0190,PC-AAE0190-01,C:\Documents\work_doc_20.docx,File Open,Sample content
FIL0004452,01/21/2026 23:16:41,AAE0190,PC-AAE0190-01,C:\Confidential\source_code_export_8.zip,File Open,Sample content
FIL0004453,01/21/2026 22:03:30,AAE0190,PC-AAE0190-01,C:\Documents\work_doc_21.docx,File Open,Sample content
FIL0004454,01/21/2026 22:57:09,AAE0190,PC-AAE0190-01,C:\Confidential\source_code_export_10.zip,File Open,Sample content
FIL0004455,01/21/2026 21:13:30,AAE0190,PC-AAE0190-01,C:\Documents\work_doc_42.docx,File Open,Sample content
FIL0004456,01/21/2026 21:28:30,AAE0190,PC-AAE0190-01,C:\Documents\work_doc_49.docx,File Open,Sample content
FIL0004457,01/21/2026 22:33:33,AAE0190,PC-AAE0190-01,C:\Documents\work_doc_28.docx,File Open,Sample content
FIL0004458,01/21/2026 22:49:19,AAE0190,PC-AAE0190-01,C:\Documents\work_doc_48.docx,File Open,Sample content
FIL0004459,01/21/2026 23:14:10,AAE0190,PC-AAE0190-01,C:\Confidential\source_code_export_3.zip,File Open,Sample content
FIL0004460,01/21/2026 23:14:31,AAE0190,PC-AAE0190-01,C:\Documents\work_doc_21.docx,File Open,Sample content
FIL0004461,01/21/2026 23:23:54,AAE0190,PC-AAE0190-01,C:\Documents\work_doc_26.docx,File Open,Sample content
FIL0004462,01/21/2026 23:29:24,AAE0190,PC-AAE0190-01,C:\Confidential\source_code_export_8.zip,File Open,Sample content
FIL0004463,01/21/2026 21:40:44,AAE0190,PC-AAE0190-01,C:\Documents\work_doc_40.docx,File Open,Sample content
FIL0004464,01/21/2026 23:09:04,AAE0190,PC-AAE0190-01,C:\Documents\work_doc_14.docx,File Open,Sample content
FIL0004465,01/21/2026 23:27:50,AAE0190,PC-AAE0190-01,C:\Confidential\source_code_export_2.zip,File Open,Sample content
FIL0004466,01/21/2026 22:21:57,AAE0190,PC-AAE0190-01,C:\Documents\work_doc_27.docx,File Open,Sample content
FIL0004467,01/21/2026 23:46:33,AAE0190,PC-AAE0190-01,C:\Documents\work_doc_33.docx,File Open,Sample content
FIL0004468,01/21/2026 23:47:42,AAE0190,PC-AAE0190-01,C:\Documents\work_doc_44.docx,File Open,Sample content
FIL0004469,01/21/2026 23:51:14,AAE0190,PC-AAE0190-01,C:\Documents\work_doc_23.docx,File Open,Sample content
FIL0004470,01/21/2026 22:47:25,AAE0190,PC-AAE0190-01,C:\Documents\work_doc_7.docx,File Open,Sample content
FIL0004471,01/21/2026 23:11:40,AAE0190,PC-AAE0190-01,C:\Confidential\source_code_export_1.zip,File Open,Sample content
FIL0004472,01/21/2026 23:21:39,AAE0190,PC-AAE0190-01,C:\Documents\work_doc_33.docx,File Open,Sample content
FIL0004473,01/21/2026 21:20:52,AAE0190,PC-AAE0190-01,C:\Documents\work_doc_15.docx,File Open,Sample content
FIL0004474,01/21/2026 23:46:48,AAE0190,PC-AAE0190-01,C:\Documents\work_doc_24.docx,File Open,Sample content
FIL0004475,01/21/2026 22:14:16,AAE0190,PC-AAE0190-01,C:\Documents\work_doc_6.docx,File Open,Sample content
FIL0004476,01/21/2026 23:27:37,AAE0190,PC-AAE0190-01,C:\Confidential\source_code_export_1.zip,File Open,Sample content
FIL0004477,01/21/2026 22:16:52,AAE0190,PC-AAE0190-01,C:\Documents\work_doc_12.docx,File Open,Sample content
FIL0004478,01/21/2026 22:08:56,AAE0190,PC-AAE0190-01,C:\Confidential\source_code_export_5.zip,File Open,Sample content
FIL0004479,01/21/2026 22:29:37,AAE0190,PC-AAE0190-01,C:\Confidential\source_code_export_5.zip,File Open,Sample content
FIL0004480,01/21/2026 23:32:51,AAE0190,PC-AAE0190-01,C:\Confidential\source_code_export_7.zip,File Open,Sample content
FIL0004481,01/21/2026 21:25:06,AAE0190,PC-AAE0190-01,C:\Documents\work_doc_38.docx,File Open,Sample content
FIL0004482,01/21/2026 22:53:31,AAE0190,PC-AAE0190-01,C:\Confidential\source_code_export_9.zip,File Open,Sample content
FIL0004483,01/21/2026 22:22:58,AAE0190,PC-AAE0190-01,C:\Documents\work_doc_18.docx,File Open,Sample content
FIL0004484,01/21/2026 23:13:39,AAE0190,PC-AAE0190-01,C:\Documents\work_doc_45.docx,File Open,Sample content
FIL0004485,01/21/2026 22:18:19,AAE0190,PC-AAE0190-01,C:\Documents\work_doc_30.docx,File Open,Sample content
FIL0004486,01/21/2026 22:08:16,AAE0190,PC-AAE0190-01,C:\Confidential\source_code_export_6.zip,File Open,Sample content
FIL0004487,01/21/2026 22:16:33,AAE0190,PC-AAE0190-01,C:\Documents\work_doc_18.docx,File Open,Sample content
FIL0004488,01/21/2026 21:14:57,AAE0190,PC-AAE0190-01,C:\Documents\work_doc_45.docx,File Open,Sample content
FIL0004489,01/21/2026 21:50:35,AAE0190,PC-AAE0190-01,C:\Documents\work_doc_33.docx,File Open,Sample content
FIL0004490,01/21/2026 22:09:26,AAE0190,PC-AAE0190-01,C:\Documents\work_doc_16.docx,File Open,Sample content
FIL0004491,01/21/2026 22:57:36,AAE0190,PC-AAE0190-01,C:\Documents\work_doc_40.docx,File Open,Sample content
FIL0004492,01/21/2026 22:08:36,AAE0190,PC-AAE0190-01,C:\Documents\work_doc_32.docx,File Open,Sample content
FIL0004493,01/21/2026 21:15:18,AAE0190,PC-AAE0190-01,C:\Documents\work_doc_3.docx,File Open,Sample content
FIL0004494,01/21/2026 21:58:58,AAE0190,PC-AAE0190-01,C:\Documents\work_doc_13.docx,File Open,Sample content
FIL0004495,01/21/2026 22:39:31,AAE0190,PC-AAE0190-01,C:\Documents\work_doc_35.docx,File Open,Sample content
FIL0004496,01/21/2026 21:42:38,AAE0190,PC-AAE0190-01,C:\Documents\work_doc_33.docx,File Open,Sample content
FIL0004497,01/21/2026 22:11:30,AAE0190,PC-AAE0190-01,C:\Documents\work_doc_30.docx,File Open,Sample content
FIL0004498,01/21/2026 21:32:16,AAE0190,PC-AAE0190-01,C:\Documents\work_doc_25.docx,File Open,Sample content
FIL0004499,01/21/2026 21:02:58,AAE0190,PC-AAE0190-01,C:\Confidential\source_code_export_10.zip,File Open,Sample content
FIL0004500,01/21/2026 23:09:21,AAE0190,PC-AAE0190-01,C:\Documents\work_doc_16.docx,File Open,Sample content
FIL0004501,01/21/2026 22:27:54,AAE0190,PC-AAE0190-01,C:\Documents\work_doc_25.docx,File Open,Sample content
FIL0004502,01/21/2026 22:35:50,AAE0190,PC-AAE0190-01,C:\Documents\work_doc_35.docx,File Open,Sample content
FIL0004503,01/21/2026 22:05:46,AAE0190,PC-AAE0190-01,C:\Documents\work_doc_37.docx,File Open,Sample content
FIL0004504,01/21/2026 21:02:43,AAE0190,PC-AAE0190-01,C:\Documents\work_doc_43.docx,File Open,Sample content
FIL0004505,01/21/2026 21:29:45,AAE0190,PC-AAE0190-01,C:\Confidential\source_code_export_7.zip,File Open,Sample content
FIL0004506,01/21/2026 21:08:29,AAE0190,PC-AAE0190-01,C:\Documents\work_doc_32.docx,File Open,Sample content
FIL0004507,01/21/2026 21:03:20,AAE0190,PC-AAE0190-01,C:\Confidential\source_code_export_4.zip,File Open,Sample content
FIL0004508,01/21/2026 23:36:38,AAE0190,PC-AAE0190-01,C:\Documents\work_doc_49.docx,File Open,Sample content
FIL0004509,01/21/2026 21:27:05,AAE0190,PC-AAE0190-01,C:\Documents\work_doc_48.docx,File Open,Sample content
FIL0004510,01/21/2026 21:22:33,AAE0190,PC-AAE0190-01,C:\Confidential\source_code_export_4.zip,File Open,Sample content
FIL0004511,01/21/2026 21:31:46,AAE0190,PC-AAE0190-01,C:\Documents\work_doc_32.docx,File Open,Sample content
FIL0004512,01/21/2026 22:14:01,AAE0190,PC-AAE0190-01,C:\Confidential\source_code_export_1.zip,File Open,Sample content
FIL0004513,01/21/2026 22:14:06,AAE0190,PC-AAE0190-01,C:\Documents\work_doc_39.docx,File Open,Sample content
FIL0004514,01/21/2026 23:04:09,AAE0190,PC-AAE0190-01,C:\Documents\work_doc_45.docx,File Open,Sample content
FIL0004515,01/21/2026 21:48:37,AAE0190,PC-AAE0190-01,C:\Confidential\source_code_export_9.zip,File Open,Sample content
FIL0004516,01/21/2026 23:34:14,AAE0190,PC-AAE0190-01,C:\Documents\work_doc_23.docx,File Open,Sample content
FIL0004517,01/21/2026 23:58:29,AAE0190,PC-AAE0190-01,C:\Confidential\source_code_export_7.zip,File Open,Sample content
FIL0004518,01/21/2026 21:22:41,AAE0190,PC-AAE0190-01,C:\Confidential\source_code_export_8.zip,File Open,Sample content
FIL0004519,01/21/2026 21:29:29,AAE0190,PC-AAE0190-01,C:\Confidential\source_code_export_2.zip,File Open,Sample content
FIL0004520,01/21/2026 21:57:37,AAE0190,PC-AAE0190-01,C:\Documents\work_doc_43.docx,File Open,Sample content
FIL0004521,01/21/2026 22:47:30,AAE0190,PC-AAE0190-01,C:\Confidential\source_code_export_5.zip,File Open,Sample content
FIL0004522,01/21/2026 23:49:27,AAE0190,PC-AAE0190-01,C:\Confidential\source_code_export_8.zip,File Open,Sample content
FIL0004523,01/21/2026 21:27:13,AAE0190,PC-AAE0190-01,C:\Documents\work_doc_41.docx,File Open,Sample content
FIL0004524,01/21/2026 22:00:29,AAE0190,PC-AAE0190-01,C:\Confidential\source_code_export_3.zip,File Open,Sample content
FIL0004525,01/21/2026 22:52:40,AAE0190,PC-AAE0190-01,C:\Documents\work_doc_41.docx,File Open,Sample content
FIL0004526,01/21/2026 23:51:10,AAE0190,PC-AAE0190-01,C:\Documents\work_doc_6.docx,File Open,Sample content
FIL0004527,01/21/2026 22:36:38,AAE0190,PC-AAE0190-01,C:\Confidential\source_code_export_6.zip,File Open,Sample content
FIL0004528,01/21/2026 21:22:14,AAE0190,PC-AAE0190-01,C:\Confidential\source_code_export_9.zip,File Open,Sample content
FIL0004529,01/21/2026 22:59:55,AAE0190,PC-AAE0190-01,C:\Confidential\source_code_export_5.zip,File Open,Sample content
FIL0004530,01/21/2026 21:15:46,AAE0190,PC-AAE0190-01,C:\Documents\work_doc_47.docx,File Open,Sample content
FIL0004531,01/21/2026 22:05:30,AAE0190,PC-AAE0190-01,C:\Documents\work_doc_31.docx,File Open,Sample content
FIL0004532,01/21/2026 22:06:05,AAE0190,PC-AAE0190-01,C:\Documents\work_doc_18.docx,File Open,Sample content
FIL0004533,01/21/2026 21:43:33,AAE0190,PC-AAE0190-01,C:\Documents\work_doc_49.docx,File Open,Sample content
FIL0004534,01/21/2026 22:58:15,AAE0190,PC-AAE0190-01,C:\Documents\work_doc_19.docx,File Open,Sample content
FIL0004535,01/21/2026 23:28:28,AAE0190,PC-AAE0190-01,C:\Documents\work_doc_14.docx,File Open,Sample content
FIL0004536,01/21/2026 21:01:39,AAE0190,PC-AAE0190-01,C:\Documents\work_doc_4.docx,File Open,Sample content
FIL0004537,01/21/2026 21:28:07,AAE0190,PC-AAE0190-01,C:\Documents\work_doc_35.docx,File Open,Sample content
FIL0004538,01/21/2026 21:43:18,AAE0190,PC-AAE0190-01,C:\Documents\work_doc_43.docx,File Open,Sample content
FIL0004539,01/21/2026 13:32:19,USR0002,PC-USR0002-01,C:\Documents\work_doc_8.docx,File Open,Sample content
FIL0004540,01/21/2026 10:57:12,USR0002,PC-USR0002-01,C:\Documents\work_doc_45.docx,File Open,Sample content
FIL0004541,01/21/2026 09:08:52,USR0002,PC-USR0002-01,C:\Documents\work_doc_15.docx,File Open,Sample content
FIL0004542,01/21/2026 12:09:38,USR0002,PC-USR0002-01,C:\Documents\work_doc_24.docx,File Open,Sample content
FIL0004543,01/21/2026 11:43:31,USR0002,PC-USR0002-01,C:\Documents\work_doc_36.docx,File Open,Sample content
FIL0004544,01/21/2026 10:39:06,USR0002,PC-USR0002-01,C:\Documents\work_doc_8.docx,File Open,Sample content
FIL0004545,01/21/2026 14:20:06,USR0002,PC-USR0002-01,C:\Documents\work_doc_39.docx,File Open,Sample content
FIL0004546,01/21/2026 11:59:22,USR0002,PC-USR0002-01,C:\Documents\work_doc_4.docx,File Open,Sample content
FIL0004547,01/21/2026 10:31:07,USR0002,PC-USR0002-01,C:\Documents\work_doc_24.docx,File Open,Sample content
FIL0004548,01/21/2026 15:28:36,USR0002,PC-USR0002-01,C:\Documents\work_doc_21.docx,File Open,Sample content
FIL0004549,01/21/2026 10:28:15,USR0002,PC-USR0002-01,C:\Documents\work_doc_23.docx,File Open,Sample content
FIL0004550,01/21/2026 11:29:08,USR0002,PC-USR0002-01,C:\Documents\work_doc_24.docx,File Open,Sample content
FIL0004551,01/21/2026 16:44:47,USR0002,PC-USR0002-01,C:\Documents\work_doc_14.docx,File Open,Sample content
FIL0004552,01/21/2026 10:01:03,USR0002,PC-USR0002-01,C:\Documents\work_doc_40.docx,File Open,Sample content
FIL0004553,01/21/2026 14:20:47,USR0002,PC-USR0002-01,C:\Documents\work_doc_3.docx,File Open,Sample content
FIL0004554,01/21/2026 12:22:51,USR0003,PC-USR0003-01,C:\Documents\work_doc_19.docx,File Open,Sample content
FIL0004555,01/21/2026 12:01:31,USR0003,PC-USR0003-01,C:\Documents\work_doc_2.docx,File Open,Sample content
FIL0004556,01/21/2026 09:52:40,USR0003,PC-USR0003-01,C:\Documents\work_doc_1.docx,File Open,Sample content
FIL0004557,01/21/2026 13:38:07,USR0003,PC-USR0003-01,C:\Documents\work_doc_12.docx,File Open,Sample content
FIL0004558,01/21/2026 13:07:09,USR0003,PC-USR0003-01,C:\Documents\work_doc_41.docx,File Open,Sample content
FIL0004559,01/21/2026 09:17:55,USR0003,PC-USR0003-01,C:\Documents\work_doc_36.docx,File Open,Sample content
FIL0004560,01/21/2026 14:56:29,USR0003,PC-USR0003-01,C:\Documents\work_doc_34.docx,File Open,Sample content
FIL0004561,01/21/2026 12:07:25,USR0003,PC-USR0003-01,C:\Documents\work_doc_38.docx,File Open,Sample content
FIL0004562,01/21/2026 16:36:53,USR0003,PC-USR0003-01,C:\Documents\work_doc_43.docx,File Open,Sample content
FIL0004563,01/21/2026 11:10:15,USR0003,PC-USR0003-01,C:\Documents\work_doc_1.docx,File Open,Sample content
FIL0004564,01/21/2026 16:21:09,USR0003,PC-USR0003-01,C:\Documents\work_doc_28.docx,File Open,Sample content
FIL0004565,01/21/2026 14:32:08,USR0003,PC-USR0003-01,C:\Documents\work_doc_47.docx,File Open,Sample content
FIL0004566,01/21/2026 11:41:33,USR0003,PC-USR0003-01,C:\Documents\work_doc_3.docx,File Open,Sample content
FIL0004567,01/21/2026 15:45:18,USR0003,PC-USR0003-01,C:\Documents\work_doc_44.docx,File Open,Sample content
FIL0004568,01/21/2026 11:01:19,USR0003,PC-USR0003-01,C:\Documents\work_doc_13.docx,File Open,Sample content
FIL0004569,01/21/2026 12:53:27,USR0003,PC-USR0003-01,C:\Documents\work_doc_10.docx,File Open,Sample content
FIL0004570,01/21/2026 11:06:17,USR0003,PC-USR0003-01,C:\Documents\work_doc_40.docx,File Open,Sample content
FIL0004571,01/21/2026 13:02:27,USR0003,PC-USR0003-01,C:\Documents\work_doc_38.docx,File Open,Sample content
FIL0004572,01/21/2026 12:22:08,USR0003,PC-USR0003-01,C:\Documents\work_doc_1.docx,File Open,Sample content
FIL0004573,01/21/2026 11:42:24,USR0004,PC-USR0004-01,C:\Documents\work_doc_20.docx,File Open,Sample content
FIL0004574,01/21/2026 16:54:44,USR0004,PC-USR0004-01,C:\Documents\work_doc_44.docx,File Open,Sample content
FIL0004575,01/21/2026 10:54:00,USR0004,PC-USR0004-01,C:\Documents\work_doc_44.docx,File Open,Sample content
FIL0004576,01/21/2026 16:05:19,USR0004,PC-USR0004-01,C:\Documents\work_doc_12.docx,File Open,Sample content
FIL0004577,01/21/2026 10:29:40,USR0004,PC-USR0004-01,C:\Documents\work_doc_8.docx,File Open,Sample content
FIL0004578,01/21/2026 10:52:23,USR0004,PC-USR0004-01,C:\Documents\work_doc_10.docx,File Open,Sample content
FIL0004579,01/21/2026 09:44:49,USR0004,PC-USR0004-01,C:\Documents\work_doc_39.docx,File Open,Sample content
FIL0004580,01/21/2026 13:04:51,USR0004,PC-USR0004-01,C:\Documents\work_doc_45.docx,File Open,Sample content
FIL0004581,01/21/2026 10:32:16,USR0004,PC-USR0004-01,C:\Documents\work_doc_30.docx,File Open,Sample content
FIL0004582,01/21/2026 15:09:06,USR0004,PC-USR0004-01,C:\Documents\work_doc_33.docx,File Open,Sample content
FIL0004583,01/21/2026 16:42:34,USR0005,PC-USR0005-01,C:\Documents\work_doc_7.docx,File Open,Sample content
FIL0004584,01/21/2026 12:17:24,USR0005,PC-USR0005-01,C:\Documents\work_doc_42.docx,File Open,Sample content
FIL0004585,01/21/2026 10:34:21,USR0005,PC-USR0005-01,C:\Documents\work_doc_31.docx,File Open,Sample content
FIL0004586,01/21/2026 11:55:18,USR0005,PC-USR0005-01,C:\Documents\work_doc_34.docx,File Open,Sample content
FIL0004587,01/21/2026 16:11:14,USR0005,PC-USR0005-01,C:\Documents\work_doc_40.docx,File Open,Sample content
FIL0004588,01/21/2026 14:29:40,USR0005,PC-USR0005-01,C:\Documents\work_doc_43.docx,File Open,Sample content
FIL0004589,01/21/2026 13:10:50,USR0005,PC-USR0005-01,C:\Documents\work_doc_2.docx,File Open,Sample content
FIL0004590,01/21/2026 10:26:15,USR0005,PC-USR0005-01,C:\Documents\work_doc_8.docx,File Open,Sample content
FIL0004591,01/21/2026 14:37:36,USR0005,PC-USR0005-01,C:\Documents\work_doc_50.docx,File Open,Sample content
FIL0004592,01/21/2026 10:45:54,USR0005,PC-USR0005-01,C:\Documents\work_doc_3.docx,File Open,Sample content
FIL0004593,01/21/2026 09:26:22,USR0005,PC-USR0005-01,C:\Documents\work_doc_15.docx,File Open,Sample content
FIL0004594,01/21/2026 10:25:29,USR0005,PC-USR0005-01,C:\Documents\work_doc_43.docx,File Open,Sample content
FIL0004595,01/21/2026 14:50:10,USR0005,PC-USR0005-01,C:\Documents\work_doc_35.docx,File Open,Sample content
FIL0004596,01/21/2026 16:30:30,USR0005,PC-USR0005-01,C:\Documents\work_doc_33.docx,File Open,Sample content
FIL0004597,01/21/2026 10:30:47,USR0006,PC-USR0006-01,C:\Documents\work_doc_26.docx,File Open,Sample content
FIL0004598,01/21/2026 09:06:17,USR0006,PC-USR0006-01,C:\Documents\work_doc_25.docx,File Open,Sample content
FIL0004599,01/21/2026 11:04:19,USR0006,PC-USR0006-01,C:\Documents\work_doc_19.docx,File Open,Sample content
FIL0004600,01/21/2026 14:24:44,USR0006,PC-USR0006-01,C:\Documents\work_doc_38.docx,File Open,Sample content
FIL0004601,01/21/2026 15:37:04,USR0006,PC-USR0006-01,C:\Documents\work_doc_22.docx,File Open,Sample content
FIL0004602,01/21/2026 10:18:42,USR0006,PC-USR0006-01,C:\Documents\work_doc_1.docx,File Open,Sample content
FIL0004603,01/21/2026 13:37:51,USR0006,PC-USR0006-01,C:\Documents\work_doc_48.docx,File Open,Sample content
FIL0004604,01/21/2026 11:35:25,USR0006,PC-USR0006-01,C:\Documents\work_doc_41.docx,File Open,Sample content
FIL0004605,01/21/2026 16:43:36,USR0006,PC-USR0006-01,C:\Documents\work_doc_22.docx,File Open,Sample content
FIL0004606,01/21/2026 09:03:24,USR0006,PC-USR0006-01,C:\Documents\work_doc_11.docx,File Open,Sample content
FIL0004607,01/21/2026 14:17:22,USR0006,PC-USR0006-01,C:\Documents\work_doc_9.docx,File Open,Sample content
FIL0004608,01/21/2026 14:14:04,USR0006,PC-USR0006-01,C:\Documents\work_doc_11.docx,File Open,Sample content
FIL0004609,01/21/2026 10:34:14,USR0006,PC-USR0006-01,C:\Documents\work_doc_49.docx,File Open,Sample content
FIL0004610,01/21/2026 10:37:39,USR0006,PC-USR0006-01,C:\Documents\work_doc_41.docx,File Open,Sample content
FIL0004611,01/21/2026 15:16:12,USR0006,PC-USR0006-01,C:\Documents\work_doc_11.docx,File Open,Sample content
FIL0004612,01/21/2026 16:35:35,USR0006,PC-USR0006-01,C:\Documents\work_doc_48.docx,File Open,Sample content
FIL0004613,01/21/2026 10:11:32,USR0006,PC-USR0006-01,C:\Documents\work_doc_7.docx,File Open,Sample content
FIL0004614,01/21/2026 15:37:47,USR0006,PC-USR0006-01,C:\Documents\work_doc_4.docx,File Open,Sample content
FIL0004615,01/21/2026 13:23:18,USR0006,PC-USR0006-01,C:\Documents\work_doc_24.docx,File Open,Sample content
FIL0004616,01/21/2026 09:01:17,USR0007,PC-USR0007-01,C:\Documents\work_doc_49.docx,File Open,Sample content
FIL0004617,01/21/2026 16:31:37,USR0007,PC-USR0007-01,C:\Documents\work_doc_19.docx,File Open,Sample content
FIL0004618,01/21/2026 10:25:42,USR0007,PC-USR0007-01,C:\Documents\work_doc_38.docx,File Open,Sample content
FIL0004619,01/21/2026 15:52:55,USR0007,PC-USR0007-01,C:\Documents\work_doc_31.docx,File Open,Sample content
FIL0004620,01/21/2026 15:29:34,USR0007,PC-USR0007-01,C:\Documents\work_doc_8.docx,File Open,Sample content
FIL0004621,01/21/2026 15:46:28,USR0008,PC-USR0008-01,C:\Documents\work_doc_45.docx,File Open,Sample content
FIL0004622,01/21/2026 12:53:28,USR0008,PC-USR0008-01,C:\Documents\work_doc_45.docx,File Open,Sample content
FIL0004623,01/21/2026 16:58:57,USR0008,PC-USR0008-01,C:\Documents\work_doc_4.docx,File Open,Sample content
FIL0004624,01/21/2026 15:42:25,USR0008,PC-USR0008-01,C:\Documents\work_doc_28.docx,File Open,Sample content
FIL0004625,01/21/2026 10:11:39,USR0008,PC-USR0008-01,C:\Documents\work_doc_36.docx,File Open,Sample content
FIL0004626,01/21/2026 16:36:42,USR0008,PC-USR0008-01,C:\Documents\work_doc_36.docx,File Open,Sample content
FIL0004627,01/21/2026 16:46:46,USR0008,PC-USR0008-01,C:\Documents\work_doc_37.docx,File Open,Sample content
FIL0004628,01/21/2026 13:12:13,USR0008,PC-USR0008-01,C:\Documents\work_doc_35.docx,File Open,Sample content
FIL0004629,01/21/2026 14:16:22,USR0008,PC-USR0008-01,C:\Documents\work_doc_37.docx,File Open,Sample content
FIL0004630,01/21/2026 14:20:45,USR0008,PC-USR0008-01,C:\Documents\work_doc_30.docx,File Open,Sample content
FIL0004631,01/21/2026 15:21:40,USR0008,PC-USR0008-01,C:\Documents\work_doc_49.docx,File Open,Sample content
FIL0004632,01/21/2026 10:18:36,USR0008,PC-USR0008-01,C:\Documents\work_doc_19.docx,File Open,Sample content
FIL0004633,01/21/2026 15:48:34,USR0008,PC-USR0008-01,C:\Documents\work_doc_3.docx,File Open,Sample content
FIL0004634,01/21/2026 10:00:16,USR0008,PC-USR0008-01,C:\Documents\work_doc_28.docx,File Open,Sample content
FIL0004635,01/21/2026 16:19:23,USR0008,PC-USR0008-01,C:\Documents\work_doc_30.docx,File Open,Sample content
FIL0004636,01/21/2026 16:04:38,USR0008,PC-USR0008-01,C:\Documents\work_doc_8.docx,File Open,Sample content
FIL0004637,01/21/2026 09:49:31,USR0009,PC-USR0009-01,C:\Documents\work_doc_1.docx,File Open,Sample content
FIL0004638,01/21/2026 12:50:47,USR0009,PC-USR0009-01,C:\Documents\work_doc_40.docx,File Open,Sample content
FIL0004639,01/21/2026 12:03:27,USR0009,PC-USR0009-01,C:\Documents\work_doc_46.docx,File Open,Sample content
FIL0004640,01/21/2026 15:09:47,USR0009,PC-USR0009-01,C:\Documents\work_doc_46.docx,File Open,Sample content
FIL0004641,01/21/2026 16:16:57,USR0009,PC-USR0009-01,C:\Documents\work_doc_41.docx,File Open,Sample content
FIL0004642,01/21/2026 16:26:33,USR0009,PC-USR0009-01,C:\Documents\work_doc_23.docx,File Open,Sample content
FIL0004643,01/21/2026 16:18:50,USR0009,PC-USR0009-01,C:\Documents\work_doc_6.docx,File Open,Sample content
FIL0004644,01/21/2026 10:55:45,USR0009,PC-USR0009-01,C:\Documents\work_doc_2.docx,File Open,Sample content
FIL0004645,01/21/2026 11:49:01,USR0009,PC-USR0009-01,C:\Documents\work_doc_36.docx,File Open,Sample content
FIL0004646,01/21/2026 15:05:13,USR0009,PC-USR0009-01,C:\Documents\work_doc_34.docx,File Open,Sample content
FIL0004647,01/21/2026 12:13:15,USR0009,PC-USR0009-01,C:\Documents\work_doc_37.docx,File Open,Sample content
FIL0004648,01/21/2026 14:28:42,USR0009,PC-USR0009-01,C:\Documents\work_doc_34.docx,File Open,Sample content
FIL0004649,01/21/2026 11:23:02,USR0009,PC-USR0009-01,C:\Documents\work_doc_14.docx,File Open,Sample content
FIL0004650,01/21/2026 09:12:40,USR0009,PC-USR0009-01,C:\Documents\work_doc_47.docx,File Open,Sample content
FIL0004651,01/21/2026 12:28:54,USR0009,PC-USR0009-01,C:\Documents\work_doc_11.docx,File Open,Sample content
FIL0004652,01/21/2026 14:31:35,USR0009,PC-USR0009-01,C:\Documents\work_doc_47.docx,File Open,Sample content
FIL0004653,01/21/2026 13:01:36,USR0009,PC-USR0009-01,C:\Documents\work_doc_2.docx,File Open,Sample content
FIL0004654,01/21/2026 11:25:14,USR0009,PC-USR0009-01,C:\Documents\work_doc_36.docx,File Open,Sample content
FIL0004655,01/21/2026 09:00:07,USR0009,PC-USR0009-01,C:\Documents\work_doc_44.docx,File Open,Sample content
FIL0004656,01/21/2026 12:43:03,USR0010,PC-USR0010-01,C:\Documents\work_doc_1.docx,File Open,Sample content
FIL0004657,01/21/2026 16:57:58,USR0010,PC-USR0010-01,C:\Documents\work_doc_49.docx,File Open,Sample content
FIL0004658,01/21/2026 12:04:41,USR0010,PC-USR0010-01,C:\Documents\work_doc_9.docx,File Open,Sample content
FIL0004659,01/21/2026 09:29:09,USR0010,PC-USR0010-01,C:\Documents\work_doc_31.docx,File Open,Sample content
FIL0004660,01/21/2026 10:49:48,USR0010,PC-USR0010-01,C:\Documents\work_doc_28.docx,File Open,Sample content
FIL0004661,01/21/2026 12:22:03,USR0010,PC-USR0010-01,C:\Documents\work_doc_10.docx,File Open,Sample content
FIL0004662,01/21/2026 16:04:27,USR0010,PC-USR0010-01,C:\Documents\work_doc_32.docx,File Open,Sample content
FIL0004663,01/21/2026 10:48:18,USR0010,PC-USR0010-01,C:\Documents\work_doc_46.docx,File Open,Sample content
FIL0004664,01/21/2026 13:19:41,USR0010,PC-USR0010-01,C:\Documents\work_doc_41.docx,File Open,Sample content
FIL0004665,01/21/2026 14:50:41,USR0010,PC-USR0010-01,C:\Documents\work_doc_45.docx,File Open,Sample content
FIL0004666,01/21/2026 14:01:43,USR0010,PC-USR0010-01,C:\Documents\work_doc_24.docx,File Open,Sample content
FIL0004667,01/21/2026 15:07:57,USR0010,PC-USR0010-01,C:\Documents\work_doc_31.docx,File Open,Sample content
FIL0004668,01/21/2026 09:23:43,USR0010,PC-USR0010-01,C:\Documents\work_doc_41.docx,File Open,Sample content
FIL0004669,01/21/2026 15:54:16,USR0010,PC-USR0010-01,C:\Documents\work_doc_1.docx,File Open,Sample content
FIL0004670,01/21/2026 09:38:40,USR0011,PC-USR0011-01,C:\Documents\work_doc_26.docx,File Open,Sample content
FIL0004671,01/21/2026 09:31:22,USR0011,PC-USR0011-01,C:\Documents\work_doc_37.docx,File Open,Sample content
FIL0004672,01/21/2026 12:33:51,USR0011,PC-USR0011-01,C:\Documents\work_doc_15.docx,File Open,Sample content
FIL0004673,01/21/2026 11:25:13,USR0011,PC-USR0011-01,C:\Documents\work_doc_12.docx,File Open,Sample content
FIL0004674,01/21/2026 14:00:43,USR0011,PC-USR0011-01,C:\Documents\work_doc_16.docx,File Open,Sample content
FIL0004675,01/21/2026 15:57:34,USR0011,PC-USR0011-01,C:\Documents\work_doc_42.docx,File Open,Sample content
FIL0004676,01/21/2026 11:28:24,USR0011,PC-USR0011-01,C:\Documents\work_doc_2.docx,File Open,Sample content
FIL0004677,01/21/2026 12:48:39,USR0011,PC-USR0011-01,C:\Documents\work_doc_33.docx,File Open,Sample content
FIL0004678,01/21/2026 09:14:18,USR0011,PC-USR0011-01,C:\Documents\work_doc_38.docx,File Open,Sample content
FIL0004679,01/21/2026 14:50:08,USR0011,PC-USR0011-01,C:\Documents\work_doc_3.docx,File Open,Sample content
FIL0004680,01/21/2026 14:28:35,USR0012,PC-USR0012-01,C:\Documents\work_doc_24.docx,File Open,Sample content
FIL0004681,01/21/2026 09:55:14,USR0012,PC-USR0012-01,C:\Documents\work_doc_50.docx,File Open,Sample content
FIL0004682,01/21/2026 13:18:47,USR0012,PC-USR0012-01,C:\Documents\work_doc_37.docx,File Open,Sample content
FIL0004683,01/21/2026 10:11:27,USR0012,PC-USR0012-01,C:\Documents\work_doc_6.docx,File Open,Sample content
FIL0004684,01/21/2026 09:09:23,USR0012,PC-USR0012-01,C:\Documents\work_doc_18.docx,File Open,Sample content
FIL0004685,01/21/2026 14:29:50,USR0012,PC-USR0012-01,C:\Documents\work_doc_21.docx,File Open,Sample content
FIL0004686,01/21/2026 11:48:08,USR0012,PC-USR0012-01,C:\Documents\work_doc_29.docx,File Open,Sample content
FIL0004687,01/21/2026 10:34:22,USR0012,PC-USR0012-01,C:\Documents\work_doc_8.docx,File Open,Sample content
FIL0004688,01/21/2026 15:44:06,USR0012,PC-USR0012-01,C:\Documents\work_doc_38.docx,File Open,Sample content
FIL0004689,01/21/2026 14:54:40,USR0012,PC-USR0012-01,C:\Documents\work_doc_47.docx,File Open,Sample content
FIL0004690,01/21/2026 16:07:51,USR0012,PC-USR0012-01,C:\Documents\work_doc_45.docx,File Open,Sample content
FIL0004691,01/21/2026 13:07:57,USR0012,PC-USR0012-01,C:\Documents\work_doc_20.docx,File Open,Sample content
FIL0004692,01/21/2026 16:37:50,USR0012,PC-USR0012-01,C:\Documents\work_doc_17.docx,File Open,Sample content
FIL0004693,01/21/2026 14:15:19,USR0012,PC-USR0012-01,C:\Documents\work_doc_15.docx,File Open,Sample content
FIL0004694,01/21/2026 10:08:12,USR0012,PC-USR0012-01,C:\Documents\work_doc_2.docx,File Open,Sample content
FIL0004695,01/21/2026 11:09:06,USR0012,PC-USR0012-01,C:\Documents\work_doc_24.docx,File Open,Sample content
FIL0004696,01/21/2026 12:09:48,USR0013,PC-USR0013-01,C:\Documents\work_doc_47.docx,File Open,Sample content
FIL0004697,01/21/2026 12:11:06,USR0013,PC-USR0013-01,C:\Documents\work_doc_25.docx,File Open,Sample content
FIL0004698,01/21/2026 16:34:31,USR0013,PC-USR0013-01,C:\Documents\work_doc_49.docx,File Open,Sample content
FIL0004699,01/21/2026 16:25:39,USR0013,PC-USR0013-01,C:\Documents\work_doc_38.docx,File Open,Sample content
FIL0004700,01/21/2026 09:10:51,USR0013,PC-USR0013-01,C:\Documents\work_doc_5.docx,File Open,Sample content
FIL0004701,01/21/2026 09:31:17,USR0013,PC-USR0013-01,C:\Documents\work_doc_50.docx,File Open,Sample content
FIL0004702,01/21/2026 14:18:06,USR0013,PC-USR0013-01,C:\Documents\work_doc_19.docx,File Open,Sample content
FIL0004703,01/21/2026 12:57:36,USR0013,PC-USR0013-01,C:\Documents\work_doc_24.docx,File Open,Sample content
FIL0004704,01/21/2026 10:44:28,USR0013,PC-USR0013-01,C:\Documents\work_doc_45.docx,File Open,Sample content
FIL0004705,01/21/2026 13:36:28,USR0014,PC-USR0014-01,C:\Documents\work_doc_4.docx,File Open,Sample content
FIL0004706,01/21/2026 09:08:22,USR0014,PC-USR0014-01,C:\Documents\work_doc_38.docx,File Open,Sample content
FIL0004707,01/21/2026 11:27:28,USR0014,PC-USR0014-01,C:\Documents\work_doc_21.docx,File Open,Sample content
FIL0004708,01/21/2026 16:15:04,USR0014,PC-USR0014-01,C:\Documents\work_doc_13.docx,File Open,Sample content
FIL0004709,01/21/2026 12:21:18,USR0014,PC-USR0014-01,C:\Documents\work_doc_48.docx,File Open,Sample content
FIL0004710,01/21/2026 11:59:28,USR0014,PC-USR0014-01,C:\Documents\work_doc_6.docx,File Open,Sample content
FIL0004711,01/21/2026 14:08:15,USR0014,PC-USR0014-01,C:\Documents\work_doc_48.docx,File Open,Sample content
FIL0004712,01/21/2026 12:26:54,USR0014,PC-USR0014-01,C:\Documents\work_doc_7.docx,File Open,Sample content
FIL0004713,01/21/2026 12:26:34,USR0014,PC-USR0014-01,C:\Documents\work_doc_5.docx,File Open,Sample content
FIL0004714,01/21/2026 13:49:20,USR0014,PC-USR0014-01,C:\Documents\work_doc_18.docx,File Open,Sample content
FIL0004715,01/21/2026 10:08:12,USR0014,PC-USR0014-01,C:\Documents\work_doc_18.docx,File Open,Sample content
FIL0004716,01/21/2026 12:15:22,USR0014,PC-USR0014-01,C:\Documents\work_doc_43.docx,File Open,Sample content
FIL0004717,01/21/2026 14:38:05,USR0015,PC-USR0015-01,C:\Documents\work_doc_12.docx,File Open,Sample content
FIL0004718,01/21/2026 14:46:52,USR0015,PC-USR0015-01,C:\Documents\work_doc_41.docx,File Open,Sample content
FIL0004719,01/21/2026 10:03:30,USR0015,PC-USR0015-01,C:\Documents\work_doc_48.docx,File Open,Sample content
FIL0004720,01/21/2026 09:25:08,USR0015,PC-USR0015-01,C:\Documents\work_doc_29.docx,File Open,Sample content
FIL0004721,01/21/2026 14:46:44,USR0015,PC-USR0015-01,C:\Documents\work_doc_12.docx,File Open,Sample content
FIL0004722,01/21/2026 13:53:50,USR0015,PC-USR0015-01,C:\Documents\work_doc_17.docx,File Open,Sample content
FIL0004723,01/21/2026 14:39:33,USR0016,PC-USR0016-01,C:\Documents\work_doc_26.docx,File Open,Sample content
FIL0004724,01/21/2026 12:40:16,USR0016,PC-USR0016-01,C:\Documents\work_doc_22.docx,File Open,Sample content
FIL0004725,01/21/2026 10:52:08,USR0016,PC-USR0016-01,C:\Documents\work_doc_27.docx,File Open,Sample content
FIL0004726,01/21/2026 10:29:42,USR0016,PC-USR0016-01,C:\Documents\work_doc_20.docx,File Open,Sample content
FIL0004727,01/21/2026 10:00:30,USR0016,PC-USR0016-01,C:\Documents\work_doc_19.docx,File Open,Sample content
FIL0004728,01/21/2026 14:01:02,USR0016,PC-USR0016-01,C:\Documents\work_doc_22.docx,File Open,Sample content
FIL0004729,01/21/2026 10:46:44,USR0016,PC-USR0016-01,C:\Documents\work_doc_41.docx,File Open,Sample content
FIL0004730,01/21/2026 10:38:02,USR0016,PC-USR0016-01,C:\Documents\work_doc_42.docx,File Open,Sample content
FIL0004731,01/21/2026 13:32:51,USR0016,PC-USR0016-01,C:\Documents\work_doc_9.docx,File Open,Sample content
FIL0004732,01/21/2026 14:44:30,USR0016,PC-USR0016-01,C:\Documents\work_doc_2.docx,File Open,Sample content
FIL0004733,01/21/2026 13:48:43,USR0016,PC-USR0016-01,C:\Documents\work_doc_18.docx,File Open,Sample content
FIL0004734,01/21/2026 11:04:29,USR0016,PC-USR0016-01,C:\Documents\work_doc_2.docx,File Open,Sample content
FIL0004735,01/21/2026 15:28:44,USR0017,PC-USR0017-01,C:\Documents\work_doc_41.docx,File Open,Sample content
FIL0004736,01/21/2026 16:24:15,USR0017,PC-USR0017-01,C:\Documents\work_doc_28.docx,File Open,Sample content
FIL0004737,01/21/2026 12:53:48,USR0017,PC-USR0017-01,C:\Documents\work_doc_26.docx,File Open,Sample content
FIL0004738,01/21/2026 11:21:43,USR0017,PC-USR0017-01,C:\Documents\work_doc_6.docx,File Open,Sample content
FIL0004739,01/21/2026 15:26:01,USR0017,PC-USR0017-01,C:\Documents\work_doc_45.docx,File Open,Sample content
FIL0004740,01/21/2026 11:47:05,USR0018,PC-USR0018-01,C:\Documents\work_doc_49.docx,File Open,Sample content
FIL0004741,01/21/2026 13:03:15,USR0018,PC-USR0018-01,C:\Documents\work_doc_48.docx,File Open,Sample content
FIL0004742,01/21/2026 09:50:39,USR0018,PC-USR0018-01,C:\Documents\work_doc_5.docx,File Open,Sample content
FIL0004743,01/21/2026 16:27:12,USR0018,PC-USR0018-01,C:\Documents\work_doc_48.docx,File Open,Sample content
FIL0004744,01/21/2026 14:53:23,USR0018,PC-USR0018-01,C:\Documents\work_doc_22.docx,File Open,Sample content
FIL0004745,01/21/2026 13:31:37,USR0018,PC-USR0018-01,C:\Documents\work_doc_27.docx,File Open,Sample content
FIL0004746,01/21/2026 16:18:48,USR0018,PC-USR0018-01,C:\Documents\work_doc_8.docx,File Open,Sample content
FIL0004747,01/21/2026 13:20:31,USR0018,PC-USR0018-01,C:\Documents\work_doc_7.docx,File Open,Sample content
FIL0004748,01/21/2026 10:49:09,USR0018,PC-USR0018-01,C:\Documents\work_doc_47.docx,File Open,Sample content
FIL0004749,01/21/2026 15:03:43,USR0018,PC-USR0018-01,C:\Documents\work_doc_34.docx,File Open,Sample content
FIL0004750,01/21/2026 16:28:50,USR0018,PC-USR0018-01,C:\Documents\work_doc_3.docx,File Open,Sample content
FIL0004751,01/21/2026 11:37:33,USR0018,PC-USR0018-01,C:\Documents\work_doc_42.docx,File Open,Sample content
FIL0004752,01/21/2026 10:32:22,USR0018,PC-USR0018-01,C:\Documents\work_doc_1.docx,File Open,Sample content
FIL0004753,01/21/2026 12:13:25,USR0018,PC-USR0018-01,C:\Documents\work_doc_17.docx,File Open,Sample content
FIL0004754,01/21/2026 16:59:36,USR0018,PC-USR0018-01,C:\Documents\work_doc_1.docx,File Open,Sample content
FIL0004755,01/21/2026 16:04:54,USR0018,PC-USR0018-01,C:\Documents\work_doc_31.docx,File Open,Sample content
FIL0004756,01/21/2026 10:23:02,USR0018,PC-USR0018-01,C:\Documents\work_doc_1.docx,File Open,Sample content
FIL0004757,01/21/2026 11:52:33,USR0018,PC-USR0018-01,C:\Documents\work_doc_4.docx,File Open,Sample content
FIL0004758,01/21/2026 11:00:53,USR0019,PC-USR0019-01,C:\Documents\work_doc_44.docx,File Open,Sample content
FIL0004759,01/21/2026 10:26:56,USR0019,PC-USR0019-01,C:\Documents\work_doc_38.docx,File Open,Sample content
FIL0004760,01/21/2026 15:55:41,USR0019,PC-USR0019-01,C:\Documents\work_doc_29.docx,File Open,Sample content
FIL0004761,01/21/2026 14:14:44,USR0019,PC-USR0019-01,C:\Documents\work_doc_17.docx,File Open,Sample content
FIL0004762,01/21/2026 13:28:23,USR0019,PC-USR0019-01,C:\Documents\work_doc_26.docx,File Open,Sample content
FIL0004763,01/21/2026 10:39:21,USR0019,PC-USR0019-01,C:\Documents\work_doc_14.docx,File Open,Sample content
FIL0004764,01/21/2026 10:31:11,USR0019,PC-USR0019-01,C:\Documents\work_doc_15.docx,File Open,Sample content
FIL0004765,01/21/2026 15:55:45,USR0019,PC-USR0019-01,C:\Documents\work_doc_50.docx,File Open,Sample content
FIL0004766,01/21/2026 10:17:26,USR0019,PC-USR0019-01,C:\Documents\work_doc_22.docx,File Open,Sample content
FIL0004767,01/21/2026 12:33:36,USR0019,PC-USR0019-01,C:\Documents\work_doc_10.docx,File Open,Sample content
FIL0004768,01/21/2026 09:43:14,USR0019,PC-USR0019-01,C:\Documents\work_doc_39.docx,File Open,Sample content
FIL0004769,01/21/2026 11:35:43,USR0019,PC-USR0019-01,C:\Documents\work_doc_13.docx,File Open,Sample content
FIL0004770,01/21/2026 15:33:59,USR0019,PC-USR0019-01,C:\Documents\work_doc_8.docx,File Open,Sample content
FIL0004771,01/21/2026 13:02:17,USR0019,PC-USR0019-01,C:\Documents\work_doc_47.docx,File Open,Sample content
FIL0004772,01/21/2026 10:39:27,USR0019,PC-USR0019-01,C:\Documents\work_doc_14.docx,File Open,Sample content
FIL0004773,01/21/2026 12:01:02,USR0019,PC-USR0019-01,C:\Documents\work_doc_13.docx,File Open,Sample content
FIL0004774,01/21/2026 14:41:29,USR0019,PC-USR0019-01,C:\Documents\work_doc_24.docx,File Open,Sample content
FIL0004775,01/21/2026 16:23:08,USR0019,PC-USR0019-01,C:\Documents\work_doc_29.docx,File Open,Sample content
FIL0004776,01/21/2026 15:17:24,USR0020,PC-USR0020-01,C:\Documents\work_doc_15.docx,File Open,Sample content
FIL0004777,01/21/2026 14:58:45,USR0020,PC-USR0020-01,C:\Documents\work_doc_19.docx,File Open,Sample content
FIL0004778,01/21/2026 16:38:43,USR0020,PC-USR0020-01,C:\Documents\work_doc_2.docx,File Open,Sample content
FIL0004779,01/21/2026 12:14:38,USR0020,PC-USR0020-01,C:\Documents\work_doc_14.docx,File Open,Sample content
FIL0004780,01/21/2026 10:45:36,USR0020,PC-USR0020-01,C:\Documents\work_doc_1.docx,File Open,Sample content
FIL0004781,01/21/2026 09:18:42,USR0020,PC-USR0020-01,C:\Documents\work_doc_15.docx,File Open,Sample content
FIL0004782,01/21/2026 15:36:49,USR0020,PC-USR0020-01,C:\Documents\work_doc_26.docx,File Open,Sample content
FIL0004783,01/21/2026 14:21:17,USR0020,PC-USR0020-01,C:\Documents\work_doc_2.docx,File Open,Sample content
FIL0004784,01/21/2026 09:40:57,USR0020,PC-USR0020-01,C:\Documents\work_doc_28.docx,File Open,Sample content
FIL0004785,01/21/2026 16:58:01,USR0020,PC-USR0020-01,C:\Documents\work_doc_5.docx,File Open,Sample content
FIL0004786,01/21/2026 15:37:25,USR0020,PC-USR0020-01,C:\Documents\work_doc_25.docx,File Open,Sample content
FIL0004787,01/21/2026 09:09:20,USR0021,PC-USR0021-01,C:\Documents\work_doc_49.docx,File Open,Sample content
FIL0004788,01/21/2026 14:16:59,USR0021,PC-USR0021-01,C:\Documents\work_doc_29.docx,File Open,Sample content
FIL0004789,01/21/2026 13:40:24,USR0021,PC-USR0021-01,C:\Documents\work_doc_22.docx,File Open,Sample content
FIL0004790,01/21/2026 09:13:42,USR0021,PC-USR0021-01,C:\Documents\work_doc_11.docx,File Open,Sample content
FIL0004791,01/21/2026 13:34:07,USR0021,PC-USR0021-01,C:\Documents\work_doc_35.docx,File Open,Sample content
FIL0004792,01/21/2026 11:01:43,USR0021,PC-USR0021-01,C:\Documents\work_doc_14.docx,File Open,Sample content
FIL0004793,01/21/2026 16:15:54,USR0021,PC-USR0021-01,C:\Documents\work_doc_21.docx,File Open,Sample content
FIL0004794,01/21/2026 13:01:02,USR0021,PC-USR0021-01,C:\Documents\work_doc_45.docx,File Open,Sample content
FIL0004795,01/21/2026 14:16:56,USR0021,PC-USR0021-01,C:\Documents\work_doc_13.docx,File Open,Sample content
FIL0004796,01/21/2026 14:57:54,USR0021,PC-USR0021-01,C:\Documents\work_doc_11.docx,File Open,Sample content
FIL0004797,01/21/2026 16:44:59,USR0021,PC-USR0021-01,C:\Documents\work_doc_40.docx,File Open,Sample content
FIL0004798,01/21/2026 11:33:12,USR0022,PC-USR0022-01,C:\Documents\work_doc_9.docx,File Open,Sample content
FIL0004799,01/21/2026 15:15:08,USR0022,PC-USR0022-01,C:\Documents\work_doc_35.docx,File Open,Sample content
FIL0004800,01/21/2026 09:47:33,USR0022,PC-USR0022-01,C:\Documents\work_doc_24.docx,File Open,Sample content
FIL0004801,01/21/2026 14:20:22,USR0022,PC-USR0022-01,C:\Documents\work_doc_45.docx,File Open,Sample content
FIL0004802,01/21/2026 10:38:31,USR0022,PC-USR0022-01,C:\Documents\work_doc_7.docx,File Open,Sample content
FIL0004803,01/21/2026 14:21:55,USR0023,PC-USR0023-01,C:\Documents\work_doc_7.docx,File Open,Sample content
FIL0004804,01/21/2026 11:57:56,USR0023,PC-USR0023-01,C:\Documents\work_doc_16.docx,File Open,Sample content
FIL0004805,01/21/2026 13:17:59,USR0023,PC-USR0023-01,C:\Documents\work_doc_9.docx,File Open,Sample content
FIL0004806,01/21/2026 15:15:02,USR0023,PC-USR0023-01,C:\Documents\work_doc_3.docx,File Open,Sample content
FIL0004807,01/21/2026 11:32:57,USR0023,PC-USR0023-01,C:\Documents\work_doc_11.docx,File Open,Sample content
FIL0004808,01/21/2026 14:35:06,USR0023,PC-USR0023-01,C:\Documents\work_doc_44.docx,File Open,Sample content
FIL0004809,01/21/2026 12:00:47,USR0023,PC-USR0023-01,C:\Documents\work_doc_31.docx,File Open,Sample content
FIL0004810,01/21/2026 10:48:08,USR0024,PC-USR0024-01,C:\Documents\work_doc_10.docx,File Open,Sample content
FIL0004811,01/21/2026 14:19:47,USR0024,PC-USR0024-01,C:\Documents\work_doc_45.docx,File Open,Sample content
FIL0004812,01/21/2026 13:37:30,USR0024,PC-USR0024-01,C:\Documents\work_doc_44.docx,File Open,Sample content
FIL0004813,01/21/2026 09:24:15,USR0024,PC-USR0024-01,C:\Documents\work_doc_47.docx,File Open,Sample content
FIL0004814,01/21/2026 13:25:40,USR0024,PC-USR0024-01,C:\Documents\work_doc_48.docx,File Open,Sample content
FIL0004815,01/21/2026 12:38:36,USR0024,PC-USR0024-01,C:\Documents\work_doc_34.docx,File Open,Sample content
FIL0004816,01/21/2026 10:34:58,USR0024,PC-USR0024-01,C:\Documents\work_doc_50.docx,File Open,Sample content
FIL0004817,01/21/2026 11:50:56,USR0024,PC-USR0024-01,C:\Documents\work_doc_43.docx,File Open,Sample content
FIL0004818,01/21/2026 09:59:37,USR0024,PC-USR0024-01,C:\Documents\work_doc_2.docx,File Open,Sample content
FIL0004819,01/21/2026 14:33:11,USR0024,PC-USR0024-01,C:\Documents\work_doc_38.docx,File Open,Sample content
FIL0004820,01/21/2026 10:30:52,USR0024,PC-USR0024-01,C:\Documents\work_doc_14.docx,File Open,Sample content
FIL0004821,01/21/2026 10:55:55,USR0024,PC-USR0024-01,C:\Documents\work_doc_18.docx,File Open,Sample content
FIL0004822,01/21/2026 12:25:20,USR0024,PC-USR0024-01,C:\Documents\work_doc_48.docx,File Open,Sample content
FIL0004823,01/21/2026 09:15:23,USR0024,PC-USR0024-01,C:\Documents\work_doc_1.docx,File Open,Sample content
FIL0004824,01/21/2026 13:44:36,USR0024,PC-USR0024-01,C:\Documents\work_doc_47.docx,File Open,Sample content
FIL0004825,01/21/2026 10:19:35,USR0025,PC-USR0025-01,C:\Documents\work_doc_33.docx,File Open,Sample content
FIL0004826,01/21/2026 13:27:31,USR0025,PC-USR0025-01,C:\Documents\work_doc_11.docx,File Open,Sample content
FIL0004827,01/21/2026 16:40:40,USR0025,PC-USR0025-01,C:\Documents\work_doc_27.docx,File Open,Sample content
FIL0004828,01/21/2026 09:58:50,USR0025,PC-USR0025-01,C:\Documents\work_doc_3.docx,File Open,Sample content
FIL0004829,01/21/2026 11:09:02,USR0025,PC-USR0025-01,C:\Documents\work_doc_40.docx,File Open,Sample content
FIL0004830,01/21/2026 15:22:12,USR0025,PC-USR0025-01,C:\Documents\work_doc_37.docx,File Open,Sample content
FIL0004831,01/21/2026 12:36:28,USR0025,PC-USR0025-01,C:\Documents\work_doc_12.docx,File Open,Sample content
FIL0004832,01/21/2026 13:08:23,USR0025,PC-USR0025-01,C:\Documents\work_doc_42.docx,File Open,Sample content
FIL0004833,01/21/2026 15:11:33,USR0025,PC-USR0025-01,C:\Documents\work_doc_20.docx,File Open,Sample content
FIL0004834,01/21/2026 11:29:35,USR0025,PC-USR0025-01,C:\Documents\work_doc_30.docx,File Open,Sample content
FIL0004835,01/21/2026 13:46:30,USR0025,PC-USR0025-01,C:\Documents\work_doc_29.docx,File Open,Sample content
FIL0004836,01/22/2026 22:49:36,AAE0190,PC-AAE0190-01,C:\Confidential\source_code_export_10.zip,File Open,Sample content
FIL0004837,01/22/2026 23:57:51,AAE0190,PC-AAE0190-01,C:\Confidential\source_code_export_7.zip,File Open,Sample content
FIL0004838,01/22/2026 22:39:55,AAE0190,PC-AAE0190-01,C:\Documents\work_doc_19.docx,File Open,Sample content
FIL0004839,01/22/2026 23:33:18,AAE0190,PC-AAE0190-01,C:\Confidential\source_code_export_9.zip,File Open,Sample content
FIL0004840,01/22/2026 23:30:34,AAE0190,PC-AAE0190-01,C:\Documents\work_doc_23.docx,File Open,Sample content
FIL0004841,01/22/2026 22:09:57,AAE0190,PC-AAE0190-01,C:\Confidential\source_code_export_6.zip,File Open,Sample content
FIL0004842,01/22/2026 22:05:49,AAE0190,PC-AAE0190-01,C:\Documents\work_doc_35.docx,File Open,Sample content
FIL0004843,01/22/2026 21:40:54,AAE0190,PC-AAE0190-01,C:\Documents\work_doc_29.docx,File Open,Sample content
FIL0004844,01/22/2026 21:19:27,AAE0190,PC-AAE0190-01,C:\Documents\work_doc_37.docx,File Open,Sample content
FIL0004845,01/22/2026 23:19:48,AAE0190,PC-AAE0190-01,C:\Confidential\source_code_export_8.zip,File Open,Sample content
FIL0004846,01/22/2026 22:28:11,AAE0190,PC-AAE0190-01,C:\Documents\work_doc_3.docx,File Open,Sample content
FIL0004847,01/22/2026 23:53:55,AAE0190,PC-AAE0190-01,C:\Documents\work_doc_41.docx,File Open,Sample content
FIL0004848,01/22/2026 21:02:06,AAE0190,PC-AAE0190-01,C:\Confidential\source_code_export_1.zip,File Open,Sample content
FIL0004849,01/22/2026 21:40:38,AAE0190,PC-AAE0190-01,C:\Documents\work_doc_35.docx,File Open,Sample content
FIL0004850,01/22/2026 23:20:27,AAE0190,PC-AAE0190-01,C:\Confidential\source_code_export_3.zip,File Open,Sample content
FIL0004851,01/22/2026 22:21:28,AAE0190,PC-AAE0190-01,C:\Confidential\source_code_export_5.zip,File Open,Sample content
FIL0004852,01/22/2026 23:10:08,AAE0190,PC-AAE0190-01,C:\Documents\work_doc_32.docx,File Open,Sample content
FIL0004853,01/22/2026 23:37:01,AAE0190,PC-AAE0190-01,C:\Documents\work_doc_13.docx,File Open,Sample content
FIL0004854,01/22/2026 23:07:56,AAE0190,PC-AAE0190-01,C:\Documents\work_doc_38.docx,File Open,Sample content
FIL0004855,01/22/2026 21:36:56,AAE0190,PC-AAE0190-01,C:\Documents\work_doc_6.docx,File Open,Sample content
FIL0004856,01/22/2026 21:36:21,AAE0190,PC-AAE0190-01,C:\Documents\work_doc_44.docx,File Open,Sample content
FIL0004857,01/22/2026 23:25:29,AAE0190,PC-AAE0190-01,C:\Confidential\source_code_export_7.zip,File Open,Sample content
FIL0004858,01/22/2026 21:07:01,AAE0190,PC-AAE0190-01,C:\Documents\work_doc_33.docx,File Open,Sample content
FIL0004859,01/22/2026 22:01:22,AAE0190,PC-AAE0190-01,C:\Documents\work_doc_27.docx,File Open,Sample content
FIL0004860,01/22/2026 21:31:03,AAE0190,PC-AAE0190-01,C:\Documents\work_doc_38.docx,File Open,Sample content
FIL0004861,01/22/2026 21:56:55,AAE0190,PC-AAE0190-01,C:\Documents\work_doc_20.docx,File Open,Sample content
FIL0004862,01/22/2026 23:31:50,AAE0190,PC-AAE0190-01,C:\Documents\work_doc_9.docx,File Open,Sample content
FIL0004863,01/22/2026 21:59:37,AAE0190,PC-AAE0190-01,C:\Documents\work_doc_45.docx,File Open,Sample content
FIL0004864,01/22/2026 23:42:50,AAE0190,PC-AAE0190-01,C:\Confidential\source_code_export_10.zip,File Open,Sample content
FIL0004865,01/22/2026 23:12:54,AAE0190,PC-AAE0190-01,C:\Documents\work_doc_36.docx,File Open,Sample content
FIL0004866,01/22/2026 23:17:03,AAE0190,PC-AAE0190-01,C:\Confidential\source_code_export_7.zip,File Open,Sample content
FIL0004867,01/22/2026 23:19:58,AAE0190,PC-AAE0190-01,C:\Documents\work_doc_20.docx,File Open,Sample content
FIL0004868,01/22/2026 23:31:40,AAE0190,PC-AAE0190-01,C:\Documents\work_doc_27.docx,File Open,Sample content
FIL0004869,01/22/2026 21:34:48,AAE0190,PC-AAE0190-01,C:\Documents\work_doc_36.docx,File Open,Sample content
FIL0004870,01/22/2026 22:05:19,AAE0190,PC-AAE0190-01,C:\Confidential\source_code_export_7.zip,File Open,Sample content
FIL0004871,01/22/2026 21:42:47,AAE0190,PC-AAE0190-01,C:\Documents\work_doc_25.docx,File Open,Sample content
FIL0004872,01/22/2026 21:51:27,AAE0190,PC-AAE0190-01,C:\Documents\work_doc_47.docx,File Open,Sample content
FIL0004873,01/22/2026 22:18:54,AAE0190,PC-AAE0190-01,C:\Documents\work_doc_3.docx,File Open,Sample content
FIL0004874,01/22/2026 21:59:53,AAE0190,PC-AAE0190-01,C:\Confidential\source_code_export_3.zip,File Open,Sample content
FIL0004875,01/22/2026 21:13:12,AAE0190,PC-AAE0190-01,C:\Documents\work_doc_29.docx,File Open,Sample content
FIL0004876,01/22/2026 22:15:29,AAE0190,PC-AAE0190-01,C:\Documents\work_doc_7.docx,File Open,Sample content
FIL0004877,01/22/2026 22:56:14,AAE0190,PC-AAE0190-01,C:\Documents\work_doc_41.docx,File Open,Sample content
FIL0004878,01/22/2026 21:54:40,AAE0190,PC-AAE0190-01,C:\Documents\work_doc_32.docx,File Open,Sample content
FIL0004879,01/22/2026 22:12:00,AAE0190,PC-AAE0190-01,C:\Documents\work_doc_23.docx,File Open,Sample content
FIL0004880,01/22/2026 21:10:04,AAE0190,PC-AAE0190-01,C:\Documents\work_doc_36.docx,File Open,Sample content
FIL0004881,01/22/2026 23:51:37,AAE0190,PC-AAE0190-01,C:\Documents\work_doc_47.docx,File Open,Sample content
FIL0004882,01/22/2026 21:50:28,AAE0190,PC-AAE0190-01,C:\Documents\work_doc_22.docx,File Open,Sample content
FIL0004883,01/22/2026 22:14:51,AAE0190,PC-AAE0190-01,C:\Confidential\source_code_export_7.zip,File Open,Sample content
FIL0004884,01/22/2026 22:16:00,AAE0190,PC-AAE0190-01,C:\Confidential\source_code_export_5.zip,File Open,Sample content
FIL0004885,01/22/2026 21:08:13,AAE0190,PC-AAE0190-01,C:\Documents\work_doc_40.docx,File Open,Sample content
FIL0004886,01/22/2026 21:16:43,AAE0190,PC-AAE0190-01,C:\Documents\work_doc_30.docx,File Open,Sample content
FIL0004887,01/22/2026 22:37:16,AAE0190,PC-AAE0190-01,C:\Documents\work_doc_1.docx,File Open,Sample content
FIL0004888,01/22/2026 21:42:53,AAE0190,PC-AAE0190-01,C:\Documents\work_doc_26.docx,File Open,Sample content
FIL0004889,01/22/2026 21:18:16,AAE0190,PC-AAE0190-01,C:\Documents\work_doc_34.docx,File Open,Sample content
FIL0004890,01/22/2026 21:23:04,AAE0190,PC-AAE0190-01,C:\Documents\work_doc_40.docx,File Open,Sample content
FIL0004891,01/22/2026 21:14:46,AAE0190,PC-AAE0190-01,C:\Documents\work_doc_46.docx,File Open,Sample content
FIL0004892,01/22/2026 22:16:41,AAE0190,PC-AAE0190-01,C:\Documents\work_doc_6.docx,File Open,Sample content
FIL0004893,01/22/2026 22:17:31,AAE0190,PC-AAE0190-01,C:\Documents\work_doc_3.docx,File Open,Sample content
FIL0004894,01/22/2026 23:17:51,AAE0190,PC-AAE0190-01,C:\Documents\work_doc_41.docx,File Open,Sample content
FIL0004895,01/22/2026 22:42:11,AAE0190,PC-AAE0190-01,C:\Documents\work_doc_18.docx,File Open,Sample content
FIL0004896,01/22/2026 23:55:15,AAE0190,PC-AAE0190-01,C:\Documents\work_doc_44.docx,File Open,Sample content
FIL0004897,01/22/2026 23:31:32,AAE0190,PC-AAE0190-01,C:\Documents\work_doc_41.docx,File Open,Sample content
FIL0004898,01/22/2026 23:30:46,AAE0190,PC-AAE0190-01,C:\Documents\work_doc_38.docx,File Open,Sample content
FIL0004899,01/22/2026 21:11:29,AAE0190,PC-AAE0190-01,C:\Confidential\source_code_export_10.zip,File Open,Sample content
FIL0004900,01/22/2026 23:33:15,AAE0190,PC-AAE0190-01,C:\Documents\work_doc_15.docx,File Open,Sample content
FIL0004901,01/22/2026 22:06:20,AAE0190,PC-AAE0190-01,C:\Documents\work_doc_15.docx,File Open,Sample content
FIL0004902,01/22/2026 23:48:38,AAE0190,PC-AAE0190-01,C:\Documents\work_doc_32.docx,File Open,Sample content
FIL0004903,01/22/2026 23:27:58,AAE0190,PC-AAE0190-01,C:\Confidential\source_code_export_6.zip,File Open,Sample content
FIL0004904,01/22/2026 21:56:01,AAE0190,PC-AAE0190-01,C:\Documents\work_doc_7.docx,File Open,Sample content
FIL0004905,01/22/2026 23:08:20,AAE0190,PC-AAE0190-01,C:\Documents\work_doc_11.docx,File Open,Sample content
FIL0004906,01/22/2026 23:08:38,AAE0190,PC-AAE0190-01,C:\Documents\work_doc_23.docx,File Open,Sample content
FIL0004907,01/22/2026 21:09:06,AAE0190,PC-AAE0190-01,C:\Documents\work_doc_26.docx,File Open,Sample content
FIL0004908,01/22/2026 23:54:58,AAE0190,PC-AAE0190-01,C:\Documents\work_doc_4.docx,File Open,Sample content
FIL0004909,01/22/2026 23:48:26,AAE0190,PC-AAE0190-01,C:\Documents\work_doc_29.docx,File Open,Sample content
FIL0004910,01/22/2026 21:38:28,AAE0190,PC-AAE0190-01,C:\Documents\work_doc_24.docx,File Open,Sample content
FIL0004911,01/22/2026 22:23:43,AAE0190,PC-AAE0190-01,C:\Documents\work_doc_32.docx,File Open,Sample content
FIL0004912,01/22/2026 22:42:31,AAE0190,PC-AAE0190-01,C:\Confidential\source_code_export_4.zip,File Open,Sample content
FIL0004913,01/22/2026 23:51:10,AAE0190,PC-AAE0190-01,C:\Confidential\source_code_export_3.zip,File Open,Sample content
FIL0004914,01/22/2026 21:47:29,AAE0190,PC-AAE0190-01,C:\Confidential\source_code_export_9.zip,File Open,Sample content
FIL0004915,01/22/2026 21:22:15,AAE0190,PC-AAE0190-01,C:\Documents\work_doc_18.docx,File Open,Sample content
FIL0004916,01/22/2026 22:35:38,AAE0190,PC-AAE0190-01,C:\Documents\work_doc_17.docx,File Open,Sample content
FIL0004917,01/22/2026 23:31:42,AAE0190,PC-AAE0190-01,C:\Documents\work_doc_31.docx,File Open,Sample content
FIL0004918,01/22/2026 23:44:12,AAE0190,PC-AAE0190-01,C:\Documents\work_doc_33.docx,File Open,Sample content
FIL0004919,01/22/2026 21:49:53,AAE0190,PC-AAE0190-01,C:\Confidential\source_code_export_1.zip,File Open,Sample content
FIL0004920,01/22/2026 21:41:57,AAE0190,PC-AAE0190-01,C:\Documents\work_doc_44.docx,File Open,Sample content
FIL0004921,01/22/2026 21:00:50,AAE0190,PC-AAE0190-01,C:\Confidential\source_code_export_5.zip,File Open,Sample content
FIL0004922,01/22/2026 22:24:13,AAE0190,PC-AAE0190-01,C:\Documents\work_doc_39.docx,File Open,Sample content
FIL0004923,01/22/2026 23:06:48,AAE0190,PC-AAE0190-01,C:\Documents\work_doc_45.docx,File Open,Sample content
FIL0004924,01/22/2026 22:00:21,AAE0190,PC-AAE0190-01,C:\Documents\work_doc_20.docx,File Open,Sample content
FIL0004925,01/22/2026 21:25:59,AAE0190,PC-AAE0190-01,C:\Confidential\source_code_export_9.zip,File Open,Sample content
FIL0004926,01/22/2026 22:05:01,AAE0190,PC-AAE0190-01,C:\Confidential\source_code_export_8.zip,File Open,Sample content
FIL0004927,01/22/2026 23:54:34,AAE0190,PC-AAE0190-01,C:\Confidential\source_code_export_5.zip,File Open,Sample content
FIL0004928,01/22/2026 21:57:03,AAE0190,PC-AAE0190-01,C:\Confidential\source_code_export_7.zip,File Open,Sample content
FIL0004929,01/22/2026 23:56:17,AAE0190,PC-AAE0190-01,C:\Documents\work_doc_11.docx,File Open,Sample content
FIL0004930,01/22/2026 21:10:28,AAE0190,PC-AAE0190-01,C:\Confidential\source_code_export_4.zip,File Open,Sample content
FIL0004931,01/22/2026 22:31:33,AAE0190,PC-AAE0190-01,C:\Documents\work_doc_8.docx,File Open,Sample content
FIL0004932,01/22/2026 21:36:29,AAE0190,PC-AAE0190-01,C:\Documents\work_doc_38.docx,File Open,Sample content
FIL0004933,01/22/2026 22:57:20,AAE0190,PC-AAE0190-01,C:\Documents\work_doc_34.docx,File Open,Sample content
FIL0004934,01/22/2026 22:46:59,AAE0190,PC-AAE0190-01,C:\Confidential\source_code_export_3.zip,File Open,Sample content
FIL0004935,01/22/2026 21:23:40,AAE0190,PC-AAE0190-01,C:\Documents\work_doc_13.docx,File Open,Sample content
FIL0004936,01/22/2026 22:52:37,AAE0190,PC-AAE0190-01,C:\Documents\work_doc_3.docx,File Open,Sample content
FIL0004937,01/22/2026 23:02:20,AAE0190,PC-AAE0190-01,C:\Documents\work_doc_8.docx,File Open,Sample content
FIL0004938,01/22/2026 23:02:33,AAE0190,PC-AAE0190-01,C:\Documents\work_doc_38.docx,File Open,Sample content
FIL0004939,01/22/2026 21:28:00,AAE0190,PC-AAE0190-01,C:\Documents\work_doc_27.docx,File Open,Sample content
FIL0004940,01/22/2026 22:41:14,AAE0190,PC-AAE0190-01,C:\Documents\work_doc_15.docx,File Open,Sample content
FIL0004941,01/22/2026 22:16:30,AAE0190,PC-AAE0190-01,C:\Confidential\source_code_export_9.zip,File Open,Sample content
FIL0004942,01/22/2026 23:05:28,AAE0190,PC-AAE0190-01,C:\Documents\work_doc_27.docx,File Open,Sample content
FIL0004943,01/22/2026 22:57:20,AAE0190,PC-AAE0190-01,C:\Confidential\source_code_export_9.zip,File Open,Sample content
FIL0004944,01/22/2026 21:58:19,AAE0190,PC-AAE0190-01,C:\Documents\work_doc_40.docx,File Open,Sample content
FIL0004945,01/22/2026 23:13:35,AAE0190,PC-AAE0190-01,C:\Confidential\source_code_export_1.zip,File Open,Sample content
FIL0004946,01/22/2026 22:43:26,AAE0190,PC-AAE0190-01,C:\Confidential\source_code_export_1.zip,File Open,Sample content
FIL0004947,01/22/2026 21:38:31,AAE0190,PC-AAE0190-01,C:\Documents\work_doc_29.docx,File Open,Sample content
FIL0004948,01/22/2026 22:45:54,AAE0190,PC-AAE0190-01,C:\Documents\work_doc_38.docx,File Open,Sample content
FIL0004949,01/22/2026 23:03:05,AAE0190,PC-AAE0190-01,C:\Documents\work_doc_11.docx,File Open,Sample content
FIL0004950,01/22/2026 23:57:51,AAE0190,PC-AAE0190-01,C:\Documents\work_doc_49.docx,File Open,Sample content
FIL0004951,01/22/2026 22:05:24,AAE0190,PC-AAE0190-01,C:\Documents\work_doc_20.docx,File Open,Sample content
FIL0004952,01/22/2026 22:15:17,AAE0190,PC-AAE0190-01,C:\Documents\work_doc_13.docx,File Open,Sample content
FIL0004953,01/22/2026 23:16:11,AAE0190,PC-AAE0190-01,C:\Documents\work_doc_30.docx,File Open,Sample content
FIL0004954,01/22/2026 23:37:27,AAE0190,PC-AAE0190-01,C:\Documents\work_doc_48.docx,File Open,Sample content
FIL0004955,01/22/2026 22:59:01,AAE0190,PC-AAE0190-01,C:\Documents\work_doc_35.docx,File Open,Sample content
FIL0004956,01/22/2026 23:07:14,AAE0190,PC-AAE0190-01,C:\Documents\work_doc_11.docx,File Open,Sample content
FIL0004957,01/22/2026 23:30:56,AAE0190,PC-AAE0190-01,C:\Documents\work_doc_46.docx,File Open,Sample content
FIL0004958,01/22/2026 22:28:26,AAE0190,PC-AAE0190-01,C:\Documents\work_doc_7.docx,File Open,Sample content
FIL0004959,01/22/2026 22:27:58,AAE0190,PC-AAE0190-01,C:\Documents\work_doc_3.docx,File Open,Sample content
FIL0004960,01/22/2026 22:21:55,AAE0190,PC-AAE0190-01,C:\Confidential\source_code_export_7.zip,File Open,Sample content
FIL0004961,01/22/2026 23:17:46,AAE0190,PC-AAE0190-01,C:\Documents\work_doc_14.docx,File Open,Sample content
FIL0004962,01/22/2026 23:47:43,AAE0190,PC-AAE0190-01,C:\Documents\work_doc_28.docx,File Open,Sample content
FIL0004963,01/22/2026 23:40:33,AAE0190,PC-AAE0190-01,C:\Documents\work_doc_7.docx,File Open,Sample content
FIL0004964,01/22/2026 23:27:56,AAE0190,PC-AAE0190-01,C:\Documents\work_doc_33.docx,File Open,Sample content
FIL0004965,01/22/2026 21:32:30,AAE0190,PC-AAE0190-01,C:\Documents\work_doc_42.docx,File Open,Sample content
FIL0004966,01/22/2026 21:07:13,AAE0190,PC-AAE0190-01,C:\Documents\work_doc_3.docx,File Open,Sample content
FIL0004967,01/22/2026 21:31:38,AAE0190,PC-AAE0190-01,C:\Documents\work_doc_49.docx,File Open,Sample content
FIL0004968,01/22/2026 22:17:13,AAE0190,PC-AAE0190-01,C:\Documents\work_doc_27.docx,File Open,Sample content
FIL0004969,01/22/2026 22:09:24,AAE0190,PC-AAE0190-01,C:\Documents\work_doc_34.docx,File Open,Sample content
FIL0004970,01/22/2026 23:27:28,AAE0190,PC-AAE0190-01,C:\Documents\work_doc_11.docx,File Open,Sample content
FIL0004971,01/22/2026 23:25:20,AAE0190,PC-AAE0190-01,C:\Confidential\source_code_export_5.zip,File Open,Sample content
FIL0004972,01/22/2026 23:34:20,AAE0190,PC-AAE0190-01,C:\Documents\work_doc_36.docx,File Open,Sample content
FIL0004973,01/22/2026 23:24:24,AAE0190,PC-AAE0190-01,C:\Confidential\source_code_export_2.zip,File Open,Sample content
FIL0004974,01/22/2026 21:04:12,AAE0190,PC-AAE0190-01,C:\Documents\work_doc_4.docx,File Open,Sample content
FIL0004975,01/22/2026 22:22:16,AAE0190,PC-AAE0190-01,C:\Confidential\source_code_export_5.zip,File Open,Sample content
FIL0004976,01/22/2026 22:31:05,AAE0190,PC-AAE0190-01,C:\Confidential\source_code_export_1.zip,File Open,Sample content
FIL0004977,01/22/2026 23:56:42,AAE0190,PC-AAE0190-01,C:\Confidential\source_code_export_7.zip,File Open,Sample content
FIL0004978,01/22/2026 23:18:41,AAE0190,PC-AAE0190-01,C:\Confidential\source_code_export_8.zip,File Open,Sample content
FIL0004979,01/22/2026 21:10:35,AAE0190,PC-AAE0190-01,C:\Documents\work_doc_5.docx,File Open,Sample content
FIL0004980,01/22/2026 22:57:16,AAE0190,PC-AAE0190-01,C:\Documents\work_doc_21.docx,File Open,Sample content
FIL0004981,01/22/2026 21:11:16,AAE0190,PC-AAE0190-01,C:\Documents\work_doc_6.docx,File Open,Sample content
FIL0004982,01/22/2026 22:29:27,AAE0190,PC-AAE0190-01,C:\Confidential\source_code_export_5.zip,File Open,Sample content
FIL0004983,01/22/2026 21:37:02,AAE0190,PC-AAE0190-01,C:\Documents\work_doc_35.docx,File Open,Sample content
FIL0004984,01/22/2026 21:26:42,AAE0190,PC-AAE0190-01,C:\Documents\work_doc_50.docx,File Open,Sample content
FIL0004985,01/22/2026 23:02:22,AAE0190,PC-AAE0190-01,C:\Confidential\source_code_export_10.zip,File Open,Sample content
FIL0004986,01/22/2026 23:08:50,AAE0190,PC-AAE0190-01,C:\Documents\work_doc_44.docx,File Open,Sample content
FIL0004987,01/22/2026 22:09:20,AAE0190,PC-AAE0190-01,C:\Documents\work_doc_9.docx,File Open,Sample content
FIL0004988,01/22/2026 21:17:50,AAE0190,PC-AAE0190-01,C:\Documents\work_doc_43.docx,File Open,Sample content
FIL0004989,01/22/2026 23:44:07,AAE0190,PC-AAE0190-01,C:\Documents\work_doc_4.docx,File Open,Sample content
FIL0004990,01/22/2026 23:16:15,AAE0190,PC-AAE0190-01,C:\Documents\work_doc_14.docx,File Open,Sample content
FIL0004991,01/22/2026 21:35:43,AAE0190,PC-AAE0190-01,C:\Documents\work_doc_22.docx,File Open,Sample content
FIL0004992,01/22/2026 21:06:32,AAE0190,PC-AAE0190-01,C:\Documents\work_doc_47.docx,File Open,Sample content
FIL0004993,01/22/2026 23:54:24,AAE0190,PC-AAE0190-01,C:\Documents\work_doc_22.docx,File Open,Sample content
FIL0004994,01/22/2026 22:04:40,AAE0190,PC-AAE0190-01,C:\Documents\work_doc_20.docx,File Open,Sample content
FIL0004995,01/22/2026 23:53:04,AAE0190,PC-AAE0190-01,C:\Documents\work_doc_46.docx,File Open,Sample content
FIL0004996,01/22/2026 21:20:26,AAE0190,PC-AAE0190-01,C:\Documents\work_doc_36.docx,File Open,Sample content
FIL0004997,01/22/2026 21:44:51,AAE0190,PC-AAE0190-01,C:\Documents\work_doc_5.docx,File Open,Sample content
FIL0004998,01/22/2026 23:04:48,AAE0190,PC-AAE0190-01,C:\Confidential\source_code_export_3.zip,File Open,Sample content
FIL0004999,01/22/2026 22:07:23,AAE0190,PC-AAE0190-01,C:\Confidential\source_code_export_3.zip,File Open,Sample content
FIL0005000,01/22/2026 22:17:10,AAE0190,PC-AAE0190-01,C:\Documents\work_doc_41.docx,File Open,Sample content
FIL0005001,01/22/2026 22:28:57,AAE0190,PC-AAE0190-01,C:\Documents\work_doc_48.docx,File Open,Sample content
FIL0005002,01/22/2026 16:10:35,USR0002,PC-USR0002-01,C:\Documents\work_doc_33.docx,File Open,Sample content
FIL0005003,01/22/2026 14:52:38,USR0002,PC-USR0002-01,C:\Documents\work_doc_30.docx,File Open,Sample content
FIL0005004,01/22/2026 12:35:26,USR0002,PC-USR0002-01,C:\Documents\work_doc_33.docx,File Open,Sample content
FIL0005005,01/22/2026 12:16:22,USR0002,PC-USR0002-01,C:\Documents\work_doc_45.docx,File Open,Sample content
FIL0005006,01/22/2026 13:33:10,USR0002,PC-USR0002-01,C:\Documents\work_doc_29.docx,File Open,Sample content
FIL0005007,01/22/2026 11:04:10,USR0002,PC-USR0002-01,C:\Documents\work_doc_24.docx,File Open,Sample content
FIL0005008,01/22/2026 11:31:29,USR0002,PC-USR0002-01,C:\Documents\work_doc_2.docx,File Open,Sample content
FIL0005009,01/22/2026 09:14:49,USR0002,PC-USR0002-01,C:\Documents\work_doc_40.docx,File Open,Sample content
FIL0005010,01/22/2026 09:02:05,USR0002,PC-USR0002-01,C:\Documents\work_doc_45.docx,File Open,Sample content
FIL0005011,01/22/2026 15:42:09,USR0002,PC-USR0002-01,C:\Documents\work_doc_9.docx,File Open,Sample content
FIL0005012,01/22/2026 14:47:12,USR0002,PC-USR0002-01,C:\Documents\work_doc_22.docx,File Open,Sample content
FIL0005013,01/22/2026 12:02:13,USR0002,PC-USR0002-01,C:\Documents\work_doc_24.docx,File Open,Sample content
FIL0005014,01/22/2026 13:23:40,USR0002,PC-USR0002-01,C:\Documents\work_doc_30.docx,File Open,Sample content
FIL0005015,01/22/2026 13:37:18,USR0002,PC-USR0002-01,C:\Documents\work_doc_44.docx,File Open,Sample content
FIL0005016,01/22/2026 11:53:18,USR0002,PC-USR0002-01,C:\Documents\work_doc_9.docx,File Open,Sample content
FIL0005017,01/22/2026 11:20:34,USR0002,PC-USR0002-01,C:\Documents\work_doc_33.docx,File Open,Sample content
FIL0005018,01/22/2026 12:28:16,USR0003,PC-USR0003-01,C:\Documents\work_doc_30.docx,File Open,Sample content
FIL0005019,01/22/2026 11:05:39,USR0003,PC-USR0003-01,C:\Documents\work_doc_49.docx,File Open,Sample content
FIL0005020,01/22/2026 12:06:26,USR0003,PC-USR0003-01,C:\Documents\work_doc_23.docx,File Open,Sample content
FIL0005021,01/22/2026 12:31:03,USR0003,PC-USR0003-01,C:\Documents\work_doc_41.docx,File Open,Sample content
FIL0005022,01/22/2026 12:41:03,USR0003,PC-USR0003-01,C:\Documents\work_doc_35.docx,File Open,Sample content
FIL0005023,01/22/2026 16:57:27,USR0003,PC-USR0003-01,C:\Documents\work_doc_24.docx,File Open,Sample content
FIL0005024,01/22/2026 11:40:26,USR0003,PC-USR0003-01,C:\Documents\work_doc_20.docx,File Open,Sample content
FIL0005025,01/22/2026 14:48:26,USR0003,PC-USR0003-01,C:\Documents\work_doc_3.docx,File Open,Sample content
FIL0005026,01/22/2026 09:04:21,USR0003,PC-USR0003-01,C:\Documents\work_doc_45.docx,File Open,Sample content
FIL0005027,01/22/2026 11:24:16,USR0003,PC-USR0003-01,C:\Documents\work_doc_28.docx,File Open,Sample content
FIL0005028,01/22/2026 14:07:18,USR0003,PC-USR0003-01,C:\Documents\work_doc_40.docx,File Open,Sample content
FIL0005029,01/22/2026 14:01:53,USR0003,PC-USR0003-01,C:\Documents\work_doc_11.docx,File Open,Sample content
FIL0005030,01/22/2026 11:43:31,USR0004,PC-USR0004-01,C:\Documents\work_doc_25.docx,File Open,Sample content
FIL0005031,01/22/2026 15:21:43,USR0004,PC-USR0004-01,C:\Documents\work_doc_45.docx,File Open,Sample content
FIL0005032,01/22/2026 15:30:54,USR0004,PC-USR0004-01,C:\Documents\work_doc_31.docx,File Open,Sample content
FIL0005033,01/22/2026 16:38:10,USR0004,PC-USR0004-01,C:\Documents\work_doc_2.docx,File Open,Sample content
FIL0005034,01/22/2026 11:34:22,USR0004,PC-USR0004-01,C:\Documents\work_doc_14.docx,File Open,Sample content
FIL0005035,01/22/2026 11:21:35,USR0004,PC-USR0004-01,C:\Documents\work_doc_8.docx,File Open,Sample content
FIL0005036,01/22/2026 12:41:36,USR0004,PC-USR0004-01,C:\Documents\work_doc_19.docx,File Open,Sample content
FIL0005037,01/22/2026 13:40:01,USR0004,PC-USR0004-01,C:\Documents\work_doc_7.docx,File Open,Sample content
FIL0005038,01/22/2026 09:28:01,USR0004,PC-USR0004-01,C:\Documents\work_doc_18.docx,File Open,Sample content
FIL0005039,01/22/2026 09:52:49,USR0004,PC-USR0004-01,C:\Documents\work_doc_21.docx,File Open,Sample content
FIL0005040,01/22/2026 10:48:47,USR0005,PC-USR0005-01,C:\Documents\work_doc_11.docx,File Open,Sample content
FIL0005041,01/22/2026 16:37:10,USR0005,PC-USR0005-01,C:\Documents\work_doc_1.docx,File Open,Sample content
FIL0005042,01/22/2026 14:19:20,USR0005,PC-USR0005-01,C:\Documents\work_doc_4.docx,File Open,Sample content
FIL0005043,01/22/2026 11:12:27,USR0005,PC-USR0005-01,C:\Documents\work_doc_7.docx,File Open,Sample content
FIL0005044,01/22/2026 13:30:30,USR0005,PC-USR0005-01,C:\Documents\work_doc_13.docx,File Open,Sample content
FIL0005045,01/22/2026 09:11:04,USR0006,PC-USR0006-01,C:\Documents\work_doc_25.docx,File Open,Sample content
FIL0005046,01/22/2026 12:16:21,USR0006,PC-USR0006-01,C:\Documents\work_doc_23.docx,File Open,Sample content
FIL0005047,01/22/2026 15:16:33,USR0006,PC-USR0006-01,C:\Documents\work_doc_27.docx,File Open,Sample content
FIL0005048,01/22/2026 16:28:08,USR0006,PC-USR0006-01,C:\Documents\work_doc_16.docx,File Open,Sample content
FIL0005049,01/22/2026 15:47:42,USR0006,PC-USR0006-01,C:\Documents\work_doc_46.docx,File Open,Sample content
FIL0005050,01/22/2026 15:09:44,USR0006,PC-USR0006-01,C:\Documents\work_doc_24.docx,File Open,Sample content
FIL0005051,01/22/2026 13:22:41,USR0006,PC-USR0006-01,C:\Documents\work_doc_10.docx,File Open,Sample content
FIL0005052,01/22/2026 11:58:36,USR0006,PC-USR0006-01,C:\Documents\work_doc_40.docx,File Open,Sample content
FIL0005053,01/22/2026 16:02:04,USR0006,PC-USR0006-01,C:\Documents\work_doc_11.docx,File Open,Sample content
FIL0005054,01/22/2026 12:03:47,USR0007,PC-USR0007-01,C:\Documents\work_doc_3.docx,File Open,Sample content
FIL0005055,01/22/2026 09:52:57,USR0007,PC-USR0007-01,C:\Documents\work_doc_33.docx,File Open,Sample content
FIL0005056,01/22/2026 13:39:43,USR0007,PC-USR0007-01,C:\Documents\work_doc_18.docx,File Open,Sample content
FIL0005057,01/22/2026 13:21:43,USR0007,PC-USR0007-01,C:\Documents\work_doc_47.docx,File Open,Sample content
FIL0005058,01/22/2026 11:09:49,USR0007,PC-USR0007-01,C:\Documents\work_doc_18.docx,File Open,Sample content
FIL0005059,01/22/2026 15:48:55,USR0008,PC-USR0008-01,C:\Documents\work_doc_31.docx,File Open,Sample content
FIL0005060,01/22/2026 16:19:34,USR0008,PC-USR0008-01,C:\Documents\work_doc_36.docx,File Open,Sample content
FIL0005061,01/22/2026 16:23:25,USR0008,PC-USR0008-01,C:\Documents\work_doc_1.docx,File Open,Sample content
FIL0005062,01/22/2026 10:13:27,USR0008,PC-USR0008-01,C:\Documents\work_doc_20.docx,File Open,Sample content
FIL0005063,01/22/2026 09:06:24,USR0008,PC-USR0008-01,C:\Documents\work_doc_8.docx,File Open,Sample content
FIL0005064,01/22/2026 15:08:23,USR0008,PC-USR0008-01,C:\Documents\work_doc_1.docx,File Open,Sample content
FIL0005065,01/22/2026 11:06:48,USR0008,PC-USR0008-01,C:\Documents\work_doc_30.docx,File Open,Sample content
FIL0005066,01/22/2026 13:57:35,USR0008,PC-USR0008-01,C:\Documents\work_doc_42.docx,File Open,Sample content
FIL0005067,01/22/2026 15:04:02,USR0008,PC-USR0008-01,C:\Documents\work_doc_38.docx,File Open,Sample content
FIL0005068,01/22/2026 12:03:02,USR0008,PC-USR0008-01,C:\Documents\work_doc_17.docx,File Open,Sample content
FIL0005069,01/22/2026 16:06:29,USR0008,PC-USR0008-01,C:\Documents\work_doc_22.docx,File Open,Sample content
FIL0005070,01/22/2026 12:24:21,USR0009,PC-USR0009-01,C:\Documents\work_doc_22.docx,File Open,Sample content
FIL0005071,01/22/2026 15:37:46,USR0009,PC-USR0009-01,C:\Documents\work_doc_23.docx,File Open,Sample content
FIL0005072,01/22/2026 13:55:56,USR0009,PC-USR0009-01,C:\Documents\work_doc_12.docx,File Open,Sample content
FIL0005073,01/22/2026 13:51:27,USR0009,PC-USR0009-01,C:\Documents\work_doc_10.docx,File Open,Sample content
FIL0005074,01/22/2026 09:39:31,USR0009,PC-USR0009-01,C:\Documents\work_doc_15.docx,File Open,Sample content
FIL0005075,01/22/2026 11:57:43,USR0009,PC-USR0009-01,C:\Documents\work_doc_32.docx,File Open,Sample content
FIL0005076,01/22/2026 14:57:49,USR0009,PC-USR0009-01,C:\Documents\work_doc_34.docx,File Open,Sample content
FIL0005077,01/22/2026 11:50:21,USR0009,PC-USR0009-01,C:\Documents\work_doc_8.docx,File Open,Sample content
FIL0005078,01/22/2026 13:57:40,USR0009,PC-USR0009-01,C:\Documents\work_doc_16.docx,File Open,Sample content
FIL0005079,01/22/2026 13:09:18,USR0010,PC-USR0010-01,C:\Documents\work_doc_19.docx,File Open,Sample content
FIL0005080,01/22/2026 12:06:52,USR0010,PC-USR0010-01,C:\Documents\work_doc_16.docx,File Open,Sample content
FIL0005081,01/22/2026 13:29:37,USR0010,PC-USR0010-01,C:\Documents\work_doc_24.docx,File Open,Sample content
FIL0005082,01/22/2026 14:06:13,USR0010,PC-USR0010-01,C:\Documents\work_doc_42.docx,File Open,Sample content
FIL0005083,01/22/2026 10:56:10,USR0010,PC-USR0010-01,C:\Documents\work_doc_8.docx,File Open,Sample content
FIL0005084,01/22/2026 09:57:03,USR0010,PC-USR0010-01,C:\Documents\work_doc_2.docx,File Open,Sample content
FIL0005085,01/22/2026 14:39:04,USR0011,PC-USR0011-01,C:\Documents\work_doc_37.docx,File Open,Sample content
FIL0005086,01/22/2026 09:45:08,USR0011,PC-USR0011-01,C:\Documents\work_doc_25.docx,File Open,Sample content
FIL0005087,01/22/2026 15:02:34,USR0011,PC-USR0011-01,C:\Documents\work_doc_13.docx,File Open,Sample content
FIL0005088,01/22/2026 15:50:58,USR0011,PC-USR0011-01,C:\Documents\work_doc_41.docx,File Open,Sample content
FIL0005089,01/22/2026 15:58:08,USR0011,PC-USR0011-01,C:\Documents\work_doc_33.docx,File Open,Sample content
FIL0005090,01/22/2026 13:41:26,USR0011,PC-USR0011-01,C:\Documents\work_doc_29.docx,File Open,Sample content
FIL0005091,01/22/2026 09:42:32,USR0011,PC-USR0011-01,C:\Documents\work_doc_42.docx,File Open,Sample content
FIL0005092,01/22/2026 09:42:10,USR0011,PC-USR0011-01,C:\Documents\work_doc_37.docx,File Open,Sample content
FIL0005093,01/22/2026 15:31:40,USR0011,PC-USR0011-01,C:\Documents\work_doc_27.docx,File Open,Sample content
FIL0005094,01/22/2026 11:49:08,USR0011,PC-USR0011-01,C:\Documents\work_doc_41.docx,File Open,Sample content
FIL0005095,01/22/2026 15:10:21,USR0011,PC-USR0011-01,C:\Documents\work_doc_32.docx,File Open,Sample content
FIL0005096,01/22/2026 09:08:59,USR0012,PC-USR0012-01,C:\Documents\work_doc_28.docx,File Open,Sample content
FIL0005097,01/22/2026 09:41:52,USR0012,PC-USR0012-01,C:\Documents\work_doc_18.docx,File Open,Sample content
FIL0005098,01/22/2026 16:55:24,USR0012,PC-USR0012-01,C:\Documents\work_doc_38.docx,File Open,Sample content
FIL0005099,01/22/2026 13:47:17,USR0012,PC-USR0012-01,C:\Documents\work_doc_25.docx,File Open,Sample content
FIL0005100,01/22/2026 14:24:44,USR0012,PC-USR0012-01,C:\Documents\work_doc_22.docx,File Open,Sample content
FIL0005101,01/22/2026 10:38:34,USR0013,PC-USR0013-01,C:\Documents\work_doc_49.docx,File Open,Sample content
FIL0005102,01/22/2026 12:32:39,USR0013,PC-USR0013-01,C:\Documents\work_doc_1.docx,File Open,Sample content
FIL0005103,01/22/2026 09:47:24,USR0013,PC-USR0013-01,C:\Documents\work_doc_41.docx,File Open,Sample content
FIL0005104,01/22/2026 09:35:20,USR0013,PC-USR0013-01,C:\Documents\work_doc_23.docx,File Open,Sample content
FIL0005105,01/22/2026 12:16:00,USR0013,PC-USR0013-01,C:\Documents\work_doc_33.docx,File Open,Sample content
FIL0005106,01/22/2026 12:22:56,USR0013,PC-USR0013-01,C:\Documents\work_doc_40.docx,File Open,Sample content
FIL0005107,01/22/2026 16:31:20,USR0013,PC-USR0013-01,C:\Documents\work_doc_2.docx,File Open,Sample content
FIL0005108,01/22/2026 16:37:14,USR0013,PC-USR0013-01,C:\Documents\work_doc_24.docx,File Open,Sample content
FIL0005109,01/22/2026 15:35:19,USR0013,PC-USR0013-01,C:\Documents\work_doc_33.docx,File Open,Sample content
FIL0005110,01/22/2026 10:57:14,USR0013,PC-USR0013-01,C:\Documents\work_doc_45.docx,File Open,Sample content
FIL0005111,01/22/2026 13:47:21,USR0013,PC-USR0013-01,C:\Documents\work_doc_39.docx,File Open,Sample content
FIL0005112,01/22/2026 16:09:26,USR0013,PC-USR0013-01,C:\Documents\work_doc_22.docx,File Open,Sample content
FIL0005113,01/22/2026 11:15:52,USR0013,PC-USR0013-01,C:\Documents\work_doc_19.docx,File Open,Sample content
FIL0005114,01/22/2026 12:39:38,USR0013,PC-USR0013-01,C:\Documents\work_doc_12.docx,File Open,Sample content
FIL0005115,01/22/2026 14:50:19,USR0013,PC-USR0013-01,C:\Documents\work_doc_17.docx,File Open,Sample content
FIL0005116,01/22/2026 12:07:30,USR0013,PC-USR0013-01,C:\Documents\work_doc_21.docx,File Open,Sample content
FIL0005117,01/22/2026 09:32:12,USR0013,PC-USR0013-01,C:\Documents\work_doc_7.docx,File Open,Sample content
FIL0005118,01/22/2026 11:45:27,USR0013,PC-USR0013-01,C:\Documents\work_doc_11.docx,File Open,Sample content
FIL0005119,01/22/2026 09:39:44,USR0014,PC-USR0014-01,C:\Documents\work_doc_6.docx,File Open,Sample content
FIL0005120,01/22/2026 11:34:48,USR0014,PC-USR0014-01,C:\Documents\work_doc_17.docx,File Open,Sample content
FIL0005121,01/22/2026 16:32:30,USR0014,PC-USR0014-01,C:\Documents\work_doc_30.docx,File Open,Sample content
FIL0005122,01/22/2026 14:33:46,USR0014,PC-USR0014-01,C:\Documents\work_doc_6.docx,File Open,Sample content
FIL0005123,01/22/2026 11:35:07,USR0014,PC-USR0014-01,C:\Documents\work_doc_5.docx,File Open,Sample content
FIL0005124,01/22/2026 12:31:19,USR0014,PC-USR0014-01,C:\Documents\work_doc_14.docx,File Open,Sample content
FIL0005125,01/22/2026 16:28:05,USR0014,PC-USR0014-01,C:\Documents\work_doc_21.docx,File Open,Sample content
FIL0005126,01/22/2026 13:06:49,USR0014,PC-USR0014-01,C:\Documents\work_doc_48.docx,File Open,Sample content
FIL0005127,01/22/2026 10:41:01,USR0014,PC-USR0014-01,C:\Documents\work_doc_23.docx,File Open,Sample content
FIL0005128,01/22/2026 11:24:29,USR0014,PC-USR0014-01,C:\Documents\work_doc_42.docx,File Open,Sample content
FIL0005129,01/22/2026 16:47:10,USR0014,PC-USR0014-01,C:\Documents\work_doc_39.docx,File Open,Sample content
FIL0005130,01/22/2026 10:43:11,USR0014,PC-USR0014-01,C:\Documents\work_doc_28.docx,File Open,Sample content
FIL0005131,01/22/2026 12:43:40,USR0014,PC-USR0014-01,C:\Documents\work_doc_47.docx,File Open,Sample content
FIL0005132,01/22/2026 15:45:49,USR0014,PC-USR0014-01,C:\Documents\work_doc_12.docx,File Open,Sample content
FIL0005133,01/22/2026 12:21:11,USR0014,PC-USR0014-01,C:\Documents\work_doc_30.docx,File Open,Sample content
FIL0005134,01/22/2026 15:30:57,USR0014,PC-USR0014-01,C:\Documents\work_doc_45.docx,File Open,Sample content
FIL0005135,01/22/2026 13:53:54,USR0014,PC-USR0014-01,C:\Documents\work_doc_8.docx,File Open,Sample content
FIL0005136,01/22/2026 11:44:13,USR0014,PC-USR0014-01,C:\Documents\work_doc_37.docx,File Open,Sample content
FIL0005137,01/22/2026 16:35:15,USR0014,PC-USR0014-01,C:\Documents\work_doc_11.docx,File Open,Sample content
FIL0005138,01/22/2026 16:26:01,USR0014,PC-USR0014-01,C:\Documents\work_doc_42.docx,File Open,Sample content
FIL0005139,01/22/2026 12:06:13,USR0015,PC-USR0015-01,C:\Documents\work_doc_12.docx,File Open,Sample content
FIL0005140,01/22/2026 15:40:42,USR0015,PC-USR0015-01,C:\Documents\work_doc_15.docx,File Open,Sample content
FIL0005141,01/22/2026 11:28:34,USR0015,PC-USR0015-01,C:\Documents\work_doc_5.docx,File Open,Sample content
FIL0005142,01/22/2026 14:10:20,USR0015,PC-USR0015-01,C:\Documents\work_doc_28.docx,File Open,Sample content
FIL0005143,01/22/2026 16:36:48,USR0015,PC-USR0015-01,C:\Documents\work_doc_11.docx,File Open,Sample content
FIL0005144,01/22/2026 14:51:30,USR0015,PC-USR0015-01,C:\Documents\work_doc_35.docx,File Open,Sample content
FIL0005145,01/22/2026 16:48:19,USR0015,PC-USR0015-01,C:\Documents\work_doc_38.docx,File Open,Sample content
FIL0005146,01/22/2026 10:21:37,USR0015,PC-USR0015-01,C:\Documents\work_doc_42.docx,File Open,Sample content
FIL0005147,01/22/2026 12:52:55,USR0015,PC-USR0015-01,C:\Documents\work_doc_38.docx,File Open,Sample content
FIL0005148,01/22/2026 09:47:29,USR0016,PC-USR0016-01,C:\Documents\work_doc_29.docx,File Open,Sample content
FIL0005149,01/22/2026 12:49:49,USR0016,PC-USR0016-01,C:\Documents\work_doc_8.docx,File Open,Sample content
FIL0005150,01/22/2026 10:17:36,USR0016,PC-USR0016-01,C:\Documents\work_doc_25.docx,File Open,Sample content
FIL0005151,01/22/2026 09:24:54,USR0016,PC-USR0016-01,C:\Documents\work_doc_28.docx,File Open,Sample content
FIL0005152,01/22/2026 09:38:13,USR0016,PC-USR0016-01,C:\Documents\work_doc_18.docx,File Open,Sample content
FIL0005153,01/22/2026 13:03:52,USR0016,PC-USR0016-01,C:\Documents\work_doc_4.docx,File Open,Sample content
FIL0005154,01/22/2026 10:18:51,USR0016,PC-USR0016-01,C:\Documents\work_doc_49.docx,File Open,Sample content
FIL0005155,01/22/2026 16:37:09,USR0016,PC-USR0016-01,C:\Documents\work_doc_29.docx,File Open,Sample content
FIL0005156,01/22/2026 12:49:37,USR0017,PC-USR0017-01,C:\Documents\work_doc_45.docx,File Open,Sample content
FIL0005157,01/22/2026 13:01:18,USR0017,PC-USR0017-01,C:\Documents\work_doc_45.docx,File Open,Sample content
FIL0005158,01/22/2026 10:04:57,USR0017,PC-USR0017-01,C:\Documents\work_doc_37.docx,File Open,Sample content
FIL0005159,01/22/2026 16:40:30,USR0017,PC-USR0017-01,C:\Documents\work_doc_7.docx,File Open,Sample content
FIL0005160,01/22/2026 15:35:50,USR0017,PC-USR0017-01,C:\Documents\work_doc_4.docx,File Open,Sample content
FIL0005161,01/22/2026 09:26:43,USR0017,PC-USR0017-01,C:\Documents\work_doc_20.docx,File Open,Sample content
FIL0005162,01/22/2026 11:07:08,USR0017,PC-USR0017-01,C:\Documents\work_doc_2.docx,File Open,Sample content
FIL0005163,01/22/2026 11:29:32,USR0018,PC-USR0018-01,C:\Documents\work_doc_27.docx,File Open,Sample content
FIL0005164,01/22/2026 10:09:49,USR0018,PC-USR0018-01,C:\Documents\work_doc_25.docx,File Open,Sample content
FIL0005165,01/22/2026 13:36:01,USR0018,PC-USR0018-01,C:\Documents\work_doc_50.docx,File Open,Sample content
FIL0005166,01/22/2026 15:26:01,USR0018,PC-USR0018-01,C:\Documents\work_doc_16.docx,File Open,Sample content
FIL0005167,01/22/2026 10:44:31,USR0018,PC-USR0018-01,C:\Documents\work_doc_22.docx,File Open,Sample content
FIL0005168,01/22/2026 09:36:53,USR0019,PC-USR0019-01,C:\Documents\work_doc_20.docx,File Open,Sample content
FIL0005169,01/22/2026 15:48:35,USR0019,PC-USR0019-01,C:\Documents\work_doc_4.docx,File Open,Sample content
FIL0005170,01/22/2026 09:18:02,USR0019,PC-USR0019-01,C:\Documents\work_doc_43.docx,File Open,Sample content
FIL0005171,01/22/2026 09:17:08,USR0019,PC-USR0019-01,C:\Documents\work_doc_17.docx,File Open,Sample content
FIL0005172,01/22/2026 10:52:42,USR0019,PC-USR0019-01,C:\Documents\work_doc_10.docx,File Open,Sample content
FIL0005173,01/22/2026 09:48:01,USR0019,PC-USR0019-01,C:\Documents\work_doc_31.docx,File Open,Sample content
FIL0005174,01/22/2026 15:22:20,USR0019,PC-USR0019-01,C:\Documents\work_doc_3.docx,File Open,Sample content
FIL0005175,01/22/2026 12:19:19,USR0019,PC-USR0019-01,C:\Documents\work_doc_21.docx,File Open,Sample content
FIL0005176,01/22/2026 12:25:55,USR0019,PC-USR0019-01,C:\Documents\work_doc_24.docx,File Open,Sample content
FIL0005177,01/22/2026 14:47:05,USR0019,PC-USR0019-01,C:\Documents\work_doc_50.docx,File Open,Sample content
FIL0005178,01/22/2026 15:26:20,USR0019,PC-USR0019-01,C:\Documents\work_doc_22.docx,File Open,Sample content
FIL0005179,01/22/2026 15:09:21,USR0019,PC-USR0019-01,C:\Documents\work_doc_7.docx,File Open,Sample content
FIL0005180,01/22/2026 13:01:28,USR0020,PC-USR0020-01,C:\Documents\work_doc_43.docx,File Open,Sample content
FIL0005181,01/22/2026 09:28:44,USR0020,PC-USR0020-01,C:\Documents\work_doc_49.docx,File Open,Sample content
FIL0005182,01/22/2026 12:26:36,USR0020,PC-USR0020-01,C:\Documents\work_doc_24.docx,File Open,Sample content
FIL0005183,01/22/2026 11:51:17,USR0020,PC-USR0020-01,C:\Documents\work_doc_10.docx,File Open,Sample content
FIL0005184,01/22/2026 13:54:06,USR0020,PC-USR0020-01,C:\Documents\work_doc_46.docx,File Open,Sample content
FIL0005185,01/22/2026 10:31:20,USR0021,PC-USR0021-01,C:\Documents\work_doc_41.docx,File Open,Sample content
FIL0005186,01/22/2026 09:11:50,USR0021,PC-USR0021-01,C:\Documents\work_doc_30.docx,File Open,Sample content
FIL0005187,01/22/2026 13:54:16,USR0021,PC-USR0021-01,C:\Documents\work_doc_27.docx,File Open,Sample content
FIL0005188,01/22/2026 11:02:44,USR0021,PC-USR0021-01,C:\Documents\work_doc_21.docx,File Open,Sample content
FIL0005189,01/22/2026 09:31:35,USR0021,PC-USR0021-01,C:\Documents\work_doc_14.docx,File Open,Sample content
FIL0005190,01/22/2026 11:40:39,USR0021,PC-USR0021-01,C:\Documents\work_doc_37.docx,File Open,Sample content
FIL0005191,01/22/2026 13:14:54,USR0021,PC-USR0021-01,C:\Documents\work_doc_18.docx,File Open,Sample content
FIL0005192,01/22/2026 15:45:21,USR0021,PC-USR0021-01,C:\Documents\work_doc_5.docx,File Open,Sample content
FIL0005193,01/22/2026 11:11:27,USR0022,PC-USR0022-01,C:\Documents\work_doc_24.docx,File Open,Sample content
FIL0005194,01/22/2026 15:28:40,USR0022,PC-USR0022-01,C:\Documents\work_doc_3.docx,File Open,Sample content
FIL0005195,01/22/2026 10:58:24,USR0022,PC-USR0022-01,C:\Documents\work_doc_45.docx,File Open,Sample content
FIL0005196,01/22/2026 11:44:17,USR0022,PC-USR0022-01,C:\Documents\work_doc_13.docx,File Open,Sample content
FIL0005197,01/22/2026 16:44:54,USR0022,PC-USR0022-01,C:\Documents\work_doc_27.docx,File Open,Sample content
FIL0005198,01/22/2026 09:58:53,USR0022,PC-USR0022-01,C:\Documents\work_doc_22.docx,File Open,Sample content
FIL0005199,01/22/2026 13:13:13,USR0023,PC-USR0023-01,C:\Documents\work_doc_39.docx,File Open,Sample content
FIL0005200,01/22/2026 14:29:00,USR0023,PC-USR0023-01,C:\Documents\work_doc_26.docx,File Open,Sample content
FIL0005201,01/22/2026 09:54:16,USR0023,PC-USR0023-01,C:\Documents\work_doc_20.docx,File Open,Sample content
FIL0005202,01/22/2026 09:56:40,USR0023,PC-USR0023-01,C:\Documents\work_doc_17.docx,File Open,Sample content
FIL0005203,01/22/2026 15:38:49,USR0023,PC-USR0023-01,C:\Documents\work_doc_5.docx,File Open,Sample content
FIL0005204,01/22/2026 12:05:37,USR0023,PC-USR0023-01,C:\Documents\work_doc_6.docx,File Open,Sample content
FIL0005205,01/22/2026 10:21:03,USR0023,PC-USR0023-01,C:\Documents\work_doc_12.docx,File Open,Sample content
FIL0005206,01/22/2026 14:09:07,USR0023,PC-USR0023-01,C:\Documents\work_doc_40.docx,File Open,Sample content
FIL0005207,01/22/2026 10:18:31,USR0023,PC-USR0023-01,C:\Documents\work_doc_19.docx,File Open,Sample content
FIL0005208,01/22/2026 11:49:53,USR0023,PC-USR0023-01,C:\Documents\work_doc_48.docx,File Open,Sample content
FIL0005209,01/22/2026 10:16:29,USR0023,PC-USR0023-01,C:\Documents\work_doc_14.docx,File Open,Sample content
FIL0005210,01/22/2026 10:39:40,USR0023,PC-USR0023-01,C:\Documents\work_doc_47.docx,File Open,Sample content
FIL0005211,01/22/2026 15:39:17,USR0023,PC-USR0023-01,C:\Documents\work_doc_21.docx,File Open,Sample content
FIL0005212,01/22/2026 16:02:43,USR0023,PC-USR0023-01,C:\Documents\work_doc_21.docx,File Open,Sample content
FIL0005213,01/22/2026 13:50:58,USR0023,PC-USR0023-01,C:\Documents\work_doc_43.docx,File Open,Sample content
FIL0005214,01/22/2026 16:13:27,USR0023,PC-USR0023-01,C:\Documents\work_doc_49.docx,File Open,Sample content
FIL0005215,01/22/2026 14:12:02,USR0023,PC-USR0023-01,C:\Documents\work_doc_22.docx,File Open,Sample content
FIL0005216,01/22/2026 15:43:45,USR0023,PC-USR0023-01,C:\Documents\work_doc_39.docx,File Open,Sample content
FIL0005217,01/22/2026 11:49:14,USR0023,PC-USR0023-01,C:\Documents\work_doc_20.docx,File Open,Sample content
FIL0005218,01/22/2026 11:48:43,USR0023,PC-USR0023-01,C:\Documents\work_doc_47.docx,File Open,Sample content
FIL0005219,01/22/2026 13:32:14,USR0024,PC-USR0024-01,C:\Documents\work_doc_16.docx,File Open,Sample content
FIL0005220,01/22/2026 10:36:57,USR0024,PC-USR0024-01,C:\Documents\work_doc_3.docx,File Open,Sample content
FIL0005221,01/22/2026 15:42:39,USR0024,PC-USR0024-01,C:\Documents\work_doc_25.docx,File Open,Sample content
FIL0005222,01/22/2026 10:33:36,USR0024,PC-USR0024-01,C:\Documents\work_doc_22.docx,File Open,Sample content
FIL0005223,01/22/2026 13:38:53,USR0024,PC-USR0024-01,C:\Documents\work_doc_13.docx,File Open,Sample content
FIL0005224,01/22/2026 10:34:05,USR0024,PC-USR0024-01,C:\Documents\work_doc_5.docx,File Open,Sample content
FIL0005225,01/22/2026 09:51:26,USR0024,PC-USR0024-01,C:\Documents\work_doc_50.docx,File Open,Sample content
FIL0005226,01/22/2026 14:25:40,USR0024,PC-USR0024-01,C:\Documents\work_doc_33.docx,File Open,Sample content
FIL0005227,01/22/2026 15:09:54,USR0024,PC-USR0024-01,C:\Documents\work_doc_5.docx,File Open,Sample content
FIL0005228,01/22/2026 14:51:14,USR0024,PC-USR0024-01,C:\Documents\work_doc_24.docx,File Open,Sample content
FIL0005229,01/22/2026 14:54:08,USR0024,PC-USR0024-01,C:\Documents\work_doc_21.docx,File Open,Sample content
FIL0005230,01/22/2026 14:11:38,USR0024,PC-USR0024-01,C:\Documents\work_doc_1.docx,File Open,Sample content
FIL0005231,01/22/2026 15:41:39,USR0024,PC-USR0024-01,C:\Documents\work_doc_13.docx,File Open,Sample content
FIL0005232,01/22/2026 15:05:14,USR0024,PC-USR0024-01,C:\Documents\work_doc_41.docx,File Open,Sample content
FIL0005233,01/22/2026 12:26:57,USR0024,PC-USR0024-01,C:\Documents\work_doc_6.docx,File Open,Sample content
FIL0005234,01/22/2026 13:14:38,USR0024,PC-USR0024-01,C:\Documents\work_doc_6.docx,File Open,Sample content
FIL0005235,01/22/2026 12:29:50,USR0024,PC-USR0024-01,C:\Documents\work_doc_10.docx,File Open,Sample content
FIL0005236,01/22/2026 14:18:04,USR0024,PC-USR0024-01,C:\Documents\work_doc_25.docx,File Open,Sample content
FIL0005237,01/22/2026 09:35:47,USR0024,PC-USR0024-01,C:\Documents\work_doc_19.docx,File Open,Sample content
FIL0005238,01/22/2026 15:32:14,USR0025,PC-USR0025-01,C:\Documents\work_doc_46.docx,File Open,Sample content
FIL0005239,01/22/2026 15:54:51,USR0025,PC-USR0025-01,C:\Documents\work_doc_31.docx,File Open,Sample content
FIL0005240,01/22/2026 10:11:30,USR0025,PC-USR0025-01,C:\Documents\work_doc_25.docx,File Open,Sample content
FIL0005241,01/22/2026 13:41:17,USR0025,PC-USR0025-01,C:\Documents\work_doc_13.docx,File Open,Sample content
FIL0005242,01/22/2026 10:26:22,USR0025,PC-USR0025-01,C:\Documents\work_doc_15.docx,File Open,Sample content
FIL0005243,01/22/2026 11:26:07,USR0025,PC-USR0025-01,C:\Documents\work_doc_49.docx,File Open,Sample content
FIL0005244,01/23/2026 21:43:17,AAE0190,PC-AAE0190-01,C:\Confidential\source_code_export_9.zip,File Open,Sample content
FIL0005245,01/23/2026 23:00:23,AAE0190,PC-AAE0190-01,C:\Confidential\source_code_export_10.zip,File Open,Sample content
FIL0005246,01/23/2026 22:26:07,AAE0190,PC-AAE0190-01,C:\Documents\work_doc_13.docx,File Open,Sample content
FIL0005247,01/23/2026 21:59:08,AAE0190,PC-AAE0190-01,C:\Confidential\source_code_export_2.zip,File Open,Sample content
FIL0005248,01/23/2026 22:54:21,AAE0190,PC-AAE0190-01,C:\Documents\work_doc_42.docx,File Open,Sample content
FIL0005249,01/23/2026 22:54:51,AAE0190,PC-AAE0190-01,C:\Confidential\source_code_export_1.zip,File Open,Sample content
FIL0005250,01/23/2026 21:10:05,AAE0190,PC-AAE0190-01,C:\Documents\work_doc_24.docx,File Open,Sample content
FIL0005251,01/23/2026 23:26:28,AAE0190,PC-AAE0190-01,C:\Documents\work_doc_23.docx,File Open,Sample content
FIL0005252,01/23/2026 21:31:32,AAE0190,PC-AAE0190-01,C:\Documents\work_doc_50.docx,File Open,Sample content
FIL0005253,01/23/2026 21:54:36,AAE0190,PC-AAE0190-01,C:\Confidential\source_code_export_4.zip,File Open,Sample content
FIL0005254,01/23/2026 22:32:52,AAE0190,PC-AAE0190-01,C:\Documents\work_doc_29.docx,File Open,Sample content
FIL0005255,01/23/2026 21:48:35,AAE0190,PC-AAE0190-01,C:\Documents\work_doc_30.docx,File Open,Sample content
FIL0005256,01/23/2026 23:44:08,AAE0190,PC-AAE0190-01,C:\Confidential\source_code_export_4.zip,File Open,Sample content
FIL0005257,01/23/2026 23:09:04,AAE0190,PC-AAE0190-01,C:\Documents\work_doc_28.docx,File Open,Sample content
FIL0005258,01/23/2026 22:57:27,AAE0190,PC-AAE0190-01,C:\Documents\work_doc_11.docx,File Open,Sample content
FIL0005259,01/23/2026 23:18:05,AAE0190,PC-AAE0190-01,C:\Documents\work_doc_32.docx,File Open,Sample content
FIL0005260,01/23/2026 22:40:08,AAE0190,PC-AAE0190-01,C:\Confidential\source_code_export_4.zip,File Open,Sample content
FIL0005261,01/23/2026 21:09:17,AAE0190,PC-AAE0190-01,C:\Documents\work_doc_28.docx,File Open,Sample content
FIL0005262,01/23/2026 21:10:29,AAE0190,PC-AAE0190-01,C:\Confidential\source_code_export_4.zip,File Open,Sample content
FIL0005263,01/23/2026 22:11:49,AAE0190,PC-AAE0190-01,C:\Documents\work_doc_39.docx,File Open,Sample content
FIL0005264,01/23/2026 21:22:34,AAE0190,PC-AAE0190-01,C:\Documents\work_doc_20.docx,File Open,Sample content
FIL0005265,01/23/2026 22:00:56,AAE0190,PC-AAE0190-01,C:\Documents\work_doc_30.docx,File Open,Sample content
FIL0005266,01/23/2026 22:36:40,AAE0190,PC-AAE0190-01,C:\Confidential\source_code_export_2.zip,File Open,Sample content
FIL0005267,01/23/2026 23:05:26,AAE0190,PC-AAE0190-01,C:\Documents\work_doc_44.docx,File Open,Sample content
FIL0005268,01/23/2026 21:02:17,AAE0190,PC-AAE0190-01,C:\Documents\work_doc_42.docx,File Open,Sample content
FIL0005269,01/23/2026 21:19:43,AAE0190,PC-AAE0190-01,C:\Documents\work_doc_21.docx,File Open,Sample content
FIL0005270,01/23/2026 21:03:29,AAE0190,PC-AAE0190-01,C:\Documents\work_doc_7.docx,File Open,Sample content
FIL0005271,01/23/2026 21:21:22,AAE0190,PC-AAE0190-01,C:\Documents\work_doc_7.docx,File Open,Sample content
FIL0005272,01/23/2026 21:03:16,AAE0190,PC-AAE0190-01,C:\Documents\work_doc_41.docx,File Open,Sample content
FIL0005273,01/23/2026 23:59:23,AAE0190,PC-AAE0190-01,C:\Documents\work_doc_42.docx,File Open,Sample content
FIL0005274,01/23/2026 21:03:23,AAE0190,PC-AAE0190-01,C:\Documents\work_doc_31.docx,File Open,Sample content
FIL0005275,01/23/2026 23:03:08,AAE0190,PC-AAE0190-01,C:\Documents\work_doc_3.docx,File Open,Sample content
FIL0005276,01/23/2026 21:09:47,AAE0190,PC-AAE0190-01,C:\Confidential\source_code_export_3.zip,File Open,Sample content
FIL0005277,01/23/2026 22:13:13,AAE0190,PC-AAE0190-01,C:\Documents\work_doc_11.docx,File Open,Sample content
FIL0005278,01/23/2026 22:10:01,AAE0190,PC-AAE0190-01,C:\Documents\work_doc_18.docx,File Open,Sample content
FIL0005279,01/23/2026 21:56:35,AAE0190,PC-AAE0190-01,C:\Documents\work_doc_16.docx,File Open,Sample content
FIL0005280,01/23/2026 21:38:58,AAE0190,PC-AAE0190-01,C:\Confidential\source_code_export_4.zip,File Open,Sample content
FIL0005281,01/23/2026 23:54:38,AAE0190,PC-AAE0190-01,C:\Confidential\source_code_export_10.zip,File Open,Sample content
FIL0005282,01/23/2026 23:07:23,AAE0190,PC-AAE0190-01,C:\Confidential\source_code_export_2.zip,File Open,Sample content
FIL0005283,01/23/2026 23:06:23,AAE0190,PC-AAE0190-01,C:\Documents\work_doc_2.docx,File Open,Sample content
FIL0005284,01/23/2026 22:39:55,AAE0190,PC-AAE0190-01,C:\Documents\work_doc_49.docx,File Open,Sample content
FIL0005285,01/23/2026 21:42:46,AAE0190,PC-AAE0190-01,C:\Documents\work_doc_42.docx,File Open,Sample content
FIL0005286,01/23/2026 22:37:43,AAE0190,PC-AAE0190-01,C:\Confidential\source_code_export_8.zip,File Open,Sample content
FIL0005287,01/23/2026 22:38:18,AAE0190,PC-AAE0190-01,C:\Confidential\source_code_export_6.zip,File Open,Sample content
FIL0005288,01/23/2026 22:52:44,AAE0190,PC-AAE0190-01,C:\Confidential\source_code_export_9.zip,File Open,Sample content
FIL0005289,01/23/2026 21:27:07,AAE0190,PC-AAE0190-01,C:\Documents\work_doc_42.docx,File Open,Sample content
FIL0005290,01/23/2026 22:56:12,AAE0190,PC-AAE0190-01,C:\Documents\work_doc_16.docx,File Open,Sample content
FIL0005291,01/23/2026 21:29:47,AAE0190,PC-AAE0190-01,C:\Confidential\source_code_export_1.zip,File Open,Sample content
FIL0005292,01/23/2026 22:31:00,AAE0190,PC-AAE0190-01,C:\Documents\work_doc_30.docx,File Open,Sample content
FIL0005293,01/23/2026 22:18:04,AAE0190,PC-AAE0190-01,C:\Confidential\source_code_export_3.zip,File Open,Sample content
FIL0005294,01/23/2026 21:00:12,AAE0190,PC-AAE0190-01,C:\Documents\work_doc_28.docx,File Open,Sample content
FIL0005295,01/23/2026 23:03:28,AAE0190,PC-AAE0190-01,C:\Documents\work_doc_13.docx,File Open,Sample content
FIL0005296,01/23/2026 22:51:40,AAE0190,PC-AAE0190-01,C:\Documents\work_doc_23.docx,File Open,Sample content
FIL0005297,01/23/2026 22:35:28,AAE0190,PC-AAE0190-01,C:\Confidential\source_code_export_2.zip,File Open,Sample content
FIL0005298,01/23/2026 21:12:02,AAE0190,PC-AAE0190-01,C:\Confidential\source_code_export_5.zip,File Open,Sample content
FIL0005299,01/23/2026 22:03:29,AAE0190,PC-AAE0190-01,C:\Documents\work_doc_26.docx,File Open,Sample content
FIL0005300,01/23/2026 22:27:35,AAE0190,PC-AAE0190-01,C:\Documents\work_doc_25.docx,File Open,Sample content
FIL0005301,01/23/2026 23:09:34,AAE0190,PC-AAE0190-01,C:\Documents\work_doc_43.docx,File Open,Sample content
FIL0005302,01/23/2026 21:40:20,AAE0190,PC-AAE0190-01,C:\Confidential\source_code_export_7.zip,File Open,Sample content
FIL0005303,01/23/2026 22:25:05,AAE0190,PC-AAE0190-01,C:\Confidential\source_code_export_8.zip,File Open,Sample content
FIL0005304,01/23/2026 22:20:53,AAE0190,PC-AAE0190-01,C:\Documents\work_doc_17.docx,File Open,Sample content
FIL0005305,01/23/2026 22:38:44,AAE0190,PC-AAE0190-01,C:\Documents\work_doc_41.docx,File Open,Sample content
FIL0005306,01/23/2026 23:30:56,AAE0190,PC-AAE0190-01,C:\Documents\work_doc_39.docx,File Open,Sample content
FIL0005307,01/23/2026 23:41:03,AAE0190,PC-AAE0190-01,C:\Documents\work_doc_25.docx,File Open,Sample content
FIL0005308,01/23/2026 22:38:34,AAE0190,PC-AAE0190-01,C:\Confidential\source_code_export_1.zip,File Open,Sample content
FIL0005309,01/23/2026 21:39:15,AAE0190,PC-AAE0190-01,C:\Documents\work_doc_30.docx,File Open,Sample content
FIL0005310,01/23/2026 21:44:50,AAE0190,PC-AAE0190-01,C:\Documents\work_doc_4.docx,File Open,Sample content
FIL0005311,01/23/2026 22:07:54,AAE0190,PC-AAE0190-01,C:\Documents\work_doc_7.docx,File Open,Sample content
FIL0005312,01/23/2026 22:08:15,AAE0190,PC-AAE0190-01,C:\Documents\work_doc_27.docx,File Open,Sample content
FIL0005313,01/23/2026 22:14:27,AAE0190,PC-AAE0190-01,C:\Confidential\source_code_export_10.zip,File Open,Sample content
FIL0005314,01/23/2026 22:35:53,AAE0190,PC-AAE0190-01,C:\Confidential\source_code_export_3.zip,File Open,Sample content
FIL0005315,01/23/2026 21:48:16,AAE0190,PC-AAE0190-01,C:\Confidential\source_code_export_4.zip,File Open,Sample content
FIL0005316,01/23/2026 23:14:47,AAE0190,PC-AAE0190-01,C:\Confidential\source_code_export_3.zip,File Open,Sample content
FIL0005317,01/23/2026 22:21:17,AAE0190,PC-AAE0190-01,C:\Documents\work_doc_25.docx,File Open,Sample content
FIL0005318,01/23/2026 21:55:40,AAE0190,PC-AAE0190-01,C:\Confidential\source_code_export_6.zip,File Open,Sample content
FIL0005319,01/23/2026 23:50:30,AAE0190,PC-AAE0190-01,C:\Documents\work_doc_49.docx,File Open,Sample content
FIL0005320,01/23/2026 22:47:13,AAE0190,PC-AAE0190-01,C:\Documents\work_doc_16.docx,File Open,Sample content
FIL0005321,01/23/2026 22:06:31,AAE0190,PC-AAE0190-01,C:\Documents\work_doc_36.docx,File Open,Sample content
FIL0005322,01/23/2026 22:50:59,AAE0190,PC-AAE0190-01,C:\Documents\work_doc_19.docx,File Open,Sample content
FIL0005323,01/23/2026 22:12:02,AAE0190,PC-AAE0190-01,C:\Confidential\source_code_export_3.zip,File Open,Sample content
FIL0005324,01/23/2026 21:54:20,AAE0190,PC-AAE0190-01,C:\Documents\work_doc_40.docx,File Open,Sample content
FIL0005325,01/23/2026 22:39:31,AAE0190,PC-AAE0190-01,C:\Documents\work_doc_7.docx,File Open,Sample content
FIL0005326,01/23/2026 21:06:06,AAE0190,PC-AAE0190-01,C:\Confidential\source_code_export_2.zip,File Open,Sample content
FIL0005327,01/23/2026 22:56:37,AAE0190,PC-AAE0190-01,C:\Documents\work_doc_29.docx,File Open,Sample content
FIL0005328,01/23/2026 21:06:22,AAE0190,PC-AAE0190-01,C:\Documents\work_doc_4.docx,File Open,Sample content
FIL0005329,01/23/2026 23:39:02,AAE0190,PC-AAE0190-01,C:\Confidential\source_code_export_3.zip,File Open,Sample content
FIL0005330,01/23/2026 22:23:28,AAE0190,PC-AAE0190-01,C:\Documents\work_doc_49.docx,File Open,Sample content
FIL0005331,01/23/2026 22:41:07,AAE0190,PC-AAE0190-01,C:\Documents\work_doc_37.docx,File Open,Sample content
FIL0005332,01/23/2026 21:53:30,AAE0190,PC-AAE0190-01,C:\Documents\work_doc_12.docx,File Open,Sample content
FIL0005333,01/23/2026 22:50:39,AAE0190,PC-AAE0190-01,C:\Documents\work_doc_9.docx,File Open,Sample content
FIL0005334,01/23/2026 23:41:49,AAE0190,PC-AAE0190-01,C:\Documents\work_doc_2.docx,File Open,Sample content
FIL0005335,01/23/2026 22:44:05,AAE0190,PC-AAE0190-01,C:\Confidential\source_code_export_1.zip,File Open,Sample content
FIL0005336,01/23/2026 21:29:23,AAE0190,PC-AAE0190-01,C:\Documents\work_doc_11.docx,File Open,Sample content
FIL0005337,01/23/2026 21:25:50,AAE0190,PC-AAE0190-01,C:\Documents\work_doc_24.docx,File Open,Sample content
FIL0005338,01/23/2026 21:49:45,AAE0190,PC-AAE0190-01,C:\Documents\work_doc_23.docx,File Open,Sample content
FIL0005339,01/23/2026 21:27:48,AAE0190,PC-AAE0190-01,C:\Documents\work_doc_1.docx,File Open,Sample content
FIL0005340,01/23/2026 21:56:22,AAE0190,PC-AAE0190-01,C:\Confidential\source_code_export_3.zip,File Open,Sample content
FIL0005341,01/23/2026 23:08:23,AAE0190,PC-AAE0190-01,C:\Documents\work_doc_28.docx,File Open,Sample content
FIL0005342,01/23/2026 21:32:38,AAE0190,PC-AAE0190-01,C:\Confidential\source_code_export_1.zip,File Open,Sample content
FIL0005343,01/23/2026 22:52:40,AAE0190,PC-AAE0190-01,C:\Documents\work_doc_5.docx,File Open,Sample content
FIL0005344,01/23/2026 22:52:27,AAE0190,PC-AAE0190-01,C:\Documents\work_doc_12.docx,File Open,Sample content
FIL0005345,01/23/2026 23:28:05,AAE0190,PC-AAE0190-01,C:\Documents\work_doc_42.docx,File Open,Sample content
FIL0005346,01/23/2026 23:11:54,AAE0190,PC-AAE0190-01,C:\Documents\work_doc_40.docx,File Open,Sample content
FIL0005347,01/23/2026 23:15:40,AAE0190,PC-AAE0190-01,C:\Documents\work_doc_30.docx,File Open,Sample content
FIL0005348,01/23/2026 11:23:09,USR0002,PC-USR0002-01,C:\Documents\work_doc_10.docx,File Open,Sample content
FIL0005349,01/23/2026 10:00:19,USR0002,PC-USR0002-01,C:\Documents\work_doc_48.docx,File Open,Sample content
FIL0005350,01/23/2026 09:28:34,USR0002,PC-USR0002-01,C:\Documents\work_doc_41.docx,File Open,Sample content
FIL0005351,01/23/2026 13:13:10,USR0002,PC-USR0002-01,C:\Documents\work_doc_2.docx,File Open,Sample content
FIL0005352,01/23/2026 15:29:02,USR0002,PC-USR0002-01,C:\Documents\work_doc_45.docx,File Open,Sample content
FIL0005353,01/23/2026 09:18:03,USR0002,PC-USR0002-01,C:\Documents\work_doc_2.docx,File Open,Sample content
FIL0005354,01/23/2026 14:08:42,USR0002,PC-USR0002-01,C:\Documents\work_doc_37.docx,File Open,Sample content
FIL0005355,01/23/2026 16:02:41,USR0002,PC-USR0002-01,C:\Documents\work_doc_31.docx,File Open,Sample content
FIL0005356,01/23/2026 16:33:48,USR0002,PC-USR0002-01,C:\Documents\work_doc_24.docx,File Open,Sample content
FIL0005357,01/23/2026 16:20:50,USR0002,PC-USR0002-01,C:\Documents\work_doc_13.docx,File Open,Sample content
FIL0005358,01/23/2026 12:17:24,USR0002,PC-USR0002-01,C:\Documents\work_doc_44.docx,File Open,Sample content
FIL0005359,01/23/2026 16:43:31,USR0002,PC-USR0002-01,C:\Documents\work_doc_45.docx,File Open,Sample content
FIL0005360,01/23/2026 09:19:46,USR0002,PC-USR0002-01,C:\Documents\work_doc_29.docx,File Open,Sample content
FIL0005361,01/23/2026 12:38:54,USR0003,PC-USR0003-01,C:\Documents\work_doc_17.docx,File Open,Sample content
FIL0005362,01/23/2026 10:04:37,USR0003,PC-USR0003-01,C:\Documents\work_doc_35.docx,File Open,Sample content
FIL0005363,01/23/2026 10:48:25,USR0003,PC-USR0003-01,C:\Documents\work_doc_46.docx,File Open,Sample content
FIL0005364,01/23/2026 11:20:46,USR0003,PC-USR0003-01,C:\Documents\work_doc_48.docx,File Open,Sample content
FIL0005365,01/23/2026 09:14:17,USR0003,PC-USR0003-01,C:\Documents\work_doc_33.docx,File Open,Sample content
FIL0005366,01/23/2026 16:36:46,USR0004,PC-USR0004-01,C:\Documents\work_doc_19.docx,File Open,Sample content
FIL0005367,01/23/2026 15:48:05,USR0004,PC-USR0004-01,C:\Documents\work_doc_38.docx,File Open,Sample content
FIL0005368,01/23/2026 11:05:13,USR0004,PC-USR0004-01,C:\Documents\work_doc_5.docx,File Open,Sample content
FIL0005369,01/23/2026 16:40:53,USR0004,PC-USR0004-01,C:\Documents\work_doc_22.docx,File Open,Sample content
FIL0005370,01/23/2026 12:40:54,USR0004,PC-USR0004-01,C:\Documents\work_doc_3.docx,File Open,Sample content
FIL0005371,01/23/2026 10:27:06,USR0004,PC-USR0004-01,C:\Documents\work_doc_10.docx,File Open,Sample content
FIL0005372,01/23/2026 12:44:23,USR0004,PC-USR0004-01,C:\Documents\work_doc_8.docx,File Open,Sample content
FIL0005373,01/23/2026 09:31:20,USR0004,PC-USR0004-01,C:\Documents\work_doc_1.docx,File Open,Sample content
FIL0005374,01/23/2026 15:03:16,USR0004,PC-USR0004-01,C:\Documents\work_doc_23.docx,File Open,Sample content
FIL0005375,01/23/2026 15:44:50,USR0004,PC-USR0004-01,C:\Documents\work_doc_5.docx,File Open,Sample content
FIL0005376,01/23/2026 11:33:48,USR0004,PC-USR0004-01,C:\Documents\work_doc_13.docx,File Open,Sample content
FIL0005377,01/23/2026 10:49:34,USR0004,PC-USR0004-01,C:\Documents\work_doc_21.docx,File Open,Sample content
FIL0005378,01/23/2026 11:10:51,USR0005,PC-USR0005-01,C:\Documents\work_doc_35.docx,File Open,Sample content
FIL0005379,01/23/2026 10:23:45,USR0005,PC-USR0005-01,C:\Documents\work_doc_43.docx,File Open,Sample content
FIL0005380,01/23/2026 09:20:22,USR0005,PC-USR0005-01,C:\Documents\work_doc_31.docx,File Open,Sample content
FIL0005381,01/23/2026 16:39:21,USR0005,PC-USR0005-01,C:\Documents\work_doc_1.docx,File Open,Sample content
FIL0005382,01/23/2026 10:46:28,USR0005,PC-USR0005-01,C:\Documents\work_doc_12.docx,File Open,Sample content
FIL0005383,01/23/2026 12:37:02,USR0005,PC-USR0005-01,C:\Documents\work_doc_32.docx,File Open,Sample content
FIL0005384,01/23/2026 09:08:28,USR0005,PC-USR0005-01,C:\Documents\work_doc_46.docx,File Open,Sample content
FIL0005385,01/23/2026 13:28:16,USR0005,PC-USR0005-01,C:\Documents\work_doc_18.docx,File Open,Sample content
FIL0005386,01/23/2026 10:03:15,USR0006,PC-USR0006-01,C:\Documents\work_doc_37.docx,File Open,Sample content
FIL0005387,01/23/2026 16:04:00,USR0006,PC-USR0006-01,C:\Documents\work_doc_43.docx,File Open,Sample content
FIL0005388,01/23/2026 16:23:51,USR0006,PC-USR0006-01,C:\Documents\work_doc_24.docx,File Open,Sample content
FIL0005389,01/23/2026 15:56:12,USR0006,PC-USR0006-01,C:\Documents\work_doc_13.docx,File Open,Sample content
FIL0005390,01/23/2026 12:43:35,USR0006,PC-USR0006-01,C:\Documents\work_doc_32.docx,File Open,Sample content
FIL0005391,01/23/2026 10:35:03,USR0006,PC-USR0006-01,C:\Documents\work_doc_7.docx,File Open,Sample content
FIL0005392,01/23/2026 14:34:52,USR0006,PC-USR0006-01,C:\Documents\work_doc_9.docx,File Open,Sample content
FIL0005393,01/23/2026 10:07:51,USR0006,PC-USR0006-01,C:\Documents\work_doc_37.docx,File Open,Sample content
FIL0005394,01/23/2026 16:45:16,USR0006,PC-USR0006-01,C:\Documents\work_doc_34.docx,File Open,Sample content
FIL0005395,01/23/2026 16:20:06,USR0007,PC-USR0007-01,C:\Documents\work_doc_36.docx,File Open,Sample content
FIL0005396,01/23/2026 16:41:37,USR0007,PC-USR0007-01,C:\Documents\work_doc_43.docx,File Open,Sample content
FIL0005397,01/23/2026 12:48:10,USR0007,PC-USR0007-01,C:\Documents\work_doc_15.docx,File Open,Sample content
FIL0005398,01/23/2026 09:30:55,USR0007,PC-USR0007-01,C:\Documents\work_doc_9.docx,File Open,Sample content
FIL0005399,01/23/2026 09:10:06,USR0007,PC-USR0007-01,C:\Documents\work_doc_34.docx,File Open,Sample content
FIL0005400,01/23/2026 10:47:46,USR0007,PC-USR0007-01,C:\Documents\work_doc_1.docx,File Open,Sample content
FIL0005401,01/23/2026 16:07:32,USR0007,PC-USR0007-01,C:\Documents\work_doc_48.docx,File Open,Sample content
FIL0005402,01/23/2026 13:10:18,USR0007,PC-USR0007-01,C:\Documents\work_doc_43.docx,File Open,Sample content
FIL0005403,01/23/2026 16:56:12,USR0007,PC-USR0007-01,C:\Documents\work_doc_6.docx,File Open,Sample content
FIL0005404,01/23/2026 11:40:51,USR0007,PC-USR0007-01,C:\Documents\work_doc_8.docx,File Open,Sample content
FIL0005405,01/23/2026 11:07:52,USR0007,PC-USR0007-01,C:\Documents\work_doc_20.docx,File Open,Sample content
FIL0005406,01/23/2026 11:45:46,USR0007,PC-USR0007-01,C:\Documents\work_doc_31.docx,File Open,Sample content
FIL0005407,01/23/2026 11:59:33,USR0008,PC-USR0008-01,C:\Documents\work_doc_38.docx,File Open,Sample content
FIL0005408,01/23/2026 14:52:06,USR0008,PC-USR0008-01,C:\Documents\work_doc_49.docx,File Open,Sample content
FIL0005409,01/23/2026 13:07:02,USR0008,PC-USR0008-01,C:\Documents\work_doc_17.docx,File Open,Sample content
FIL0005410,01/23/2026 09:43:18,USR0008,PC-USR0008-01,C:\Documents\work_doc_34.docx,File Open,Sample content
FIL0005411,01/23/2026 15:59:08,USR0008,PC-USR0008-01,C:\Documents\work_doc_2.docx,File Open,Sample content
FIL0005412,01/23/2026 11:07:49,USR0008,PC-USR0008-01,C:\Documents\work_doc_1.docx,File Open,Sample content
FIL0005413,01/23/2026 15:12:31,USR0008,PC-USR0008-01,C:\Documents\work_doc_43.docx,File Open,Sample content
FIL0005414,01/23/2026 10:31:25,USR0008,PC-USR0008-01,C:\Documents\work_doc_40.docx,File Open,Sample content
FIL0005415,01/23/2026 11:44:46,USR0008,PC-USR0008-01,C:\Documents\work_doc_28.docx,File Open,Sample content
FIL0005416,01/23/2026 16:44:46,USR0008,PC-USR0008-01,C:\Documents\work_doc_12.docx,File Open,Sample content
FIL0005417,01/23/2026 16:26:47,USR0009,PC-USR0009-01,C:\Documents\work_doc_27.docx,File Open,Sample content
FIL0005418,01/23/2026 10:03:38,USR0009,PC-USR0009-01,C:\Documents\work_doc_2.docx,File Open,Sample content
FIL0005419,01/23/2026 15:39:58,USR0009,PC-USR0009-01,C:\Documents\work_doc_47.docx,File Open,Sample content
FIL0005420,01/23/2026 15:31:04,USR0009,PC-USR0009-01,C:\Documents\work_doc_5.docx,File Open,Sample content
FIL0005421,01/23/2026 12:24:16,USR0009,PC-USR0009-01,C:\Documents\work_doc_49.docx,File Open,Sample content
FIL0005422,01/23/2026 10:41:37,USR0009,PC-USR0009-01,C:\Documents\work_doc_24.docx,File Open,Sample content
FIL0005423,01/23/2026 14:25:56,USR0009,PC-USR0009-01,C:\Documents\work_doc_10.docx,File Open,Sample content
FIL0005424,01/23/2026 13:05:45,USR0009,PC-USR0009-01,C:\Documents\work_doc_25.docx,File Open,Sample content
FIL0005425,01/23/2026 16:10:40,USR0009,PC-USR0009-01,C:\Documents\work_doc_50.docx,File Open,Sample content
FIL0005426,01/23/2026 10:40:29,USR0009,PC-USR0009-01,C:\Documents\work_doc_27.docx,File Open,Sample content
FIL0005427,01/23/2026 11:29:17,USR0009,PC-USR0009-01,C:\Documents\work_doc_31.docx,File Open,Sample content
FIL0005428,01/23/2026 11:47:06,USR0009,PC-USR0009-01,C:\Documents\work_doc_39.docx,File Open,Sample content
FIL0005429,01/23/2026 13:50:30,USR0009,PC-USR0009-01,C:\Documents\work_doc_23.docx,File Open,Sample content
FIL0005430,01/23/2026 11:01:49,USR0009,PC-USR0009-01,C:\Documents\work_doc_11.docx,File Open,Sample content
FIL0005431,01/23/2026 10:01:52,USR0009,PC-USR0009-01,C:\Documents\work_doc_2.docx,File Open,Sample content
FIL0005432,01/23/2026 16:31:23,USR0010,PC-USR0010-01,C:\Documents\work_doc_39.docx,File Open,Sample content
FIL0005433,01/23/2026 14:06:01,USR0010,PC-USR0010-01,C:\Documents\work_doc_10.docx,File Open,Sample content
FIL0005434,01/23/2026 16:28:25,USR0010,PC-USR0010-01,C:\Documents\work_doc_39.docx,File Open,Sample content
FIL0005435,01/23/2026 11:34:01,USR0010,PC-USR0010-01,C:\Documents\work_doc_31.docx,File Open,Sample content
FIL0005436,01/23/2026 09:28:04,USR0010,PC-USR0010-01,C:\Documents\work_doc_12.docx,File Open,Sample content
FIL0005437,01/23/2026 09:09:05,USR0010,PC-USR0010-01,C:\Documents\work_doc_21.docx,File Open,Sample content
FIL0005438,01/23/2026 09:38:13,USR0010,PC-USR0010-01,C:\Documents\work_doc_3.docx,File Open,Sample content
FIL0005439,01/23/2026 13:34:00,USR0010,PC-USR0010-01,C:\Documents\work_doc_1.docx,File Open,Sample content
FIL0005440,01/23/2026 10:11:27,USR0010,PC-USR0010-01,C:\Documents\work_doc_27.docx,File Open,Sample content
FIL0005441,01/23/2026 15:04:29,USR0010,PC-USR0010-01,C:\Documents\work_doc_37.docx,File Open,Sample content
FIL0005442,01/23/2026 11:31:39,USR0010,PC-USR0010-01,C:\Documents\work_doc_45.docx,File Open,Sample content
FIL0005443,01/23/2026 16:27:02,USR0010,PC-USR0010-01,C:\Documents\work_doc_33.docx,File Open,Sample content
FIL0005444,01/23/2026 10:30:58,USR0010,PC-USR0010-01,C:\Documents\work_doc_5.docx,File Open,Sample content
FIL0005445,01/23/2026 11:49:04,USR0010,PC-USR0010-01,C:\Documents\work_doc_47.docx,File Open,Sample content
FIL0005446,01/23/2026 15:56:02,USR0011,PC-USR0011-01,C:\Documents\work_doc_19.docx,File Open,Sample content
FIL0005447,01/23/2026 14:58:35,USR0011,PC-USR0011-01,C:\Documents\work_doc_21.docx,File Open,Sample content
FIL0005448,01/23/2026 16:26:03,USR0011,PC-USR0011-01,C:\Documents\work_doc_31.docx,File Open,Sample content
FIL0005449,01/23/2026 12:42:55,USR0011,PC-USR0011-01,C:\Documents\work_doc_21.docx,File Open,Sample content
FIL0005450,01/23/2026 12:46:59,USR0011,PC-USR0011-01,C:\Documents\work_doc_36.docx,File Open,Sample content
FIL0005451,01/23/2026 14:27:22,USR0011,PC-USR0011-01,C:\Documents\work_doc_44.docx,File Open,Sample content
FIL0005452,01/23/2026 09:46:52,USR0011,PC-USR0011-01,C:\Documents\work_doc_44.docx,File Open,Sample content
FIL0005453,01/23/2026 11:21:26,USR0011,PC-USR0011-01,C:\Documents\work_doc_36.docx,File Open,Sample content
FIL0005454,01/23/2026 16:43:15,USR0011,PC-USR0011-01,C:\Documents\work_doc_17.docx,File Open,Sample content
FIL0005455,01/23/2026 12:31:28,USR0011,PC-USR0011-01,C:\Documents\work_doc_37.docx,File Open,Sample content
FIL0005456,01/23/2026 16:43:12,USR0011,PC-USR0011-01,C:\Documents\work_doc_11.docx,File Open,Sample content
FIL0005457,01/23/2026 09:39:32,USR0011,PC-USR0011-01,C:\Documents\work_doc_6.docx,File Open,Sample content
FIL0005458,01/23/2026 13:18:45,USR0012,PC-USR0012-01,C:\Documents\work_doc_39.docx,File Open,Sample content
FIL0005459,01/23/2026 12:10:34,USR0012,PC-USR0012-01,C:\Documents\work_doc_44.docx,File Open,Sample content
FIL0005460,01/23/2026 14:23:16,USR0012,PC-USR0012-01,C:\Documents\work_doc_21.docx,File Open,Sample content
FIL0005461,01/23/2026 15:49:44,USR0012,PC-USR0012-01,C:\Documents\work_doc_38.docx,File Open,Sample content
FIL0005462,01/23/2026 16:48:37,USR0012,PC-USR0012-01,C:\Documents\work_doc_10.docx,File Open,Sample content
FIL0005463,01/23/2026 13:44:16,USR0012,PC-USR0012-01,C:\Documents\work_doc_27.docx,File Open,Sample content
FIL0005464,01/23/2026 10:06:48,USR0012,PC-USR0012-01,C:\Documents\work_doc_39.docx,File Open,Sample content
FIL0005465,01/23/2026 11:17:15,USR0012,PC-USR0012-01,C:\Documents\work_doc_29.docx,File Open,Sample content
FIL0005466,01/23/2026 09:27:55,USR0012,PC-USR0012-01,C:\Documents\work_doc_40.docx,File Open,Sample content
FIL0005467,01/23/2026 12:20:30,USR0012,PC-USR0012-01,C:\Documents\work_doc_1.docx,File Open,Sample content
FIL0005468,01/23/2026 11:39:02,USR0012,PC-USR0012-01,C:\Documents\work_doc_14.docx,File Open,Sample content
FIL0005469,01/23/2026 15:37:56,USR0012,PC-USR0012-01,C:\Documents\work_doc_22.docx,File Open,Sample content
FIL0005470,01/23/2026 11:48:11,USR0012,PC-USR0012-01,C:\Documents\work_doc_4.docx,File Open,Sample content
FIL0005471,01/23/2026 14:43:28,USR0012,PC-USR0012-01,C:\Documents\work_doc_26.docx,File Open,Sample content
FIL0005472,01/23/2026 16:12:46,USR0012,PC-USR0012-01,C:\Documents\work_doc_12.docx,File Open,Sample content
FIL0005473,01/23/2026 16:50:20,USR0012,PC-USR0012-01,C:\Documents\work_doc_13.docx,File Open,Sample content
FIL0005474,01/23/2026 09:37:28,USR0012,PC-USR0012-01,C:\Documents\work_doc_23.docx,File Open,Sample content
FIL0005475,01/23/2026 16:37:00,USR0012,PC-USR0012-01,C:\Documents\work_doc_7.docx,File Open,Sample content
FIL0005476,01/23/2026 10:43:34,USR0012,PC-USR0012-01,C:\Documents\work_doc_12.docx,File Open,Sample content
FIL0005477,01/23/2026 10:13:16,USR0012,PC-USR0012-01,C:\Documents\work_doc_3.docx,File Open,Sample content
FIL0005478,01/23/2026 10:49:12,USR0013,PC-USR0013-01,C:\Documents\work_doc_47.docx,File Open,Sample content
FIL0005479,01/23/2026 13:28:55,USR0013,PC-USR0013-01,C:\Documents\work_doc_31.docx,File Open,Sample content
FIL0005480,01/23/2026 12:57:22,USR0013,PC-USR0013-01,C:\Documents\work_doc_12.docx,File Open,Sample content
FIL0005481,01/23/2026 09:07:43,USR0013,PC-USR0013-01,C:\Documents\work_doc_24.docx,File Open,Sample content
FIL0005482,01/23/2026 15:47:08,USR0013,PC-USR0013-01,C:\Documents\work_doc_38.docx,File Open,Sample content
FIL0005483,01/23/2026 12:35:00,USR0013,PC-USR0013-01,C:\Documents\work_doc_1.docx,File Open,Sample content
FIL0005484,01/23/2026 10:47:04,USR0014,PC-USR0014-01,C:\Documents\work_doc_26.docx,File Open,Sample content
FIL0005485,01/23/2026 12:33:35,USR0014,PC-USR0014-01,C:\Documents\work_doc_34.docx,File Open,Sample content
FIL0005486,01/23/2026 09:22:51,USR0014,PC-USR0014-01,C:\Documents\work_doc_36.docx,File Open,Sample content
FIL0005487,01/23/2026 14:50:35,USR0014,PC-USR0014-01,C:\Documents\work_doc_21.docx,File Open,Sample content
FIL0005488,01/23/2026 10:38:58,USR0014,PC-USR0014-01,C:\Documents\work_doc_10.docx,File Open,Sample content
FIL0005489,01/23/2026 09:44:13,USR0014,PC-USR0014-01,C:\Documents\work_doc_47.docx,File Open,Sample content
FIL0005490,01/23/2026 11:58:28,USR0014,PC-USR0014-01,C:\Documents\work_doc_33.docx,File Open,Sample content
FIL0005491,01/23/2026 16:09:53,USR0014,PC-USR0014-01,C:\Documents\work_doc_48.docx,File Open,Sample content
FIL0005492,01/23/2026 12:14:35,USR0014,PC-USR0014-01,C:\Documents\work_doc_19.docx,File Open,Sample content
FIL0005493,01/23/2026 10:51:29,USR0014,PC-USR0014-01,C:\Documents\work_doc_14.docx,File Open,Sample content
FIL0005494,01/23/2026 14:16:17,USR0014,PC-USR0014-01,C:\Documents\work_doc_24.docx,File Open,Sample content
FIL0005495,01/23/2026 10:29:11,USR0014,PC-USR0014-01,C:\Documents\work_doc_12.docx,File Open,Sample content
FIL0005496,01/23/2026 09:46:07,USR0014,PC-USR0014-01,C:\Documents\work_doc_44.docx,File Open,Sample content
FIL0005497,01/23/2026 10:23:23,USR0014,PC-USR0014-01,C:\Documents\work_doc_25.docx,File Open,Sample content
FIL0005498,01/23/2026 10:36:58,USR0014,PC-USR0014-01,C:\Documents\work_doc_19.docx,File Open,Sample content
FIL0005499,01/23/2026 12:22:35,USR0015,PC-USR0015-01,C:\Documents\work_doc_47.docx,File Open,Sample content
FIL0005500,01/23/2026 15:22:40,USR0015,PC-USR0015-01,C:\Documents\work_doc_31.docx,File Open,Sample content
FIL0005501,01/23/2026 15:42:10,USR0015,PC-USR0015-01,C:\Documents\work_doc_19.docx,File Open,Sample content
FIL0005502,01/23/2026 09:41:27,USR0015,PC-USR0015-01,C:\Documents\work_doc_46.docx,File Open,Sample content
FIL0005503,01/23/2026 12:56:53,USR0015,PC-USR0015-01,C:\Documents\work_doc_27.docx,File Open,Sample content
FIL0005504,01/23/2026 14:37:01,USR0015,PC-USR0015-01,C:\Documents\work_doc_39.docx,File Open,Sample content
FIL0005505,01/23/2026 12:01:45,USR0015,PC-USR0015-01,C:\Documents\work_doc_45.docx,File Open,Sample content
FIL0005506,01/23/2026 09:58:11,USR0015,PC-USR0015-01,C:\Documents\work_doc_34.docx,File Open,Sample content
FIL0005507,01/23/2026 10:52:36,USR0015,PC-USR0015-01,C:\Documents\work_doc_2.docx,File Open,Sample content
FIL0005508,01/23/2026 15:13:48,USR0016,PC-USR0016-01,C:\Documents\work_doc_15.docx,File Open,Sample content
FIL0005509,01/23/2026 14:36:46,USR0016,PC-USR0016-01,C:\Documents\work_doc_23.docx,File Open,Sample content
FIL0005510,01/23/2026 12:53:54,USR0016,PC-USR0016-01,C:\Documents\work_doc_33.docx,File Open,Sample content
FIL0005511,01/23/2026 12:22:15,USR0016,PC-USR0016-01,C:\Documents\work_doc_5.docx,File Open,Sample content
FIL0005512,01/23/2026 10:48:12,USR0016,PC-USR0016-01,C:\Documents\work_doc_17.docx,File Open,Sample content
FIL0005513,01/23/2026 09:26:10,USR0017,PC-USR0017-01,C:\Documents\work_doc_40.docx,File Open,Sample content
FIL0005514,01/23/2026 09:44:01,USR0017,PC-USR0017-01,C:\Documents\work_doc_50.docx,File Open,Sample content
FIL0005515,01/23/2026 14:07:39,USR0017,PC-USR0017-01,C:\Documents\work_doc_43.docx,File Open,Sample content
FIL0005516,01/23/2026 16:42:50,USR0017,PC-USR0017-01,C:\Documents\work_doc_20.docx,File Open,Sample content
FIL0005517,01/23/2026 15:12:21,USR0017,PC-USR0017-01,C:\Documents\work_doc_3.docx,File Open,Sample content
FIL0005518,01/23/2026 11:24:11,USR0017,PC-USR0017-01,C:\Documents\work_doc_6.docx,File Open,Sample content
FIL0005519,01/23/2026 15:25:51,USR0017,PC-USR0017-01,C:\Documents\work_doc_43.docx,File Open,Sample content
FIL0005520,01/23/2026 09:28:53,USR0017,PC-USR0017-01,C:\Documents\work_doc_29.docx,File Open,Sample content
FIL0005521,01/23/2026 14:52:03,USR0017,PC-USR0017-01,C:\Documents\work_doc_4.docx,File Open,Sample content
FIL0005522,01/23/2026 14:01:55,USR0017,PC-USR0017-01,C:\Documents\work_doc_11.docx,File Open,Sample content
FIL0005523,01/23/2026 13:16:11,USR0017,PC-USR0017-01,C:\Documents\work_doc_38.docx,File Open,Sample content
FIL0005524,01/23/2026 16:37:20,USR0017,PC-USR0017-01,C:\Documents\work_doc_35.docx,File Open,Sample content
FIL0005525,01/23/2026 11:21:53,USR0017,PC-USR0017-01,C:\Documents\work_doc_14.docx,File Open,Sample content
FIL0005526,01/23/2026 09:09:42,USR0017,PC-USR0017-01,C:\Documents\work_doc_5.docx,File Open,Sample content
FIL0005527,01/23/2026 13:24:24,USR0017,PC-USR0017-01,C:\Documents\work_doc_36.docx,File Open,Sample content
FIL0005528,01/23/2026 12:01:13,USR0017,PC-USR0017-01,C:\Documents\work_doc_17.docx,File Open,Sample content
FIL0005529,01/23/2026 16:41:55,USR0017,PC-USR0017-01,C:\Documents\work_doc_33.docx,File Open,Sample content
FIL0005530,01/23/2026 15:22:21,USR0017,PC-USR0017-01,C:\Documents\work_doc_27.docx,File Open,Sample content
FIL0005531,01/23/2026 10:33:18,USR0018,PC-USR0018-01,C:\Documents\work_doc_22.docx,File Open,Sample content
FIL0005532,01/23/2026 11:18:10,USR0018,PC-USR0018-01,C:\Documents\work_doc_9.docx,File Open,Sample content
FIL0005533,01/23/2026 15:57:57,USR0018,PC-USR0018-01,C:\Documents\work_doc_4.docx,File Open,Sample content
FIL0005534,01/23/2026 09:35:19,USR0018,PC-USR0018-01,C:\Documents\work_doc_25.docx,File Open,Sample content
FIL0005535,01/23/2026 14:01:07,USR0018,PC-USR0018-01,C:\Documents\work_doc_10.docx,File Open,Sample content
FIL0005536,01/23/2026 16:54:08,USR0018,PC-USR0018-01,C:\Documents\work_doc_31.docx,File Open,Sample content
FIL0005537,01/23/2026 11:20:46,USR0018,PC-USR0018-01,C:\Documents\work_doc_38.docx,File Open,Sample content
FIL0005538,01/23/2026 11:37:24,USR0018,PC-USR0018-01,C:\Documents\work_doc_23.docx,File Open,Sample content
FIL0005539,01/23/2026 11:59:39,USR0018,PC-USR0018-01,C:\Documents\work_doc_17.docx,File Open,Sample content
FIL0005540,01/23/2026 11:53:15,USR0018,PC-USR0018-01,C:\Documents\work_doc_11.docx,File Open,Sample content
FIL0005541,01/23/2026 10:31:26,USR0018,PC-USR0018-01,C:\Documents\work_doc_24.docx,File Open,Sample content
FIL0005542,01/23/2026 16:10:53,USR0018,PC-USR0018-01,C:\Documents\work_doc_12.docx,File Open,Sample content
FIL0005543,01/23/2026 09:01:11,USR0019,PC-USR0019-01,C:\Documents\work_doc_29.docx,File Open,Sample content
FIL0005544,01/23/2026 10:21:41,USR0019,PC-USR0019-01,C:\Documents\work_doc_10.docx,File Open,Sample content
FIL0005545,01/23/2026 09:53:42,USR0019,PC-USR0019-01,C:\Documents\work_doc_39.docx,File Open,Sample content
FIL0005546,01/23/2026 09:43:48,USR0019,PC-USR0019-01,C:\Documents\work_doc_25.docx,File Open,Sample content
FIL0005547,01/23/2026 12:37:20,USR0019,PC-USR0019-01,C:\Documents\work_doc_21.docx,File Open,Sample content
FIL0005548,01/23/2026 10:29:37,USR0019,PC-USR0019-01,C:\Documents\work_doc_1.docx,File Open,Sample content
FIL0005549,01/23/2026 12:40:23,USR0019,PC-USR0019-01,C:\Documents\work_doc_28.docx,File Open,Sample content
FIL0005550,01/23/2026 13:24:40,USR0019,PC-USR0019-01,C:\Documents\work_doc_40.docx,File Open,Sample content
FIL0005551,01/23/2026 12:19:02,USR0019,PC-USR0019-01,C:\Documents\work_doc_7.docx,File Open,Sample content
FIL0005552,01/23/2026 11:29:41,USR0019,PC-USR0019-01,C:\Documents\work_doc_29.docx,File Open,Sample content
FIL0005553,01/23/2026 14:14:30,USR0019,PC-USR0019-01,C:\Documents\work_doc_41.docx,File Open,Sample content
FIL0005554,01/23/2026 14:55:01,USR0019,PC-USR0019-01,C:\Documents\work_doc_13.docx,File Open,Sample content
FIL0005555,01/23/2026 09:04:18,USR0019,PC-USR0019-01,C:\Documents\work_doc_48.docx,File Open,Sample content
FIL0005556,01/23/2026 12:02:06,USR0019,PC-USR0019-01,C:\Documents\work_doc_41.docx,File Open,Sample content
FIL0005557,01/23/2026 12:44:37,USR0019,PC-USR0019-01,C:\Documents\work_doc_31.docx,File Open,Sample content
FIL0005558,01/23/2026 09:03:31,USR0019,PC-USR0019-01,C:\Documents\work_doc_25.docx,File Open,Sample content
FIL0005559,01/23/2026 12:20:31,USR0019,PC-USR0019-01,C:\Documents\work_doc_1.docx,File Open,Sample content
FIL0005560,01/23/2026 11:53:34,USR0019,PC-USR0019-01,C:\Documents\work_doc_26.docx,File Open,Sample content
FIL0005561,01/23/2026 11:32:56,USR0020,PC-USR0020-01,C:\Documents\work_doc_44.docx,File Open,Sample content
FIL0005562,01/23/2026 15:00:51,USR0020,PC-USR0020-01,C:\Documents\work_doc_30.docx,File Open,Sample content
FIL0005563,01/23/2026 14:56:03,USR0020,PC-USR0020-01,C:\Documents\work_doc_28.docx,File Open,Sample content
FIL0005564,01/23/2026 13:54:10,USR0020,PC-USR0020-01,C:\Documents\work_doc_14.docx,File Open,Sample content
FIL0005565,01/23/2026 13:21:36,USR0020,PC-USR0020-01,C:\Documents\work_doc_47.docx,File Open,Sample content
FIL0005566,01/23/2026 13:03:51,USR0020,PC-USR0020-01,C:\Documents\work_doc_47.docx,File Open,Sample content
FIL0005567,01/23/2026 15:03:37,USR0020,PC-USR0020-01,C:\Documents\work_doc_5.docx,File Open,Sample content
FIL0005568,01/23/2026 15:07:36,USR0020,PC-USR0020-01,C:\Documents\work_doc_26.docx,File Open,Sample content
FIL0005569,01/23/2026 14:23:21,USR0020,PC-USR0020-01,C:\Documents\work_doc_31.docx,File Open,Sample content
FIL0005570,01/23/2026 15:31:37,USR0020,PC-USR0020-01,C:\Documents\work_doc_9.docx,File Open,Sample content
FIL0005571,01/23/2026 16:55:28,USR0020,PC-USR0020-01,C:\Documents\work_doc_9.docx,File Open,Sample content
FIL0005572,01/23/2026 14:26:42,USR0020,PC-USR0020-01,C:\Documents\work_doc_40.docx,File Open,Sample content
FIL0005573,01/23/2026 11:26:28,USR0020,PC-USR0020-01,C:\Documents\work_doc_8.docx,File Open,Sample content
FIL0005574,01/23/2026 16:10:01,USR0020,PC-USR0020-01,C:\Documents\work_doc_20.docx,File Open,Sample content
FIL0005575,01/23/2026 15:20:39,USR0020,PC-USR0020-01,C:\Documents\work_doc_19.docx,File Open,Sample content
FIL0005576,01/23/2026 15:39:01,USR0020,PC-USR0020-01,C:\Documents\work_doc_13.docx,File Open,Sample content
FIL0005577,01/23/2026 15:19:00,USR0020,PC-USR0020-01,C:\Documents\work_doc_26.docx,File Open,Sample content
FIL0005578,01/23/2026 09:43:33,USR0021,PC-USR0021-01,C:\Documents\work_doc_16.docx,File Open,Sample content
FIL0005579,01/23/2026 10:19:37,USR0021,PC-USR0021-01,C:\Documents\work_doc_31.docx,File Open,Sample content
FIL0005580,01/23/2026 09:39:07,USR0021,PC-USR0021-01,C:\Documents\work_doc_22.docx,File Open,Sample content
FIL0005581,01/23/2026 12:35:35,USR0021,PC-USR0021-01,C:\Documents\work_doc_43.docx,File Open,Sample content
FIL0005582,01/23/2026 11:57:48,USR0021,PC-USR0021-01,C:\Documents\work_doc_12.docx,File Open,Sample content
FIL0005583,01/23/2026 12:34:09,USR0021,PC-USR0021-01,C:\Documents\work_doc_45.docx,File Open,Sample content
FIL0005584,01/23/2026 11:30:02,USR0021,PC-USR0021-01,C:\Documents\work_doc_45.docx,File Open,Sample content
FIL0005585,01/23/2026 10:02:04,USR0021,PC-USR0021-01,C:\Documents\work_doc_10.docx,File Open,Sample content
FIL0005586,01/23/2026 14:21:12,USR0021,PC-USR0021-01,C:\Documents\work_doc_29.docx,File Open,Sample content
FIL0005587,01/23/2026 10:38:52,USR0021,PC-USR0021-01,C:\Documents\work_doc_22.docx,File Open,Sample content
FIL0005588,01/23/2026 16:32:35,USR0021,PC-USR0021-01,C:\Documents\work_doc_7.docx,File Open,Sample content
FIL0005589,01/23/2026 15:51:02,USR0021,PC-USR0021-01,C:\Documents\work_doc_1.docx,File Open,Sample content
FIL0005590,01/23/2026 09:11:16,USR0021,PC-USR0021-01,C:\Documents\work_doc_1.docx,File Open,Sample content
FIL0005591,01/23/2026 10:46:23,USR0022,PC-USR0022-01,C:\Documents\work_doc_24.docx,File Open,Sample content
FIL0005592,01/23/2026 16:29:22,USR0022,PC-USR0022-01,C:\Documents\work_doc_16.docx,File Open,Sample content
FIL0005593,01/23/2026 09:04:22,USR0022,PC-USR0022-01,C:\Documents\work_doc_32.docx,File Open,Sample content
FIL0005594,01/23/2026 10:40:33,USR0022,PC-USR0022-01,C:\Documents\work_doc_23.docx,File Open,Sample content
FIL0005595,01/23/2026 11:05:37,USR0022,PC-USR0022-01,C:\Documents\work_doc_34.docx,File Open,Sample content
FIL0005596,01/23/2026 10:02:15,USR0022,PC-USR0022-01,C:\Documents\work_doc_37.docx,File Open,Sample content
FIL0005597,01/23/2026 09:27:52,USR0022,PC-USR0022-01,C:\Documents\work_doc_34.docx,File Open,Sample content
FIL0005598,01/23/2026 16:53:20,USR0022,PC-USR0022-01,C:\Documents\work_doc_12.docx,File Open,Sample content
FIL0005599,01/23/2026 13:20:47,USR0022,PC-USR0022-01,C:\Documents\work_doc_42.docx,File Open,Sample content
FIL0005600,01/23/2026 11:30:26,USR0022,PC-USR0022-01,C:\Documents\work_doc_23.docx,File Open,Sample content
FIL0005601,01/23/2026 15:41:19,USR0022,PC-USR0022-01,C:\Documents\work_doc_28.docx,File Open,Sample content
FIL0005602,01/23/2026 14:13:44,USR0022,PC-USR0022-01,C:\Documents\work_doc_6.docx,File Open,Sample content
FIL0005603,01/23/2026 13:00:01,USR0022,PC-USR0022-01,C:\Documents\work_doc_31.docx,File Open,Sample content
FIL0005604,01/23/2026 13:35:26,USR0022,PC-USR0022-01,C:\Documents\work_doc_12.docx,File Open,Sample content
FIL0005605,01/23/2026 09:21:45,USR0022,PC-USR0022-01,C:\Documents\work_doc_7.docx,File Open,Sample content
FIL0005606,01/23/2026 13:42:45,USR0022,PC-USR0022-01,C:\Documents\work_doc_28.docx,File Open,Sample content
FIL0005607,01/23/2026 10:50:01,USR0022,PC-USR0022-01,C:\Documents\work_doc_22.docx,File Open,Sample content
FIL0005608,01/23/2026 12:42:40,USR0022,PC-USR0022-01,C:\Documents\work_doc_46.docx,File Open,Sample content
FIL0005609,01/23/2026 15:34:12,USR0023,PC-USR0023-01,C:\Documents\work_doc_14.docx,File Open,Sample content
FIL0005610,01/23/2026 09:28:54,USR0023,PC-USR0023-01,C:\Documents\work_doc_7.docx,File Open,Sample content
FIL0005611,01/23/2026 13:55:48,USR0023,PC-USR0023-01,C:\Documents\work_doc_40.docx,File Open,Sample content
FIL0005612,01/23/2026 13:22:03,USR0023,PC-USR0023-01,C:\Documents\work_doc_10.docx,File Open,Sample content
FIL0005613,01/23/2026 16:01:14,USR0023,PC-USR0023-01,C:\Documents\work_doc_5.docx,File Open,Sample content
FIL0005614,01/23/2026 13:09:31,USR0023,PC-USR0023-01,C:\Documents\work_doc_19.docx,File Open,Sample content
FIL0005615,01/23/2026 09:17:02,USR0023,PC-USR0023-01,C:\Documents\work_doc_3.docx,File Open,Sample content
FIL0005616,01/23/2026 09:23:04,USR0023,PC-USR0023-01,C:\Documents\work_doc_1.docx,File Open,Sample content
FIL0005617,01/23/2026 13:27:43,USR0023,PC-USR0023-01,C:\Documents\work_doc_8.docx,File Open,Sample content
FIL0005618,01/23/2026 11:19:17,USR0023,PC-USR0023-01,C:\Documents\work_doc_36.docx,File Open,Sample content
FIL0005619,01/23/2026 10:54:55,USR0023,PC-USR0023-01,C:\Documents\work_doc_29.docx,File Open,Sample content
FIL0005620,01/23/2026 12:49:48,USR0024,PC-USR0024-01,C:\Documents\work_doc_11.docx,File Open,Sample content
FIL0005621,01/23/2026 11:49:06,USR0024,PC-USR0024-01,C:\Documents\work_doc_6.docx,File Open,Sample content
FIL0005622,01/23/2026 15:28:34,USR0024,PC-USR0024-01,C:\Documents\work_doc_44.docx,File Open,Sample content
FIL0005623,01/23/2026 13:06:23,USR0024,PC-USR0024-01,C:\Documents\work_doc_32.docx,File Open,Sample content
FIL0005624,01/23/2026 11:30:38,USR0024,PC-USR0024-01,C:\Documents\work_doc_14.docx,File Open,Sample content
FIL0005625,01/23/2026 13:18:46,USR0024,PC-USR0024-01,C:\Documents\work_doc_16.docx,File Open,Sample content
FIL0005626,01/23/2026 11:19:15,USR0024,PC-USR0024-01,C:\Documents\work_doc_18.docx,File Open,Sample content
FIL0005627,01/23/2026 14:59:00,USR0024,PC-USR0024-01,C:\Documents\work_doc_2.docx,File Open,Sample content
FIL0005628,01/23/2026 09:42:36,USR0024,PC-USR0024-01,C:\Documents\work_doc_24.docx,File Open,Sample content
FIL0005629,01/23/2026 15:56:46,USR0024,PC-USR0024-01,C:\Documents\work_doc_48.docx,File Open,Sample content
FIL0005630,01/23/2026 10:48:12,USR0024,PC-USR0024-01,C:\Documents\work_doc_49.docx,File Open,Sample content
FIL0005631,01/23/2026 09:32:51,USR0024,PC-USR0024-01,C:\Documents\work_doc_1.docx,File Open,Sample content
FIL0005632,01/23/2026 16:34:40,USR0024,PC-USR0024-01,C:\Documents\work_doc_38.docx,File Open,Sample content
FIL0005633,01/23/2026 11:37:23,USR0024,PC-USR0024-01,C:\Documents\work_doc_44.docx,File Open,Sample content
FIL0005634,01/23/2026 15:43:44,USR0024,PC-USR0024-01,C:\Documents\work_doc_31.docx,File Open,Sample content
FIL0005635,01/23/2026 11:02:43,USR0024,PC-USR0024-01,C:\Documents\work_doc_14.docx,File Open,Sample content
FIL0005636,01/23/2026 15:29:33,USR0024,PC-USR0024-01,C:\Documents\work_doc_34.docx,File Open,Sample content
FIL0005637,01/23/2026 16:00:07,USR0024,PC-USR0024-01,C:\Documents\work_doc_13.docx,File Open,Sample content
FIL0005638,01/23/2026 14:20:03,USR0024,PC-USR0024-01,C:\Documents\work_doc_30.docx,File Open,Sample content
FIL0005639,01/23/2026 11:34:52,USR0024,PC-USR0024-01,C:\Documents\work_doc_19.docx,File Open,Sample content
FIL0005640,01/23/2026 10:39:04,USR0025,PC-USR0025-01,C:\Documents\work_doc_28.docx,File Open,Sample content
FIL0005641,01/23/2026 10:44:08,USR0025,PC-USR0025-01,C:\Documents\work_doc_43.docx,File Open,Sample content
FIL0005642,01/23/2026 14:15:55,USR0025,PC-USR0025-01,C:\Documents\work_doc_12.docx,File Open,Sample content
FIL0005643,01/23/2026 15:20:59,USR0025,PC-USR0025-01,C:\Documents\work_doc_8.docx,File Open,Sample content
FIL0005644,01/23/2026 11:41:50,USR0025,PC-USR0025-01,C:\Documents\work_doc_49.docx,File Open,Sample content
FIL0005645,01/23/2026 12:50:33,USR0025,PC-USR0025-01,C:\Documents\work_doc_28.docx,File Open,Sample content
FIL0005646,01/23/2026 09:05:15,USR0025,PC-USR0025-01,C:\Documents\work_doc_40.docx,File Open,Sample content
FIL0005647,01/23/2026 09:05:36,USR0025,PC-USR0025-01,C:\Documents\work_doc_36.docx,File Open,Sample content
FIL0005648,01/23/2026 16:13:34,USR0025,PC-USR0025-01,C:\Documents\work_doc_31.docx,File Open,Sample content
FIL0005649,01/23/2026 14:08:17,USR0025,PC-USR0025-01,C:\Documents\work_doc_15.docx,File Open,Sample content
FIL0005650,01/23/2026 13:38:58,USR0025,PC-USR0025-01,C:\Documents\work_doc_44.docx,File Open,Sample content
FIL0005651,01/23/2026 09:40:34,USR0025,PC-USR0025-01,C:\Documents\work_doc_32.docx,File Open,Sample content
FIL0005652,01/23/2026 13:53:22,USR0025,PC-USR0025-01,C:\Documents\work_doc_26.docx,File Open,Sample content
FIL0005653,01/23/2026 10:13:48,USR0025,PC-USR0025-01,C:\Documents\work_doc_22.docx,File Open,Sample content
FIL0005654,01/23/2026 14:33:02,USR0025,PC-USR0025-01,C:\Documents\work_doc_8.docx,File Open,Sample content
FIL0005655,01/23/2026 11:35:01,USR0025,PC-USR0025-01,C:\Documents\work_doc_19.docx,File Open,Sample content
FIL0005656,01/23/2026 12:08:28,USR0025,PC-USR0025-01,C:\Documents\work_doc_2.docx,File Open,Sample content
FIL0005657,01/24/2026 23:24:02,AAE0190,PC-AAE0190-01,C:\Documents\work_doc_7.docx,File Open,Sample content
FIL0005658,01/24/2026 22:33:14,AAE0190,PC-AAE0190-01,C:\Documents\work_doc_1.docx,File Open,Sample content
FIL0005659,01/24/2026 21:31:58,AAE0190,PC-AAE0190-01,C:\Documents\work_doc_14.docx,File Open,Sample content
FIL0005660,01/24/2026 23:19:17,AAE0190,PC-AAE0190-01,C:\Documents\work_doc_18.docx,File Open,Sample content
FIL0005661,01/24/2026 23:49:33,AAE0190,PC-AAE0190-01,C:\Documents\work_doc_20.docx,File Open,Sample content
FIL0005662,01/24/2026 23:22:12,AAE0190,PC-AAE0190-01,C:\Confidential\source_code_export_4.zip,File Open,Sample content
FIL0005663,01/24/2026 21:23:32,AAE0190,PC-AAE0190-01,C:\Documents\work_doc_30.docx,File Open,Sample content
FIL0005664,01/24/2026 22:38:58,AAE0190,PC-AAE0190-01,C:\Documents\work_doc_41.docx,File Open,Sample content
FIL0005665,01/24/2026 22:49:34,AAE0190,PC-AAE0190-01,C:\Documents\work_doc_45.docx,File Open,Sample content
FIL0005666,01/24/2026 21:38:52,AAE0190,PC-AAE0190-01,C:\Documents\work_doc_48.docx,File Open,Sample content
FIL0005667,01/24/2026 22:48:33,AAE0190,PC-AAE0190-01,C:\Documents\work_doc_20.docx,File Open,Sample content
FIL0005668,01/24/2026 23:25:48,AAE0190,PC-AAE0190-01,C:\Documents\work_doc_3.docx,File Open,Sample content
FIL0005669,01/24/2026 22:36:26,AAE0190,PC-AAE0190-01,C:\Confidential\source_code_export_3.zip,File Open,Sample content
FIL0005670,01/24/2026 21:09:43,AAE0190,PC-AAE0190-01,C:\Documents\work_doc_5.docx,File Open,Sample content
FIL0005671,01/24/2026 23:33:44,AAE0190,PC-AAE0190-01,C:\Documents\work_doc_16.docx,File Open,Sample content
FIL0005672,01/24/2026 21:34:32,AAE0190,PC-AAE0190-01,C:\Documents\work_doc_32.docx,File Open,Sample content
FIL0005673,01/24/2026 22:34:07,AAE0190,PC-AAE0190-01,C:\Documents\work_doc_4.docx,File Open,Sample content
FIL0005674,01/24/2026 23:40:15,AAE0190,PC-AAE0190-01,C:\Documents\work_doc_20.docx,File Open,Sample content
FIL0005675,01/24/2026 22:48:25,AAE0190,PC-AAE0190-01,C:\Documents\work_doc_12.docx,File Open,Sample content
FIL0005676,01/24/2026 22:15:08,AAE0190,PC-AAE0190-01,C:\Documents\work_doc_36.docx,File Open,Sample content
FIL0005677,01/24/2026 23:42:34,AAE0190,PC-AAE0190-01,C:\Documents\work_doc_24.docx,File Open,Sample content
FIL0005678,01/24/2026 21:43:20,AAE0190,PC-AAE0190-01,C:\Documents\work_doc_36.docx,File Open,Sample content
FIL0005679,01/24/2026 23:10:22,AAE0190,PC-AAE0190-01,C:\Confidential\source_code_export_7.zip,File Open,Sample content
FIL0005680,01/24/2026 22:47:10,AAE0190,PC-AAE0190-01,C:\Documents\work_doc_35.docx,File Open,Sample content
FIL0005681,01/24/2026 21:44:34,AAE0190,PC-AAE0190-01,C:\Documents\work_doc_10.docx,File Open,Sample content
FIL0005682,01/24/2026 22:05:09,AAE0190,PC-AAE0190-01,C:\Documents\work_doc_30.docx,File Open,Sample content
FIL0005683,01/24/2026 23:18:25,AAE0190,PC-AAE0190-01,C:\Documents\work_doc_46.docx,File Open,Sample content
FIL0005684,01/24/2026 21:04:15,AAE0190,PC-AAE0190-01,C:\Confidential\source_code_export_10.zip,File Open,Sample content
FIL0005685,01/24/2026 23:19:00,AAE0190,PC-AAE0190-01,C:\Confidential\source_code_export_2.zip,File Open,Sample content
FIL0005686,01/24/2026 22:23:51,AAE0190,PC-AAE0190-01,C:\Documents\work_doc_21.docx,File Open,Sample content
FIL0005687,01/24/2026 22:10:43,AAE0190,PC-AAE0190-01,C:\Documents\work_doc_21.docx,File Open,Sample content
FIL0005688,01/24/2026 22:54:47,AAE0190,PC-AAE0190-01,C:\Confidential\source_code_export_7.zip,File Open,Sample content
FIL0005689,01/24/2026 23:00:08,AAE0190,PC-AAE0190-01,C:\Confidential\source_code_export_6.zip,File Open,Sample content
FIL0005690,01/24/2026 22:33:53,AAE0190,PC-AAE0190-01,C:\Documents\work_doc_14.docx,File Open,Sample content
FIL0005691,01/24/2026 22:05:24,AAE0190,PC-AAE0190-01,C:\Documents\work_doc_20.docx,File Open,Sample content
FIL0005692,01/24/2026 21:15:08,AAE0190,PC-AAE0190-01,C:\Documents\work_doc_23.docx,File Open,Sample content
FIL0005693,01/24/2026 22:21:02,AAE0190,PC-AAE0190-01,C:\Confidential\source_code_export_4.zip,File Open,Sample content
FIL0005694,01/24/2026 23:57:34,AAE0190,PC-AAE0190-01,C:\Documents\work_doc_41.docx,File Open,Sample content
FIL0005695,01/24/2026 22:19:40,AAE0190,PC-AAE0190-01,C:\Documents\work_doc_11.docx,File Open,Sample content
FIL0005696,01/24/2026 23:05:56,AAE0190,PC-AAE0190-01,C:\Confidential\source_code_export_1.zip,File Open,Sample content
FIL0005697,01/24/2026 21:29:06,AAE0190,PC-AAE0190-01,C:\Documents\work_doc_25.docx,File Open,Sample content
FIL0005698,01/24/2026 22:56:36,AAE0190,PC-AAE0190-01,C:\Confidential\source_code_export_5.zip,File Open,Sample content
FIL0005699,01/24/2026 23:19:02,AAE0190,PC-AAE0190-01,C:\Documents\work_doc_46.docx,File Open,Sample content
FIL0005700,01/24/2026 23:23:07,AAE0190,PC-AAE0190-01,C:\Documents\work_doc_13.docx,File Open,Sample content
FIL0005701,01/24/2026 21:34:59,AAE0190,PC-AAE0190-01,C:\Confidential\source_code_export_4.zip,File Open,Sample content
FIL0005702,01/24/2026 23:49:46,AAE0190,PC-AAE0190-01,C:\Documents\work_doc_7.docx,File Open,Sample content
FIL0005703,01/24/2026 23:55:13,AAE0190,PC-AAE0190-01,C:\Confidential\source_code_export_9.zip,File Open,Sample content
FIL0005704,01/24/2026 23:46:32,AAE0190,PC-AAE0190-01,C:\Documents\work_doc_28.docx,File Open,Sample content
FIL0005705,01/24/2026 22:33:10,AAE0190,PC-AAE0190-01,C:\Confidential\source_code_export_3.zip,File Open,Sample content
FIL0005706,01/24/2026 22:07:28,AAE0190,PC-AAE0190-01,C:\Documents\work_doc_36.docx,File Open,Sample content
FIL0005707,01/24/2026 22:32:45,AAE0190,PC-AAE0190-01,C:\Confidential\source_code_export_3.zip,File Open,Sample content
FIL0005708,01/24/2026 23:00:06,AAE0190,PC-AAE0190-01,C:\Documents\work_doc_42.docx,File Open,Sample content
FIL0005709,01/24/2026 21:35:53,AAE0190,PC-AAE0190-01,C:\Documents\work_doc_27.docx,File Open,Sample content
FIL0005710,01/24/2026 21:44:26,AAE0190,PC-AAE0190-01,C:\Documents\work_doc_7.docx,File Open,Sample content
FIL0005711,01/24/2026 21:26:47,AAE0190,PC-AAE0190-01,C:\Documents\work_doc_48.docx,File Open,Sample content
FIL0005712,01/24/2026 22:06:42,AAE0190,PC-AAE0190-01,C:\Documents\work_doc_40.docx,File Open,Sample content
FIL0005713,01/24/2026 21:54:08,AAE0190,PC-AAE0190-01,C:\Documents\work_doc_39.docx,File Open,Sample content
FIL0005714,01/24/2026 21:53:32,AAE0190,PC-AAE0190-01,C:\Confidential\source_code_export_5.zip,File Open,Sample content
FIL0005715,01/24/2026 23:42:07,AAE0190,PC-AAE0190-01,C:\Confidential\source_code_export_5.zip,File Open,Sample content
FIL0005716,01/24/2026 22:36:55,AAE0190,PC-AAE0190-01,C:\Confidential\source_code_export_6.zip,File Open,Sample content
FIL0005717,01/24/2026 21:45:57,AAE0190,PC-AAE0190-01,C:\Documents\work_doc_45.docx,File Open,Sample content
FIL0005718,01/24/2026 21:20:18,AAE0190,PC-AAE0190-01,C:\Confidential\source_code_export_10.zip,File Open,Sample content
FIL0005719,01/24/2026 23:19:16,AAE0190,PC-AAE0190-01,C:\Documents\work_doc_23.docx,File Open,Sample content
FIL0005720,01/24/2026 23:12:20,AAE0190,PC-AAE0190-01,C:\Documents\work_doc_1.docx,File Open,Sample content
FIL0005721,01/24/2026 22:35:38,AAE0190,PC-AAE0190-01,C:\Documents\work_doc_50.docx,File Open,Sample content
FIL0005722,01/24/2026 22:23:37,AAE0190,PC-AAE0190-01,C:\Confidential\source_code_export_6.zip,File Open,Sample content
FIL0005723,01/24/2026 21:30:58,AAE0190,PC-AAE0190-01,C:\Documents\work_doc_24.docx,File Open,Sample content
FIL0005724,01/24/2026 22:01:16,AAE0190,PC-AAE0190-01,C:\Documents\work_doc_50.docx,File Open,Sample content
FIL0005725,01/24/2026 22:50:15,AAE0190,PC-AAE0190-01,C:\Documents\work_doc_27.docx,File Open,Sample content
FIL0005726,01/24/2026 21:46:59,AAE0190,PC-AAE0190-01,C:\Confidential\source_code_export_5.zip,File Open,Sample content
FIL0005727,01/24/2026 23:42:58,AAE0190,PC-AAE0190-01,C:\Confidential\source_code_export_5.zip,File Open,Sample content
FIL0005728,01/24/2026 22:07:03,AAE0190,PC-AAE0190-01,C:\Documents\work_doc_16.docx,File Open,Sample content
FIL0005729,01/24/2026 21:34:17,AAE0190,PC-AAE0190-01,C:\Confidential\source_code_export_5.zip,File Open,Sample content
FIL0005730,01/24/2026 21:44:38,AAE0190,PC-AAE0190-01,C:\Confidential\source_code_export_6.zip,File Open,Sample content
FIL0005731,01/24/2026 21:42:06,AAE0190,PC-AAE0190-01,C:\Documents\work_doc_37.docx,File Open,Sample content
FIL0005732,01/24/2026 23:19:32,AAE0190,PC-AAE0190-01,C:\Documents\work_doc_27.docx,File Open,Sample content
FIL0005733,01/24/2026 22:49:10,AAE0190,PC-AAE0190-01,C:\Documents\work_doc_10.docx,File Open,Sample content
FIL0005734,01/24/2026 23:04:15,AAE0190,PC-AAE0190-01,C:\Confidential\source_code_export_4.zip,File Open,Sample content
FIL0005735,01/24/2026 21:50:28,AAE0190,PC-AAE0190-01,C:\Confidential\source_code_export_3.zip,File Open,Sample content
FIL0005736,01/24/2026 21:39:57,AAE0190,PC-AAE0190-01,C:\Documents\work_doc_46.docx,File Open,Sample content
FIL0005737,01/24/2026 22:45:47,AAE0190,PC-AAE0190-01,C:\Documents\work_doc_49.docx,File Open,Sample content
FIL0005738,01/24/2026 22:43:09,AAE0190,PC-AAE0190-01,C:\Documents\work_doc_15.docx,File Open,Sample content
FIL0005739,01/24/2026 23:47:57,AAE0190,PC-AAE0190-01,C:\Confidential\source_code_export_3.zip,File Open,Sample content
FIL0005740,01/24/2026 21:47:41,AAE0190,PC-AAE0190-01,C:\Confidential\source_code_export_4.zip,File Open,Sample content
FIL0005741,01/24/2026 23:16:23,AAE0190,PC-AAE0190-01,C:\Documents\work_doc_11.docx,File Open,Sample content
FIL0005742,01/24/2026 22:10:50,AAE0190,PC-AAE0190-01,C:\Confidential\source_code_export_9.zip,File Open,Sample content
FIL0005743,01/24/2026 21:48:56,AAE0190,PC-AAE0190-01,C:\Documents\work_doc_15.docx,File Open,Sample content
FIL0005744,01/24/2026 22:44:15,AAE0190,PC-AAE0190-01,C:\Documents\work_doc_3.docx,File Open,Sample content
FIL0005745,01/24/2026 23:38:51,AAE0190,PC-AAE0190-01,C:\Documents\work_doc_26.docx,File Open,Sample content
FIL0005746,01/24/2026 21:55:39,AAE0190,PC-AAE0190-01,C:\Documents\work_doc_12.docx,File Open,Sample content
FIL0005747,01/24/2026 22:40:39,AAE0190,PC-AAE0190-01,C:\Documents\work_doc_24.docx,File Open,Sample content
FIL0005748,01/24/2026 21:26:03,AAE0190,PC-AAE0190-01,C:\Documents\work_doc_5.docx,File Open,Sample content
FIL0005749,01/24/2026 21:57:48,AAE0190,PC-AAE0190-01,C:\Confidential\source_code_export_2.zip,File Open,Sample content
FIL0005750,01/24/2026 21:46:09,AAE0190,PC-AAE0190-01,C:\Documents\work_doc_16.docx,File Open,Sample content
FIL0005751,01/24/2026 21:48:13,AAE0190,PC-AAE0190-01,C:\Confidential\source_code_export_10.zip,File Open,Sample content
FIL0005752,01/24/2026 23:30:12,AAE0190,PC-AAE0190-01,C:\Confidential\source_code_export_8.zip,File Open,Sample content
FIL0005753,01/24/2026 23:42:37,AAE0190,PC-AAE0190-01,C:\Confidential\source_code_export_5.zip,File Open,Sample content
FIL0005754,01/24/2026 22:56:40,AAE0190,PC-AAE0190-01,C:\Confidential\source_code_export_6.zip,File Open,Sample content
FIL0005755,01/24/2026 21:31:33,AAE0190,PC-AAE0190-01,C:\Documents\work_doc_21.docx,File Open,Sample content
FIL0005756,01/24/2026 21:44:05,AAE0190,PC-AAE0190-01,C:\Documents\work_doc_4.docx,File Open,Sample content
FIL0005757,01/24/2026 23:44:42,AAE0190,PC-AAE0190-01,C:\Confidential\source_code_export_5.zip,File Open,Sample content
FIL0005758,01/24/2026 22:02:05,AAE0190,PC-AAE0190-01,C:\Documents\work_doc_45.docx,File Open,Sample content
FIL0005759,01/24/2026 21:41:58,AAE0190,PC-AAE0190-01,C:\Documents\work_doc_26.docx,File Open,Sample content
FIL0005760,01/24/2026 23:08:06,AAE0190,PC-AAE0190-01,C:\Confidential\source_code_export_1.zip,File Open,Sample content
FIL0005761,01/24/2026 21:55:39,AAE0190,PC-AAE0190-01,C:\Confidential\source_code_export_6.zip,File Open,Sample content
FIL0005762,01/24/2026 23:12:02,AAE0190,PC-AAE0190-01,C:\Documents\work_doc_1.docx,File Open,Sample content
FIL0005763,01/24/2026 21:33:06,AAE0190,PC-AAE0190-01,C:\Documents\work_doc_41.docx,File Open,Sample content
FIL0005764,01/24/2026 21:58:24,AAE0190,PC-AAE0190-01,C:\Documents\work_doc_5.docx,File Open,Sample content
FIL0005765,01/24/2026 23:47:03,AAE0190,PC-AAE0190-01,C:\Documents\work_doc_3.docx,File Open,Sample content
FIL0005766,01/24/2026 23:56:29,AAE0190,PC-AAE0190-01,C:\Documents\work_doc_43.docx,File Open,Sample content
FIL0005767,01/24/2026 23:57:53,AAE0190,PC-AAE0190-01,C:\Documents\work_doc_18.docx,File Open,Sample content
FIL0005768,01/24/2026 23:55:02,AAE0190,PC-AAE0190-01,C:\Documents\work_doc_29.docx,File Open,Sample content
FIL0005769,01/24/2026 21:54:30,AAE0190,PC-AAE0190-01,C:\Documents\work_doc_39.docx,File Open,Sample content
FIL0005770,01/24/2026 21:08:55,AAE0190,PC-AAE0190-01,C:\Documents\work_doc_32.docx,File Open,Sample content
FIL0005771,01/24/2026 22:34:38,AAE0190,PC-AAE0190-01,C:\Documents\work_doc_3.docx,File Open,Sample content
FIL0005772,01/24/2026 22:25:54,AAE0190,PC-AAE0190-01,C:\Documents\work_doc_44.docx,File Open,Sample content
FIL0005773,01/24/2026 23:10:50,AAE0190,PC-AAE0190-01,C:\Confidential\source_code_export_4.zip,File Open,Sample content
FIL0005774,01/24/2026 21:26:48,AAE0190,PC-AAE0190-01,C:\Documents\work_doc_25.docx,File Open,Sample content
FIL0005775,01/24/2026 21:52:13,AAE0190,PC-AAE0190-01,C:\Documents\work_doc_2.docx,File Open,Sample content
FIL0005776,01/24/2026 23:01:25,AAE0190,PC-AAE0190-01,C:\Documents\work_doc_45.docx,File Open,Sample content
FIL0005777,01/24/2026 22:29:44,AAE0190,PC-AAE0190-01,C:\Documents\work_doc_23.docx,File Open,Sample content
FIL0005778,01/24/2026 21:03:29,AAE0190,PC-AAE0190-01,C:\Documents\work_doc_9.docx,File Open,Sample content
FIL0005779,01/24/2026 23:30:07,AAE0190,PC-AAE0190-01,C:\Documents\work_doc_34.docx,File Open,Sample content
FIL0005780,01/24/2026 23:27:11,AAE0190,PC-AAE0190-01,C:\Documents\work_doc_31.docx,File Open,Sample content
FIL0005781,01/24/2026 23:23:01,AAE0190,PC-AAE0190-01,C:\Documents\work_doc_18.docx,File Open,Sample content
FIL0005782,01/24/2026 22:38:55,AAE0190,PC-AAE0190-01,C:\Documents\work_doc_26.docx,File Open,Sample content
FIL0005783,01/24/2026 21:19:25,AAE0190,PC-AAE0190-01,C:\Documents\work_doc_18.docx,File Open,Sample content
FIL0005784,01/24/2026 21:25:44,AAE0190,PC-AAE0190-01,C:\Confidential\source_code_export_9.zip,File Open,Sample content
FIL0005785,01/24/2026 22:45:50,AAE0190,PC-AAE0190-01,C:\Confidential\source_code_export_9.zip,File Open,Sample content
FIL0005786,01/24/2026 23:38:35,AAE0190,PC-AAE0190-01,C:\Documents\work_doc_49.docx,File Open,Sample content
FIL0005787,01/24/2026 21:31:19,AAE0190,PC-AAE0190-01,C:\Documents\work_doc_34.docx,File Open,Sample content
FIL0005788,01/24/2026 21:29:38,AAE0190,PC-AAE0190-01,C:\Documents\work_doc_7.docx,File Open,Sample content
FIL0005789,01/24/2026 22:36:57,AAE0190,PC-AAE0190-01,C:\Confidential\source_code_export_6.zip,File Open,Sample content
FIL0005790,01/24/2026 21:20:28,AAE0190,PC-AAE0190-01,C:\Documents\work_doc_44.docx,File Open,Sample content
FIL0005791,01/24/2026 22:59:16,AAE0190,PC-AAE0190-01,C:\Documents\work_doc_2.docx,File Open,Sample content
FIL0005792,01/24/2026 21:52:33,AAE0190,PC-AAE0190-01,C:\Confidential\source_code_export_2.zip,File Open,Sample content
FIL0005793,01/24/2026 22:23:29,AAE0190,PC-AAE0190-01,C:\Documents\work_doc_34.docx,File Open,Sample content
FIL0005794,01/24/2026 22:46:43,AAE0190,PC-AAE0190-01,C:\Confidential\source_code_export_2.zip,File Open,Sample content
FIL0005795,01/24/2026 22:51:56,AAE0190,PC-AAE0190-01,C:\Confidential\source_code_export_8.zip,File Open,Sample content
FIL0005796,01/24/2026 23:09:35,AAE0190,PC-AAE0190-01,C:\Documents\work_doc_10.docx,File Open,Sample content
FIL0005797,01/24/2026 21:31:29,AAE0190,PC-AAE0190-01,C:\Confidential\source_code_export_8.zip,File Open,Sample content
FIL0005798,01/24/2026 23:36:30,AAE0190,PC-AAE0190-01,C:\Documents\work_doc_45.docx,File Open,Sample content
FIL0005799,01/24/2026 22:28:38,AAE0190,PC-AAE0190-01,C:\Documents\work_doc_27.docx,File Open,Sample content
FIL0005800,01/24/2026 23:16:18,AAE0190,PC-AAE0190-01,C:\Documents\work_doc_22.docx,File Open,Sample content
FIL0005801,01/24/2026 23:16:03,AAE0190,PC-AAE0190-01,C:\Documents\work_doc_48.docx,File Open,Sample content
FIL0005802,01/24/2026 23:03:35,AAE0190,PC-AAE0190-01,C:\Documents\work_doc_35.docx,File Open,Sample content
FIL0005803,01/24/2026 21:13:12,AAE0190,PC-AAE0190-01,C:\Confidential\source_code_export_8.zip,File Open,Sample content
FIL0005804,01/24/2026 22:11:02,AAE0190,PC-AAE0190-01,C:\Documents\work_doc_18.docx,File Open,Sample content
FIL0005805,01/24/2026 22:08:52,AAE0190,PC-AAE0190-01,C:\Documents\work_doc_13.docx,File Open,Sample content
FIL0005806,01/24/2026 23:30:39,AAE0190,PC-AAE0190-01,C:\Documents\work_doc_17.docx,File Open,Sample content
FIL0005807,01/24/2026 23:12:46,AAE0190,PC-AAE0190-01,C:\Documents\work_doc_40.docx,File Open,Sample content
FIL0005808,01/24/2026 22:51:59,AAE0190,PC-AAE0190-01,C:\Documents\work_doc_32.docx,File Open,Sample content
FIL0005809,01/24/2026 22:25:00,AAE0190,PC-AAE0190-01,C:\Documents\work_doc_21.docx,File Open,Sample content
FIL0005810,01/24/2026 21:21:54,AAE0190,PC-AAE0190-01,C:\Confidential\source_code_export_6.zip,File Open,Sample content
FIL0005811,01/24/2026 22:19:17,AAE0190,PC-AAE0190-01,C:\Documents\work_doc_46.docx,File Open,Sample content
FIL0005812,01/24/2026 23:35:58,AAE0190,PC-AAE0190-01,C:\Documents\work_doc_1.docx,File Open,Sample content
FIL0005813,01/24/2026 22:11:48,AAE0190,PC-AAE0190-01,C:\Confidential\source_code_export_7.zip,File Open,Sample content
FIL0005814,01/24/2026 22:25:54,AAE0190,PC-AAE0190-01,C:\Documents\work_doc_13.docx,File Open,Sample content
FIL0005815,01/24/2026 23:42:37,AAE0190,PC-AAE0190-01,C:\Confidential\source_code_export_7.zip,File Open,Sample content
FIL0005816,01/24/2026 22:38:52,AAE0190,PC-AAE0190-01,C:\Confidential\source_code_export_1.zip,File Open,Sample content
FIL0005817,01/24/2026 22:39:46,AAE0190,PC-AAE0190-01,C:\Confidential\source_code_export_4.zip,File Open,Sample content
FIL0005818,01/24/2026 22:09:24,AAE0190,PC-AAE0190-01,C:\Documents\work_doc_3.docx,File Open,Sample content
FIL0005819,01/24/2026 23:30:45,AAE0190,PC-AAE0190-01,C:\Documents\work_doc_24.docx,File Open,Sample content
FIL0005820,01/24/2026 21:26:43,AAE0190,PC-AAE0190-01,C:\Documents\work_doc_43.docx,File Open,Sample content
FIL0005821,01/24/2026 21:07:14,AAE0190,PC-AAE0190-01,C:\Confidential\source_code_export_2.zip,File Open,Sample content
FIL0005822,01/24/2026 21:27:16,AAE0190,PC-AAE0190-01,C:\Confidential\source_code_export_1.zip,File Open,Sample content
FIL0005823,01/24/2026 23:38:39,AAE0190,PC-AAE0190-01,C:\Confidential\source_code_export_5.zip,File Open,Sample content
FIL0005824,01/24/2026 21:36:44,AAE0190,PC-AAE0190-01,C:\Documents\work_doc_47.docx,File Open,Sample content
FIL0005825,01/24/2026 22:29:06,AAE0190,PC-AAE0190-01,C:\Confidential\source_code_export_3.zip,File Open,Sample content
FIL0005826,01/24/2026 22:57:34,AAE0190,PC-AAE0190-01,C:\Documents\work_doc_40.docx,File Open,Sample content
FIL0005827,01/24/2026 21:12:58,AAE0190,PC-AAE0190-01,C:\Documents\work_doc_19.docx,File Open,Sample content
FIL0005828,01/25/2026 21:18:16,AAE0190,PC-AAE0190-01,C:\Confidential\source_code_export_10.zip,File Open,Sample content
FIL0005829,01/25/2026 23:38:02,AAE0190,PC-AAE0190-01,C:\Documents\work_doc_18.docx,File Open,Sample content
FIL0005830,01/25/2026 21:12:54,AAE0190,PC-AAE0190-01,C:\Confidential\source_code_export_7.zip,File Open,Sample content
FIL0005831,01/25/2026 21:42:08,AAE0190,PC-AAE0190-01,C:\Confidential\source_code_export_10.zip,File Open,Sample content
FIL0005832,01/25/2026 22:48:12,AAE0190,PC-AAE0190-01,C:\Documents\work_doc_34.docx,File Open,Sample content
FIL0005833,01/25/2026 23:26:25,AAE0190,PC-AAE0190-01,C:\Documents\work_doc_7.docx,File Open,Sample content
FIL0005834,01/25/2026 22:41:18,AAE0190,PC-AAE0190-01,C:\Documents\work_doc_18.docx,File Open,Sample content
FIL0005835,01/25/2026 23:53:06,AAE0190,PC-AAE0190-01,C:\Documents\work_doc_20.docx,File Open,Sample content
FIL0005836,01/25/2026 22:40:38,AAE0190,PC-AAE0190-01,C:\Documents\work_doc_11.docx,File Open,Sample content
FIL0005837,01/25/2026 23:48:24,AAE0190,PC-AAE0190-01,C:\Confidential\source_code_export_10.zip,File Open,Sample content
FIL0005838,01/25/2026 22:11:21,AAE0190,PC-AAE0190-01,C:\Documents\work_doc_27.docx,File Open,Sample content
FIL0005839,01/25/2026 21:38:28,AAE0190,PC-AAE0190-01,C:\Documents\work_doc_30.docx,File Open,Sample content
FIL0005840,01/25/2026 22:11:29,AAE0190,PC-AAE0190-01,C:\Documents\work_doc_44.docx,File Open,Sample content
FIL0005841,01/25/2026 22:20:15,AAE0190,PC-AAE0190-01,C:\Documents\work_doc_21.docx,File Open,Sample content
FIL0005842,01/25/2026 21:04:48,AAE0190,PC-AAE0190-01,C:\Documents\work_doc_23.docx,File Open,Sample content
FIL0005843,01/25/2026 22:35:33,AAE0190,PC-AAE0190-01,C:\Documents\work_doc_3.docx,File Open,Sample content
FIL0005844,01/25/2026 21:13:42,AAE0190,PC-AAE0190-01,C:\Confidential\source_code_export_3.zip,File Open,Sample content
FIL0005845,01/25/2026 23:36:29,AAE0190,PC-AAE0190-01,C:\Confidential\source_code_export_7.zip,File Open,Sample content
FIL0005846,01/25/2026 21:08:36,AAE0190,PC-AAE0190-01,C:\Documents\work_doc_35.docx,File Open,Sample content
FIL0005847,01/25/2026 22:45:20,AAE0190,PC-AAE0190-01,C:\Confidential\source_code_export_2.zip,File Open,Sample content
FIL0005848,01/25/2026 21:48:25,AAE0190,PC-AAE0190-01,C:\Documents\work_doc_24.docx,File Open,Sample content
FIL0005849,01/25/2026 21:22:24,AAE0190,PC-AAE0190-01,C:\Documents\work_doc_3.docx,File Open,Sample content
FIL0005850,01/25/2026 22:22:52,AAE0190,PC-AAE0190-01,C:\Confidential\source_code_export_4.zip,File Open,Sample content
FIL0005851,01/25/2026 22:32:46,AAE0190,PC-AAE0190-01,C:\Documents\work_doc_25.docx,File Open,Sample content
FIL0005852,01/25/2026 21:05:18,AAE0190,PC-AAE0190-01,C:\Documents\work_doc_30.docx,File Open,Sample content
FIL0005853,01/25/2026 22:09:44,AAE0190,PC-AAE0190-01,C:\Confidential\source_code_export_7.zip,File Open,Sample content
FIL0005854,01/25/2026 21:42:54,AAE0190,PC-AAE0190-01,C:\Confidential\source_code_export_10.zip,File Open,Sample content
FIL0005855,01/25/2026 21:32:06,AAE0190,PC-AAE0190-01,C:\Confidential\source_code_export_9.zip,File Open,Sample content
FIL0005856,01/25/2026 21:07:02,AAE0190,PC-AAE0190-01,C:\Documents\work_doc_1.docx,File Open,Sample content
FIL0005857,01/25/2026 22:19:30,AAE0190,PC-AAE0190-01,C:\Confidential\source_code_export_3.zip,File Open,Sample content
FIL0005858,01/25/2026 23:40:54,AAE0190,PC-AAE0190-01,C:\Documents\work_doc_23.docx,File Open,Sample content
FIL0005859,01/25/2026 21:03:51,AAE0190,PC-AAE0190-01,C:\Documents\work_doc_41.docx,File Open,Sample content
FIL0005860,01/25/2026 22:14:03,AAE0190,PC-AAE0190-01,C:\Confidential\source_code_export_9.zip,File Open,Sample content
FIL0005861,01/25/2026 22:25:24,AAE0190,PC-AAE0190-01,C:\Documents\work_doc_21.docx,File Open,Sample content
FIL0005862,01/25/2026 22:33:18,AAE0190,PC-AAE0190-01,C:\Confidential\source_code_export_8.zip,File Open,Sample content
FIL0005863,01/25/2026 22:40:34,AAE0190,PC-AAE0190-01,C:\Confidential\source_code_export_6.zip,File Open,Sample content
FIL0005864,01/25/2026 22:47:00,AAE0190,PC-AAE0190-01,C:\Documents\work_doc_33.docx,File Open,Sample content
FIL0005865,01/25/2026 23:19:56,AAE0190,PC-AAE0190-01,C:\Confidential\source_code_export_7.zip,File Open,Sample content
FIL0005866,01/25/2026 23:06:39,AAE0190,PC-AAE0190-01,C:\Confidential\source_code_export_9.zip,File Open,Sample content
FIL0005867,01/25/2026 21:48:05,AAE0190,PC-AAE0190-01,C:\Documents\work_doc_42.docx,File Open,Sample content
FIL0005868,01/25/2026 23:18:40,AAE0190,PC-AAE0190-01,C:\Confidential\source_code_export_4.zip,File Open,Sample content
FIL0005869,01/25/2026 21:46:37,AAE0190,PC-AAE0190-01,C:\Documents\work_doc_2.docx,File Open,Sample content
FIL0005870,01/25/2026 23:30:10,AAE0190,PC-AAE0190-01,C:\Documents\work_doc_17.docx,File Open,Sample content
FIL0005871,01/25/2026 21:53:35,AAE0190,PC-AAE0190-01,C:\Confidential\source_code_export_10.zip,File Open,Sample content
FIL0005872,01/25/2026 22:42:25,AAE0190,PC-AAE0190-01,C:\Documents\work_doc_30.docx,File Open,Sample content
FIL0005873,01/25/2026 21:56:00,AAE0190,PC-AAE0190-01,C:\Confidential\source_code_export_5.zip,File Open,Sample content
FIL0005874,01/25/2026 23:19:03,AAE0190,PC-AAE0190-01,C:\Documents\work_doc_28.docx,File Open,Sample content
FIL0005875,01/25/2026 21:32:43,AAE0190,PC-AAE0190-01,C:\Confidential\source_code_export_9.zip,File Open,Sample content
FIL0005876,01/25/2026 22:53:38,AAE0190,PC-AAE0190-01,C:\Documents\work_doc_15.docx,File Open,Sample content
FIL0005877,01/25/2026 21:02:09,AAE0190,PC-AAE0190-01,C:\Confidential\source_code_export_5.zip,File Open,Sample content
FIL0005878,01/25/2026 22:57:26,AAE0190,PC-AAE0190-01,C:\Documents\work_doc_48.docx,File Open,Sample content
FIL0005879,01/25/2026 22:55:25,AAE0190,PC-AAE0190-01,C:\Documents\work_doc_50.docx,File Open,Sample content
FIL0005880,01/25/2026 22:21:59,AAE0190,PC-AAE0190-01,C:\Confidential\source_code_export_6.zip,File Open,Sample content
FIL0005881,01/25/2026 23:39:19,AAE0190,PC-AAE0190-01,C:\Confidential\source_code_export_10.zip,File Open,Sample content
FIL0005882,01/25/2026 21:17:12,AAE0190,PC-AAE0190-01,C:\Documents\work_doc_17.docx,File Open,Sample content
FIL0005883,01/25/2026 23:06:57,AAE0190,PC-AAE0190-01,C:\Documents\work_doc_26.docx,File Open,Sample content
FIL0005884,01/25/2026 22:20:37,AAE0190,PC-AAE0190-01,C:\Documents\work_doc_26.docx,File Open,Sample content
FIL0005885,01/25/2026 22:01:16,AAE0190,PC-AAE0190-01,C:\Documents\work_doc_34.docx,File Open,Sample content
FIL0005886,01/25/2026 22:12:02,AAE0190,PC-AAE0190-01,C:\Documents\work_doc_14.docx,File Open,Sample content
FIL0005887,01/25/2026 23:46:51,AAE0190,PC-AAE0190-01,C:\Documents\work_doc_8.docx,File Open,Sample content
FIL0005888,01/25/2026 21:27:42,AAE0190,PC-AAE0190-01,C:\Documents\work_doc_22.docx,File Open,Sample content
FIL0005889,01/25/2026 23:50:26,AAE0190,PC-AAE0190-01,C:\Confidential\source_code_export_3.zip,File Open,Sample content
FIL0005890,01/25/2026 23:09:57,AAE0190,PC-AAE0190-01,C:\Documents\work_doc_35.docx,File Open,Sample content
FIL0005891,01/25/2026 23:21:15,AAE0190,PC-AAE0190-01,C:\Confidential\source_code_export_1.zip,File Open,Sample content
FIL0005892,01/25/2026 21:34:25,AAE0190,PC-AAE0190-01,C:\Documents\work_doc_7.docx,File Open,Sample content
FIL0005893,01/25/2026 22:19:03,AAE0190,PC-AAE0190-01,C:\Documents\work_doc_25.docx,File Open,Sample content
FIL0005894,01/25/2026 21:39:21,AAE0190,PC-AAE0190-01,C:\Documents\work_doc_18.docx,File Open,Sample content
FIL0005895,01/25/2026 22:55:48,AAE0190,PC-AAE0190-01,C:\Confidential\source_code_export_6.zip,File Open,Sample content
FIL0005896,01/25/2026 21:39:04,AAE0190,PC-AAE0190-01,C:\Documents\work_doc_4.docx,File Open,Sample content
FIL0005897,01/25/2026 23:38:42,AAE0190,PC-AAE0190-01,C:\Documents\work_doc_37.docx,File Open,Sample content
FIL0005898,01/25/2026 21:10:15,AAE0190,PC-AAE0190-01,C:\Confidential\source_code_export_7.zip,File Open,Sample content
FIL0005899,01/25/2026 22:51:02,AAE0190,PC-AAE0190-01,C:\Documents\work_doc_3.docx,File Open,Sample content
FIL0005900,01/25/2026 21:47:53,AAE0190,PC-AAE0190-01,C:\Documents\work_doc_37.docx,File Open,Sample content
FIL0005901,01/25/2026 21:28:39,AAE0190,PC-AAE0190-01,C:\Documents\work_doc_5.docx,File Open,Sample content
FIL0005902,01/25/2026 23:10:48,AAE0190,PC-AAE0190-01,C:\Documents\work_doc_46.docx,File Open,Sample content
FIL0005903,01/25/2026 21:49:25,AAE0190,PC-AAE0190-01,C:\Confidential\source_code_export_6.zip,File Open,Sample content
FIL0005904,01/25/2026 23:29:00,AAE0190,PC-AAE0190-01,C:\Confidential\source_code_export_7.zip,File Open,Sample content
FIL0005905,01/25/2026 22:03:34,AAE0190,PC-AAE0190-01,C:\Confidential\source_code_export_3.zip,File Open,Sample content
FIL0005906,01/25/2026 21:59:27,AAE0190,PC-AAE0190-01,C:\Confidential\source_code_export_9.zip,File Open,Sample content
FIL0005907,01/25/2026 21:59:37,AAE0190,PC-AAE0190-01,C:\Confidential\source_code_export_5.zip,File Open,Sample content
FIL0005908,01/25/2026 23:28:54,AAE0190,PC-AAE0190-01,C:\Documents\work_doc_29.docx,File Open,Sample content
FIL0005909,01/25/2026 21:32:36,AAE0190,PC-AAE0190-01,C:\Documents\work_doc_36.docx,File Open,Sample content
FIL0005910,01/25/2026 22:47:47,AAE0190,PC-AAE0190-01,C:\Documents\work_doc_2.docx,File Open,Sample content
FIL0005911,01/25/2026 23:18:09,AAE0190,PC-AAE0190-01,C:\Confidential\source_code_export_9.zip,File Open,Sample content
FIL0005912,01/25/2026 23:26:32,AAE0190,PC-AAE0190-01,C:\Documents\work_doc_16.docx,File Open,Sample content
FIL0005913,01/25/2026 23:48:19,AAE0190,PC-AAE0190-01,C:\Confidential\source_code_export_5.zip,File Open,Sample content
FIL0005914,01/25/2026 21:25:40,AAE0190,PC-AAE0190-01,C:\Documents\work_doc_32.docx,File Open,Sample content
FIL0005915,01/25/2026 23:58:52,AAE0190,PC-AAE0190-01,C:\Documents\work_doc_44.docx,File Open,Sample content
FIL0005916,01/26/2026 21:46:36,AAE0190,PC-AAE0190-01,C:\Confidential\source_code_export_3.zip,File Open,Sample content
FIL0005917,01/26/2026 21:02:31,AAE0190,PC-AAE0190-01,C:\Documents\work_doc_47.docx,File Open,Sample content
FIL0005918,01/26/2026 23:21:50,AAE0190,PC-AAE0190-01,C:\Confidential\source_code_export_8.zip,File Open,Sample content
FIL0005919,01/26/2026 23:25:15,AAE0190,PC-AAE0190-01,C:\Confidential\source_code_export_7.zip,File Open,Sample content
FIL0005920,01/26/2026 22:59:27,AAE0190,PC-AAE0190-01,C:\Documents\work_doc_14.docx,File Open,Sample content
FIL0005921,01/26/2026 23:44:11,AAE0190,PC-AAE0190-01,C:\Documents\work_doc_12.docx,File Open,Sample content
FIL0005922,01/26/2026 22:42:25,AAE0190,PC-AAE0190-01,C:\Confidential\source_code_export_10.zip,File Open,Sample content
FIL0005923,01/26/2026 21:19:49,AAE0190,PC-AAE0190-01,C:\Documents\work_doc_15.docx,File Open,Sample content
FIL0005924,01/26/2026 22:22:01,AAE0190,PC-AAE0190-01,C:\Confidential\source_code_export_4.zip,File Open,Sample content
FIL0005925,01/26/2026 21:54:04,AAE0190,PC-AAE0190-01,C:\Documents\work_doc_50.docx,File Open,Sample content
FIL0005926,01/26/2026 21:55:05,AAE0190,PC-AAE0190-01,C:\Documents\work_doc_16.docx,File Open,Sample content
FIL0005927,01/26/2026 23:02:37,AAE0190,PC-AAE0190-01,C:\Documents\work_doc_14.docx,File Open,Sample content
FIL0005928,01/26/2026 21:55:18,AAE0190,PC-AAE0190-01,C:\Confidential\source_code_export_1.zip,File Open,Sample content
FIL0005929,01/26/2026 22:28:13,AAE0190,PC-AAE0190-01,C:\Confidential\source_code_export_6.zip,File Open,Sample content
FIL0005930,01/26/2026 22:34:33,AAE0190,PC-AAE0190-01,C:\Documents\work_doc_40.docx,File Open,Sample content
FIL0005931,01/26/2026 22:03:52,AAE0190,PC-AAE0190-01,C:\Documents\work_doc_30.docx,File Open,Sample content
FIL0005932,01/26/2026 21:08:01,AAE0190,PC-AAE0190-01,C:\Documents\work_doc_31.docx,File Open,Sample content
FIL0005933,01/26/2026 21:03:51,AAE0190,PC-AAE0190-01,C:\Confidential\source_code_export_5.zip,File Open,Sample content
FIL0005934,01/26/2026 21:47:53,AAE0190,PC-AAE0190-01,C:\Confidential\source_code_export_10.zip,File Open,Sample content
FIL0005935,01/26/2026 21:26:15,AAE0190,PC-AAE0190-01,C:\Documents\work_doc_50.docx,File Open,Sample content
FIL0005936,01/26/2026 23:28:23,AAE0190,PC-AAE0190-01,C:\Confidential\source_code_export_9.zip,File Open,Sample content
FIL0005937,01/26/2026 21:58:24,AAE0190,PC-AAE0190-01,C:\Confidential\source_code_export_8.zip,File Open,Sample content
FIL0005938,01/26/2026 22:44:14,AAE0190,PC-AAE0190-01,C:\Confidential\source_code_export_5.zip,File Open,Sample content
FIL0005939,01/26/2026 21:02:53,AAE0190,PC-AAE0190-01,C:\Confidential\source_code_export_1.zip,File Open,Sample content
FIL0005940,01/26/2026 21:43:13,AAE0190,PC-AAE0190-01,C:\Documents\work_doc_43.docx,File Open,Sample content
FIL0005941,01/26/2026 23:50:02,AAE0190,PC-AAE0190-01,C:\Confidential\source_code_export_2.zip,File Open,Sample content
FIL0005942,01/26/2026 22:16:30,AAE0190,PC-AAE0190-01,C:\Confidential\source_code_export_8.zip,File Open,Sample content
FIL0005943,01/26/2026 23:58:03,AAE0190,PC-AAE0190-01,C:\Confidential\source_code_export_9.zip,File Open,Sample content
FIL0005944,01/26/2026 22:12:52,AAE0190,PC-AAE0190-01,C:\Confidential\source_code_export_6.zip,File Open,Sample content
FIL0005945,01/26/2026 21:55:11,AAE0190,PC-AAE0190-01,C:\Confidential\source_code_export_2.zip,File Open,Sample content
FIL0005946,01/26/2026 21:29:42,AAE0190,PC-AAE0190-01,C:\Confidential\source_code_export_6.zip,File Open,Sample content
FIL0005947,01/26/2026 23:35:38,AAE0190,PC-AAE0190-01,C:\Documents\work_doc_43.docx,File Open,Sample content
FIL0005948,01/26/2026 23:03:59,AAE0190,PC-AAE0190-01,C:\Documents\work_doc_27.docx,File Open,Sample content
FIL0005949,01/26/2026 23:29:50,AAE0190,PC-AAE0190-01,C:\Documents\work_doc_23.docx,File Open,Sample content
FIL0005950,01/26/2026 22:17:20,AAE0190,PC-AAE0190-01,C:\Confidential\source_code_export_2.zip,File Open,Sample content
FIL0005951,01/26/2026 22:19:08,AAE0190,PC-AAE0190-01,C:\Documents\work_doc_7.docx,File Open,Sample content
FIL0005952,01/26/2026 23:57:11,AAE0190,PC-AAE0190-01,C:\Documents\work_doc_43.docx,File Open,Sample content
FIL0005953,01/26/2026 21:27:04,AAE0190,PC-AAE0190-01,C:\Confidential\source_code_export_8.zip,File Open,Sample content
FIL0005954,01/26/2026 22:52:46,AAE0190,PC-AAE0190-01,C:\Documents\work_doc_15.docx,File Open,Sample content
FIL0005955,01/26/2026 21:43:28,AAE0190,PC-AAE0190-01,C:\Confidential\source_code_export_5.zip,File Open,Sample content
FIL0005956,01/26/2026 23:01:33,AAE0190,PC-AAE0190-01,C:\Confidential\source_code_export_1.zip,File Open,Sample content
FIL0005957,01/26/2026 23:32:18,AAE0190,PC-AAE0190-01,C:\Confidential\source_code_export_5.zip,File Open,Sample content
FIL0005958,01/26/2026 23:54:59,AAE0190,PC-AAE0190-01,C:\Documents\work_doc_48.docx,File Open,Sample content
FIL0005959,01/26/2026 21:00:14,AAE0190,PC-AAE0190-01,C:\Documents\work_doc_48.docx,File Open,Sample content
FIL0005960,01/26/2026 23:06:51,AAE0190,PC-AAE0190-01,C:\Documents\work_doc_2.docx,File Open,Sample content
FIL0005961,01/26/2026 23:55:35,AAE0190,PC-AAE0190-01,C:\Documents\work_doc_27.docx,File Open,Sample content
FIL0005962,01/26/2026 23:10:57,AAE0190,PC-AAE0190-01,C:\Documents\work_doc_11.docx,File Open,Sample content
FIL0005963,01/26/2026 22:53:50,AAE0190,PC-AAE0190-01,C:\Confidential\source_code_export_4.zip,File Open,Sample content
FIL0005964,01/26/2026 23:43:14,AAE0190,PC-AAE0190-01,C:\Confidential\source_code_export_10.zip,File Open,Sample content
FIL0005965,01/26/2026 21:46:46,AAE0190,PC-AAE0190-01,C:\Confidential\source_code_export_9.zip,File Open,Sample content
FIL0005966,01/26/2026 23:25:41,AAE0190,PC-AAE0190-01,C:\Confidential\source_code_export_10.zip,File Open,Sample content
FIL0005967,01/26/2026 21:46:15,AAE0190,PC-AAE0190-01,C:\Documents\work_doc_8.docx,File Open,Sample content
FIL0005968,01/26/2026 21:33:55,AAE0190,PC-AAE0190-01,C:\Documents\work_doc_36.docx,File Open,Sample content
FIL0005969,01/26/2026 22:22:36,AAE0190,PC-AAE0190-01,C:\Confidential\source_code_export_5.zip,File Open,Sample content
FIL0005970,01/26/2026 23:03:08,AAE0190,PC-AAE0190-01,C:\Documents\work_doc_5.docx,File Open,Sample content
FIL0005971,01/26/2026 22:48:45,AAE0190,PC-AAE0190-01,C:\Documents\work_doc_36.docx,File Open,Sample content
FIL0005972,01/26/2026 21:38:49,AAE0190,PC-AAE0190-01,C:\Documents\work_doc_44.docx,File Open,Sample content
FIL0005973,01/26/2026 23:35:03,AAE0190,PC-AAE0190-01,C:\Documents\work_doc_42.docx,File Open,Sample content
FIL0005974,01/26/2026 23:26:05,AAE0190,PC-AAE0190-01,C:\Documents\work_doc_22.docx,File Open,Sample content
FIL0005975,01/26/2026 21:48:37,AAE0190,PC-AAE0190-01,C:\Confidential\source_code_export_2.zip,File Open,Sample content
FIL0005976,01/26/2026 22:19:42,AAE0190,PC-AAE0190-01,C:\Confidential\source_code_export_7.zip,File Open,Sample content
FIL0005977,01/26/2026 22:56:09,AAE0190,PC-AAE0190-01,C:\Documents\work_doc_15.docx,File Open,Sample content
FIL0005978,01/26/2026 23:04:28,AAE0190,PC-AAE0190-01,C:\Confidential\source_code_export_8.zip,File Open,Sample content
FIL0005979,01/26/2026 22:45:19,AAE0190,PC-AAE0190-01,C:\Documents\work_doc_29.docx,File Open,Sample content
FIL0005980,01/26/2026 21:37:50,AAE0190,PC-AAE0190-01,C:\Confidential\source_code_export_7.zip,File Open,Sample content
FIL0005981,01/26/2026 23:10:51,AAE0190,PC-AAE0190-01,C:\Documents\work_doc_30.docx,File Open,Sample content
FIL0005982,01/26/2026 22:46:14,AAE0190,PC-AAE0190-01,C:\Documents\work_doc_28.docx,File Open,Sample content
FIL0005983,01/26/2026 22:12:04,AAE0190,PC-AAE0190-01,C:\Documents\work_doc_26.docx,File Open,Sample content
FIL0005984,01/26/2026 22:19:20,AAE0190,PC-AAE0190-01,C:\Documents\work_doc_37.docx,File Open,Sample content
FIL0005985,01/26/2026 22:01:28,AAE0190,PC-AAE0190-01,C:\Documents\work_doc_43.docx,File Open,Sample content
FIL0005986,01/26/2026 22:51:05,AAE0190,PC-AAE0190-01,C:\Confidential\source_code_export_6.zip,File Open,Sample content
FIL0005987,01/26/2026 23:12:26,AAE0190,PC-AAE0190-01,C:\Confidential\source_code_export_1.zip,File Open,Sample content
FIL0005988,01/26/2026 22:55:06,AAE0190,PC-AAE0190-01,C:\Documents\work_doc_1.docx,File Open,Sample content
FIL0005989,01/26/2026 13:38:36,USR0002,PC-USR0002-01,C:\Documents\work_doc_28.docx,File Open,Sample content
FIL0005990,01/26/2026 12:29:51,USR0002,PC-USR0002-01,C:\Documents\work_doc_21.docx,File Open,Sample content
FIL0005991,01/26/2026 09:35:57,USR0002,PC-USR0002-01,C:\Documents\work_doc_31.docx,File Open,Sample content
FIL0005992,01/26/2026 10:33:30,USR0002,PC-USR0002-01,C:\Documents\work_doc_44.docx,File Open,Sample content
FIL0005993,01/26/2026 10:14:43,USR0002,PC-USR0002-01,C:\Documents\work_doc_25.docx,File Open,Sample content
FIL0005994,01/26/2026 13:43:14,USR0002,PC-USR0002-01,C:\Documents\work_doc_6.docx,File Open,Sample content
FIL0005995,01/26/2026 13:09:49,USR0002,PC-USR0002-01,C:\Documents\work_doc_40.docx,File Open,Sample content
FIL0005996,01/26/2026 14:41:25,USR0003,PC-USR0003-01,C:\Documents\work_doc_31.docx,File Open,Sample content
FIL0005997,01/26/2026 09:09:11,USR0003,PC-USR0003-01,C:\Documents\work_doc_41.docx,File Open,Sample content
FIL0005998,01/26/2026 10:06:25,USR0003,PC-USR0003-01,C:\Documents\work_doc_49.docx,File Open,Sample content
FIL0005999,01/26/2026 10:24:26,USR0003,PC-USR0003-01,C:\Documents\work_doc_49.docx,File Open,Sample content
FIL0006000,01/26/2026 13:05:01,USR0003,PC-USR0003-01,C:\Documents\work_doc_32.docx,File Open,Sample content
FIL0006001,01/26/2026 14:33:32,USR0003,PC-USR0003-01,C:\Documents\work_doc_50.docx,File Open,Sample content
FIL0006002,01/26/2026 13:56:13,USR0003,PC-USR0003-01,C:\Documents\work_doc_46.docx,File Open,Sample content
FIL0006003,01/26/2026 12:52:51,USR0003,PC-USR0003-01,C:\Documents\work_doc_30.docx,File Open,Sample content
FIL0006004,01/26/2026 12:34:56,USR0003,PC-USR0003-01,C:\Documents\work_doc_16.docx,File Open,Sample content
FIL0006005,01/26/2026 11:44:40,USR0003,PC-USR0003-01,C:\Documents\work_doc_10.docx,File Open,Sample content
FIL0006006,01/26/2026 09:08:59,USR0003,PC-USR0003-01,C:\Documents\work_doc_1.docx,File Open,Sample content
FIL0006007,01/26/2026 09:15:28,USR0003,PC-USR0003-01,C:\Documents\work_doc_33.docx,File Open,Sample content
FIL0006008,01/26/2026 16:16:41,USR0003,PC-USR0003-01,C:\Documents\work_doc_45.docx,File Open,Sample content
FIL0006009,01/26/2026 10:40:12,USR0003,PC-USR0003-01,C:\Documents\work_doc_35.docx,File Open,Sample content
FIL0006010,01/26/2026 09:21:54,USR0004,PC-USR0004-01,C:\Documents\work_doc_15.docx,File Open,Sample content
FIL0006011,01/26/2026 10:44:57,USR0004,PC-USR0004-01,C:\Documents\work_doc_13.docx,File Open,Sample content
FIL0006012,01/26/2026 13:19:39,USR0004,PC-USR0004-01,C:\Documents\work_doc_19.docx,File Open,Sample content
FIL0006013,01/26/2026 13:07:48,USR0004,PC-USR0004-01,C:\Documents\work_doc_26.docx,File Open,Sample content
FIL0006014,01/26/2026 11:10:35,USR0004,PC-USR0004-01,C:\Documents\work_doc_35.docx,File Open,Sample content
FIL0006015,01/26/2026 10:26:23,USR0004,PC-USR0004-01,C:\Documents\work_doc_37.docx,File Open,Sample content
FIL0006016,01/26/2026 13:25:40,USR0005,PC-USR0005-01,C:\Documents\work_doc_24.docx,File Open,Sample content
FIL0006017,01/26/2026 14:20:18,USR0005,PC-USR0005-01,C:\Documents\work_doc_50.docx,File Open,Sample content
FIL0006018,01/26/2026 12:44:17,USR0005,PC-USR0005-01,C:\Documents\work_doc_6.docx,File Open,Sample content
FIL0006019,01/26/2026 14:07:23,USR0005,PC-USR0005-01,C:\Documents\work_doc_47.docx,File Open,Sample content
FIL0006020,01/26/2026 16:54:36,USR0005,PC-USR0005-01,C:\Documents\work_doc_17.docx,File Open,Sample content
FIL0006021,01/26/2026 12:32:37,USR0005,PC-USR0005-01,C:\Documents\work_doc_16.docx,File Open,Sample content
FIL0006022,01/26/2026 15:18:24,USR0005,PC-USR0005-01,C:\Documents\work_doc_21.docx,File Open,Sample content
FIL0006023,01/26/2026 11:55:18,USR0005,PC-USR0005-01,C:\Documents\work_doc_35.docx,File Open,Sample content
FIL0006024,01/26/2026 16:03:12,USR0005,PC-USR0005-01,C:\Documents\work_doc_50.docx,File Open,Sample content
FIL0006025,01/26/2026 14:49:16,USR0005,PC-USR0005-01,C:\Documents\work_doc_50.docx,File Open,Sample content
FIL0006026,01/26/2026 11:52:14,USR0005,PC-USR0005-01,C:\Documents\work_doc_36.docx,File Open,Sample content
FIL0006027,01/26/2026 16:04:11,USR0006,PC-USR0006-01,C:\Documents\work_doc_1.docx,File Open,Sample content
FIL0006028,01/26/2026 15:05:22,USR0006,PC-USR0006-01,C:\Documents\work_doc_18.docx,File Open,Sample content
FIL0006029,01/26/2026 09:03:47,USR0006,PC-USR0006-01,C:\Documents\work_doc_22.docx,File Open,Sample content
FIL0006030,01/26/2026 16:50:20,USR0006,PC-USR0006-01,C:\Documents\work_doc_11.docx,File Open,Sample content
FIL0006031,01/26/2026 12:05:46,USR0006,PC-USR0006-01,C:\Documents\work_doc_38.docx,File Open,Sample content
FIL0006032,01/26/2026 16:33:17,USR0006,PC-USR0006-01,C:\Documents\work_doc_47.docx,File Open,Sample content
FIL0006033,01/26/2026 12:35:56,USR0006,PC-USR0006-01,C:\Documents\work_doc_10.docx,File Open,Sample content
FIL0006034,01/26/2026 12:50:13,USR0006,PC-USR0006-01,C:\Documents\work_doc_1.docx,File Open,Sample content
FIL0006035,01/26/2026 10:15:51,USR0006,PC-USR0006-01,C:\Documents\work_doc_42.docx,File Open,Sample content
FIL0006036,01/26/2026 14:37:44,USR0006,PC-USR0006-01,C:\Documents\work_doc_30.docx,File Open,Sample content
FIL0006037,01/26/2026 13:18:37,USR0006,PC-USR0006-01,C:\Documents\work_doc_16.docx,File Open,Sample content
FIL0006038,01/26/2026 16:53:07,USR0006,PC-USR0006-01,C:\Documents\work_doc_16.docx,File Open,Sample content
FIL0006039,01/26/2026 10:49:59,USR0006,PC-USR0006-01,C:\Documents\work_doc_29.docx,File Open,Sample content
FIL0006040,01/26/2026 16:47:54,USR0006,PC-USR0006-01,C:\Documents\work_doc_11.docx,File Open,Sample content
FIL0006041,01/26/2026 16:04:33,USR0006,PC-USR0006-01,C:\Documents\work_doc_48.docx,File Open,Sample content
FIL0006042,01/26/2026 13:22:09,USR0006,PC-USR0006-01,C:\Documents\work_doc_14.docx,File Open,Sample content
FIL0006043,01/26/2026 10:02:51,USR0006,PC-USR0006-01,C:\Documents\work_doc_9.docx,File Open,Sample content
FIL0006044,01/26/2026 12:46:26,USR0006,PC-USR0006-01,C:\Documents\work_doc_30.docx,File Open,Sample content
FIL0006045,01/26/2026 16:53:09,USR0007,PC-USR0007-01,C:\Documents\work_doc_3.docx,File Open,Sample content
FIL0006046,01/26/2026 10:07:22,USR0007,PC-USR0007-01,C:\Documents\work_doc_15.docx,File Open,Sample content
FIL0006047,01/26/2026 15:05:56,USR0007,PC-USR0007-01,C:\Documents\work_doc_2.docx,File Open,Sample content
FIL0006048,01/26/2026 10:52:01,USR0007,PC-USR0007-01,C:\Documents\work_doc_14.docx,File Open,Sample content
FIL0006049,01/26/2026 14:43:44,USR0007,PC-USR0007-01,C:\Documents\work_doc_28.docx,File Open,Sample content
FIL0006050,01/26/2026 11:33:26,USR0007,PC-USR0007-01,C:\Documents\work_doc_42.docx,File Open,Sample content
FIL0006051,01/26/2026 16:28:53,USR0007,PC-USR0007-01,C:\Documents\work_doc_6.docx,File Open,Sample content
FIL0006052,01/26/2026 14:54:19,USR0007,PC-USR0007-01,C:\Documents\work_doc_39.docx,File Open,Sample content
FIL0006053,01/26/2026 10:09:32,USR0007,PC-USR0007-01,C:\Documents\work_doc_26.docx,File Open,Sample content
FIL0006054,01/26/2026 14:27:43,USR0007,PC-USR0007-01,C:\Documents\work_doc_43.docx,File Open,Sample content
FIL0006055,01/26/2026 14:46:58,USR0008,PC-USR0008-01,C:\Documents\work_doc_2.docx,File Open,Sample content
FIL0006056,01/26/2026 13:05:29,USR0008,PC-USR0008-01,C:\Documents\work_doc_13.docx,File Open,Sample content
FIL0006057,01/26/2026 14:33:29,USR0008,PC-USR0008-01,C:\Documents\work_doc_28.docx,File Open,Sample content
FIL0006058,01/26/2026 13:50:22,USR0008,PC-USR0008-01,C:\Documents\work_doc_39.docx,File Open,Sample content
FIL0006059,01/26/2026 13:44:33,USR0008,PC-USR0008-01,C:\Documents\work_doc_21.docx,File Open,Sample content
FIL0006060,01/26/2026 09:08:38,USR0009,PC-USR0009-01,C:\Documents\work_doc_39.docx,File Open,Sample content
FIL0006061,01/26/2026 16:11:18,USR0009,PC-USR0009-01,C:\Documents\work_doc_31.docx,File Open,Sample content
FIL0006062,01/26/2026 09:57:50,USR0009,PC-USR0009-01,C:\Documents\work_doc_44.docx,File Open,Sample content
FIL0006063,01/26/2026 10:07:52,USR0009,PC-USR0009-01,C:\Documents\work_doc_6.docx,File Open,Sample content
FIL0006064,01/26/2026 15:11:47,USR0009,PC-USR0009-01,C:\Documents\work_doc_9.docx,File Open,Sample content
FIL0006065,01/26/2026 12:50:32,USR0009,PC-USR0009-01,C:\Documents\work_doc_7.docx,File Open,Sample content
FIL0006066,01/26/2026 12:55:04,USR0010,PC-USR0010-01,C:\Documents\work_doc_25.docx,File Open,Sample content
FIL0006067,01/26/2026 13:54:19,USR0010,PC-USR0010-01,C:\Documents\work_doc_10.docx,File Open,Sample content
FIL0006068,01/26/2026 11:34:12,USR0010,PC-USR0010-01,C:\Documents\work_doc_8.docx,File Open,Sample content
FIL0006069,01/26/2026 09:18:28,USR0010,PC-USR0010-01,C:\Documents\work_doc_28.docx,File Open,Sample content
FIL0006070,01/26/2026 12:27:55,USR0010,PC-USR0010-01,C:\Documents\work_doc_14.docx,File Open,Sample content
FIL0006071,01/26/2026 12:45:50,USR0010,PC-USR0010-01,C:\Documents\work_doc_2.docx,File Open,Sample content
FIL0006072,01/26/2026 10:34:03,USR0011,PC-USR0011-01,C:\Documents\work_doc_21.docx,File Open,Sample content
FIL0006073,01/26/2026 11:28:24,USR0011,PC-USR0011-01,C:\Documents\work_doc_34.docx,File Open,Sample content
FIL0006074,01/26/2026 12:16:34,USR0011,PC-USR0011-01,C:\Documents\work_doc_33.docx,File Open,Sample content
FIL0006075,01/26/2026 13:36:39,USR0011,PC-USR0011-01,C:\Documents\work_doc_4.docx,File Open,Sample content
FIL0006076,01/26/2026 13:55:40,USR0011,PC-USR0011-01,C:\Documents\work_doc_10.docx,File Open,Sample content
FIL0006077,01/26/2026 11:53:16,USR0011,PC-USR0011-01,C:\Documents\work_doc_11.docx,File Open,Sample content
FIL0006078,01/26/2026 09:59:55,USR0011,PC-USR0011-01,C:\Documents\work_doc_12.docx,File Open,Sample content
FIL0006079,01/26/2026 15:43:37,USR0011,PC-USR0011-01,C:\Documents\work_doc_20.docx,File Open,Sample content
FIL0006080,01/26/2026 16:20:20,USR0011,PC-USR0011-01,C:\Documents\work_doc_12.docx,File Open,Sample content
FIL0006081,01/26/2026 09:45:42,USR0011,PC-USR0011-01,C:\Documents\work_doc_26.docx,File Open,Sample content
FIL0006082,01/26/2026 15:00:36,USR0011,PC-USR0011-01,C:\Documents\work_doc_34.docx,File Open,Sample content
FIL0006083,01/26/2026 14:20:33,USR0011,PC-USR0011-01,C:\Documents\work_doc_4.docx,File Open,Sample content
FIL0006084,01/26/2026 10:59:43,USR0011,PC-USR0011-01,C:\Documents\work_doc_10.docx,File Open,Sample content
FIL0006085,01/26/2026 11:07:52,USR0011,PC-USR0011-01,C:\Documents\work_doc_46.docx,File Open,Sample content
FIL0006086,01/26/2026 12:37:42,USR0011,PC-USR0011-01,C:\Documents\work_doc_48.docx,File Open,Sample content
FIL0006087,01/26/2026 14:35:09,USR0011,PC-USR0011-01,C:\Documents\work_doc_20.docx,File Open,Sample content
FIL0006088,01/26/2026 13:20:39,USR0011,PC-USR0011-01,C:\Documents\work_doc_11.docx,File Open,Sample content
FIL0006089,01/26/2026 14:16:25,USR0011,PC-USR0011-01,C:\Documents\work_doc_36.docx,File Open,Sample content
FIL0006090,01/26/2026 16:09:48,USR0011,PC-USR0011-01,C:\Documents\work_doc_11.docx,File Open,Sample content
FIL0006091,01/26/2026 15:35:25,USR0011,PC-USR0011-01,C:\Documents\work_doc_12.docx,File Open,Sample content
FIL0006092,01/26/2026 13:15:07,USR0012,PC-USR0012-01,C:\Documents\work_doc_13.docx,File Open,Sample content
FIL0006093,01/26/2026 14:19:09,USR0012,PC-USR0012-01,C:\Documents\work_doc_30.docx,File Open,Sample content
FIL0006094,01/26/2026 15:17:20,USR0012,PC-USR0012-01,C:\Documents\work_doc_2.docx,File Open,Sample content
FIL0006095,01/26/2026 16:48:55,USR0012,PC-USR0012-01,C:\Documents\work_doc_7.docx,File Open,Sample content
FIL0006096,01/26/2026 13:05:43,USR0012,PC-USR0012-01,C:\Documents\work_doc_18.docx,File Open,Sample content
FIL0006097,01/26/2026 12:53:09,USR0012,PC-USR0012-01,C:\Documents\work_doc_50.docx,File Open,Sample content
FIL0006098,01/26/2026 14:46:32,USR0012,PC-USR0012-01,C:\Documents\work_doc_30.docx,File Open,Sample content
FIL0006099,01/26/2026 11:52:29,USR0013,PC-USR0013-01,C:\Documents\work_doc_9.docx,File Open,Sample content
FIL0006100,01/26/2026 15:47:50,USR0013,PC-USR0013-01,C:\Documents\work_doc_34.docx,File Open,Sample content
FIL0006101,01/26/2026 10:23:36,USR0013,PC-USR0013-01,C:\Documents\work_doc_38.docx,File Open,Sample content
FIL0006102,01/26/2026 14:27:28,USR0013,PC-USR0013-01,C:\Documents\work_doc_3.docx,File Open,Sample content
FIL0006103,01/26/2026 11:42:17,USR0013,PC-USR0013-01,C:\Documents\work_doc_35.docx,File Open,Sample content
FIL0006104,01/26/2026 11:42:56,USR0013,PC-USR0013-01,C:\Documents\work_doc_15.docx,File Open,Sample content
FIL0006105,01/26/2026 13:24:05,USR0013,PC-USR0013-01,C:\Documents\work_doc_39.docx,File Open,Sample content
FIL0006106,01/26/2026 13:58:00,USR0013,PC-USR0013-01,C:\Documents\work_doc_5.docx,File Open,Sample content
FIL0006107,01/26/2026 15:15:02,USR0013,PC-USR0013-01,C:\Documents\work_doc_9.docx,File Open,Sample content
FIL0006108,01/26/2026 09:15:20,USR0014,PC-USR0014-01,C:\Documents\work_doc_42.docx,File Open,Sample content
FIL0006109,01/26/2026 12:13:47,USR0014,PC-USR0014-01,C:\Documents\work_doc_23.docx,File Open,Sample content
FIL0006110,01/26/2026 13:14:02,USR0014,PC-USR0014-01,C:\Documents\work_doc_33.docx,File Open,Sample content
FIL0006111,01/26/2026 12:58:26,USR0014,PC-USR0014-01,C:\Documents\work_doc_19.docx,File Open,Sample content
FIL0006112,01/26/2026 10:41:43,USR0014,PC-USR0014-01,C:\Documents\work_doc_20.docx,File Open,Sample content
FIL0006113,01/26/2026 11:35:45,USR0014,PC-USR0014-01,C:\Documents\work_doc_14.docx,File Open,Sample content
FIL0006114,01/26/2026 14:20:34,USR0014,PC-USR0014-01,C:\Documents\work_doc_12.docx,File Open,Sample content
FIL0006115,01/26/2026 15:13:50,USR0014,PC-USR0014-01,C:\Documents\work_doc_26.docx,File Open,Sample content
FIL0006116,01/26/2026 09:58:31,USR0014,PC-USR0014-01,C:\Documents\work_doc_8.docx,File Open,Sample content
FIL0006117,01/26/2026 12:29:13,USR0014,PC-USR0014-01,C:\Documents\work_doc_11.docx,File Open,Sample content
FIL0006118,01/26/2026 15:00:41,USR0014,PC-USR0014-01,C:\Documents\work_doc_14.docx,File Open,Sample content
FIL0006119,01/26/2026 10:39:31,USR0014,PC-USR0014-01,C:\Documents\work_doc_5.docx,File Open,Sample content
FIL0006120,01/26/2026 16:44:09,USR0014,PC-USR0014-01,C:\Documents\work_doc_5.docx,File Open,Sample content
FIL0006121,01/26/2026 11:54:32,USR0014,PC-USR0014-01,C:\Documents\work_doc_16.docx,File Open,Sample content
FIL0006122,01/26/2026 10:37:00,USR0014,PC-USR0014-01,C:\Documents\work_doc_28.docx,File Open,Sample content
FIL0006123,01/26/2026 12:30:38,USR0014,PC-USR0014-01,C:\Documents\work_doc_38.docx,File Open,Sample content
FIL0006124,01/26/2026 16:16:47,USR0015,PC-USR0015-01,C:\Documents\work_doc_27.docx,File Open,Sample content
FIL0006125,01/26/2026 11:07:47,USR0015,PC-USR0015-01,C:\Documents\work_doc_49.docx,File Open,Sample content
FIL0006126,01/26/2026 11:35:41,USR0015,PC-USR0015-01,C:\Documents\work_doc_29.docx,File Open,Sample content
FIL0006127,01/26/2026 10:52:37,USR0015,PC-USR0015-01,C:\Documents\work_doc_39.docx,File Open,Sample content
FIL0006128,01/26/2026 13:01:41,USR0015,PC-USR0015-01,C:\Documents\work_doc_40.docx,File Open,Sample content
FIL0006129,01/26/2026 10:03:24,USR0015,PC-USR0015-01,C:\Documents\work_doc_7.docx,File Open,Sample content
FIL0006130,01/26/2026 14:26:06,USR0015,PC-USR0015-01,C:\Documents\work_doc_16.docx,File Open,Sample content
FIL0006131,01/26/2026 13:13:49,USR0015,PC-USR0015-01,C:\Documents\work_doc_9.docx,File Open,Sample content
FIL0006132,01/26/2026 14:32:34,USR0015,PC-USR0015-01,C:\Documents\work_doc_4.docx,File Open,Sample content
FIL0006133,01/26/2026 12:09:14,USR0015,PC-USR0015-01,C:\Documents\work_doc_10.docx,File Open,Sample content
FIL0006134,01/26/2026 14:46:01,USR0015,PC-USR0015-01,C:\Documents\work_doc_27.docx,File Open,Sample content
FIL0006135,01/26/2026 14:11:56,USR0015,PC-USR0015-01,C:\Documents\work_doc_11.docx,File Open,Sample content
FIL0006136,01/26/2026 09:51:04,USR0015,PC-USR0015-01,C:\Documents\work_doc_48.docx,File Open,Sample content
FIL0006137,01/26/2026 11:43:33,USR0015,PC-USR0015-01,C:\Documents\work_doc_8.docx,File Open,Sample content
FIL0006138,01/26/2026 13:36:11,USR0016,PC-USR0016-01,C:\Documents\work_doc_34.docx,File Open,Sample content
FIL0006139,01/26/2026 16:25:05,USR0016,PC-USR0016-01,C:\Documents\work_doc_1.docx,File Open,Sample content
FIL0006140,01/26/2026 13:25:18,USR0016,PC-USR0016-01,C:\Documents\work_doc_7.docx,File Open,Sample content
FIL0006141,01/26/2026 15:15:46,USR0016,PC-USR0016-01,C:\Documents\work_doc_48.docx,File Open,Sample content
FIL0006142,01/26/2026 14:08:38,USR0016,PC-USR0016-01,C:\Documents\work_doc_19.docx,File Open,Sample content
FIL0006143,01/26/2026 09:20:21,USR0016,PC-USR0016-01,C:\Documents\work_doc_18.docx,File Open,Sample content
FIL0006144,01/26/2026 13:43:29,USR0016,PC-USR0016-01,C:\Documents\work_doc_12.docx,File Open,Sample content
FIL0006145,01/26/2026 15:25:35,USR0017,PC-USR0017-01,C:\Documents\work_doc_2.docx,File Open,Sample content
FIL0006146,01/26/2026 10:41:05,USR0017,PC-USR0017-01,C:\Documents\work_doc_48.docx,File Open,Sample content
FIL0006147,01/26/2026 11:33:00,USR0017,PC-USR0017-01,C:\Documents\work_doc_34.docx,File Open,Sample content
FIL0006148,01/26/2026 11:02:51,USR0017,PC-USR0017-01,C:\Documents\work_doc_8.docx,File Open,Sample content
FIL0006149,01/26/2026 09:15:41,USR0017,PC-USR0017-01,C:\Documents\work_doc_47.docx,File Open,Sample content
FIL0006150,01/26/2026 13:28:41,USR0017,PC-USR0017-01,C:\Documents\work_doc_12.docx,File Open,Sample content
FIL0006151,01/26/2026 10:29:04,USR0018,PC-USR0018-01,C:\Documents\work_doc_32.docx,File Open,Sample content
FIL0006152,01/26/2026 15:03:08,USR0018,PC-USR0018-01,C:\Documents\work_doc_46.docx,File Open,Sample content
FIL0006153,01/26/2026 13:59:34,USR0018,PC-USR0018-01,C:\Documents\work_doc_29.docx,File Open,Sample content
FIL0006154,01/26/2026 15:12:50,USR0018,PC-USR0018-01,C:\Documents\work_doc_47.docx,File Open,Sample content
FIL0006155,01/26/2026 11:21:40,USR0018,PC-USR0018-01,C:\Documents\work_doc_19.docx,File Open,Sample content
FIL0006156,01/26/2026 10:23:31,USR0018,PC-USR0018-01,C:\Documents\work_doc_10.docx,File Open,Sample content
FIL0006157,01/26/2026 09:53:14,USR0018,PC-USR0018-01,C:\Documents\work_doc_11.docx,File Open,Sample content
FIL0006158,01/26/2026 11:25:08,USR0018,PC-USR0018-01,C:\Documents\work_doc_21.docx,File Open,Sample content
FIL0006159,01/26/2026 13:09:36,USR0018,PC-USR0018-01,C:\Documents\work_doc_48.docx,File Open,Sample content
FIL0006160,01/26/2026 16:00:55,USR0018,PC-USR0018-01,C:\Documents\work_doc_35.docx,File Open,Sample content
FIL0006161,01/26/2026 16:16:29,USR0018,PC-USR0018-01,C:\Documents\work_doc_9.docx,File Open,Sample content
FIL0006162,01/26/2026 10:20:34,USR0019,PC-USR0019-01,C:\Documents\work_doc_48.docx,File Open,Sample content
FIL0006163,01/26/2026 12:38:33,USR0019,PC-USR0019-01,C:\Documents\work_doc_1.docx,File Open,Sample content
FIL0006164,01/26/2026 12:59:25,USR0019,PC-USR0019-01,C:\Documents\work_doc_26.docx,File Open,Sample content
FIL0006165,01/26/2026 11:54:49,USR0019,PC-USR0019-01,C:\Documents\work_doc_18.docx,File Open,Sample content
FIL0006166,01/26/2026 15:09:30,USR0019,PC-USR0019-01,C:\Documents\work_doc_15.docx,File Open,Sample content
FIL0006167,01/26/2026 13:00:01,USR0019,PC-USR0019-01,C:\Documents\work_doc_13.docx,File Open,Sample content
FIL0006168,01/26/2026 14:16:24,USR0019,PC-USR0019-01,C:\Documents\work_doc_44.docx,File Open,Sample content
FIL0006169,01/26/2026 12:41:34,USR0019,PC-USR0019-01,C:\Documents\work_doc_18.docx,File Open,Sample content
FIL0006170,01/26/2026 11:42:12,USR0019,PC-USR0019-01,C:\Documents\work_doc_42.docx,File Open,Sample content
FIL0006171,01/26/2026 13:18:50,USR0019,PC-USR0019-01,C:\Documents\work_doc_41.docx,File Open,Sample content
FIL0006172,01/26/2026 12:13:56,USR0019,PC-USR0019-01,C:\Documents\work_doc_3.docx,File Open,Sample content
FIL0006173,01/26/2026 12:14:29,USR0019,PC-USR0019-01,C:\Documents\work_doc_17.docx,File Open,Sample content
FIL0006174,01/26/2026 12:53:00,USR0019,PC-USR0019-01,C:\Documents\work_doc_35.docx,File Open,Sample content
FIL0006175,01/26/2026 15:27:31,USR0019,PC-USR0019-01,C:\Documents\work_doc_45.docx,File Open,Sample content
FIL0006176,01/26/2026 14:16:54,USR0020,PC-USR0020-01,C:\Documents\work_doc_9.docx,File Open,Sample content
FIL0006177,01/26/2026 10:47:45,USR0020,PC-USR0020-01,C:\Documents\work_doc_23.docx,File Open,Sample content
FIL0006178,01/26/2026 09:36:58,USR0020,PC-USR0020-01,C:\Documents\work_doc_32.docx,File Open,Sample content
FIL0006179,01/26/2026 13:44:06,USR0020,PC-USR0020-01,C:\Documents\work_doc_31.docx,File Open,Sample content
FIL0006180,01/26/2026 16:54:03,USR0020,PC-USR0020-01,C:\Documents\work_doc_4.docx,File Open,Sample content
FIL0006181,01/26/2026 12:54:56,USR0020,PC-USR0020-01,C:\Documents\work_doc_37.docx,File Open,Sample content
FIL0006182,01/26/2026 14:14:52,USR0020,PC-USR0020-01,C:\Documents\work_doc_11.docx,File Open,Sample content
FIL0006183,01/26/2026 14:09:30,USR0020,PC-USR0020-01,C:\Documents\work_doc_19.docx,File Open,Sample content
FIL0006184,01/26/2026 09:34:17,USR0020,PC-USR0020-01,C:\Documents\work_doc_45.docx,File Open,Sample content
FIL0006185,01/26/2026 16:51:49,USR0021,PC-USR0021-01,C:\Documents\work_doc_6.docx,File Open,Sample content
FIL0006186,01/26/2026 09:25:31,USR0021,PC-USR0021-01,C:\Documents\work_doc_45.docx,File Open,Sample content
FIL0006187,01/26/2026 09:15:39,USR0021,PC-USR0021-01,C:\Documents\work_doc_36.docx,File Open,Sample content
FIL0006188,01/26/2026 14:46:15,USR0021,PC-USR0021-01,C:\Documents\work_doc_48.docx,File Open,Sample content
FIL0006189,01/26/2026 16:55:45,USR0021,PC-USR0021-01,C:\Documents\work_doc_29.docx,File Open,Sample content
FIL0006190,01/26/2026 12:09:04,USR0021,PC-USR0021-01,C:\Documents\work_doc_13.docx,File Open,Sample content
FIL0006191,01/26/2026 16:03:30,USR0022,PC-USR0022-01,C:\Documents\work_doc_50.docx,File Open,Sample content
FIL0006192,01/26/2026 09:31:08,USR0022,PC-USR0022-01,C:\Documents\work_doc_42.docx,File Open,Sample content
FIL0006193,01/26/2026 10:55:46,USR0022,PC-USR0022-01,C:\Documents\work_doc_49.docx,File Open,Sample content
FIL0006194,01/26/2026 15:57:58,USR0022,PC-USR0022-01,C:\Documents\work_doc_16.docx,File Open,Sample content
FIL0006195,01/26/2026 14:09:44,USR0022,PC-USR0022-01,C:\Documents\work_doc_1.docx,File Open,Sample content
FIL0006196,01/26/2026 15:32:43,USR0022,PC-USR0022-01,C:\Documents\work_doc_19.docx,File Open,Sample content
FIL0006197,01/26/2026 16:29:46,USR0022,PC-USR0022-01,C:\Documents\work_doc_34.docx,File Open,Sample content
FIL0006198,01/26/2026 15:58:45,USR0022,PC-USR0022-01,C:\Documents\work_doc_13.docx,File Open,Sample content
FIL0006199,01/26/2026 13:00:42,USR0022,PC-USR0022-01,C:\Documents\work_doc_6.docx,File Open,Sample content
FIL0006200,01/26/2026 13:36:11,USR0022,PC-USR0022-01,C:\Documents\work_doc_45.docx,File Open,Sample content
FIL0006201,01/26/2026 10:09:30,USR0022,PC-USR0022-01,C:\Documents\work_doc_22.docx,File Open,Sample content
FIL0006202,01/26/2026 12:10:12,USR0022,PC-USR0022-01,C:\Documents\work_doc_14.docx,File Open,Sample content
FIL0006203,01/26/2026 14:17:44,USR0022,PC-USR0022-01,C:\Documents\work_doc_13.docx,File Open,Sample content
FIL0006204,01/26/2026 16:26:45,USR0022,PC-USR0022-01,C:\Documents\work_doc_48.docx,File Open,Sample content
FIL0006205,01/26/2026 09:53:58,USR0022,PC-USR0022-01,C:\Documents\work_doc_49.docx,File Open,Sample content
FIL0006206,01/26/2026 10:54:06,USR0022,PC-USR0022-01,C:\Documents\work_doc_19.docx,File Open,Sample content
FIL0006207,01/26/2026 09:49:38,USR0022,PC-USR0022-01,C:\Documents\work_doc_32.docx,File Open,Sample content
FIL0006208,01/26/2026 11:08:53,USR0023,PC-USR0023-01,C:\Documents\work_doc_24.docx,File Open,Sample content
FIL0006209,01/26/2026 14:38:51,USR0023,PC-USR0023-01,C:\Documents\work_doc_7.docx,File Open,Sample content
FIL0006210,01/26/2026 13:26:09,USR0023,PC-USR0023-01,C:\Documents\work_doc_29.docx,File Open,Sample content
FIL0006211,01/26/2026 13:19:19,USR0023,PC-USR0023-01,C:\Documents\work_doc_19.docx,File Open,Sample content
FIL0006212,01/26/2026 15:45:47,USR0023,PC-USR0023-01,C:\Documents\work_doc_33.docx,File Open,Sample content
FIL0006213,01/26/2026 14:05:41,USR0023,PC-USR0023-01,C:\Documents\work_doc_31.docx,File Open,Sample content
FIL0006214,01/26/2026 16:59:34,USR0024,PC-USR0024-01,C:\Documents\work_doc_24.docx,File Open,Sample content
FIL0006215,01/26/2026 14:59:48,USR0024,PC-USR0024-01,C:\Documents\work_doc_45.docx,File Open,Sample content
FIL0006216,01/26/2026 10:41:14,USR0024,PC-USR0024-01,C:\Documents\work_doc_43.docx,File Open,Sample content
FIL0006217,01/26/2026 12:54:53,USR0024,PC-USR0024-01,C:\Documents\work_doc_20.docx,File Open,Sample content
FIL0006218,01/26/2026 11:12:34,USR0024,PC-USR0024-01,C:\Documents\work_doc_42.docx,File Open,Sample content
FIL0006219,01/26/2026 14:40:45,USR0024,PC-USR0024-01,C:\Documents\work_doc_14.docx,File Open,Sample content
FIL0006220,01/26/2026 10:05:59,USR0024,PC-USR0024-01,C:\Documents\work_doc_18.docx,File Open,Sample content
FIL0006221,01/26/2026 10:03:52,USR0024,PC-USR0024-01,C:\Documents\work_doc_1.docx,File Open,Sample content
FIL0006222,01/26/2026 15:13:34,USR0024,PC-USR0024-01,C:\Documents\work_doc_11.docx,File Open,Sample content
FIL0006223,01/26/2026 10:42:07,USR0025,PC-USR0025-01,C:\Documents\work_doc_15.docx,File Open,Sample content
FIL0006224,01/26/2026 14:01:06,USR0025,PC-USR0025-01,C:\Documents\work_doc_7.docx,File Open,Sample content
FIL0006225,01/26/2026 16:43:50,USR0025,PC-USR0025-01,C:\Documents\work_doc_17.docx,File Open,Sample content
FIL0006226,01/26/2026 16:14:14,USR0025,PC-USR0025-01,C:\Documents\work_doc_32.docx,File Open,Sample content
FIL0006227,01/26/2026 12:37:49,USR0025,PC-USR0025-01,C:\Documents\work_doc_46.docx,File Open,Sample content
FIL0006228,01/26/2026 10:46:08,USR0025,PC-USR0025-01,C:\Documents\work_doc_30.docx,File Open,Sample content
FIL0006229,01/26/2026 13:29:34,USR0025,PC-USR0025-01,C:\Documents\work_doc_40.docx,File Open,Sample content
FIL0006230,01/26/2026 14:25:37,USR0025,PC-USR0025-01,C:\Documents\work_doc_13.docx,File Open,Sample content
FIL0006231,01/26/2026 10:14:08,USR0025,PC-USR0025-01,C:\Documents\work_doc_4.docx,File Open,Sample content
FIL0006232,01/26/2026 12:25:08,USR0025,PC-USR0025-01,C:\Documents\work_doc_21.docx,File Open,Sample content
FIL0006233,01/26/2026 11:12:30,USR0025,PC-USR0025-01,C:\Documents\work_doc_34.docx,File Open,Sample content
FIL0006234,01/26/2026 11:49:05,USR0025,PC-USR0025-01,C:\Documents\work_doc_4.docx,File Open,Sample content
FIL0006235,01/27/2026 21:40:47,AAE0190,PC-AAE0190-01,C:\Documents\work_doc_13.docx,File Open,Sample content
FIL0006236,01/27/2026 23:40:32,AAE0190,PC-AAE0190-01,C:\Documents\work_doc_50.docx,File Open,Sample content
FIL0006237,01/27/2026 22:16:16,AAE0190,PC-AAE0190-01,C:\Documents\work_doc_48.docx,File Open,Sample content
FIL0006238,01/27/2026 21:07:31,AAE0190,PC-AAE0190-01,C:\Documents\work_doc_31.docx,File Open,Sample content
FIL0006239,01/27/2026 23:42:04,AAE0190,PC-AAE0190-01,C:\Confidential\source_code_export_10.zip,File Open,Sample content
FIL0006240,01/27/2026 22:08:06,AAE0190,PC-AAE0190-01,C:\Documents\work_doc_9.docx,File Open,Sample content
FIL0006241,01/27/2026 21:34:38,AAE0190,PC-AAE0190-01,C:\Confidential\source_code_export_6.zip,File Open,Sample content
FIL0006242,01/27/2026 22:41:27,AAE0190,PC-AAE0190-01,C:\Confidential\source_code_export_10.zip,File Open,Sample content
FIL0006243,01/27/2026 22:14:08,AAE0190,PC-AAE0190-01,C:\Documents\work_doc_22.docx,File Open,Sample content
FIL0006244,01/27/2026 23:33:11,AAE0190,PC-AAE0190-01,C:\Documents\work_doc_36.docx,File Open,Sample content
FIL0006245,01/27/2026 23:01:54,AAE0190,PC-AAE0190-01,C:\Documents\work_doc_47.docx,File Open,Sample content
FIL0006246,01/27/2026 23:53:23,AAE0190,PC-AAE0190-01,C:\Confidential\source_code_export_9.zip,File Open,Sample content
FIL0006247,01/27/2026 22:06:16,AAE0190,PC-AAE0190-01,C:\Confidential\source_code_export_10.zip,File Open,Sample content
FIL0006248,01/27/2026 21:38:59,AAE0190,PC-AAE0190-01,C:\Documents\work_doc_23.docx,File Open,Sample content
FIL0006249,01/27/2026 21:06:46,AAE0190,PC-AAE0190-01,C:\Confidential\source_code_export_6.zip,File Open,Sample content
FIL0006250,01/27/2026 22:57:41,AAE0190,PC-AAE0190-01,C:\Documents\work_doc_6.docx,File Open,Sample content
FIL0006251,01/27/2026 23:58:38,AAE0190,PC-AAE0190-01,C:\Confidential\source_code_export_10.zip,File Open,Sample content
FIL0006252,01/27/2026 21:07:06,AAE0190,PC-AAE0190-01,C:\Documents\work_doc_1.docx,File Open,Sample content
FIL0006253,01/27/2026 22:03:02,AAE0190,PC-AAE0190-01,C:\Documents\work_doc_48.docx,File Open,Sample content
FIL0006254,01/27/2026 23:26:44,AAE0190,PC-AAE0190-01,C:\Confidential\source_code_export_5.zip,File Open,Sample content
FIL0006255,01/27/2026 21:13:24,AAE0190,PC-AAE0190-01,C:\Confidential\source_code_export_10.zip,File Open,Sample content
FIL0006256,01/27/2026 23:38:00,AAE0190,PC-AAE0190-01,C:\Documents\work_doc_30.docx,File Open,Sample content
FIL0006257,01/27/2026 22:08:44,AAE0190,PC-AAE0190-01,C:\Documents\work_doc_13.docx,File Open,Sample content
FIL0006258,01/27/2026 22:25:17,AAE0190,PC-AAE0190-01,C:\Confidential\source_code_export_8.zip,File Open,Sample content
FIL0006259,01/27/2026 22:22:02,AAE0190,PC-AAE0190-01,C:\Documents\work_doc_6.docx,File Open,Sample content
FIL0006260,01/27/2026 23:26:34,AAE0190,PC-AAE0190-01,C:\Documents\work_doc_13.docx,File Open,Sample content
FIL0006261,01/27/2026 23:26:34,AAE0190,PC-AAE0190-01,C:\Confidential\source_code_export_5.zip,File Open,Sample content
FIL0006262,01/27/2026 23:36:45,AAE0190,PC-AAE0190-01,C:\Confidential\source_code_export_6.zip,File Open,Sample content
FIL0006263,01/27/2026 23:40:43,AAE0190,PC-AAE0190-01,C:\Documents\work_doc_43.docx,File Open,Sample content
FIL0006264,01/27/2026 21:11:21,AAE0190,PC-AAE0190-01,C:\Confidential\source_code_export_3.zip,File Open,Sample content
FIL0006265,01/27/2026 22:30:26,AAE0190,PC-AAE0190-01,C:\Documents\work_doc_37.docx,File Open,Sample content
FIL0006266,01/27/2026 21:55:54,AAE0190,PC-AAE0190-01,C:\Confidential\source_code_export_1.zip,File Open,Sample content
FIL0006267,01/27/2026 21:44:11,AAE0190,PC-AAE0190-01,C:\Documents\work_doc_37.docx,File Open,Sample content
FIL0006268,01/27/2026 22:58:49,AAE0190,PC-AAE0190-01,C:\Documents\work_doc_20.docx,File Open,Sample content
FIL0006269,01/27/2026 21:58:33,AAE0190,PC-AAE0190-01,C:\Documents\work_doc_30.docx,File Open,Sample content
FIL0006270,01/27/2026 21:25:19,AAE0190,PC-AAE0190-01,C:\Documents\work_doc_43.docx,File Open,Sample content
FIL0006271,01/27/2026 23:48:04,AAE0190,PC-AAE0190-01,C:\Confidential\source_code_export_7.zip,File Open,Sample content
FIL0006272,01/27/2026 21:06:17,AAE0190,PC-AAE0190-01,C:\Documents\work_doc_2.docx,File Open,Sample content
FIL0006273,01/27/2026 22:11:23,AAE0190,PC-AAE0190-01,C:\Documents\work_doc_33.docx,File Open,Sample content
FIL0006274,01/27/2026 23:19:37,AAE0190,PC-AAE0190-01,C:\Documents\work_doc_4.docx,File Open,Sample content
FIL0006275,01/27/2026 21:35:06,AAE0190,PC-AAE0190-01,C:\Documents\work_doc_3.docx,File Open,Sample content
FIL0006276,01/27/2026 21:35:13,AAE0190,PC-AAE0190-01,C:\Confidential\source_code_export_10.zip,File Open,Sample content
FIL0006277,01/27/2026 21:21:02,AAE0190,PC-AAE0190-01,C:\Documents\work_doc_33.docx,File Open,Sample content
FIL0006278,01/27/2026 21:24:47,AAE0190,PC-AAE0190-01,C:\Documents\work_doc_29.docx,File Open,Sample content
FIL0006279,01/27/2026 23:45:26,AAE0190,PC-AAE0190-01,C:\Documents\work_doc_26.docx,File Open,Sample content
FIL0006280,01/27/2026 21:53:09,AAE0190,PC-AAE0190-01,C:\Documents\work_doc_9.docx,File Open,Sample content
FIL0006281,01/27/2026 23:36:10,AAE0190,PC-AAE0190-01,C:\Documents\work_doc_7.docx,File Open,Sample content
FIL0006282,01/27/2026 23:20:00,AAE0190,PC-AAE0190-01,C:\Confidential\source_code_export_4.zip,File Open,Sample content
FIL0006283,01/27/2026 23:54:08,AAE0190,PC-AAE0190-01,C:\Documents\work_doc_22.docx,File Open,Sample content
FIL0006284,01/27/2026 23:57:28,AAE0190,PC-AAE0190-01,C:\Confidential\source_code_export_5.zip,File Open,Sample content
FIL0006285,01/27/2026 22:38:07,AAE0190,PC-AAE0190-01,C:\Documents\work_doc_2.docx,File Open,Sample content
FIL0006286,01/27/2026 22:46:24,AAE0190,PC-AAE0190-01,C:\Documents\work_doc_43.docx,File Open,Sample content
FIL0006287,01/27/2026 23:46:52,AAE0190,PC-AAE0190-01,C:\Confidential\source_code_export_1.zip,File Open,Sample content
FIL0006288,01/27/2026 21:31:58,AAE0190,PC-AAE0190-01,C:\Confidential\source_code_export_10.zip,File Open,Sample content
FIL0006289,01/27/2026 23:32:45,AAE0190,PC-AAE0190-01,C:\Confidential\source_code_export_1.zip,File Open,Sample content
FIL0006290,01/27/2026 21:09:17,AAE0190,PC-AAE0190-01,C:\Documents\work_doc_49.docx,File Open,Sample content
FIL0006291,01/27/2026 23:37:47,AAE0190,PC-AAE0190-01,C:\Documents\work_doc_1.docx,File Open,Sample content
FIL0006292,01/27/2026 21:07:54,AAE0190,PC-AAE0190-01,C:\Confidential\source_code_export_9.zip,File Open,Sample content
FIL0006293,01/27/2026 23:50:01,AAE0190,PC-AAE0190-01,C:\Documents\work_doc_15.docx,File Open,Sample content
FIL0006294,01/27/2026 22:30:21,AAE0190,PC-AAE0190-01,C:\Documents\work_doc_16.docx,File Open,Sample content
FIL0006295,01/27/2026 23:19:52,AAE0190,PC-AAE0190-01,C:\Documents\work_doc_24.docx,File Open,Sample content
FIL0006296,01/27/2026 22:50:44,AAE0190,PC-AAE0190-01,C:\Documents\work_doc_12.docx,File Open,Sample content
FIL0006297,01/27/2026 21:11:48,AAE0190,PC-AAE0190-01,C:\Documents\work_doc_23.docx,File Open,Sample content
FIL0006298,01/27/2026 22:14:00,AAE0190,PC-AAE0190-01,C:\Documents\work_doc_33.docx,File Open,Sample content
FIL0006299,01/27/2026 21:58:33,AAE0190,PC-AAE0190-01,C:\Documents\work_doc_24.docx,File Open,Sample content
FIL0006300,01/27/2026 21:42:34,AAE0190,PC-AAE0190-01,C:\Documents\work_doc_46.docx,File Open,Sample content
FIL0006301,01/27/2026 23:33:30,AAE0190,PC-AAE0190-01,C:\Documents\work_doc_23.docx,File Open,Sample content
FIL0006302,01/27/2026 23:58:02,AAE0190,PC-AAE0190-01,C:\Documents\work_doc_36.docx,File Open,Sample content
FIL0006303,01/27/2026 21:36:10,AAE0190,PC-AAE0190-01,C:\Confidential\source_code_export_5.zip,File Open,Sample content
FIL0006304,01/27/2026 22:47:46,AAE0190,PC-AAE0190-01,C:\Confidential\source_code_export_3.zip,File Open,Sample content
FIL0006305,01/27/2026 22:46:28,AAE0190,PC-AAE0190-01,C:\Confidential\source_code_export_3.zip,File Open,Sample content
FIL0006306,01/27/2026 23:56:09,AAE0190,PC-AAE0190-01,C:\Documents\work_doc_34.docx,File Open,Sample content
FIL0006307,01/27/2026 23:03:18,AAE0190,PC-AAE0190-01,C:\Documents\work_doc_39.docx,File Open,Sample content
FIL0006308,01/27/2026 22:57:40,AAE0190,PC-AAE0190-01,C:\Confidential\source_code_export_1.zip,File Open,Sample content
FIL0006309,01/27/2026 21:37:11,AAE0190,PC-AAE0190-01,C:\Documents\work_doc_27.docx,File Open,Sample content
FIL0006310,01/27/2026 22:51:08,AAE0190,PC-AAE0190-01,C:\Documents\work_doc_10.docx,File Open,Sample content
FIL0006311,01/27/2026 23:40:51,AAE0190,PC-AAE0190-01,C:\Documents\work_doc_42.docx,File Open,Sample content
FIL0006312,01/27/2026 21:05:02,AAE0190,PC-AAE0190-01,C:\Documents\work_doc_17.docx,File Open,Sample content
FIL0006313,01/27/2026 22:50:48,AAE0190,PC-AAE0190-01,C:\Confidential\source_code_export_3.zip,File Open,Sample content
FIL0006314,01/27/2026 23:22:17,AAE0190,PC-AAE0190-01,C:\Documents\work_doc_23.docx,File Open,Sample content
FIL0006315,01/27/2026 22:53:18,AAE0190,PC-AAE0190-01,C:\Confidential\source_code_export_4.zip,File Open,Sample content
FIL0006316,01/27/2026 23:05:48,AAE0190,PC-AAE0190-01,C:\Documents\work_doc_50.docx,File Open,Sample content
FIL0006317,01/27/2026 23:22:36,AAE0190,PC-AAE0190-01,C:\Confidential\source_code_export_2.zip,File Open,Sample content
FIL0006318,01/27/2026 21:41:13,AAE0190,PC-AAE0190-01,C:\Documents\work_doc_23.docx,File Open,Sample content
FIL0006319,01/27/2026 21:05:36,AAE0190,PC-AAE0190-01,C:\Documents\work_doc_10.docx,File Open,Sample content
FIL0006320,01/27/2026 22:21:54,AAE0190,PC-AAE0190-01,C:\Confidential\source_code_export_3.zip,File Open,Sample content
FIL0006321,01/27/2026 23:34:31,AAE0190,PC-AAE0190-01,C:\Documents\work_doc_14.docx,File Open,Sample content
FIL0006322,01/27/2026 22:25:16,AAE0190,PC-AAE0190-01,C:\Confidential\source_code_export_5.zip,File Open,Sample content
FIL0006323,01/27/2026 23:32:45,AAE0190,PC-AAE0190-01,C:\Confidential\source_code_export_10.zip,File Open,Sample content
FIL0006324,01/27/2026 22:36:24,AAE0190,PC-AAE0190-01,C:\Documents\work_doc_25.docx,File Open,Sample content
FIL0006325,01/27/2026 22:40:36,AAE0190,PC-AAE0190-01,C:\Confidential\source_code_export_1.zip,File Open,Sample content
FIL0006326,01/27/2026 23:12:07,AAE0190,PC-AAE0190-01,C:\Documents\work_doc_42.docx,File Open,Sample content
FIL0006327,01/27/2026 21:36:01,AAE0190,PC-AAE0190-01,C:\Documents\work_doc_21.docx,File Open,Sample content
FIL0006328,01/27/2026 21:11:21,AAE0190,PC-AAE0190-01,C:\Confidential\source_code_export_7.zip,File Open,Sample content
FIL0006329,01/27/2026 21:00:08,AAE0190,PC-AAE0190-01,C:\Confidential\source_code_export_3.zip,File Open,Sample content
FIL0006330,01/27/2026 23:03:31,AAE0190,PC-AAE0190-01,C:\Confidential\source_code_export_9.zip,File Open,Sample content
FIL0006331,01/27/2026 22:24:07,AAE0190,PC-AAE0190-01,C:\Confidential\source_code_export_6.zip,File Open,Sample content
FIL0006332,01/27/2026 21:48:59,AAE0190,PC-AAE0190-01,C:\Documents\work_doc_7.docx,File Open,Sample content
FIL0006333,01/27/2026 22:10:14,AAE0190,PC-AAE0190-01,C:\Documents\work_doc_21.docx,File Open,Sample content
FIL0006334,01/27/2026 22:00:54,AAE0190,PC-AAE0190-01,C:\Confidential\source_code_export_5.zip,File Open,Sample content
FIL0006335,01/27/2026 22:03:28,AAE0190,PC-AAE0190-01,C:\Confidential\source_code_export_6.zip,File Open,Sample content
FIL0006336,01/27/2026 21:33:41,AAE0190,PC-AAE0190-01,C:\Documents\work_doc_9.docx,File Open,Sample content
FIL0006337,01/27/2026 23:42:45,AAE0190,PC-AAE0190-01,C:\Documents\work_doc_9.docx,File Open,Sample content
FIL0006338,01/27/2026 22:47:12,AAE0190,PC-AAE0190-01,C:\Documents\work_doc_49.docx,File Open,Sample content
FIL0006339,01/27/2026 22:30:31,AAE0190,PC-AAE0190-01,C:\Documents\work_doc_17.docx,File Open,Sample content
FIL0006340,01/27/2026 22:00:12,AAE0190,PC-AAE0190-01,C:\Documents\work_doc_36.docx,File Open,Sample content
FIL0006341,01/27/2026 21:45:57,AAE0190,PC-AAE0190-01,C:\Documents\work_doc_18.docx,File Open,Sample content
FIL0006342,01/27/2026 22:46:32,AAE0190,PC-AAE0190-01,C:\Documents\work_doc_12.docx,File Open,Sample content
FIL0006343,01/27/2026 22:13:31,AAE0190,PC-AAE0190-01,C:\Documents\work_doc_18.docx,File Open,Sample content
FIL0006344,01/27/2026 21:03:30,AAE0190,PC-AAE0190-01,C:\Documents\work_doc_15.docx,File Open,Sample content
FIL0006345,01/27/2026 21:03:01,AAE0190,PC-AAE0190-01,C:\Documents\work_doc_45.docx,File Open,Sample content
FIL0006346,01/27/2026 23:16:07,AAE0190,PC-AAE0190-01,C:\Documents\work_doc_50.docx,File Open,Sample content
FIL0006347,01/27/2026 23:26:56,AAE0190,PC-AAE0190-01,C:\Documents\work_doc_8.docx,File Open,Sample content
FIL0006348,01/27/2026 23:42:35,AAE0190,PC-AAE0190-01,C:\Confidential\source_code_export_6.zip,File Open,Sample content
FIL0006349,01/27/2026 23:56:16,AAE0190,PC-AAE0190-01,C:\Documents\work_doc_22.docx,File Open,Sample content
FIL0006350,01/27/2026 23:37:31,AAE0190,PC-AAE0190-01,C:\Confidential\source_code_export_10.zip,File Open,Sample content
FIL0006351,01/27/2026 22:30:04,AAE0190,PC-AAE0190-01,C:\Confidential\source_code_export_1.zip,File Open,Sample content
FIL0006352,01/27/2026 21:31:52,AAE0190,PC-AAE0190-01,C:\Confidential\source_code_export_2.zip,File Open,Sample content
FIL0006353,01/27/2026 23:28:15,AAE0190,PC-AAE0190-01,C:\Confidential\source_code_export_7.zip,File Open,Sample content
FIL0006354,01/27/2026 21:33:38,AAE0190,PC-AAE0190-01,C:\Confidential\source_code_export_6.zip,File Open,Sample content
FIL0006355,01/27/2026 23:07:55,AAE0190,PC-AAE0190-01,C:\Confidential\source_code_export_4.zip,File Open,Sample content
FIL0006356,01/27/2026 23:44:39,AAE0190,PC-AAE0190-01,C:\Documents\work_doc_45.docx,File Open,Sample content
FIL0006357,01/27/2026 22:21:54,AAE0190,PC-AAE0190-01,C:\Confidential\source_code_export_3.zip,File Open,Sample content
FIL0006358,01/27/2026 21:07:51,AAE0190,PC-AAE0190-01,C:\Documents\work_doc_13.docx,File Open,Sample content
FIL0006359,01/27/2026 22:31:00,AAE0190,PC-AAE0190-01,C:\Confidential\source_code_export_1.zip,File Open,Sample content
FIL0006360,01/27/2026 23:02:40,AAE0190,PC-AAE0190-01,C:\Documents\work_doc_17.docx,File Open,Sample content
FIL0006361,01/27/2026 10:38:18,USR0002,PC-USR0002-01,C:\Documents\work_doc_18.docx,File Open,Sample content
FIL0006362,01/27/2026 10:03:44,USR0002,PC-USR0002-01,C:\Documents\work_doc_46.docx,File Open,Sample content
FIL0006363,01/27/2026 14:37:36,USR0002,PC-USR0002-01,C:\Documents\work_doc_48.docx,File Open,Sample content
FIL0006364,01/27/2026 14:01:18,USR0002,PC-USR0002-01,C:\Documents\work_doc_15.docx,File Open,Sample content
FIL0006365,01/27/2026 14:12:59,USR0002,PC-USR0002-01,C:\Documents\work_doc_11.docx,File Open,Sample content
FIL0006366,01/27/2026 09:56:35,USR0002,PC-USR0002-01,C:\Documents\work_doc_31.docx,File Open,Sample content
FIL0006367,01/27/2026 15:47:54,USR0002,PC-USR0002-01,C:\Documents\work_doc_12.docx,File Open,Sample content
FIL0006368,01/27/2026 09:46:59,USR0002,PC-USR0002-01,C:\Documents\work_doc_27.docx,File Open,Sample content
FIL0006369,01/27/2026 12:04:40,USR0002,PC-USR0002-01,C:\Documents\work_doc_29.docx,File Open,Sample content
FIL0006370,01/27/2026 09:07:11,USR0003,PC-USR0003-01,C:\Documents\work_doc_48.docx,File Open,Sample content
FIL0006371,01/27/2026 13:49:23,USR0003,PC-USR0003-01,C:\Documents\work_doc_34.docx,File Open,Sample content
FIL0006372,01/27/2026 14:31:44,USR0003,PC-USR0003-01,C:\Documents\work_doc_12.docx,File Open,Sample content
FIL0006373,01/27/2026 14:20:52,USR0003,PC-USR0003-01,C:\Documents\work_doc_46.docx,File Open,Sample content
FIL0006374,01/27/2026 13:58:28,USR0003,PC-USR0003-01,C:\Documents\work_doc_33.docx,File Open,Sample content
FIL0006375,01/27/2026 12:56:34,USR0003,PC-USR0003-01,C:\Documents\work_doc_43.docx,File Open,Sample content
FIL0006376,01/27/2026 11:00:15,USR0003,PC-USR0003-01,C:\Documents\work_doc_49.docx,File Open,Sample content
FIL0006377,01/27/2026 10:45:50,USR0003,PC-USR0003-01,C:\Documents\work_doc_25.docx,File Open,Sample content
FIL0006378,01/27/2026 13:56:50,USR0003,PC-USR0003-01,C:\Documents\work_doc_14.docx,File Open,Sample content
FIL0006379,01/27/2026 13:20:46,USR0003,PC-USR0003-01,C:\Documents\work_doc_12.docx,File Open,Sample content
FIL0006380,01/27/2026 09:10:46,USR0003,PC-USR0003-01,C:\Documents\work_doc_38.docx,File Open,Sample content
FIL0006381,01/27/2026 09:16:48,USR0003,PC-USR0003-01,C:\Documents\work_doc_36.docx,File Open,Sample content
FIL0006382,01/27/2026 16:59:11,USR0003,PC-USR0003-01,C:\Documents\work_doc_44.docx,File Open,Sample content
FIL0006383,01/27/2026 13:54:49,USR0003,PC-USR0003-01,C:\Documents\work_doc_17.docx,File Open,Sample content
FIL0006384,01/27/2026 15:31:31,USR0003,PC-USR0003-01,C:\Documents\work_doc_32.docx,File Open,Sample content
FIL0006385,01/27/2026 10:45:44,USR0003,PC-USR0003-01,C:\Documents\work_doc_22.docx,File Open,Sample content
FIL0006386,01/27/2026 15:55:32,USR0003,PC-USR0003-01,C:\Documents\work_doc_40.docx,File Open,Sample content
FIL0006387,01/27/2026 09:38:16,USR0003,PC-USR0003-01,C:\Documents\work_doc_31.docx,File Open,Sample content
FIL0006388,01/27/2026 12:44:29,USR0003,PC-USR0003-01,C:\Documents\work_doc_48.docx,File Open,Sample content
FIL0006389,01/27/2026 13:42:01,USR0004,PC-USR0004-01,C:\Documents\work_doc_26.docx,File Open,Sample content
FIL0006390,01/27/2026 11:14:11,USR0004,PC-USR0004-01,C:\Documents\work_doc_24.docx,File Open,Sample content
FIL0006391,01/27/2026 15:29:55,USR0004,PC-USR0004-01,C:\Documents\work_doc_40.docx,File Open,Sample content
FIL0006392,01/27/2026 15:51:55,USR0004,PC-USR0004-01,C:\Documents\work_doc_7.docx,File Open,Sample content
FIL0006393,01/27/2026 13:41:05,USR0004,PC-USR0004-01,C:\Documents\work_doc_40.docx,File Open,Sample content
FIL0006394,01/27/2026 14:10:22,USR0004,PC-USR0004-01,C:\Documents\work_doc_34.docx,File Open,Sample content
FIL0006395,01/27/2026 10:53:53,USR0004,PC-USR0004-01,C:\Documents\work_doc_46.docx,File Open,Sample content
FIL0006396,01/27/2026 15:47:12,USR0005,PC-USR0005-01,C:\Documents\work_doc_47.docx,File Open,Sample content
FIL0006397,01/27/2026 16:38:44,USR0005,PC-USR0005-01,C:\Documents\work_doc_5.docx,File Open,Sample content
FIL0006398,01/27/2026 14:39:22,USR0005,PC-USR0005-01,C:\Documents\work_doc_45.docx,File Open,Sample content
FIL0006399,01/27/2026 13:46:55,USR0005,PC-USR0005-01,C:\Documents\work_doc_42.docx,File Open,Sample content
FIL0006400,01/27/2026 11:13:46,USR0005,PC-USR0005-01,C:\Documents\work_doc_27.docx,File Open,Sample content
FIL0006401,01/27/2026 10:38:10,USR0005,PC-USR0005-01,C:\Documents\work_doc_24.docx,File Open,Sample content
FIL0006402,01/27/2026 16:54:50,USR0005,PC-USR0005-01,C:\Documents\work_doc_24.docx,File Open,Sample content
FIL0006403,01/27/2026 09:41:06,USR0005,PC-USR0005-01,C:\Documents\work_doc_19.docx,File Open,Sample content
FIL0006404,01/27/2026 09:42:54,USR0005,PC-USR0005-01,C:\Documents\work_doc_10.docx,File Open,Sample content
FIL0006405,01/27/2026 10:23:01,USR0005,PC-USR0005-01,C:\Documents\work_doc_7.docx,File Open,Sample content
FIL0006406,01/27/2026 15:30:21,USR0005,PC-USR0005-01,C:\Documents\work_doc_29.docx,File Open,Sample content
FIL0006407,01/27/2026 16:16:28,USR0005,PC-USR0005-01,C:\Documents\work_doc_2.docx,File Open,Sample content
FIL0006408,01/27/2026 16:04:24,USR0006,PC-USR0006-01,C:\Documents\work_doc_28.docx,File Open,Sample content
FIL0006409,01/27/2026 14:34:46,USR0006,PC-USR0006-01,C:\Documents\work_doc_8.docx,File Open,Sample content
FIL0006410,01/27/2026 10:09:09,USR0006,PC-USR0006-01,C:\Documents\work_doc_39.docx,File Open,Sample content
FIL0006411,01/27/2026 12:10:08,USR0006,PC-USR0006-01,C:\Documents\work_doc_24.docx,File Open,Sample content
FIL0006412,01/27/2026 09:05:39,USR0006,PC-USR0006-01,C:\Documents\work_doc_44.docx,File Open,Sample content
FIL0006413,01/27/2026 10:28:57,USR0006,PC-USR0006-01,C:\Documents\work_doc_31.docx,File Open,Sample content
FIL0006414,01/27/2026 09:52:21,USR0006,PC-USR0006-01,C:\Documents\work_doc_21.docx,File Open,Sample content
FIL0006415,01/27/2026 15:06:48,USR0006,PC-USR0006-01,C:\Documents\work_doc_12.docx,File Open,Sample content
FIL0006416,01/27/2026 11:14:10,USR0006,PC-USR0006-01,C:\Documents\work_doc_1.docx,File Open,Sample content
FIL0006417,01/27/2026 11:27:15,USR0006,PC-USR0006-01,C:\Documents\work_doc_26.docx,File Open,Sample content
FIL0006418,01/27/2026 15:49:05,USR0006,PC-USR0006-01,C:\Documents\work_doc_30.docx,File Open,Sample content
FIL0006419,01/27/2026 14:47:13,USR0006,PC-USR0006-01,C:\Documents\work_doc_23.docx,File Open,Sample content
FIL0006420,01/27/2026 12:01:22,USR0006,PC-USR0006-01,C:\Documents\work_doc_25.docx,File Open,Sample content
FIL0006421,01/27/2026 09:09:15,USR0006,PC-USR0006-01,C:\Documents\work_doc_26.docx,File Open,Sample content
FIL0006422,01/27/2026 16:36:30,USR0006,PC-USR0006-01,C:\Documents\work_doc_19.docx,File Open,Sample content
FIL0006423,01/27/2026 16:54:35,USR0006,PC-USR0006-01,C:\Documents\work_doc_47.docx,File Open,Sample content
FIL0006424,01/27/2026 11:44:12,USR0006,PC-USR0006-01,C:\Documents\work_doc_16.docx,File Open,Sample content
FIL0006425,01/27/2026 12:11:50,USR0006,PC-USR0006-01,C:\Documents\work_doc_30.docx,File Open,Sample content
FIL0006426,01/27/2026 12:12:00,USR0007,PC-USR0007-01,C:\Documents\work_doc_16.docx,File Open,Sample content
FIL0006427,01/27/2026 14:25:52,USR0007,PC-USR0007-01,C:\Documents\work_doc_28.docx,File Open,Sample content
FIL0006428,01/27/2026 12:37:30,USR0007,PC-USR0007-01,C:\Documents\work_doc_19.docx,File Open,Sample content
FIL0006429,01/27/2026 10:01:48,USR0007,PC-USR0007-01,C:\Documents\work_doc_12.docx,File Open,Sample content
FIL0006430,01/27/2026 12:51:52,USR0007,PC-USR0007-01,C:\Documents\work_doc_42.docx,File Open,Sample content
FIL0006431,01/27/2026 14:03:54,USR0007,PC-USR0007-01,C:\Documents\work_doc_20.docx,File Open,Sample content
FIL0006432,01/27/2026 12:19:14,USR0007,PC-USR0007-01,C:\Documents\work_doc_11.docx,File Open,Sample content
FIL0006433,01/27/2026 10:24:47,USR0007,PC-USR0007-01,C:\Documents\work_doc_43.docx,File Open,Sample content
FIL0006434,01/27/2026 14:40:41,USR0007,PC-USR0007-01,C:\Documents\work_doc_22.docx,File Open,Sample content
FIL0006435,01/27/2026 11:38:29,USR0007,PC-USR0007-01,C:\Documents\work_doc_49.docx,File Open,Sample content
FIL0006436,01/27/2026 12:48:22,USR0007,PC-USR0007-01,C:\Documents\work_doc_20.docx,File Open,Sample content
FIL0006437,01/27/2026 12:12:41,USR0007,PC-USR0007-01,C:\Documents\work_doc_9.docx,File Open,Sample content
FIL0006438,01/27/2026 12:47:52,USR0007,PC-USR0007-01,C:\Documents\work_doc_19.docx,File Open,Sample content
FIL0006439,01/27/2026 16:28:54,USR0007,PC-USR0007-01,C:\Documents\work_doc_42.docx,File Open,Sample content
FIL0006440,01/27/2026 15:47:20,USR0007,PC-USR0007-01,C:\Documents\work_doc_22.docx,File Open,Sample content
FIL0006441,01/27/2026 12:47:20,USR0007,PC-USR0007-01,C:\Documents\work_doc_11.docx,File Open,Sample content
FIL0006442,01/27/2026 16:19:27,USR0007,PC-USR0007-01,C:\Documents\work_doc_3.docx,File Open,Sample content
FIL0006443,01/27/2026 14:14:53,USR0007,PC-USR0007-01,C:\Documents\work_doc_3.docx,File Open,Sample content
FIL0006444,01/27/2026 15:52:49,USR0008,PC-USR0008-01,C:\Documents\work_doc_48.docx,File Open,Sample content
FIL0006445,01/27/2026 14:05:36,USR0008,PC-USR0008-01,C:\Documents\work_doc_34.docx,File Open,Sample content
FIL0006446,01/27/2026 13:51:40,USR0008,PC-USR0008-01,C:\Documents\work_doc_11.docx,File Open,Sample content
FIL0006447,01/27/2026 13:01:59,USR0008,PC-USR0008-01,C:\Documents\work_doc_32.docx,File Open,Sample content
FIL0006448,01/27/2026 10:33:41,USR0008,PC-USR0008-01,C:\Documents\work_doc_1.docx,File Open,Sample content
FIL0006449,01/27/2026 13:06:04,USR0008,PC-USR0008-01,C:\Documents\work_doc_48.docx,File Open,Sample content
FIL0006450,01/27/2026 11:00:33,USR0008,PC-USR0008-01,C:\Documents\work_doc_16.docx,File Open,Sample content
FIL0006451,01/27/2026 15:21:17,USR0009,PC-USR0009-01,C:\Documents\work_doc_14.docx,File Open,Sample content
FIL0006452,01/27/2026 15:03:14,USR0009,PC-USR0009-01,C:\Documents\work_doc_11.docx,File Open,Sample content
FIL0006453,01/27/2026 14:03:31,USR0009,PC-USR0009-01,C:\Documents\work_doc_33.docx,File Open,Sample content
FIL0006454,01/27/2026 12:25:33,USR0009,PC-USR0009-01,C:\Documents\work_doc_27.docx,File Open,Sample content
FIL0006455,01/27/2026 16:15:03,USR0009,PC-USR0009-01,C:\Documents\work_doc_29.docx,File Open,Sample content
FIL0006456,01/27/2026 11:23:33,USR0009,PC-USR0009-01,C:\Documents\work_doc_44.docx,File Open,Sample content
FIL0006457,01/27/2026 16:24:42,USR0009,PC-USR0009-01,C:\Documents\work_doc_44.docx,File Open,Sample content
FIL0006458,01/27/2026 12:41:03,USR0009,PC-USR0009-01,C:\Documents\work_doc_39.docx,File Open,Sample content
FIL0006459,01/27/2026 16:55:19,USR0009,PC-USR0009-01,C:\Documents\work_doc_10.docx,File Open,Sample content
FIL0006460,01/27/2026 14:48:14,USR0010,PC-USR0010-01,C:\Documents\work_doc_8.docx,File Open,Sample content
FIL0006461,01/27/2026 15:02:51,USR0010,PC-USR0010-01,C:\Documents\work_doc_49.docx,File Open,Sample content
FIL0006462,01/27/2026 10:55:11,USR0010,PC-USR0010-01,C:\Documents\work_doc_48.docx,File Open,Sample content
FIL0006463,01/27/2026 10:03:58,USR0010,PC-USR0010-01,C:\Documents\work_doc_19.docx,File Open,Sample content
FIL0006464,01/27/2026 15:00:34,USR0010,PC-USR0010-01,C:\Documents\work_doc_6.docx,File Open,Sample content
FIL0006465,01/27/2026 11:08:51,USR0010,PC-USR0010-01,C:\Documents\work_doc_19.docx,File Open,Sample content
FIL0006466,01/27/2026 16:34:28,USR0010,PC-USR0010-01,C:\Documents\work_doc_36.docx,File Open,Sample content
FIL0006467,01/27/2026 09:39:00,USR0010,PC-USR0010-01,C:\Documents\work_doc_10.docx,File Open,Sample content
FIL0006468,01/27/2026 16:19:05,USR0010,PC-USR0010-01,C:\Documents\work_doc_14.docx,File Open,Sample content
FIL0006469,01/27/2026 10:54:50,USR0011,PC-USR0011-01,C:\Documents\work_doc_32.docx,File Open,Sample content
FIL0006470,01/27/2026 14:05:55,USR0011,PC-USR0011-01,C:\Documents\work_doc_13.docx,File Open,Sample content
FIL0006471,01/27/2026 11:59:45,USR0011,PC-USR0011-01,C:\Documents\work_doc_23.docx,File Open,Sample content
FIL0006472,01/27/2026 14:57:20,USR0011,PC-USR0011-01,C:\Documents\work_doc_7.docx,File Open,Sample content
FIL0006473,01/27/2026 09:28:15,USR0011,PC-USR0011-01,C:\Documents\work_doc_47.docx,File Open,Sample content
FIL0006474,01/27/2026 10:31:58,USR0011,PC-USR0011-01,C:\Documents\work_doc_5.docx,File Open,Sample content
FIL0006475,01/27/2026 14:19:55,USR0011,PC-USR0011-01,C:\Documents\work_doc_41.docx,File Open,Sample content
FIL0006476,01/27/2026 12:03:59,USR0011,PC-USR0011-01,C:\Documents\work_doc_41.docx,File Open,Sample content
FIL0006477,01/27/2026 12:09:16,USR0012,PC-USR0012-01,C:\Documents\work_doc_28.docx,File Open,Sample content
FIL0006478,01/27/2026 16:41:45,USR0012,PC-USR0012-01,C:\Documents\work_doc_38.docx,File Open,Sample content
FIL0006479,01/27/2026 16:41:15,USR0012,PC-USR0012-01,C:\Documents\work_doc_5.docx,File Open,Sample content
FIL0006480,01/27/2026 16:27:35,USR0012,PC-USR0012-01,C:\Documents\work_doc_49.docx,File Open,Sample content
FIL0006481,01/27/2026 11:22:05,USR0012,PC-USR0012-01,C:\Documents\work_doc_5.docx,File Open,Sample content
FIL0006482,01/27/2026 10:28:24,USR0012,PC-USR0012-01,C:\Documents\work_doc_16.docx,File Open,Sample content
FIL0006483,01/27/2026 09:18:58,USR0012,PC-USR0012-01,C:\Documents\work_doc_34.docx,File Open,Sample content
FIL0006484,01/27/2026 13:51:19,USR0012,PC-USR0012-01,C:\Documents\work_doc_17.docx,File Open,Sample content
FIL0006485,01/27/2026 09:27:32,USR0012,PC-USR0012-01,C:\Documents\work_doc_47.docx,File Open,Sample content
FIL0006486,01/27/2026 13:20:27,USR0012,PC-USR0012-01,C:\Documents\work_doc_23.docx,File Open,Sample content
FIL0006487,01/27/2026 16:41:13,USR0012,PC-USR0012-01,C:\Documents\work_doc_2.docx,File Open,Sample content
FIL0006488,01/27/2026 14:43:47,USR0012,PC-USR0012-01,C:\Documents\work_doc_32.docx,File Open,Sample content
FIL0006489,01/27/2026 14:29:19,USR0012,PC-USR0012-01,C:\Documents\work_doc_10.docx,File Open,Sample content
FIL0006490,01/27/2026 16:55:23,USR0012,PC-USR0012-01,C:\Documents\work_doc_23.docx,File Open,Sample content
FIL0006491,01/27/2026 09:31:09,USR0012,PC-USR0012-01,C:\Documents\work_doc_31.docx,File Open,Sample content
FIL0006492,01/27/2026 11:25:16,USR0012,PC-USR0012-01,C:\Documents\work_doc_23.docx,File Open,Sample content
FIL0006493,01/27/2026 13:33:51,USR0012,PC-USR0012-01,C:\Documents\work_doc_18.docx,File Open,Sample content
FIL0006494,01/27/2026 11:24:42,USR0013,PC-USR0013-01,C:\Documents\work_doc_34.docx,File Open,Sample content
FIL0006495,01/27/2026 15:58:30,USR0013,PC-USR0013-01,C:\Documents\work_doc_18.docx,File Open,Sample content
FIL0006496,01/27/2026 12:22:31,USR0013,PC-USR0013-01,C:\Documents\work_doc_25.docx,File Open,Sample content
FIL0006497,01/27/2026 10:28:57,USR0013,PC-USR0013-01,C:\Documents\work_doc_21.docx,File Open,Sample content
FIL0006498,01/27/2026 14:00:51,USR0013,PC-USR0013-01,C:\Documents\work_doc_20.docx,File Open,Sample content
FIL0006499,01/27/2026 14:59:07,USR0013,PC-USR0013-01,C:\Documents\work_doc_38.docx,File Open,Sample content
FIL0006500,01/27/2026 14:04:12,USR0013,PC-USR0013-01,C:\Documents\work_doc_46.docx,File Open,Sample content
FIL0006501,01/27/2026 11:31:31,USR0013,PC-USR0013-01,C:\Documents\work_doc_23.docx,File Open,Sample content
FIL0006502,01/27/2026 13:09:21,USR0013,PC-USR0013-01,C:\Documents\work_doc_10.docx,File Open,Sample content
FIL0006503,01/27/2026 09:12:35,USR0013,PC-USR0013-01,C:\Documents\work_doc_5.docx,File Open,Sample content
FIL0006504,01/27/2026 14:37:11,USR0013,PC-USR0013-01,C:\Documents\work_doc_36.docx,File Open,Sample content
FIL0006505,01/27/2026 16:29:04,USR0013,PC-USR0013-01,C:\Documents\work_doc_5.docx,File Open,Sample content
FIL0006506,01/27/2026 09:59:38,USR0013,PC-USR0013-01,C:\Documents\work_doc_22.docx,File Open,Sample content
FIL0006507,01/27/2026 14:04:42,USR0013,PC-USR0013-01,C:\Documents\work_doc_2.docx,File Open,Sample content
FIL0006508,01/27/2026 16:18:36,USR0014,PC-USR0014-01,C:\Documents\work_doc_15.docx,File Open,Sample content
FIL0006509,01/27/2026 13:58:03,USR0014,PC-USR0014-01,C:\Documents\work_doc_35.docx,File Open,Sample content
FIL0006510,01/27/2026 10:47:55,USR0014,PC-USR0014-01,C:\Documents\work_doc_7.docx,File Open,Sample content
FIL0006511,01/27/2026 13:43:03,USR0014,PC-USR0014-01,C:\Documents\work_doc_30.docx,File Open,Sample content
FIL0006512,01/27/2026 14:25:12,USR0014,PC-USR0014-01,C:\Documents\work_doc_48.docx,File Open,Sample content
FIL0006513,01/27/2026 11:47:19,USR0015,PC-USR0015-01,C:\Documents\work_doc_49.docx,File Open,Sample content
FIL0006514,01/27/2026 10:32:54,USR0015,PC-USR0015-01,C:\Documents\work_doc_10.docx,File Open,Sample content
FIL0006515,01/27/2026 16:55:45,USR0015,PC-USR0015-01,C:\Documents\work_doc_5.docx,File Open,Sample content
FIL0006516,01/27/2026 14:22:26,USR0015,PC-USR0015-01,C:\Documents\work_doc_43.docx,File Open,Sample content
FIL0006517,01/27/2026 13:36:08,USR0015,PC-USR0015-01,C:\Documents\work_doc_39.docx,File Open,Sample content
FIL0006518,01/27/2026 09:52:45,USR0016,PC-USR0016-01,C:\Documents\work_doc_12.docx,File Open,Sample content
FIL0006519,01/27/2026 12:46:44,USR0016,PC-USR0016-01,C:\Documents\work_doc_17.docx,File Open,Sample content
FIL0006520,01/27/2026 11:54:35,USR0016,PC-USR0016-01,C:\Documents\work_doc_24.docx,File Open,Sample content
FIL0006521,01/27/2026 14:47:06,USR0016,PC-USR0016-01,C:\Documents\work_doc_39.docx,File Open,Sample content
FIL0006522,01/27/2026 09:23:50,USR0016,PC-USR0016-01,C:\Documents\work_doc_14.docx,File Open,Sample content
FIL0006523,01/27/2026 09:55:32,USR0016,PC-USR0016-01,C:\Documents\work_doc_26.docx,File Open,Sample content
FIL0006524,01/27/2026 15:44:56,USR0016,PC-USR0016-01,C:\Documents\work_doc_26.docx,File Open,Sample content
FIL0006525,01/27/2026 09:19:41,USR0016,PC-USR0016-01,C:\Documents\work_doc_48.docx,File Open,Sample content
FIL0006526,01/27/2026 10:19:05,USR0017,PC-USR0017-01,C:\Documents\work_doc_43.docx,File Open,Sample content
FIL0006527,01/27/2026 14:45:37,USR0017,PC-USR0017-01,C:\Documents\work_doc_18.docx,File Open,Sample content
FIL0006528,01/27/2026 15:08:34,USR0017,PC-USR0017-01,C:\Documents\work_doc_16.docx,File Open,Sample content
FIL0006529,01/27/2026 09:55:16,USR0017,PC-USR0017-01,C:\Documents\work_doc_13.docx,File Open,Sample content
FIL0006530,01/27/2026 16:11:27,USR0017,PC-USR0017-01,C:\Documents\work_doc_15.docx,File Open,Sample content
FIL0006531,01/27/2026 09:22:06,USR0017,PC-USR0017-01,C:\Documents\work_doc_22.docx,File Open,Sample content
FIL0006532,01/27/2026 11:51:54,USR0017,PC-USR0017-01,C:\Documents\work_doc_19.docx,File Open,Sample content
FIL0006533,01/27/2026 13:08:27,USR0017,PC-USR0017-01,C:\Documents\work_doc_18.docx,File Open,Sample content
FIL0006534,01/27/2026 12:39:42,USR0017,PC-USR0017-01,C:\Documents\work_doc_38.docx,File Open,Sample content
FIL0006535,01/27/2026 14:08:48,USR0017,PC-USR0017-01,C:\Documents\work_doc_33.docx,File Open,Sample content
FIL0006536,01/27/2026 10:46:58,USR0017,PC-USR0017-01,C:\Documents\work_doc_48.docx,File Open,Sample content
FIL0006537,01/27/2026 10:47:17,USR0017,PC-USR0017-01,C:\Documents\work_doc_24.docx,File Open,Sample content
FIL0006538,01/27/2026 13:13:01,USR0017,PC-USR0017-01,C:\Documents\work_doc_43.docx,File Open,Sample content
FIL0006539,01/27/2026 09:25:04,USR0017,PC-USR0017-01,C:\Documents\work_doc_9.docx,File Open,Sample content
FIL0006540,01/27/2026 09:31:51,USR0018,PC-USR0018-01,C:\Documents\work_doc_2.docx,File Open,Sample content
FIL0006541,01/27/2026 15:06:42,USR0018,PC-USR0018-01,C:\Documents\work_doc_38.docx,File Open,Sample content
FIL0006542,01/27/2026 16:11:16,USR0018,PC-USR0018-01,C:\Documents\work_doc_47.docx,File Open,Sample content
FIL0006543,01/27/2026 11:26:51,USR0018,PC-USR0018-01,C:\Documents\work_doc_5.docx,File Open,Sample content
FIL0006544,01/27/2026 15:52:06,USR0018,PC-USR0018-01,C:\Documents\work_doc_23.docx,File Open,Sample content
FIL0006545,01/27/2026 14:31:08,USR0018,PC-USR0018-01,C:\Documents\work_doc_35.docx,File Open,Sample content
FIL0006546,01/27/2026 10:06:59,USR0018,PC-USR0018-01,C:\Documents\work_doc_29.docx,File Open,Sample content
FIL0006547,01/27/2026 11:18:32,USR0018,PC-USR0018-01,C:\Documents\work_doc_3.docx,File Open,Sample content
FIL0006548,01/27/2026 16:33:33,USR0018,PC-USR0018-01,C:\Documents\work_doc_30.docx,File Open,Sample content
FIL0006549,01/27/2026 12:34:02,USR0018,PC-USR0018-01,C:\Documents\work_doc_42.docx,File Open,Sample content
FIL0006550,01/27/2026 11:17:25,USR0018,PC-USR0018-01,C:\Documents\work_doc_19.docx,File Open,Sample content
FIL0006551,01/27/2026 10:12:44,USR0018,PC-USR0018-01,C:\Documents\work_doc_7.docx,File Open,Sample content
FIL0006552,01/27/2026 14:58:07,USR0018,PC-USR0018-01,C:\Documents\work_doc_49.docx,File Open,Sample content
FIL0006553,01/27/2026 12:10:06,USR0018,PC-USR0018-01,C:\Documents\work_doc_30.docx,File Open,Sample content
FIL0006554,01/27/2026 15:28:12,USR0018,PC-USR0018-01,C:\Documents\work_doc_19.docx,File Open,Sample content
FIL0006555,01/27/2026 11:01:28,USR0018,PC-USR0018-01,C:\Documents\work_doc_50.docx,File Open,Sample content
FIL0006556,01/27/2026 14:17:32,USR0018,PC-USR0018-01,C:\Documents\work_doc_8.docx,File Open,Sample content
FIL0006557,01/27/2026 11:10:29,USR0018,PC-USR0018-01,C:\Documents\work_doc_13.docx,File Open,Sample content
FIL0006558,01/27/2026 13:03:35,USR0018,PC-USR0018-01,C:\Documents\work_doc_4.docx,File Open,Sample content
FIL0006559,01/27/2026 15:10:39,USR0018,PC-USR0018-01,C:\Documents\work_doc_37.docx,File Open,Sample content
FIL0006560,01/27/2026 12:26:50,USR0019,PC-USR0019-01,C:\Documents\work_doc_50.docx,File Open,Sample content
FIL0006561,01/27/2026 10:03:38,USR0019,PC-USR0019-01,C:\Documents\work_doc_1.docx,File Open,Sample content
FIL0006562,01/27/2026 10:38:01,USR0019,PC-USR0019-01,C:\Documents\work_doc_1.docx,File Open,Sample content
FIL0006563,01/27/2026 12:57:57,USR0019,PC-USR0019-01,C:\Documents\work_doc_5.docx,File Open,Sample content
FIL0006564,01/27/2026 15:39:45,USR0019,PC-USR0019-01,C:\Documents\work_doc_23.docx,File Open,Sample content
FIL0006565,01/27/2026 13:36:21,USR0019,PC-USR0019-01,C:\Documents\work_doc_45.docx,File Open,Sample content
FIL0006566,01/27/2026 15:04:18,USR0019,PC-USR0019-01,C:\Documents\work_doc_3.docx,File Open,Sample content
FIL0006567,01/27/2026 12:33:36,USR0019,PC-USR0019-01,C:\Documents\work_doc_24.docx,File Open,Sample content
FIL0006568,01/27/2026 10:43:23,USR0019,PC-USR0019-01,C:\Documents\work_doc_8.docx,File Open,Sample content
FIL0006569,01/27/2026 09:52:19,USR0019,PC-USR0019-01,C:\Documents\work_doc_37.docx,File Open,Sample content
FIL0006570,01/27/2026 09:15:43,USR0019,PC-USR0019-01,C:\Documents\work_doc_20.docx,File Open,Sample content
FIL0006571,01/27/2026 15:14:32,USR0019,PC-USR0019-01,C:\Documents\work_doc_24.docx,File Open,Sample content
FIL0006572,01/27/2026 12:16:42,USR0019,PC-USR0019-01,C:\Documents\work_doc_47.docx,File Open,Sample content
FIL0006573,01/27/2026 16:18:43,USR0019,PC-USR0019-01,C:\Documents\work_doc_33.docx,File Open,Sample content
FIL0006574,01/27/2026 13:53:36,USR0019,PC-USR0019-01,C:\Documents\work_doc_12.docx,File Open,Sample content
FIL0006575,01/27/2026 13:15:27,USR0019,PC-USR0019-01,C:\Documents\work_doc_18.docx,File Open,Sample content
FIL0006576,01/27/2026 12:58:00,USR0019,PC-USR0019-01,C:\Documents\work_doc_1.docx,File Open,Sample content
FIL0006577,01/27/2026 11:12:59,USR0019,PC-USR0019-01,C:\Documents\work_doc_29.docx,File Open,Sample content
FIL0006578,01/27/2026 10:25:27,USR0019,PC-USR0019-01,C:\Documents\work_doc_21.docx,File Open,Sample content
FIL0006579,01/27/2026 14:09:30,USR0019,PC-USR0019-01,C:\Documents\work_doc_43.docx,File Open,Sample content
FIL0006580,01/27/2026 10:15:52,USR0020,PC-USR0020-01,C:\Documents\work_doc_7.docx,File Open,Sample content
FIL0006581,01/27/2026 10:50:16,USR0020,PC-USR0020-01,C:\Documents\work_doc_26.docx,File Open,Sample content
FIL0006582,01/27/2026 15:12:17,USR0020,PC-USR0020-01,C:\Documents\work_doc_17.docx,File Open,Sample content
FIL0006583,01/27/2026 14:22:01,USR0020,PC-USR0020-01,C:\Documents\work_doc_33.docx,File Open,Sample content
FIL0006584,01/27/2026 14:39:19,USR0020,PC-USR0020-01,C:\Documents\work_doc_24.docx,File Open,Sample content
FIL0006585,01/27/2026 11:10:34,USR0020,PC-USR0020-01,C:\Documents\work_doc_36.docx,File Open,Sample content
FIL0006586,01/27/2026 14:57:03,USR0020,PC-USR0020-01,C:\Documents\work_doc_29.docx,File Open,Sample content
FIL0006587,01/27/2026 14:42:15,USR0020,PC-USR0020-01,C:\Documents\work_doc_47.docx,File Open,Sample content
FIL0006588,01/27/2026 10:11:12,USR0020,PC-USR0020-01,C:\Documents\work_doc_43.docx,File Open,Sample content
FIL0006589,01/27/2026 13:57:08,USR0020,PC-USR0020-01,C:\Documents\work_doc_35.docx,File Open,Sample content
FIL0006590,01/27/2026 11:24:02,USR0020,PC-USR0020-01,C:\Documents\work_doc_20.docx,File Open,Sample content
FIL0006591,01/27/2026 14:01:01,USR0020,PC-USR0020-01,C:\Documents\work_doc_30.docx,File Open,Sample content
FIL0006592,01/27/2026 10:34:20,USR0020,PC-USR0020-01,C:\Documents\work_doc_40.docx,File Open,Sample content
FIL0006593,01/27/2026 11:04:38,USR0020,PC-USR0020-01,C:\Documents\work_doc_2.docx,File Open,Sample content
FIL0006594,01/27/2026 15:08:58,USR0020,PC-USR0020-01,C:\Documents\work_doc_6.docx,File Open,Sample content
FIL0006595,01/27/2026 09:44:03,USR0021,PC-USR0021-01,C:\Documents\work_doc_26.docx,File Open,Sample content
FIL0006596,01/27/2026 14:07:18,USR0021,PC-USR0021-01,C:\Documents\work_doc_20.docx,File Open,Sample content
FIL0006597,01/27/2026 16:59:05,USR0021,PC-USR0021-01,C:\Documents\work_doc_36.docx,File Open,Sample content
FIL0006598,01/27/2026 16:38:40,USR0021,PC-USR0021-01,C:\Documents\work_doc_18.docx,File Open,Sample content
FIL0006599,01/27/2026 10:02:48,USR0021,PC-USR0021-01,C:\Documents\work_doc_45.docx,File Open,Sample content
FIL0006600,01/27/2026 15:59:54,USR0021,PC-USR0021-01,C:\Documents\work_doc_29.docx,File Open,Sample content
FIL0006601,01/27/2026 13:58:26,USR0021,PC-USR0021-01,C:\Documents\work_doc_12.docx,File Open,Sample content
FIL0006602,01/27/2026 10:01:35,USR0021,PC-USR0021-01,C:\Documents\work_doc_3.docx,File Open,Sample content
FIL0006603,01/27/2026 12:27:50,USR0021,PC-USR0021-01,C:\Documents\work_doc_30.docx,File Open,Sample content
FIL0006604,01/27/2026 13:21:32,USR0021,PC-USR0021-01,C:\Documents\work_doc_32.docx,File Open,Sample content
FIL0006605,01/27/2026 10:22:23,USR0021,PC-USR0021-01,C:\Documents\work_doc_32.docx,File Open,Sample content
FIL0006606,01/27/2026 11:20:01,USR0022,PC-USR0022-01,C:\Documents\work_doc_30.docx,File Open,Sample content
FIL0006607,01/27/2026 12:52:12,USR0022,PC-USR0022-01,C:\Documents\work_doc_29.docx,File Open,Sample content
FIL0006608,01/27/2026 15:05:15,USR0022,PC-USR0022-01,C:\Documents\work_doc_33.docx,File Open,Sample content
FIL0006609,01/27/2026 16:18:24,USR0022,PC-USR0022-01,C:\Documents\work_doc_41.docx,File Open,Sample content
FIL0006610,01/27/2026 14:41:39,USR0022,PC-USR0022-01,C:\Documents\work_doc_50.docx,File Open,Sample content
FIL0006611,01/27/2026 13:19:23,USR0022,PC-USR0022-01,C:\Documents\work_doc_28.docx,File Open,Sample content
FIL0006612,01/27/2026 10:26:18,USR0022,PC-USR0022-01,C:\Documents\work_doc_12.docx,File Open,Sample content
FIL0006613,01/27/2026 09:26:17,USR0022,PC-USR0022-01,C:\Documents\work_doc_22.docx,File Open,Sample content
FIL0006614,01/27/2026 11:52:10,USR0022,PC-USR0022-01,C:\Documents\work_doc_37.docx,File Open,Sample content
FIL0006615,01/27/2026 16:58:07,USR0022,PC-USR0022-01,C:\Documents\work_doc_11.docx,File Open,Sample content
FIL0006616,01/27/2026 14:17:11,USR0022,PC-USR0022-01,C:\Documents\work_doc_15.docx,File Open,Sample content
FIL0006617,01/27/2026 16:37:35,USR0022,PC-USR0022-01,C:\Documents\work_doc_26.docx,File Open,Sample content
FIL0006618,01/27/2026 12:35:55,USR0022,PC-USR0022-01,C:\Documents\work_doc_17.docx,File Open,Sample content
FIL0006619,01/27/2026 16:56:39,USR0022,PC-USR0022-01,C:\Documents\work_doc_35.docx,File Open,Sample content
FIL0006620,01/27/2026 14:24:32,USR0022,PC-USR0022-01,C:\Documents\work_doc_18.docx,File Open,Sample content
FIL0006621,01/27/2026 10:34:21,USR0022,PC-USR0022-01,C:\Documents\work_doc_2.docx,File Open,Sample content
FIL0006622,01/27/2026 14:58:29,USR0022,PC-USR0022-01,C:\Documents\work_doc_14.docx,File Open,Sample content
FIL0006623,01/27/2026 12:41:53,USR0023,PC-USR0023-01,C:\Documents\work_doc_47.docx,File Open,Sample content
FIL0006624,01/27/2026 16:29:41,USR0023,PC-USR0023-01,C:\Documents\work_doc_15.docx,File Open,Sample content
FIL0006625,01/27/2026 14:46:52,USR0023,PC-USR0023-01,C:\Documents\work_doc_31.docx,File Open,Sample content
FIL0006626,01/27/2026 13:12:58,USR0023,PC-USR0023-01,C:\Documents\work_doc_42.docx,File Open,Sample content
FIL0006627,01/27/2026 14:59:23,USR0023,PC-USR0023-01,C:\Documents\work_doc_36.docx,File Open,Sample content
FIL0006628,01/27/2026 15:12:39,USR0023,PC-USR0023-01,C:\Documents\work_doc_24.docx,File Open,Sample content
FIL0006629,01/27/2026 15:14:46,USR0023,PC-USR0023-01,C:\Documents\work_doc_44.docx,File Open,Sample content
FIL0006630,01/27/2026 14:52:04,USR0023,PC-USR0023-01,C:\Documents\work_doc_31.docx,File Open,Sample content
FIL0006631,01/27/2026 09:55:24,USR0023,PC-USR0023-01,C:\Documents\work_doc_3.docx,File Open,Sample content
FIL0006632,01/27/2026 16:56:42,USR0024,PC-USR0024-01,C:\Documents\work_doc_1.docx,File Open,Sample content
FIL0006633,01/27/2026 09:14:24,USR0024,PC-USR0024-01,C:\Documents\work_doc_6.docx,File Open,Sample content
FIL0006634,01/27/2026 10:42:44,USR0024,PC-USR0024-01,C:\Documents\work_doc_47.docx,File Open,Sample content
FIL0006635,01/27/2026 12:53:23,USR0024,PC-USR0024-01,C:\Documents\work_doc_16.docx,File Open,Sample content
FIL0006636,01/27/2026 09:46:21,USR0024,PC-USR0024-01,C:\Documents\work_doc_44.docx,File Open,Sample content
FIL0006637,01/27/2026 16:32:19,USR0024,PC-USR0024-01,C:\Documents\work_doc_50.docx,File Open,Sample content
FIL0006638,01/27/2026 09:27:40,USR0024,PC-USR0024-01,C:\Documents\work_doc_12.docx,File Open,Sample content
FIL0006639,01/27/2026 09:06:49,USR0024,PC-USR0024-01,C:\Documents\work_doc_3.docx,File Open,Sample content
FIL0006640,01/27/2026 14:03:10,USR0025,PC-USR0025-01,C:\Documents\work_doc_47.docx,File Open,Sample content
FIL0006641,01/27/2026 15:18:20,USR0025,PC-USR0025-01,C:\Documents\work_doc_32.docx,File Open,Sample content
FIL0006642,01/27/2026 09:42:12,USR0025,PC-USR0025-01,C:\Documents\work_doc_41.docx,File Open,Sample content
FIL0006643,01/27/2026 15:57:25,USR0025,PC-USR0025-01,C:\Documents\work_doc_21.docx,File Open,Sample content
FIL0006644,01/27/2026 12:07:29,USR0025,PC-USR0025-01,C:\Documents\work_doc_47.docx,File Open,Sample content
FIL0006645,01/27/2026 09:42:48,USR0025,PC-USR0025-01,C:\Documents\work_doc_29.docx,File Open,Sample content
FIL0006646,01/27/2026 12:07:53,USR0025,PC-USR0025-01,C:\Documents\work_doc_39.docx,File Open,Sample content
FIL0006647,01/27/2026 16:55:36,USR0025,PC-USR0025-01,C:\Documents\work_doc_38.docx,File Open,Sample content
FIL0006648,01/27/2026 12:22:00,USR0025,PC-USR0025-01,C:\Documents\work_doc_21.docx,File Open,Sample content
FIL0006649,01/27/2026 16:01:55,USR0025,PC-USR0025-01,C:\Documents\work_doc_4.docx,File Open,Sample content
FIL0006650,01/27/2026 15:36:54,USR0025,PC-USR0025-01,C:\Documents\work_doc_43.docx,File Open,Sample content
FIL0006651,01/27/2026 12:20:12,USR0025,PC-USR0025-01,C:\Documents\work_doc_15.docx,File Open,Sample content
FIL0006652,01/27/2026 11:03:13,USR0025,PC-USR0025-01,C:\Documents\work_doc_35.docx,File Open,Sample content
FIL0006653,01/27/2026 12:53:24,USR0025,PC-USR0025-01,C:\Documents\work_doc_46.docx,File Open,Sample content
FIL0006654,01/27/2026 09:50:26,USR0025,PC-USR0025-01,C:\Documents\work_doc_47.docx,File Open,Sample content
FIL0006655,01/27/2026 09:59:34,USR0025,PC-USR0025-01,C:\Documents\work_doc_10.docx,File Open,Sample content
FIL0006656,01/27/2026 11:22:03,USR0025,PC-USR0025-01,C:\Documents\work_doc_11.docx,File Open,Sample content
FIL0006657,01/27/2026 14:00:26,USR0025,PC-USR0025-01,C:\Documents\work_doc_24.docx,File Open,Sample content
FIL0006658,01/28/2026 22:20:16,AAE0190,PC-AAE0190-01,C:\Confidential\source_code_export_9.zip,File Open,Sample content
FIL0006659,01/28/2026 22:44:43,AAE0190,PC-AAE0190-01,C:\Confidential\source_code_export_4.zip,File Open,Sample content
FIL0006660,01/28/2026 23:41:29,AAE0190,PC-AAE0190-01,C:\Documents\work_doc_1.docx,File Open,Sample content
FIL0006661,01/28/2026 23:58:16,AAE0190,PC-AAE0190-01,C:\Confidential\source_code_export_6.zip,File Open,Sample content
FIL0006662,01/28/2026 22:07:16,AAE0190,PC-AAE0190-01,C:\Documents\work_doc_28.docx,File Open,Sample content
FIL0006663,01/28/2026 21:33:29,AAE0190,PC-AAE0190-01,C:\Documents\work_doc_26.docx,File Open,Sample content
FIL0006664,01/28/2026 23:31:33,AAE0190,PC-AAE0190-01,C:\Documents\work_doc_47.docx,File Open,Sample content
FIL0006665,01/28/2026 21:21:44,AAE0190,PC-AAE0190-01,C:\Documents\work_doc_28.docx,File Open,Sample content
FIL0006666,01/28/2026 23:07:45,AAE0190,PC-AAE0190-01,C:\Confidential\source_code_export_1.zip,File Open,Sample content
FIL0006667,01/28/2026 22:58:53,AAE0190,PC-AAE0190-01,C:\Documents\work_doc_48.docx,File Open,Sample content
FIL0006668,01/28/2026 23:09:55,AAE0190,PC-AAE0190-01,C:\Documents\work_doc_38.docx,File Open,Sample content
FIL0006669,01/28/2026 23:58:22,AAE0190,PC-AAE0190-01,C:\Documents\work_doc_42.docx,File Open,Sample content
FIL0006670,01/28/2026 22:53:10,AAE0190,PC-AAE0190-01,C:\Confidential\source_code_export_8.zip,File Open,Sample content
FIL0006671,01/28/2026 23:45:18,AAE0190,PC-AAE0190-01,C:\Documents\work_doc_14.docx,File Open,Sample content
FIL0006672,01/28/2026 21:36:51,AAE0190,PC-AAE0190-01,C:\Documents\work_doc_29.docx,File Open,Sample content
FIL0006673,01/28/2026 21:06:08,AAE0190,PC-AAE0190-01,C:\Documents\work_doc_35.docx,File Open,Sample content
FIL0006674,01/28/2026 22:51:57,AAE0190,PC-AAE0190-01,C:\Documents\work_doc_22.docx,File Open,Sample content
FIL0006675,01/28/2026 23:11:48,AAE0190,PC-AAE0190-01,C:\Documents\work_doc_1.docx,File Open,Sample content
FIL0006676,01/28/2026 23:29:04,AAE0190,PC-AAE0190-01,C:\Documents\work_doc_10.docx,File Open,Sample content
FIL0006677,01/28/2026 23:19:09,AAE0190,PC-AAE0190-01,C:\Documents\work_doc_48.docx,File Open,Sample content
FIL0006678,01/28/2026 23:45:20,AAE0190,PC-AAE0190-01,C:\Confidential\source_code_export_4.zip,File Open,Sample content
FIL0006679,01/28/2026 21:27:59,AAE0190,PC-AAE0190-01,C:\Documents\work_doc_16.docx,File Open,Sample content
FIL0006680,01/28/2026 21:56:58,AAE0190,PC-AAE0190-01,C:\Documents\work_doc_32.docx,File Open,Sample content
FIL0006681,01/28/2026 22:12:04,AAE0190,PC-AAE0190-01,C:\Documents\work_doc_3.docx,File Open,Sample content
FIL0006682,01/28/2026 21:04:51,AAE0190,PC-AAE0190-01,C:\Confidential\source_code_export_7.zip,File Open,Sample content
FIL0006683,01/28/2026 22:51:49,AAE0190,PC-AAE0190-01,C:\Documents\work_doc_16.docx,File Open,Sample content
FIL0006684,01/28/2026 22:02:02,AAE0190,PC-AAE0190-01,C:\Documents\work_doc_23.docx,File Open,Sample content
FIL0006685,01/28/2026 22:43:01,AAE0190,PC-AAE0190-01,C:\Confidential\source_code_export_7.zip,File Open,Sample content
FIL0006686,01/28/2026 22:48:25,AAE0190,PC-AAE0190-01,C:\Documents\work_doc_8.docx,File Open,Sample content
FIL0006687,01/28/2026 21:58:45,AAE0190,PC-AAE0190-01,C:\Documents\work_doc_16.docx,File Open,Sample content
FIL0006688,01/28/2026 22:17:45,AAE0190,PC-AAE0190-01,C:\Documents\work_doc_33.docx,File Open,Sample content
FIL0006689,01/28/2026 23:16:20,AAE0190,PC-AAE0190-01,C:\Documents\work_doc_16.docx,File Open,Sample content
FIL0006690,01/28/2026 22:33:04,AAE0190,PC-AAE0190-01,C:\Documents\work_doc_6.docx,File Open,Sample content
FIL0006691,01/28/2026 22:46:41,AAE0190,PC-AAE0190-01,C:\Confidential\source_code_export_7.zip,File Open,Sample content
FIL0006692,01/28/2026 21:26:28,AAE0190,PC-AAE0190-01,C:\Documents\work_doc_48.docx,File Open,Sample content
FIL0006693,01/28/2026 23:34:38,AAE0190,PC-AAE0190-01,C:\Documents\work_doc_35.docx,File Open,Sample content
FIL0006694,01/28/2026 23:42:37,AAE0190,PC-AAE0190-01,C:\Documents\work_doc_38.docx,File Open,Sample content
FIL0006695,01/28/2026 21:51:36,AAE0190,PC-AAE0190-01,C:\Documents\work_doc_1.docx,File Open,Sample content
FIL0006696,01/28/2026 22:36:41,AAE0190,PC-AAE0190-01,C:\Documents\work_doc_33.docx,File Open,Sample content
FIL0006697,01/28/2026 23:19:25,AAE0190,PC-AAE0190-01,C:\Documents\work_doc_14.docx,File Open,Sample content
FIL0006698,01/28/2026 21:01:05,AAE0190,PC-AAE0190-01,C:\Confidential\source_code_export_3.zip,File Open,Sample content
FIL0006699,01/28/2026 21:04:43,AAE0190,PC-AAE0190-01,C:\Documents\work_doc_34.docx,File Open,Sample content
FIL0006700,01/28/2026 21:01:03,AAE0190,PC-AAE0190-01,C:\Documents\work_doc_32.docx,File Open,Sample content
FIL0006701,01/28/2026 23:29:37,AAE0190,PC-AAE0190-01,C:\Documents\work_doc_12.docx,File Open,Sample content
FIL0006702,01/28/2026 22:35:15,AAE0190,PC-AAE0190-01,C:\Confidential\source_code_export_1.zip,File Open,Sample content
FIL0006703,01/28/2026 23:59:24,AAE0190,PC-AAE0190-01,C:\Documents\work_doc_31.docx,File Open,Sample content
FIL0006704,01/28/2026 22:49:08,AAE0190,PC-AAE0190-01,C:\Confidential\source_code_export_1.zip,File Open,Sample content
FIL0006705,01/28/2026 21:07:38,AAE0190,PC-AAE0190-01,C:\Documents\work_doc_4.docx,File Open,Sample content
FIL0006706,01/28/2026 22:37:03,AAE0190,PC-AAE0190-01,C:\Confidential\source_code_export_3.zip,File Open,Sample content
FIL0006707,01/28/2026 22:22:50,AAE0190,PC-AAE0190-01,C:\Documents\work_doc_18.docx,File Open,Sample content
FIL0006708,01/28/2026 21:57:07,AAE0190,PC-AAE0190-01,C:\Documents\work_doc_38.docx,File Open,Sample content
FIL0006709,01/28/2026 21:59:47,AAE0190,PC-AAE0190-01,C:\Documents\work_doc_2.docx,File Open,Sample content
FIL0006710,01/28/2026 22:37:17,AAE0190,PC-AAE0190-01,C:\Documents\work_doc_45.docx,File Open,Sample content
FIL0006711,01/28/2026 21:48:36,AAE0190,PC-AAE0190-01,C:\Documents\work_doc_24.docx,File Open,Sample content
FIL0006712,01/28/2026 22:28:18,AAE0190,PC-AAE0190-01,C:\Confidential\source_code_export_6.zip,File Open,Sample content
FIL0006713,01/28/2026 22:44:32,AAE0190,PC-AAE0190-01,C:\Documents\work_doc_43.docx,File Open,Sample content
FIL0006714,01/28/2026 23:18:28,AAE0190,PC-AAE0190-01,C:\Confidential\source_code_export_1.zip,File Open,Sample content
FIL0006715,01/28/2026 22:37:56,AAE0190,PC-AAE0190-01,C:\Confidential\source_code_export_4.zip,File Open,Sample content
FIL0006716,01/28/2026 23:37:37,AAE0190,PC-AAE0190-01,C:\Documents\work_doc_26.docx,File Open,Sample content
FIL0006717,01/28/2026 21:56:59,AAE0190,PC-AAE0190-01,C:\Documents\work_doc_20.docx,File Open,Sample content
FIL0006718,01/28/2026 23:54:45,AAE0190,PC-AAE0190-01,C:\Confidential\source_code_export_9.zip,File Open,Sample content
FIL0006719,01/28/2026 23:08:06,AAE0190,PC-AAE0190-01,C:\Documents\work_doc_13.docx,File Open,Sample content
FIL0006720,01/28/2026 21:57:27,AAE0190,PC-AAE0190-01,C:\Documents\work_doc_42.docx,File Open,Sample content
FIL0006721,01/28/2026 22:00:16,AAE0190,PC-AAE0190-01,C:\Documents\work_doc_19.docx,File Open,Sample content
FIL0006722,01/28/2026 23:59:34,AAE0190,PC-AAE0190-01,C:\Confidential\source_code_export_2.zip,File Open,Sample content
FIL0006723,01/28/2026 22:02:04,AAE0190,PC-AAE0190-01,C:\Documents\work_doc_5.docx,File Open,Sample content
FIL0006724,01/28/2026 23:44:52,AAE0190,PC-AAE0190-01,C:\Confidential\source_code_export_1.zip,File Open,Sample content
FIL0006725,01/28/2026 21:05:21,AAE0190,PC-AAE0190-01,C:\Documents\work_doc_46.docx,File Open,Sample content
FIL0006726,01/28/2026 21:09:45,AAE0190,PC-AAE0190-01,C:\Documents\work_doc_8.docx,File Open,Sample content
FIL0006727,01/28/2026 21:32:51,AAE0190,PC-AAE0190-01,C:\Documents\work_doc_9.docx,File Open,Sample content
FIL0006728,01/28/2026 11:06:15,USR0002,PC-USR0002-01,C:\Documents\work_doc_5.docx,File Open,Sample content
FIL0006729,01/28/2026 16:23:56,USR0002,PC-USR0002-01,C:\Documents\work_doc_38.docx,File Open,Sample content
FIL0006730,01/28/2026 14:14:07,USR0002,PC-USR0002-01,C:\Documents\work_doc_26.docx,File Open,Sample content
FIL0006731,01/28/2026 13:53:12,USR0002,PC-USR0002-01,C:\Documents\work_doc_17.docx,File Open,Sample content
FIL0006732,01/28/2026 09:23:28,USR0002,PC-USR0002-01,C:\Documents\work_doc_20.docx,File Open,Sample content
FIL0006733,01/28/2026 12:10:34,USR0002,PC-USR0002-01,C:\Documents\work_doc_21.docx,File Open,Sample content
FIL0006734,01/28/2026 16:07:29,USR0003,PC-USR0003-01,C:\Documents\work_doc_46.docx,File Open,Sample content
FIL0006735,01/28/2026 12:53:09,USR0003,PC-USR0003-01,C:\Documents\work_doc_41.docx,File Open,Sample content
FIL0006736,01/28/2026 09:03:58,USR0003,PC-USR0003-01,C:\Documents\work_doc_23.docx,File Open,Sample content
FIL0006737,01/28/2026 16:37:00,USR0003,PC-USR0003-01,C:\Documents\work_doc_10.docx,File Open,Sample content
FIL0006738,01/28/2026 14:45:32,USR0003,PC-USR0003-01,C:\Documents\work_doc_9.docx,File Open,Sample content
FIL0006739,01/28/2026 12:46:27,USR0003,PC-USR0003-01,C:\Documents\work_doc_35.docx,File Open,Sample content
FIL0006740,01/28/2026 15:15:36,USR0003,PC-USR0003-01,C:\Documents\work_doc_39.docx,File Open,Sample content
FIL0006741,01/28/2026 12:31:54,USR0003,PC-USR0003-01,C:\Documents\work_doc_20.docx,File Open,Sample content
FIL0006742,01/28/2026 12:25:49,USR0004,PC-USR0004-01,C:\Documents\work_doc_33.docx,File Open,Sample content
FIL0006743,01/28/2026 11:52:09,USR0004,PC-USR0004-01,C:\Documents\work_doc_13.docx,File Open,Sample content
FIL0006744,01/28/2026 10:11:37,USR0004,PC-USR0004-01,C:\Documents\work_doc_24.docx,File Open,Sample content
FIL0006745,01/28/2026 09:07:37,USR0004,PC-USR0004-01,C:\Documents\work_doc_19.docx,File Open,Sample content
FIL0006746,01/28/2026 13:45:51,USR0004,PC-USR0004-01,C:\Documents\work_doc_7.docx,File Open,Sample content
FIL0006747,01/28/2026 11:17:31,USR0004,PC-USR0004-01,C:\Documents\work_doc_22.docx,File Open,Sample content
FIL0006748,01/28/2026 10:48:52,USR0004,PC-USR0004-01,C:\Documents\work_doc_44.docx,File Open,Sample content
FIL0006749,01/28/2026 12:31:22,USR0004,PC-USR0004-01,C:\Documents\work_doc_41.docx,File Open,Sample content
FIL0006750,01/28/2026 15:05:14,USR0004,PC-USR0004-01,C:\Documents\work_doc_2.docx,File Open,Sample content
FIL0006751,01/28/2026 12:08:11,USR0004,PC-USR0004-01,C:\Documents\work_doc_21.docx,File Open,Sample content
FIL0006752,01/28/2026 09:49:11,USR0004,PC-USR0004-01,C:\Documents\work_doc_12.docx,File Open,Sample content
FIL0006753,01/28/2026 14:50:24,USR0004,PC-USR0004-01,C:\Documents\work_doc_23.docx,File Open,Sample content
FIL0006754,01/28/2026 11:17:53,USR0004,PC-USR0004-01,C:\Documents\work_doc_14.docx,File Open,Sample content
FIL0006755,01/28/2026 15:00:00,USR0004,PC-USR0004-01,C:\Documents\work_doc_22.docx,File Open,Sample content
FIL0006756,01/28/2026 10:42:10,USR0004,PC-USR0004-01,C:\Documents\work_doc_29.docx,File Open,Sample content
FIL0006757,01/28/2026 16:41:07,USR0005,PC-USR0005-01,C:\Documents\work_doc_42.docx,File Open,Sample content
FIL0006758,01/28/2026 16:43:50,USR0005,PC-USR0005-01,C:\Documents\work_doc_11.docx,File Open,Sample content
FIL0006759,01/28/2026 09:51:56,USR0005,PC-USR0005-01,C:\Documents\work_doc_29.docx,File Open,Sample content
FIL0006760,01/28/2026 13:09:39,USR0005,PC-USR0005-01,C:\Documents\work_doc_19.docx,File Open,Sample content
FIL0006761,01/28/2026 13:05:55,USR0005,PC-USR0005-01,C:\Documents\work_doc_1.docx,File Open,Sample content
FIL0006762,01/28/2026 14:20:25,USR0005,PC-USR0005-01,C:\Documents\work_doc_49.docx,File Open,Sample content
FIL0006763,01/28/2026 09:37:05,USR0005,PC-USR0005-01,C:\Documents\work_doc_45.docx,File Open,Sample content
FIL0006764,01/28/2026 11:46:03,USR0005,PC-USR0005-01,C:\Documents\work_doc_39.docx,File Open,Sample content
FIL0006765,01/28/2026 09:00:30,USR0006,PC-USR0006-01,C:\Documents\work_doc_30.docx,File Open,Sample content
FIL0006766,01/28/2026 10:44:29,USR0006,PC-USR0006-01,C:\Documents\work_doc_47.docx,File Open,Sample content
FIL0006767,01/28/2026 16:12:11,USR0006,PC-USR0006-01,C:\Documents\work_doc_11.docx,File Open,Sample content
FIL0006768,01/28/2026 09:02:01,USR0006,PC-USR0006-01,C:\Documents\work_doc_15.docx,File Open,Sample content
FIL0006769,01/28/2026 15:46:28,USR0006,PC-USR0006-01,C:\Documents\work_doc_22.docx,File Open,Sample content
FIL0006770,01/28/2026 13:07:14,USR0006,PC-USR0006-01,C:\Documents\work_doc_15.docx,File Open,Sample content
FIL0006771,01/28/2026 11:06:12,USR0006,PC-USR0006-01,C:\Documents\work_doc_49.docx,File Open,Sample content
FIL0006772,01/28/2026 09:32:51,USR0006,PC-USR0006-01,C:\Documents\work_doc_6.docx,File Open,Sample content
FIL0006773,01/28/2026 11:06:45,USR0006,PC-USR0006-01,C:\Documents\work_doc_45.docx,File Open,Sample content
FIL0006774,01/28/2026 16:23:52,USR0007,PC-USR0007-01,C:\Documents\work_doc_3.docx,File Open,Sample content
FIL0006775,01/28/2026 14:04:25,USR0007,PC-USR0007-01,C:\Documents\work_doc_13.docx,File Open,Sample content
FIL0006776,01/28/2026 12:25:14,USR0007,PC-USR0007-01,C:\Documents\work_doc_21.docx,File Open,Sample content
FIL0006777,01/28/2026 14:56:02,USR0007,PC-USR0007-01,C:\Documents\work_doc_3.docx,File Open,Sample content
FIL0006778,01/28/2026 13:29:05,USR0007,PC-USR0007-01,C:\Documents\work_doc_50.docx,File Open,Sample content
FIL0006779,01/28/2026 15:48:45,USR0008,PC-USR0008-01,C:\Documents\work_doc_37.docx,File Open,Sample content
FIL0006780,01/28/2026 16:11:01,USR0008,PC-USR0008-01,C:\Documents\work_doc_27.docx,File Open,Sample content
FIL0006781,01/28/2026 12:26:19,USR0008,PC-USR0008-01,C:\Documents\work_doc_37.docx,File Open,Sample content
FIL0006782,01/28/2026 11:57:14,USR0008,PC-USR0008-01,C:\Documents\work_doc_11.docx,File Open,Sample content
FIL0006783,01/28/2026 09:23:06,USR0008,PC-USR0008-01,C:\Documents\work_doc_31.docx,File Open,Sample content
FIL0006784,01/28/2026 15:14:49,USR0008,PC-USR0008-01,C:\Documents\work_doc_26.docx,File Open,Sample content
FIL0006785,01/28/2026 09:20:27,USR0008,PC-USR0008-01,C:\Documents\work_doc_29.docx,File Open,Sample content
FIL0006786,01/28/2026 12:57:02,USR0009,PC-USR0009-01,C:\Documents\work_doc_28.docx,File Open,Sample content
FIL0006787,01/28/2026 14:24:50,USR0009,PC-USR0009-01,C:\Documents\work_doc_27.docx,File Open,Sample content
FIL0006788,01/28/2026 11:05:29,USR0009,PC-USR0009-01,C:\Documents\work_doc_43.docx,File Open,Sample content
FIL0006789,01/28/2026 09:17:29,USR0009,PC-USR0009-01,C:\Documents\work_doc_32.docx,File Open,Sample content
FIL0006790,01/28/2026 14:35:05,USR0009,PC-USR0009-01,C:\Documents\work_doc_29.docx,File Open,Sample content
FIL0006791,01/28/2026 12:31:12,USR0009,PC-USR0009-01,C:\Documents\work_doc_31.docx,File Open,Sample content
FIL0006792,01/28/2026 13:14:22,USR0009,PC-USR0009-01,C:\Documents\work_doc_18.docx,File Open,Sample content
FIL0006793,01/28/2026 16:52:51,USR0009,PC-USR0009-01,C:\Documents\work_doc_7.docx,File Open,Sample content
FIL0006794,01/28/2026 11:39:02,USR0009,PC-USR0009-01,C:\Documents\work_doc_8.docx,File Open,Sample content
FIL0006795,01/28/2026 10:24:57,USR0009,PC-USR0009-01,C:\Documents\work_doc_44.docx,File Open,Sample content
FIL0006796,01/28/2026 13:16:05,USR0009,PC-USR0009-01,C:\Documents\work_doc_20.docx,File Open,Sample content
FIL0006797,01/28/2026 16:29:27,USR0009,PC-USR0009-01,C:\Documents\work_doc_1.docx,File Open,Sample content
FIL0006798,01/28/2026 14:53:30,USR0009,PC-USR0009-01,C:\Documents\work_doc_5.docx,File Open,Sample content
FIL0006799,01/28/2026 11:39:35,USR0009,PC-USR0009-01,C:\Documents\work_doc_1.docx,File Open,Sample content
FIL0006800,01/28/2026 15:56:41,USR0009,PC-USR0009-01,C:\Documents\work_doc_26.docx,File Open,Sample content
FIL0006801,01/28/2026 16:44:15,USR0009,PC-USR0009-01,C:\Documents\work_doc_17.docx,File Open,Sample content
FIL0006802,01/28/2026 15:38:01,USR0009,PC-USR0009-01,C:\Documents\work_doc_28.docx,File Open,Sample content
FIL0006803,01/28/2026 11:49:47,USR0009,PC-USR0009-01,C:\Documents\work_doc_35.docx,File Open,Sample content
FIL0006804,01/28/2026 16:21:35,USR0009,PC-USR0009-01,C:\Documents\work_doc_10.docx,File Open,Sample content
FIL0006805,01/28/2026 14:34:56,USR0010,PC-USR0010-01,C:\Documents\work_doc_24.docx,File Open,Sample content
FIL0006806,01/28/2026 09:31:42,USR0010,PC-USR0010-01,C:\Documents\work_doc_2.docx,File Open,Sample content
FIL0006807,01/28/2026 16:10:34,USR0010,PC-USR0010-01,C:\Documents\work_doc_19.docx,File Open,Sample content
FIL0006808,01/28/2026 15:00:13,USR0010,PC-USR0010-01,C:\Documents\work_doc_23.docx,File Open,Sample content
FIL0006809,01/28/2026 12:31:50,USR0010,PC-USR0010-01,C:\Documents\work_doc_43.docx,File Open,Sample content
FIL0006810,01/28/2026 15:09:41,USR0010,PC-USR0010-01,C:\Documents\work_doc_20.docx,File Open,Sample content
FIL0006811,01/28/2026 09:07:01,USR0010,PC-USR0010-01,C:\Documents\work_doc_4.docx,File Open,Sample content
FIL0006812,01/28/2026 09:35:45,USR0010,PC-USR0010-01,C:\Documents\work_doc_20.docx,File Open,Sample content
FIL0006813,01/28/2026 13:00:20,USR0010,PC-USR0010-01,C:\Documents\work_doc_48.docx,File Open,Sample content
FIL0006814,01/28/2026 10:29:10,USR0010,PC-USR0010-01,C:\Documents\work_doc_7.docx,File Open,Sample content
FIL0006815,01/28/2026 15:03:27,USR0010,PC-USR0010-01,C:\Documents\work_doc_18.docx,File Open,Sample content
FIL0006816,01/28/2026 09:28:53,USR0010,PC-USR0010-01,C:\Documents\work_doc_21.docx,File Open,Sample content
FIL0006817,01/28/2026 11:18:49,USR0010,PC-USR0010-01,C:\Documents\work_doc_35.docx,File Open,Sample content
FIL0006818,01/28/2026 09:02:52,USR0010,PC-USR0010-01,C:\Documents\work_doc_8.docx,File Open,Sample content
FIL0006819,01/28/2026 12:19:25,USR0010,PC-USR0010-01,C:\Documents\work_doc_46.docx,File Open,Sample content
FIL0006820,01/28/2026 11:19:54,USR0010,PC-USR0010-01,C:\Documents\work_doc_1.docx,File Open,Sample content
FIL0006821,01/28/2026 14:52:34,USR0011,PC-USR0011-01,C:\Documents\work_doc_23.docx,File Open,Sample content
FIL0006822,01/28/2026 12:21:01,USR0011,PC-USR0011-01,C:\Documents\work_doc_15.docx,File Open,Sample content
FIL0006823,01/28/2026 10:44:27,USR0011,PC-USR0011-01,C:\Documents\work_doc_38.docx,File Open,Sample content
FIL0006824,01/28/2026 13:26:08,USR0011,PC-USR0011-01,C:\Documents\work_doc_38.docx,File Open,Sample content
FIL0006825,01/28/2026 09:56:08,USR0011,PC-USR0011-01,C:\Documents\work_doc_2.docx,File Open,Sample content
FIL0006826,01/28/2026 11:54:45,USR0011,PC-USR0011-01,C:\Documents\work_doc_33.docx,File Open,Sample content
FIL0006827,01/28/2026 13:06:46,USR0011,PC-USR0011-01,C:\Documents\work_doc_46.docx,File Open,Sample content
FIL0006828,01/28/2026 09:48:47,USR0011,PC-USR0011-01,C:\Documents\work_doc_13.docx,File Open,Sample content
FIL0006829,01/28/2026 12:06:53,USR0012,PC-USR0012-01,C:\Documents\work_doc_2.docx,File Open,Sample content
FIL0006830,01/28/2026 16:18:37,USR0012,PC-USR0012-01,C:\Documents\work_doc_17.docx,File Open,Sample content
FIL0006831,01/28/2026 13:25:27,USR0012,PC-USR0012-01,C:\Documents\work_doc_3.docx,File Open,Sample content
FIL0006832,01/28/2026 15:12:26,USR0012,PC-USR0012-01,C:\Documents\work_doc_49.docx,File Open,Sample content
FIL0006833,01/28/2026 12:02:35,USR0012,PC-USR0012-01,C:\Documents\work_doc_23.docx,File Open,Sample content
FIL0006834,01/28/2026 15:00:20,USR0012,PC-USR0012-01,C:\Documents\work_doc_18.docx,File Open,Sample content
FIL0006835,01/28/2026 13:20:26,USR0012,PC-USR0012-01,C:\Documents\work_doc_5.docx,File Open,Sample content
FIL0006836,01/28/2026 13:48:35,USR0012,PC-USR0012-01,C:\Documents\work_doc_33.docx,File Open,Sample content
FIL0006837,01/28/2026 16:21:39,USR0012,PC-USR0012-01,C:\Documents\work_doc_33.docx,File Open,Sample content
FIL0006838,01/28/2026 10:53:06,USR0012,PC-USR0012-01,C:\Documents\work_doc_21.docx,File Open,Sample content
FIL0006839,01/28/2026 10:27:36,USR0012,PC-USR0012-01,C:\Documents\work_doc_48.docx,File Open,Sample content
FIL0006840,01/28/2026 09:06:56,USR0013,PC-USR0013-01,C:\Documents\work_doc_34.docx,File Open,Sample content
FIL0006841,01/28/2026 15:32:03,USR0013,PC-USR0013-01,C:\Documents\work_doc_49.docx,File Open,Sample content
FIL0006842,01/28/2026 11:13:08,USR0013,PC-USR0013-01,C:\Documents\work_doc_33.docx,File Open,Sample content
FIL0006843,01/28/2026 13:45:27,USR0013,PC-USR0013-01,C:\Documents\work_doc_6.docx,File Open,Sample content
FIL0006844,01/28/2026 14:40:15,USR0013,PC-USR0013-01,C:\Documents\work_doc_50.docx,File Open,Sample content
FIL0006845,01/28/2026 13:44:53,USR0014,PC-USR0014-01,C:\Documents\work_doc_15.docx,File Open,Sample content
FIL0006846,01/28/2026 09:55:50,USR0014,PC-USR0014-01,C:\Documents\work_doc_7.docx,File Open,Sample content
FIL0006847,01/28/2026 09:05:17,USR0014,PC-USR0014-01,C:\Documents\work_doc_19.docx,File Open,Sample content
FIL0006848,01/28/2026 10:24:45,USR0014,PC-USR0014-01,C:\Documents\work_doc_28.docx,File Open,Sample content
FIL0006849,01/28/2026 12:20:21,USR0014,PC-USR0014-01,C:\Documents\work_doc_23.docx,File Open,Sample content
FIL0006850,01/28/2026 14:31:52,USR0014,PC-USR0014-01,C:\Documents\work_doc_2.docx,File Open,Sample content
FIL0006851,01/28/2026 15:14:07,USR0014,PC-USR0014-01,C:\Documents\work_doc_39.docx,File Open,Sample content
FIL0006852,01/28/2026 11:19:58,USR0014,PC-USR0014-01,C:\Documents\work_doc_10.docx,File Open,Sample content
FIL0006853,01/28/2026 12:34:21,USR0014,PC-USR0014-01,C:\Documents\work_doc_7.docx,File Open,Sample content
FIL0006854,01/28/2026 14:47:13,USR0014,PC-USR0014-01,C:\Documents\work_doc_31.docx,File Open,Sample content
FIL0006855,01/28/2026 12:17:24,USR0014,PC-USR0014-01,C:\Documents\work_doc_36.docx,File Open,Sample content
FIL0006856,01/28/2026 12:34:04,USR0014,PC-USR0014-01,C:\Documents\work_doc_4.docx,File Open,Sample content
FIL0006857,01/28/2026 11:37:48,USR0014,PC-USR0014-01,C:\Documents\work_doc_14.docx,File Open,Sample content
FIL0006858,01/28/2026 09:26:29,USR0014,PC-USR0014-01,C:\Documents\work_doc_39.docx,File Open,Sample content
FIL0006859,01/28/2026 13:13:47,USR0014,PC-USR0014-01,C:\Documents\work_doc_40.docx,File Open,Sample content
FIL0006860,01/28/2026 11:46:33,USR0014,PC-USR0014-01,C:\Documents\work_doc_47.docx,File Open,Sample content
FIL0006861,01/28/2026 13:38:07,USR0014,PC-USR0014-01,C:\Documents\work_doc_43.docx,File Open,Sample content
FIL0006862,01/28/2026 16:58:49,USR0014,PC-USR0014-01,C:\Documents\work_doc_2.docx,File Open,Sample content
FIL0006863,01/28/2026 11:48:21,USR0014,PC-USR0014-01,C:\Documents\work_doc_18.docx,File Open,Sample content
FIL0006864,01/28/2026 13:51:13,USR0015,PC-USR0015-01,C:\Documents\work_doc_31.docx,File Open,Sample content
FIL0006865,01/28/2026 09:45:45,USR0015,PC-USR0015-01,C:\Documents\work_doc_47.docx,File Open,Sample content
FIL0006866,01/28/2026 15:48:51,USR0015,PC-USR0015-01,C:\Documents\work_doc_46.docx,File Open,Sample content
FIL0006867,01/28/2026 11:38:42,USR0015,PC-USR0015-01,C:\Documents\work_doc_21.docx,File Open,Sample content
FIL0006868,01/28/2026 12:15:13,USR0015,PC-USR0015-01,C:\Documents\work_doc_15.docx,File Open,Sample content
FIL0006869,01/28/2026 10:33:26,USR0015,PC-USR0015-01,C:\Documents\work_doc_30.docx,File Open,Sample content
FIL0006870,01/28/2026 15:31:56,USR0015,PC-USR0015-01,C:\Documents\work_doc_38.docx,File Open,Sample content
FIL0006871,01/28/2026 09:08:56,USR0015,PC-USR0015-01,C:\Documents\work_doc_33.docx,File Open,Sample content
FIL0006872,01/28/2026 16:46:56,USR0016,PC-USR0016-01,C:\Documents\work_doc_21.docx,File Open,Sample content
FIL0006873,01/28/2026 15:02:36,USR0016,PC-USR0016-01,C:\Documents\work_doc_25.docx,File Open,Sample content
FIL0006874,01/28/2026 09:06:10,USR0016,PC-USR0016-01,C:\Documents\work_doc_44.docx,File Open,Sample content
FIL0006875,01/28/2026 15:22:29,USR0016,PC-USR0016-01,C:\Documents\work_doc_6.docx,File Open,Sample content
FIL0006876,01/28/2026 13:29:01,USR0016,PC-USR0016-01,C:\Documents\work_doc_23.docx,File Open,Sample content
FIL0006877,01/28/2026 09:05:06,USR0016,PC-USR0016-01,C:\Documents\work_doc_25.docx,File Open,Sample content
FIL0006878,01/28/2026 13:46:44,USR0017,PC-USR0017-01,C:\Documents\work_doc_32.docx,File Open,Sample content
FIL0006879,01/28/2026 12:37:06,USR0017,PC-USR0017-01,C:\Documents\work_doc_14.docx,File Open,Sample content
FIL0006880,01/28/2026 10:04:12,USR0017,PC-USR0017-01,C:\Documents\work_doc_13.docx,File Open,Sample content
FIL0006881,01/28/2026 10:18:52,USR0017,PC-USR0017-01,C:\Documents\work_doc_50.docx,File Open,Sample content
FIL0006882,01/28/2026 11:52:24,USR0017,PC-USR0017-01,C:\Documents\work_doc_12.docx,File Open,Sample content
FIL0006883,01/28/2026 12:54:35,USR0017,PC-USR0017-01,C:\Documents\work_doc_16.docx,File Open,Sample content
FIL0006884,01/28/2026 16:07:37,USR0017,PC-USR0017-01,C:\Documents\work_doc_3.docx,File Open,Sample content
FIL0006885,01/28/2026 11:35:41,USR0017,PC-USR0017-01,C:\Documents\work_doc_49.docx,File Open,Sample content
FIL0006886,01/28/2026 09:53:48,USR0017,PC-USR0017-01,C:\Documents\work_doc_10.docx,File Open,Sample content
FIL0006887,01/28/2026 12:22:33,USR0017,PC-USR0017-01,C:\Documents\work_doc_28.docx,File Open,Sample content
FIL0006888,01/28/2026 09:55:36,USR0017,PC-USR0017-01,C:\Documents\work_doc_3.docx,File Open,Sample content
FIL0006889,01/28/2026 12:52:39,USR0017,PC-USR0017-01,C:\Documents\work_doc_30.docx,File Open,Sample content
FIL0006890,01/28/2026 10:08:49,USR0017,PC-USR0017-01,C:\Documents\work_doc_43.docx,File Open,Sample content
FIL0006891,01/28/2026 14:42:10,USR0017,PC-USR0017-01,C:\Documents\work_doc_46.docx,File Open,Sample content
FIL0006892,01/28/2026 14:17:10,USR0017,PC-USR0017-01,C:\Documents\work_doc_5.docx,File Open,Sample content
FIL0006893,01/28/2026 15:05:56,USR0017,PC-USR0017-01,C:\Documents\work_doc_10.docx,File Open,Sample content
FIL0006894,01/28/2026 10:30:48,USR0017,PC-USR0017-01,C:\Documents\work_doc_24.docx,File Open,Sample content
FIL0006895,01/28/2026 15:32:46,USR0017,PC-USR0017-01,C:\Documents\work_doc_2.docx,File Open,Sample content
FIL0006896,01/28/2026 13:13:15,USR0017,PC-USR0017-01,C:\Documents\work_doc_50.docx,File Open,Sample content
FIL0006897,01/28/2026 12:19:24,USR0017,PC-USR0017-01,C:\Documents\work_doc_33.docx,File Open,Sample content
FIL0006898,01/28/2026 15:34:18,USR0018,PC-USR0018-01,C:\Documents\work_doc_18.docx,File Open,Sample content
FIL0006899,01/28/2026 11:59:36,USR0018,PC-USR0018-01,C:\Documents\work_doc_33.docx,File Open,Sample content
FIL0006900,01/28/2026 11:52:17,USR0018,PC-USR0018-01,C:\Documents\work_doc_43.docx,File Open,Sample content
FIL0006901,01/28/2026 11:14:35,USR0018,PC-USR0018-01,C:\Documents\work_doc_48.docx,File Open,Sample content
FIL0006902,01/28/2026 14:21:36,USR0018,PC-USR0018-01,C:\Documents\work_doc_47.docx,File Open,Sample content
FIL0006903,01/28/2026 16:29:08,USR0018,PC-USR0018-01,C:\Documents\work_doc_49.docx,File Open,Sample content
FIL0006904,01/28/2026 10:26:19,USR0018,PC-USR0018-01,C:\Documents\work_doc_2.docx,File Open,Sample content
FIL0006905,01/28/2026 11:43:16,USR0018,PC-USR0018-01,C:\Documents\work_doc_20.docx,File Open,Sample content
FIL0006906,01/28/2026 09:17:09,USR0018,PC-USR0018-01,C:\Documents\work_doc_42.docx,File Open,Sample content
FIL0006907,01/28/2026 15:46:55,USR0018,PC-USR0018-01,C:\Documents\work_doc_24.docx,File Open,Sample content
FIL0006908,01/28/2026 12:51:57,USR0018,PC-USR0018-01,C:\Documents\work_doc_31.docx,File Open,Sample content
FIL0006909,01/28/2026 16:54:08,USR0019,PC-USR0019-01,C:\Documents\work_doc_5.docx,File Open,Sample content
FIL0006910,01/28/2026 14:08:06,USR0019,PC-USR0019-01,C:\Documents\work_doc_50.docx,File Open,Sample content
FIL0006911,01/28/2026 10:36:53,USR0019,PC-USR0019-01,C:\Documents\work_doc_46.docx,File Open,Sample content
FIL0006912,01/28/2026 09:59:36,USR0019,PC-USR0019-01,C:\Documents\work_doc_11.docx,File Open,Sample content
FIL0006913,01/28/2026 14:47:29,USR0019,PC-USR0019-01,C:\Documents\work_doc_4.docx,File Open,Sample content
FIL0006914,01/28/2026 10:36:15,USR0019,PC-USR0019-01,C:\Documents\work_doc_23.docx,File Open,Sample content
FIL0006915,01/28/2026 13:08:26,USR0019,PC-USR0019-01,C:\Documents\work_doc_29.docx,File Open,Sample content
FIL0006916,01/28/2026 09:45:37,USR0019,PC-USR0019-01,C:\Documents\work_doc_22.docx,File Open,Sample content
FIL0006917,01/28/2026 09:19:09,USR0019,PC-USR0019-01,C:\Documents\work_doc_28.docx,File Open,Sample content
FIL0006918,01/28/2026 10:50:03,USR0019,PC-USR0019-01,C:\Documents\work_doc_50.docx,File Open,Sample content
FIL0006919,01/28/2026 15:25:18,USR0019,PC-USR0019-01,C:\Documents\work_doc_27.docx,File Open,Sample content
FIL0006920,01/28/2026 09:57:41,USR0019,PC-USR0019-01,C:\Documents\work_doc_24.docx,File Open,Sample content
FIL0006921,01/28/2026 16:28:11,USR0019,PC-USR0019-01,C:\Documents\work_doc_38.docx,File Open,Sample content
FIL0006922,01/28/2026 12:07:45,USR0020,PC-USR0020-01,C:\Documents\work_doc_44.docx,File Open,Sample content
FIL0006923,01/28/2026 10:33:15,USR0020,PC-USR0020-01,C:\Documents\work_doc_43.docx,File Open,Sample content
FIL0006924,01/28/2026 11:31:59,USR0020,PC-USR0020-01,C:\Documents\work_doc_48.docx,File Open,Sample content
FIL0006925,01/28/2026 13:50:48,USR0020,PC-USR0020-01,C:\Documents\work_doc_23.docx,File Open,Sample content
FIL0006926,01/28/2026 14:12:40,USR0020,PC-USR0020-01,C:\Documents\work_doc_38.docx,File Open,Sample content
FIL0006927,01/28/2026 10:27:59,USR0020,PC-USR0020-01,C:\Documents\work_doc_18.docx,File Open,Sample content
FIL0006928,01/28/2026 10:13:56,USR0020,PC-USR0020-01,C:\Documents\work_doc_8.docx,File Open,Sample content
FIL0006929,01/28/2026 10:59:40,USR0020,PC-USR0020-01,C:\Documents\work_doc_46.docx,File Open,Sample content
FIL0006930,01/28/2026 15:16:20,USR0020,PC-USR0020-01,C:\Documents\work_doc_40.docx,File Open,Sample content
FIL0006931,01/28/2026 16:41:54,USR0020,PC-USR0020-01,C:\Documents\work_doc_8.docx,File Open,Sample content
FIL0006932,01/28/2026 10:29:16,USR0020,PC-USR0020-01,C:\Documents\work_doc_37.docx,File Open,Sample content
FIL0006933,01/28/2026 10:07:35,USR0020,PC-USR0020-01,C:\Documents\work_doc_17.docx,File Open,Sample content
FIL0006934,01/28/2026 14:04:51,USR0020,PC-USR0020-01,C:\Documents\work_doc_45.docx,File Open,Sample content
FIL0006935,01/28/2026 11:34:35,USR0020,PC-USR0020-01,C:\Documents\work_doc_5.docx,File Open,Sample content
FIL0006936,01/28/2026 15:41:05,USR0020,PC-USR0020-01,C:\Documents\work_doc_15.docx,File Open,Sample content
FIL0006937,01/28/2026 16:23:40,USR0021,PC-USR0021-01,C:\Documents\work_doc_3.docx,File Open,Sample content
FIL0006938,01/28/2026 13:35:53,USR0021,PC-USR0021-01,C:\Documents\work_doc_26.docx,File Open,Sample content
FIL0006939,01/28/2026 09:46:36,USR0021,PC-USR0021-01,C:\Documents\work_doc_45.docx,File Open,Sample content
FIL0006940,01/28/2026 10:47:48,USR0021,PC-USR0021-01,C:\Documents\work_doc_29.docx,File Open,Sample content
FIL0006941,01/28/2026 13:00:40,USR0021,PC-USR0021-01,C:\Documents\work_doc_3.docx,File Open,Sample content
FIL0006942,01/28/2026 12:02:11,USR0021,PC-USR0021-01,C:\Documents\work_doc_8.docx,File Open,Sample content
FIL0006943,01/28/2026 14:06:56,USR0021,PC-USR0021-01,C:\Documents\work_doc_23.docx,File Open,Sample content
FIL0006944,01/28/2026 15:21:35,USR0021,PC-USR0021-01,C:\Documents\work_doc_13.docx,File Open,Sample content
FIL0006945,01/28/2026 14:14:41,USR0021,PC-USR0021-01,C:\Documents\work_doc_2.docx,File Open,Sample content
FIL0006946,01/28/2026 10:01:59,USR0021,PC-USR0021-01,C:\Documents\work_doc_37.docx,File Open,Sample content
FIL0006947,01/28/2026 09:46:27,USR0021,PC-USR0021-01,C:\Documents\work_doc_24.docx,File Open,Sample content
FIL0006948,01/28/2026 14:13:12,USR0021,PC-USR0021-01,C:\Documents\work_doc_4.docx,File Open,Sample content
FIL0006949,01/28/2026 10:07:40,USR0021,PC-USR0021-01,C:\Documents\work_doc_17.docx,File Open,Sample content
FIL0006950,01/28/2026 15:08:48,USR0021,PC-USR0021-01,C:\Documents\work_doc_23.docx,File Open,Sample content
FIL0006951,01/28/2026 09:32:42,USR0021,PC-USR0021-01,C:\Documents\work_doc_20.docx,File Open,Sample content
FIL0006952,01/28/2026 09:05:39,USR0022,PC-USR0022-01,C:\Documents\work_doc_8.docx,File Open,Sample content
FIL0006953,01/28/2026 12:04:58,USR0022,PC-USR0022-01,C:\Documents\work_doc_14.docx,File Open,Sample content
FIL0006954,01/28/2026 16:32:44,USR0022,PC-USR0022-01,C:\Documents\work_doc_38.docx,File Open,Sample content
FIL0006955,01/28/2026 11:16:49,USR0022,PC-USR0022-01,C:\Documents\work_doc_3.docx,File Open,Sample content
FIL0006956,01/28/2026 11:31:57,USR0022,PC-USR0022-01,C:\Documents\work_doc_31.docx,File Open,Sample content
FIL0006957,01/28/2026 15:54:05,USR0022,PC-USR0022-01,C:\Documents\work_doc_12.docx,File Open,Sample content
FIL0006958,01/28/2026 11:58:11,USR0022,PC-USR0022-01,C:\Documents\work_doc_42.docx,File Open,Sample content
FIL0006959,01/28/2026 09:32:11,USR0022,PC-USR0022-01,C:\Documents\work_doc_47.docx,File Open,Sample content
FIL0006960,01/28/2026 15:26:18,USR0022,PC-USR0022-01,C:\Documents\work_doc_5.docx,File Open,Sample content
FIL0006961,01/28/2026 13:20:09,USR0023,PC-USR0023-01,C:\Documents\work_doc_33.docx,File Open,Sample content
FIL0006962,01/28/2026 16:13:07,USR0023,PC-USR0023-01,C:\Documents\work_doc_9.docx,File Open,Sample content
FIL0006963,01/28/2026 15:55:48,USR0023,PC-USR0023-01,C:\Documents\work_doc_23.docx,File Open,Sample content
FIL0006964,01/28/2026 13:31:12,USR0023,PC-USR0023-01,C:\Documents\work_doc_9.docx,File Open,Sample content
FIL0006965,01/28/2026 11:41:47,USR0023,PC-USR0023-01,C:\Documents\work_doc_40.docx,File Open,Sample content
FIL0006966,01/28/2026 11:04:14,USR0023,PC-USR0023-01,C:\Documents\work_doc_2.docx,File Open,Sample content
FIL0006967,01/28/2026 09:38:52,USR0023,PC-USR0023-01,C:\Documents\work_doc_1.docx,File Open,Sample content
FIL0006968,01/28/2026 16:34:30,USR0023,PC-USR0023-01,C:\Documents\work_doc_15.docx,File Open,Sample content
FIL0006969,01/28/2026 11:34:34,USR0023,PC-USR0023-01,C:\Documents\work_doc_24.docx,File Open,Sample content
FIL0006970,01/28/2026 16:55:14,USR0023,PC-USR0023-01,C:\Documents\work_doc_28.docx,File Open,Sample content
FIL0006971,01/28/2026 13:27:54,USR0023,PC-USR0023-01,C:\Documents\work_doc_46.docx,File Open,Sample content
FIL0006972,01/28/2026 16:42:30,USR0023,PC-USR0023-01,C:\Documents\work_doc_27.docx,File Open,Sample content
FIL0006973,01/28/2026 12:52:01,USR0023,PC-USR0023-01,C:\Documents\work_doc_10.docx,File Open,Sample content
FIL0006974,01/28/2026 14:07:16,USR0023,PC-USR0023-01,C:\Documents\work_doc_31.docx,File Open,Sample content
FIL0006975,01/28/2026 10:58:27,USR0024,PC-USR0024-01,C:\Documents\work_doc_43.docx,File Open,Sample content
FIL0006976,01/28/2026 09:45:26,USR0024,PC-USR0024-01,C:\Documents\work_doc_13.docx,File Open,Sample content
FIL0006977,01/28/2026 11:24:59,USR0024,PC-USR0024-01,C:\Documents\work_doc_33.docx,File Open,Sample content
FIL0006978,01/28/2026 11:43:41,USR0024,PC-USR0024-01,C:\Documents\work_doc_4.docx,File Open,Sample content
FIL0006979,01/28/2026 10:44:41,USR0024,PC-USR0024-01,C:\Documents\work_doc_49.docx,File Open,Sample content
FIL0006980,01/28/2026 16:02:22,USR0024,PC-USR0024-01,C:\Documents\work_doc_38.docx,File Open,Sample content
FIL0006981,01/28/2026 09:17:02,USR0024,PC-USR0024-01,C:\Documents\work_doc_13.docx,File Open,Sample content
FIL0006982,01/28/2026 11:03:57,USR0024,PC-USR0024-01,C:\Documents\work_doc_24.docx,File Open,Sample content
FIL0006983,01/28/2026 15:42:39,USR0024,PC-USR0024-01,C:\Documents\work_doc_50.docx,File Open,Sample content
FIL0006984,01/28/2026 11:43:04,USR0024,PC-USR0024-01,C:\Documents\work_doc_21.docx,File Open,Sample content
FIL0006985,01/28/2026 13:16:05,USR0025,PC-USR0025-01,C:\Documents\work_doc_28.docx,File Open,Sample content
FIL0006986,01/28/2026 12:48:00,USR0025,PC-USR0025-01,C:\Documents\work_doc_19.docx,File Open,Sample content
FIL0006987,01/28/2026 10:33:49,USR0025,PC-USR0025-01,C:\Documents\work_doc_7.docx,File Open,Sample content
FIL0006988,01/28/2026 15:30:21,USR0025,PC-USR0025-01,C:\Documents\work_doc_38.docx,File Open,Sample content
FIL0006989,01/28/2026 16:45:39,USR0025,PC-USR0025-01,C:\Documents\work_doc_38.docx,File Open,Sample content
FIL0006990,01/28/2026 09:17:28,USR0025,PC-USR0025-01,C:\Documents\work_doc_48.docx,File Open,Sample content
FIL0006991,01/28/2026 13:30:15,USR0025,PC-USR0025-01,C:\Documents\work_doc_27.docx,File Open,Sample content
FIL0006992,01/28/2026 12:51:31,USR0025,PC-USR0025-01,C:\Documents\work_doc_46.docx,File Open,Sample content
FIL0006993,01/28/2026 16:46:27,USR0025,PC-USR0025-01,C:\Documents\work_doc_14.docx,File Open,Sample content
FIL0006994,01/28/2026 13:06:11,USR0025,PC-USR0025-01,C:\Documents\work_doc_37.docx,File Open,Sample content
FIL0006995,01/28/2026 13:09:02,USR0025,PC-USR0025-01,C:\Documents\work_doc_35.docx,File Open,Sample content
FIL0006996,01/28/2026 12:20:03,USR0025,PC-USR0025-01,C:\Documents\work_doc_28.docx,File Open,Sample content
FIL0006997,01/28/2026 12:59:49,USR0025,PC-USR0025-01,C:\Documents\work_doc_16.docx,File Open,Sample content
FIL0006998,01/29/2026 21:27:44,AAE0190,PC-AAE0190-01,C:\Documents\work_doc_15.docx,File Open,Sample content
FIL0006999,01/29/2026 22:48:18,AAE0190,PC-AAE0190-01,C:\Documents\work_doc_17.docx,File Open,Sample content
FIL0007000,01/29/2026 22:54:16,AAE0190,PC-AAE0190-01,C:\Documents\work_doc_43.docx,File Open,Sample content
FIL0007001,01/29/2026 21:37:08,AAE0190,PC-AAE0190-01,C:\Documents\work_doc_44.docx,File Open,Sample content
FIL0007002,01/29/2026 21:11:59,AAE0190,PC-AAE0190-01,C:\Documents\work_doc_8.docx,File Open,Sample content
FIL0007003,01/29/2026 22:46:28,AAE0190,PC-AAE0190-01,C:\Documents\work_doc_50.docx,File Open,Sample content
FIL0007004,01/29/2026 21:44:57,AAE0190,PC-AAE0190-01,C:\Confidential\source_code_export_10.zip,File Open,Sample content
FIL0007005,01/29/2026 22:19:03,AAE0190,PC-AAE0190-01,C:\Confidential\source_code_export_5.zip,File Open,Sample content
FIL0007006,01/29/2026 22:54:24,AAE0190,PC-AAE0190-01,C:\Confidential\source_code_export_2.zip,File Open,Sample content
FIL0007007,01/29/2026 23:22:06,AAE0190,PC-AAE0190-01,C:\Documents\work_doc_47.docx,File Open,Sample content
FIL0007008,01/29/2026 22:41:40,AAE0190,PC-AAE0190-01,C:\Documents\work_doc_1.docx,File Open,Sample content
FIL0007009,01/29/2026 22:15:32,AAE0190,PC-AAE0190-01,C:\Documents\work_doc_40.docx,File Open,Sample content
FIL0007010,01/29/2026 21:52:58,AAE0190,PC-AAE0190-01,C:\Documents\work_doc_23.docx,File Open,Sample content
FIL0007011,01/29/2026 21:09:59,AAE0190,PC-AAE0190-01,C:\Documents\work_doc_38.docx,File Open,Sample content
FIL0007012,01/29/2026 22:39:10,AAE0190,PC-AAE0190-01,C:\Documents\work_doc_2.docx,File Open,Sample content
FIL0007013,01/29/2026 23:58:43,AAE0190,PC-AAE0190-01,C:\Documents\work_doc_37.docx,File Open,Sample content
FIL0007014,01/29/2026 22:43:59,AAE0190,PC-AAE0190-01,C:\Documents\work_doc_29.docx,File Open,Sample content
FIL0007015,01/29/2026 22:15:28,AAE0190,PC-AAE0190-01,C:\Documents\work_doc_45.docx,File Open,Sample content
FIL0007016,01/29/2026 21:55:41,AAE0190,PC-AAE0190-01,C:\Documents\work_doc_50.docx,File Open,Sample content
FIL0007017,01/29/2026 21:04:27,AAE0190,PC-AAE0190-01,C:\Confidential\source_code_export_6.zip,File Open,Sample content
FIL0007018,01/29/2026 21:19:50,AAE0190,PC-AAE0190-01,C:\Confidential\source_code_export_3.zip,File Open,Sample content
FIL0007019,01/29/2026 22:52:55,AAE0190,PC-AAE0190-01,C:\Confidential\source_code_export_6.zip,File Open,Sample content
FIL0007020,01/29/2026 22:51:35,AAE0190,PC-AAE0190-01,C:\Documents\work_doc_2.docx,File Open,Sample content
FIL0007021,01/29/2026 23:10:50,AAE0190,PC-AAE0190-01,C:\Documents\work_doc_35.docx,File Open,Sample content
FIL0007022,01/29/2026 23:02:48,AAE0190,PC-AAE0190-01,C:\Documents\work_doc_47.docx,File Open,Sample content
FIL0007023,01/29/2026 22:56:30,AAE0190,PC-AAE0190-01,C:\Documents\work_doc_18.docx,File Open,Sample content
FIL0007024,01/29/2026 21:03:40,AAE0190,PC-AAE0190-01,C:\Documents\work_doc_22.docx,File Open,Sample content
FIL0007025,01/29/2026 21:39:15,AAE0190,PC-AAE0190-01,C:\Confidential\source_code_export_1.zip,File Open,Sample content
FIL0007026,01/29/2026 21:35:01,AAE0190,PC-AAE0190-01,C:\Confidential\source_code_export_6.zip,File Open,Sample content
FIL0007027,01/29/2026 21:29:13,AAE0190,PC-AAE0190-01,C:\Documents\work_doc_10.docx,File Open,Sample content
FIL0007028,01/29/2026 23:22:53,AAE0190,PC-AAE0190-01,C:\Confidential\source_code_export_6.zip,File Open,Sample content
FIL0007029,01/29/2026 23:08:16,AAE0190,PC-AAE0190-01,C:\Documents\work_doc_1.docx,File Open,Sample content
FIL0007030,01/29/2026 23:34:39,AAE0190,PC-AAE0190-01,C:\Confidential\source_code_export_9.zip,File Open,Sample content
FIL0007031,01/29/2026 23:30:08,AAE0190,PC-AAE0190-01,C:\Documents\work_doc_37.docx,File Open,Sample content
FIL0007032,01/29/2026 23:04:16,AAE0190,PC-AAE0190-01,C:\Documents\work_doc_23.docx,File Open,Sample content
FIL0007033,01/29/2026 21:33:21,AAE0190,PC-AAE0190-01,C:\Confidential\source_code_export_5.zip,File Open,Sample content
FIL0007034,01/29/2026 22:01:43,AAE0190,PC-AAE0190-01,C:\Documents\work_doc_35.docx,File Open,Sample content
FIL0007035,01/29/2026 21:54:44,AAE0190,PC-AAE0190-01,C:\Documents\work_doc_3.docx,File Open,Sample content
FIL0007036,01/29/2026 22:52:04,AAE0190,PC-AAE0190-01,C:\Documents\work_doc_40.docx,File Open,Sample content
FIL0007037,01/29/2026 22:32:53,AAE0190,PC-AAE0190-01,C:\Documents\work_doc_35.docx,File Open,Sample content
FIL0007038,01/29/2026 23:32:37,AAE0190,PC-AAE0190-01,C:\Confidential\source_code_export_10.zip,File Open,Sample content
FIL0007039,01/29/2026 22:18:36,AAE0190,PC-AAE0190-01,C:\Documents\work_doc_44.docx,File Open,Sample content
FIL0007040,01/29/2026 23:04:16,AAE0190,PC-AAE0190-01,C:\Confidential\source_code_export_3.zip,File Open,Sample content
FIL0007041,01/29/2026 22:04:30,AAE0190,PC-AAE0190-01,C:\Documents\work_doc_38.docx,File Open,Sample content
FIL0007042,01/29/2026 22:11:54,AAE0190,PC-AAE0190-01,C:\Confidential\source_code_export_7.zip,File Open,Sample content
FIL0007043,01/29/2026 21:37:30,AAE0190,PC-AAE0190-01,C:\Documents\work_doc_46.docx,File Open,Sample content
FIL0007044,01/29/2026 23:23:15,AAE0190,PC-AAE0190-01,C:\Documents\work_doc_43.docx,File Open,Sample content
FIL0007045,01/29/2026 23:49:41,AAE0190,PC-AAE0190-01,C:\Confidential\source_code_export_5.zip,File Open,Sample content
FIL0007046,01/29/2026 22:08:11,AAE0190,PC-AAE0190-01,C:\Documents\work_doc_42.docx,File Open,Sample content
FIL0007047,01/29/2026 23:10:18,AAE0190,PC-AAE0190-01,C:\Documents\work_doc_6.docx,File Open,Sample content
FIL0007048,01/29/2026 23:35:36,AAE0190,PC-AAE0190-01,C:\Confidential\source_code_export_10.zip,File Open,Sample content
FIL0007049,01/29/2026 21:25:55,AAE0190,PC-AAE0190-01,C:\Confidential\source_code_export_9.zip,File Open,Sample content
FIL0007050,01/29/2026 21:40:06,AAE0190,PC-AAE0190-01,C:\Documents\work_doc_2.docx,File Open,Sample content
FIL0007051,01/29/2026 21:46:08,AAE0190,PC-AAE0190-01,C:\Documents\work_doc_22.docx,File Open,Sample content
FIL0007052,01/29/2026 23:28:14,AAE0190,PC-AAE0190-01,C:\Documents\work_doc_29.docx,File Open,Sample content
FIL0007053,01/29/2026 21:28:53,AAE0190,PC-AAE0190-01,C:\Documents\work_doc_7.docx,File Open,Sample content
FIL0007054,01/29/2026 22:43:29,AAE0190,PC-AAE0190-01,C:\Confidential\source_code_export_8.zip,File Open,Sample content
FIL0007055,01/29/2026 23:40:26,AAE0190,PC-AAE0190-01,C:\Documents\work_doc_27.docx,File Open,Sample content
FIL0007056,01/29/2026 23:51:40,AAE0190,PC-AAE0190-01,C:\Documents\work_doc_24.docx,File Open,Sample content
FIL0007057,01/29/2026 22:36:31,AAE0190,PC-AAE0190-01,C:\Confidential\source_code_export_8.zip,File Open,Sample content
FIL0007058,01/29/2026 21:03:47,AAE0190,PC-AAE0190-01,C:\Confidential\source_code_export_9.zip,File Open,Sample content
FIL0007059,01/29/2026 21:34:22,AAE0190,PC-AAE0190-01,C:\Documents\work_doc_44.docx,File Open,Sample content
FIL0007060,01/29/2026 21:49:44,AAE0190,PC-AAE0190-01,C:\Documents\work_doc_31.docx,File Open,Sample content
FIL0007061,01/29/2026 21:45:45,AAE0190,PC-AAE0190-01,C:\Documents\work_doc_12.docx,File Open,Sample content
FIL0007062,01/29/2026 23:26:56,AAE0190,PC-AAE0190-01,C:\Documents\work_doc_15.docx,File Open,Sample content
FIL0007063,01/29/2026 21:02:26,AAE0190,PC-AAE0190-01,C:\Documents\work_doc_8.docx,File Open,Sample content
FIL0007064,01/29/2026 21:24:46,AAE0190,PC-AAE0190-01,C:\Documents\work_doc_36.docx,File Open,Sample content
FIL0007065,01/29/2026 21:08:10,AAE0190,PC-AAE0190-01,C:\Documents\work_doc_42.docx,File Open,Sample content
FIL0007066,01/29/2026 21:27:57,AAE0190,PC-AAE0190-01,C:\Confidential\source_code_export_6.zip,File Open,Sample content
FIL0007067,01/29/2026 23:32:29,AAE0190,PC-AAE0190-01,C:\Documents\work_doc_39.docx,File Open,Sample content
FIL0007068,01/29/2026 22:28:50,AAE0190,PC-AAE0190-01,C:\Documents\work_doc_34.docx,File Open,Sample content
FIL0007069,01/29/2026 22:58:03,AAE0190,PC-AAE0190-01,C:\Documents\work_doc_33.docx,File Open,Sample content
FIL0007070,01/29/2026 21:27:58,AAE0190,PC-AAE0190-01,C:\Confidential\source_code_export_3.zip,File Open,Sample content
FIL0007071,01/29/2026 22:30:07,AAE0190,PC-AAE0190-01,C:\Confidential\source_code_export_6.zip,File Open,Sample content
FIL0007072,01/29/2026 23:57:23,AAE0190,PC-AAE0190-01,C:\Documents\work_doc_5.docx,File Open,Sample content
FIL0007073,01/29/2026 23:05:33,AAE0190,PC-AAE0190-01,C:\Confidential\source_code_export_7.zip,File Open,Sample content
FIL0007074,01/29/2026 21:59:40,AAE0190,PC-AAE0190-01,C:\Documents\work_doc_3.docx,File Open,Sample content
FIL0007075,01/29/2026 22:04:16,AAE0190,PC-AAE0190-01,C:\Confidential\source_code_export_3.zip,File Open,Sample content
FIL0007076,01/29/2026 21:06:52,AAE0190,PC-AAE0190-01,C:\Documents\work_doc_39.docx,File Open,Sample content
FIL0007077,01/29/2026 23:27:24,AAE0190,PC-AAE0190-01,C:\Confidential\source_code_export_9.zip,File Open,Sample content
FIL0007078,01/29/2026 22:05:29,AAE0190,PC-AAE0190-01,C:\Documents\work_doc_37.docx,File Open,Sample content
FIL0007079,01/29/2026 23:35:03,AAE0190,PC-AAE0190-01,C:\Documents\work_doc_33.docx,File Open,Sample content
FIL0007080,01/29/2026 21:47:48,AAE0190,PC-AAE0190-01,C:\Confidential\source_code_export_3.zip,File Open,Sample content
FIL0007081,01/29/2026 22:57:52,AAE0190,PC-AAE0190-01,C:\Confidential\source_code_export_5.zip,File Open,Sample content
FIL0007082,01/29/2026 23:18:56,AAE0190,PC-AAE0190-01,C:\Documents\work_doc_21.docx,File Open,Sample content
FIL0007083,01/29/2026 21:27:13,AAE0190,PC-AAE0190-01,C:\Confidential\source_code_export_10.zip,File Open,Sample content
FIL0007084,01/29/2026 23:46:09,AAE0190,PC-AAE0190-01,C:\Documents\work_doc_24.docx,File Open,Sample content
FIL0007085,01/29/2026 21:19:07,AAE0190,PC-AAE0190-01,C:\Confidential\source_code_export_2.zip,File Open,Sample content
FIL0007086,01/29/2026 23:41:05,AAE0190,PC-AAE0190-01,C:\Documents\work_doc_23.docx,File Open,Sample content
FIL0007087,01/29/2026 23:30:05,AAE0190,PC-AAE0190-01,C:\Confidential\source_code_export_8.zip,File Open,Sample content
FIL0007088,01/29/2026 23:49:45,AAE0190,PC-AAE0190-01,C:\Confidential\source_code_export_7.zip,File Open,Sample content
FIL0007089,01/29/2026 22:08:59,AAE0190,PC-AAE0190-01,C:\Documents\work_doc_40.docx,File Open,Sample content
FIL0007090,01/29/2026 21:59:52,AAE0190,PC-AAE0190-01,C:\Documents\work_doc_50.docx,File Open,Sample content
FIL0007091,01/29/2026 22:58:26,AAE0190,PC-AAE0190-01,C:\Documents\work_doc_45.docx,File Open,Sample content
FIL0007092,01/29/2026 23:17:21,AAE0190,PC-AAE0190-01,C:\Documents\work_doc_2.docx,File Open,Sample content
FIL0007093,01/29/2026 23:53:17,AAE0190,PC-AAE0190-01,C:\Documents\work_doc_36.docx,File Open,Sample content
FIL0007094,01/29/2026 22:58:00,AAE0190,PC-AAE0190-01,C:\Documents\work_doc_7.docx,File Open,Sample content
FIL0007095,01/29/2026 23:15:59,AAE0190,PC-AAE0190-01,C:\Confidential\source_code_export_10.zip,File Open,Sample content
FIL0007096,01/29/2026 21:25:48,AAE0190,PC-AAE0190-01,C:\Documents\work_doc_37.docx,File Open,Sample content
FIL0007097,01/29/2026 23:33:35,AAE0190,PC-AAE0190-01,C:\Documents\work_doc_35.docx,File Open,Sample content
FIL0007098,01/29/2026 23:18:27,AAE0190,PC-AAE0190-01,C:\Documents\work_doc_22.docx,File Open,Sample content
FIL0007099,01/29/2026 23:57:17,AAE0190,PC-AAE0190-01,C:\Documents\work_doc_3.docx,File Open,Sample content
FIL0007100,01/29/2026 22:34:05,AAE0190,PC-AAE0190-01,C:\Confidential\source_code_export_6.zip,File Open,Sample content
FIL0007101,01/29/2026 21:38:49,AAE0190,PC-AAE0190-01,C:\Documents\work_doc_50.docx,File Open,Sample content
FIL0007102,01/29/2026 23:37:28,AAE0190,PC-AAE0190-01,C:\Documents\work_doc_40.docx,File Open,Sample content
FIL0007103,01/29/2026 23:26:32,AAE0190,PC-AAE0190-01,C:\Confidential\source_code_export_8.zip,File Open,Sample content
FIL0007104,01/29/2026 22:21:11,AAE0190,PC-AAE0190-01,C:\Documents\work_doc_49.docx,File Open,Sample content
FIL0007105,01/29/2026 21:42:44,AAE0190,PC-AAE0190-01,C:\Confidential\source_code_export_3.zip,File Open,Sample content
FIL0007106,01/29/2026 23:01:01,AAE0190,PC-AAE0190-01,C:\Documents\work_doc_45.docx,File Open,Sample content
FIL0007107,01/29/2026 22:54:19,AAE0190,PC-AAE0190-01,C:\Documents\work_doc_34.docx,File Open,Sample content
FIL0007108,01/29/2026 21:17:20,AAE0190,PC-AAE0190-01,C:\Documents\work_doc_12.docx,File Open,Sample content
FIL0007109,01/29/2026 21:55:22,AAE0190,PC-AAE0190-01,C:\Documents\work_doc_29.docx,File Open,Sample content
FIL0007110,01/29/2026 22:11:38,AAE0190,PC-AAE0190-01,C:\Documents\work_doc_32.docx,File Open,Sample content
FIL0007111,01/29/2026 22:59:45,AAE0190,PC-AAE0190-01,C:\Confidential\source_code_export_5.zip,File Open,Sample content
FIL0007112,01/29/2026 23:45:09,AAE0190,PC-AAE0190-01,C:\Documents\work_doc_7.docx,File Open,Sample content
FIL0007113,01/29/2026 21:24:21,AAE0190,PC-AAE0190-01,C:\Documents\work_doc_30.docx,File Open,Sample content
FIL0007114,01/29/2026 21:02:33,AAE0190,PC-AAE0190-01,C:\Confidential\source_code_export_5.zip,File Open,Sample content
FIL0007115,01/29/2026 22:57:22,AAE0190,PC-AAE0190-01,C:\Confidential\source_code_export_3.zip,File Open,Sample content
FIL0007116,01/29/2026 22:47:46,AAE0190,PC-AAE0190-01,C:\Documents\work_doc_42.docx,File Open,Sample content
FIL0007117,01/29/2026 23:58:15,AAE0190,PC-AAE0190-01,C:\Documents\work_doc_48.docx,File Open,Sample content
FIL0007118,01/29/2026 21:32:54,AAE0190,PC-AAE0190-01,C:\Confidential\source_code_export_4.zip,File Open,Sample content
FIL0007119,01/29/2026 23:42:37,AAE0190,PC-AAE0190-01,C:\Documents\work_doc_36.docx,File Open,Sample content
FIL0007120,01/29/2026 23:28:10,AAE0190,PC-AAE0190-01,C:\Documents\work_doc_14.docx,File Open,Sample content
FIL0007121,01/29/2026 21:17:24,AAE0190,PC-AAE0190-01,C:\Confidential\source_code_export_6.zip,File Open,Sample content
FIL0007122,01/29/2026 21:34:20,AAE0190,PC-AAE0190-01,C:\Confidential\source_code_export_8.zip,File Open,Sample content
FIL0007123,01/29/2026 21:34:01,AAE0190,PC-AAE0190-01,C:\Documents\work_doc_50.docx,File Open,Sample content
FIL0007124,01/29/2026 21:52:05,AAE0190,PC-AAE0190-01,C:\Documents\work_doc_11.docx,File Open,Sample content
FIL0007125,01/29/2026 23:09:04,AAE0190,PC-AAE0190-01,C:\Documents\work_doc_8.docx,File Open,Sample content
FIL0007126,01/29/2026 22:29:53,AAE0190,PC-AAE0190-01,C:\Documents\work_doc_22.docx,File Open,Sample content
FIL0007127,01/29/2026 23:24:21,AAE0190,PC-AAE0190-01,C:\Confidential\source_code_export_8.zip,File Open,Sample content
FIL0007128,01/29/2026 21:38:14,AAE0190,PC-AAE0190-01,C:\Documents\work_doc_4.docx,File Open,Sample content
FIL0007129,01/29/2026 23:56:58,AAE0190,PC-AAE0190-01,C:\Documents\work_doc_43.docx,File Open,Sample content
FIL0007130,01/29/2026 22:00:39,AAE0190,PC-AAE0190-01,C:\Documents\work_doc_6.docx,File Open,Sample content
FIL0007131,01/29/2026 22:29:30,AAE0190,PC-AAE0190-01,C:\Confidential\source_code_export_3.zip,File Open,Sample content
FIL0007132,01/29/2026 21:19:59,AAE0190,PC-AAE0190-01,C:\Documents\work_doc_1.docx,File Open,Sample content
FIL0007133,01/29/2026 22:37:36,AAE0190,PC-AAE0190-01,C:\Documents\work_doc_31.docx,File Open,Sample content
FIL0007134,01/29/2026 23:21:13,AAE0190,PC-AAE0190-01,C:\Confidential\source_code_export_10.zip,File Open,Sample content
FIL0007135,01/29/2026 23:37:32,AAE0190,PC-AAE0190-01,C:\Documents\work_doc_41.docx,File Open,Sample content
FIL0007136,01/29/2026 23:21:32,AAE0190,PC-AAE0190-01,C:\Documents\work_doc_47.docx,File Open,Sample content
FIL0007137,01/29/2026 21:12:34,AAE0190,PC-AAE0190-01,C:\Documents\work_doc_26.docx,File Open,Sample content
FIL0007138,01/29/2026 23:25:16,AAE0190,PC-AAE0190-01,C:\Confidential\source_code_export_8.zip,File Open,Sample content
FIL0007139,01/29/2026 22:52:50,AAE0190,PC-AAE0190-01,C:\Confidential\source_code_export_3.zip,File Open,Sample content
FIL0007140,01/29/2026 23:01:45,AAE0190,PC-AAE0190-01,C:\Confidential\source_code_export_6.zip,File Open,Sample content
FIL0007141,01/29/2026 21:52:23,AAE0190,PC-AAE0190-01,C:\Documents\work_doc_40.docx,File Open,Sample content
FIL0007142,01/29/2026 21:54:27,AAE0190,PC-AAE0190-01,C:\Confidential\source_code_export_9.zip,File Open,Sample content
FIL0007143,01/29/2026 12:00:50,USR0002,PC-USR0002-01,C:\Documents\work_doc_35.docx,File Open,Sample content
FIL0007144,01/29/2026 15:55:07,USR0002,PC-USR0002-01,C:\Documents\work_doc_1.docx,File Open,Sample content
FIL0007145,01/29/2026 10:11:03,USR0002,PC-USR0002-01,C:\Documents\work_doc_40.docx,File Open,Sample content
FIL0007146,01/29/2026 14:47:55,USR0002,PC-USR0002-01,C:\Documents\work_doc_44.docx,File Open,Sample content
FIL0007147,01/29/2026 09:56:42,USR0002,PC-USR0002-01,C:\Documents\work_doc_17.docx,File Open,Sample content
FIL0007148,01/29/2026 15:33:35,USR0002,PC-USR0002-01,C:\Documents\work_doc_22.docx,File Open,Sample content
FIL0007149,01/29/2026 15:31:45,USR0002,PC-USR0002-01,C:\Documents\work_doc_23.docx,File Open,Sample content
FIL0007150,01/29/2026 12:38:02,USR0002,PC-USR0002-01,C:\Documents\work_doc_21.docx,File Open,Sample content
FIL0007151,01/29/2026 15:28:23,USR0002,PC-USR0002-01,C:\Documents\work_doc_22.docx,File Open,Sample content
FIL0007152,01/29/2026 09:56:10,USR0002,PC-USR0002-01,C:\Documents\work_doc_7.docx,File Open,Sample content
FIL0007153,01/29/2026 12:52:10,USR0002,PC-USR0002-01,C:\Documents\work_doc_46.docx,File Open,Sample content
FIL0007154,01/29/2026 09:25:55,USR0002,PC-USR0002-01,C:\Documents\work_doc_33.docx,File Open,Sample content
FIL0007155,01/29/2026 14:45:41,USR0003,PC-USR0003-01,C:\Documents\work_doc_38.docx,File Open,Sample content
FIL0007156,01/29/2026 14:27:50,USR0003,PC-USR0003-01,C:\Documents\work_doc_11.docx,File Open,Sample content
FIL0007157,01/29/2026 15:13:57,USR0003,PC-USR0003-01,C:\Documents\work_doc_23.docx,File Open,Sample content
FIL0007158,01/29/2026 10:27:02,USR0003,PC-USR0003-01,C:\Documents\work_doc_48.docx,File Open,Sample content
FIL0007159,01/29/2026 10:40:41,USR0003,PC-USR0003-01,C:\Documents\work_doc_4.docx,File Open,Sample content
FIL0007160,01/29/2026 16:57:29,USR0003,PC-USR0003-01,C:\Documents\work_doc_31.docx,File Open,Sample content
FIL0007161,01/29/2026 11:25:41,USR0003,PC-USR0003-01,C:\Documents\work_doc_25.docx,File Open,Sample content
FIL0007162,01/29/2026 13:16:30,USR0003,PC-USR0003-01,C:\Documents\work_doc_46.docx,File Open,Sample content
FIL0007163,01/29/2026 12:36:21,USR0003,PC-USR0003-01,C:\Documents\work_doc_10.docx,File Open,Sample content
FIL0007164,01/29/2026 15:08:31,USR0003,PC-USR0003-01,C:\Documents\work_doc_29.docx,File Open,Sample content
FIL0007165,01/29/2026 16:37:30,USR0003,PC-USR0003-01,C:\Documents\work_doc_38.docx,File Open,Sample content
FIL0007166,01/29/2026 14:16:43,USR0003,PC-USR0003-01,C:\Documents\work_doc_15.docx,File Open,Sample content
FIL0007167,01/29/2026 14:00:25,USR0003,PC-USR0003-01,C:\Documents\work_doc_39.docx,File Open,Sample content
FIL0007168,01/29/2026 13:50:25,USR0003,PC-USR0003-01,C:\Documents\work_doc_4.docx,File Open,Sample content
FIL0007169,01/29/2026 09:58:50,USR0004,PC-USR0004-01,C:\Documents\work_doc_3.docx,File Open,Sample content
FIL0007170,01/29/2026 13:39:51,USR0004,PC-USR0004-01,C:\Documents\work_doc_4.docx,File Open,Sample content
FIL0007171,01/29/2026 15:01:01,USR0004,PC-USR0004-01,C:\Documents\work_doc_2.docx,File Open,Sample content
FIL0007172,01/29/2026 09:54:38,USR0004,PC-USR0004-01,C:\Documents\work_doc_31.docx,File Open,Sample content
FIL0007173,01/29/2026 15:32:45,USR0004,PC-USR0004-01,C:\Documents\work_doc_27.docx,File Open,Sample content
FIL0007174,01/29/2026 14:15:42,USR0004,PC-USR0004-01,C:\Documents\work_doc_47.docx,File Open,Sample content
FIL0007175,01/29/2026 11:23:36,USR0004,PC-USR0004-01,C:\Documents\work_doc_29.docx,File Open,Sample content
FIL0007176,01/29/2026 14:00:14,USR0004,PC-USR0004-01,C:\Documents\work_doc_39.docx,File Open,Sample content
FIL0007177,01/29/2026 11:58:56,USR0004,PC-USR0004-01,C:\Documents\work_doc_9.docx,File Open,Sample content
FIL0007178,01/29/2026 13:38:13,USR0004,PC-USR0004-01,C:\Documents\work_doc_12.docx,File Open,Sample content
FIL0007179,01/29/2026 16:54:29,USR0004,PC-USR0004-01,C:\Documents\work_doc_14.docx,File Open,Sample content
FIL0007180,01/29/2026 10:21:29,USR0004,PC-USR0004-01,C:\Documents\work_doc_12.docx,File Open,Sample content
FIL0007181,01/29/2026 11:39:45,USR0004,PC-USR0004-01,C:\Documents\work_doc_18.docx,File Open,Sample content
FIL0007182,01/29/2026 10:12:39,USR0004,PC-USR0004-01,C:\Documents\work_doc_7.docx,File Open,Sample content
FIL0007183,01/29/2026 11:20:23,USR0004,PC-USR0004-01,C:\Documents\work_doc_20.docx,File Open,Sample content
FIL0007184,01/29/2026 12:19:08,USR0004,PC-USR0004-01,C:\Documents\work_doc_42.docx,File Open,Sample content
FIL0007185,01/29/2026 15:16:34,USR0005,PC-USR0005-01,C:\Documents\work_doc_37.docx,File Open,Sample content
FIL0007186,01/29/2026 11:08:58,USR0005,PC-USR0005-01,C:\Documents\work_doc_22.docx,File Open,Sample content
FIL0007187,01/29/2026 10:52:26,USR0005,PC-USR0005-01,C:\Documents\work_doc_40.docx,File Open,Sample content
FIL0007188,01/29/2026 15:06:55,USR0005,PC-USR0005-01,C:\Documents\work_doc_46.docx,File Open,Sample content
FIL0007189,01/29/2026 14:17:12,USR0005,PC-USR0005-01,C:\Documents\work_doc_12.docx,File Open,Sample content
FIL0007190,01/29/2026 10:41:52,USR0005,PC-USR0005-01,C:\Documents\work_doc_26.docx,File Open,Sample content
FIL0007191,01/29/2026 13:19:28,USR0005,PC-USR0005-01,C:\Documents\work_doc_8.docx,File Open,Sample content
FIL0007192,01/29/2026 11:11:20,USR0005,PC-USR0005-01,C:\Documents\work_doc_31.docx,File Open,Sample content
FIL0007193,01/29/2026 14:25:12,USR0005,PC-USR0005-01,C:\Documents\work_doc_12.docx,File Open,Sample content
FIL0007194,01/29/2026 16:24:42,USR0005,PC-USR0005-01,C:\Documents\work_doc_1.docx,File Open,Sample content
FIL0007195,01/29/2026 15:03:59,USR0005,PC-USR0005-01,C:\Documents\work_doc_44.docx,File Open,Sample content
FIL0007196,01/29/2026 10:45:08,USR0006,PC-USR0006-01,C:\Documents\work_doc_49.docx,File Open,Sample content
FIL0007197,01/29/2026 10:22:26,USR0006,PC-USR0006-01,C:\Documents\work_doc_13.docx,File Open,Sample content
FIL0007198,01/29/2026 12:36:39,USR0006,PC-USR0006-01,C:\Documents\work_doc_18.docx,File Open,Sample content
FIL0007199,01/29/2026 12:47:03,USR0006,PC-USR0006-01,C:\Documents\work_doc_11.docx,File Open,Sample content
FIL0007200,01/29/2026 15:47:15,USR0006,PC-USR0006-01,C:\Documents\work_doc_41.docx,File Open,Sample content
FIL0007201,01/29/2026 14:34:52,USR0006,PC-USR0006-01,C:\Documents\work_doc_40.docx,File Open,Sample content
FIL0007202,01/29/2026 10:44:17,USR0006,PC-USR0006-01,C:\Documents\work_doc_45.docx,File Open,Sample content
FIL0007203,01/29/2026 10:18:56,USR0006,PC-USR0006-01,C:\Documents\work_doc_4.docx,File Open,Sample content
FIL0007204,01/29/2026 16:23:38,USR0006,PC-USR0006-01,C:\Documents\work_doc_13.docx,File Open,Sample content
FIL0007205,01/29/2026 10:27:04,USR0007,PC-USR0007-01,C:\Documents\work_doc_3.docx,File Open,Sample content
FIL0007206,01/29/2026 13:39:46,USR0007,PC-USR0007-01,C:\Documents\work_doc_2.docx,File Open,Sample content
FIL0007207,01/29/2026 11:43:58,USR0007,PC-USR0007-01,C:\Documents\work_doc_15.docx,File Open,Sample content
FIL0007208,01/29/2026 14:54:47,USR0007,PC-USR0007-01,C:\Documents\work_doc_15.docx,File Open,Sample content
FIL0007209,01/29/2026 16:08:36,USR0007,PC-USR0007-01,C:\Documents\work_doc_39.docx,File Open,Sample content
FIL0007210,01/29/2026 16:04:28,USR0007,PC-USR0007-01,C:\Documents\work_doc_49.docx,File Open,Sample content
FIL0007211,01/29/2026 16:17:44,USR0007,PC-USR0007-01,C:\Documents\work_doc_29.docx,File Open,Sample content
FIL0007212,01/29/2026 16:54:38,USR0007,PC-USR0007-01,C:\Documents\work_doc_50.docx,File Open,Sample content
FIL0007213,01/29/2026 14:25:03,USR0007,PC-USR0007-01,C:\Documents\work_doc_21.docx,File Open,Sample content
FIL0007214,01/29/2026 10:59:26,USR0007,PC-USR0007-01,C:\Documents\work_doc_27.docx,File Open,Sample content
FIL0007215,01/29/2026 10:24:46,USR0007,PC-USR0007-01,C:\Documents\work_doc_6.docx,File Open,Sample content
FIL0007216,01/29/2026 09:40:21,USR0007,PC-USR0007-01,C:\Documents\work_doc_26.docx,File Open,Sample content
FIL0007217,01/29/2026 14:39:03,USR0008,PC-USR0008-01,C:\Documents\work_doc_34.docx,File Open,Sample content
FIL0007218,01/29/2026 14:15:23,USR0008,PC-USR0008-01,C:\Documents\work_doc_31.docx,File Open,Sample content
FIL0007219,01/29/2026 09:16:23,USR0008,PC-USR0008-01,C:\Documents\work_doc_3.docx,File Open,Sample content
FIL0007220,01/29/2026 11:35:05,USR0008,PC-USR0008-01,C:\Documents\work_doc_17.docx,File Open,Sample content
FIL0007221,01/29/2026 13:38:39,USR0008,PC-USR0008-01,C:\Documents\work_doc_41.docx,File Open,Sample content
FIL0007222,01/29/2026 15:03:48,USR0008,PC-USR0008-01,C:\Documents\work_doc_42.docx,File Open,Sample content
FIL0007223,01/29/2026 14:51:09,USR0008,PC-USR0008-01,C:\Documents\work_doc_14.docx,File Open,Sample content
FIL0007224,01/29/2026 12:29:10,USR0008,PC-USR0008-01,C:\Documents\work_doc_3.docx,File Open,Sample content
FIL0007225,01/29/2026 11:56:39,USR0008,PC-USR0008-01,C:\Documents\work_doc_31.docx,File Open,Sample content
FIL0007226,01/29/2026 12:14:58,USR0008,PC-USR0008-01,C:\Documents\work_doc_2.docx,File Open,Sample content
FIL0007227,01/29/2026 09:32:51,USR0008,PC-USR0008-01,C:\Documents\work_doc_43.docx,File Open,Sample content
FIL0007228,01/29/2026 12:11:45,USR0008,PC-USR0008-01,C:\Documents\work_doc_35.docx,File Open,Sample content
FIL0007229,01/29/2026 16:45:42,USR0008,PC-USR0008-01,C:\Documents\work_doc_21.docx,File Open,Sample content
FIL0007230,01/29/2026 10:46:44,USR0008,PC-USR0008-01,C:\Documents\work_doc_10.docx,File Open,Sample content
FIL0007231,01/29/2026 12:53:26,USR0008,PC-USR0008-01,C:\Documents\work_doc_26.docx,File Open,Sample content
FIL0007232,01/29/2026 14:08:02,USR0008,PC-USR0008-01,C:\Documents\work_doc_45.docx,File Open,Sample content
FIL0007233,01/29/2026 13:36:39,USR0008,PC-USR0008-01,C:\Documents\work_doc_49.docx,File Open,Sample content
FIL0007234,01/29/2026 11:16:11,USR0008,PC-USR0008-01,C:\Documents\work_doc_45.docx,File Open,Sample content
FIL0007235,01/29/2026 12:15:35,USR0008,PC-USR0008-01,C:\Documents\work_doc_47.docx,File Open,Sample content
FIL0007236,01/29/2026 09:40:45,USR0008,PC-USR0008-01,C:\Documents\work_doc_3.docx,File Open,Sample content
FIL0007237,01/29/2026 10:22:36,USR0009,PC-USR0009-01,C:\Documents\work_doc_13.docx,File Open,Sample content
FIL0007238,01/29/2026 13:59:12,USR0009,PC-USR0009-01,C:\Documents\work_doc_38.docx,File Open,Sample content
FIL0007239,01/29/2026 11:00:06,USR0009,PC-USR0009-01,C:\Documents\work_doc_48.docx,File Open,Sample content
FIL0007240,01/29/2026 12:47:47,USR0009,PC-USR0009-01,C:\Documents\work_doc_33.docx,File Open,Sample content
FIL0007241,01/29/2026 09:43:32,USR0009,PC-USR0009-01,C:\Documents\work_doc_46.docx,File Open,Sample content
FIL0007242,01/29/2026 16:59:30,USR0009,PC-USR0009-01,C:\Documents\work_doc_46.docx,File Open,Sample content
FIL0007243,01/29/2026 09:16:17,USR0010,PC-USR0010-01,C:\Documents\work_doc_28.docx,File Open,Sample content
FIL0007244,01/29/2026 16:56:36,USR0010,PC-USR0010-01,C:\Documents\work_doc_12.docx,File Open,Sample content
FIL0007245,01/29/2026 16:19:48,USR0010,PC-USR0010-01,C:\Documents\work_doc_32.docx,File Open,Sample content
FIL0007246,01/29/2026 16:23:52,USR0010,PC-USR0010-01,C:\Documents\work_doc_44.docx,File Open,Sample content
FIL0007247,01/29/2026 11:49:10,USR0010,PC-USR0010-01,C:\Documents\work_doc_6.docx,File Open,Sample content
FIL0007248,01/29/2026 13:28:07,USR0010,PC-USR0010-01,C:\Documents\work_doc_28.docx,File Open,Sample content
FIL0007249,01/29/2026 09:58:35,USR0010,PC-USR0010-01,C:\Documents\work_doc_17.docx,File Open,Sample content
FIL0007250,01/29/2026 14:09:12,USR0010,PC-USR0010-01,C:\Documents\work_doc_1.docx,File Open,Sample content
FIL0007251,01/29/2026 11:38:46,USR0010,PC-USR0010-01,C:\Documents\work_doc_43.docx,File Open,Sample content
FIL0007252,01/29/2026 15:07:32,USR0010,PC-USR0010-01,C:\Documents\work_doc_36.docx,File Open,Sample content
FIL0007253,01/29/2026 11:15:55,USR0010,PC-USR0010-01,C:\Documents\work_doc_41.docx,File Open,Sample content
FIL0007254,01/29/2026 16:59:38,USR0010,PC-USR0010-01,C:\Documents\work_doc_10.docx,File Open,Sample content
FIL0007255,01/29/2026 11:47:26,USR0010,PC-USR0010-01,C:\Documents\work_doc_35.docx,File Open,Sample content
FIL0007256,01/29/2026 15:16:47,USR0011,PC-USR0011-01,C:\Documents\work_doc_47.docx,File Open,Sample content
FIL0007257,01/29/2026 16:45:51,USR0011,PC-USR0011-01,C:\Documents\work_doc_29.docx,File Open,Sample content
FIL0007258,01/29/2026 12:57:36,USR0011,PC-USR0011-01,C:\Documents\work_doc_9.docx,File Open,Sample content
FIL0007259,01/29/2026 13:15:48,USR0011,PC-USR0011-01,C:\Documents\work_doc_24.docx,File Open,Sample content
FIL0007260,01/29/2026 15:42:38,USR0011,PC-USR0011-01,C:\Documents\work_doc_20.docx,File Open,Sample content
FIL0007261,01/29/2026 12:02:42,USR0011,PC-USR0011-01,C:\Documents\work_doc_42.docx,File Open,Sample content
FIL0007262,01/29/2026 11:41:21,USR0011,PC-USR0011-01,C:\Documents\work_doc_12.docx,File Open,Sample content
FIL0007263,01/29/2026 16:51:38,USR0011,PC-USR0011-01,C:\Documents\work_doc_34.docx,File Open,Sample content
FIL0007264,01/29/2026 12:41:01,USR0011,PC-USR0011-01,C:\Documents\work_doc_12.docx,File Open,Sample content
FIL0007265,01/29/2026 12:18:49,USR0011,PC-USR0011-01,C:\Documents\work_doc_47.docx,File Open,Sample content
FIL0007266,01/29/2026 16:24:34,USR0011,PC-USR0011-01,C:\Documents\work_doc_21.docx,File Open,Sample content
FIL0007267,01/29/2026 10:18:01,USR0011,PC-USR0011-01,C:\Documents\work_doc_3.docx,File Open,Sample content
FIL0007268,01/29/2026 11:07:36,USR0011,PC-USR0011-01,C:\Documents\work_doc_13.docx,File Open,Sample content
FIL0007269,01/29/2026 10:58:34,USR0011,PC-USR0011-01,C:\Documents\work_doc_40.docx,File Open,Sample content
FIL0007270,01/29/2026 11:46:11,USR0012,PC-USR0012-01,C:\Documents\work_doc_26.docx,File Open,Sample content
FIL0007271,01/29/2026 09:43:05,USR0012,PC-USR0012-01,C:\Documents\work_doc_45.docx,File Open,Sample content
FIL0007272,01/29/2026 14:39:54,USR0012,PC-USR0012-01,C:\Documents\work_doc_22.docx,File Open,Sample content
FIL0007273,01/29/2026 15:14:03,USR0012,PC-USR0012-01,C:\Documents\work_doc_3.docx,File Open,Sample content
FIL0007274,01/29/2026 16:59:56,USR0012,PC-USR0012-01,C:\Documents\work_doc_30.docx,File Open,Sample content
FIL0007275,01/29/2026 13:25:45,USR0012,PC-USR0012-01,C:\Documents\work_doc_6.docx,File Open,Sample content
FIL0007276,01/29/2026 14:09:46,USR0012,PC-USR0012-01,C:\Documents\work_doc_6.docx,File Open,Sample content
FIL0007277,01/29/2026 12:26:42,USR0012,PC-USR0012-01,C:\Documents\work_doc_25.docx,File Open,Sample content
FIL0007278,01/29/2026 12:32:19,USR0012,PC-USR0012-01,C:\Documents\work_doc_31.docx,File Open,Sample content
FIL0007279,01/29/2026 10:43:27,USR0012,PC-USR0012-01,C:\Documents\work_doc_22.docx,File Open,Sample content
FIL0007280,01/29/2026 12:49:32,USR0012,PC-USR0012-01,C:\Documents\work_doc_9.docx,File Open,Sample content
FIL0007281,01/29/2026 12:44:21,USR0012,PC-USR0012-01,C:\Documents\work_doc_44.docx,File Open,Sample content
FIL0007282,01/29/2026 11:48:19,USR0012,PC-USR0012-01,C:\Documents\work_doc_1.docx,File Open,Sample content
FIL0007283,01/29/2026 15:08:17,USR0012,PC-USR0012-01,C:\Documents\work_doc_5.docx,File Open,Sample content
FIL0007284,01/29/2026 12:14:40,USR0012,PC-USR0012-01,C:\Documents\work_doc_48.docx,File Open,Sample content
FIL0007285,01/29/2026 15:55:37,USR0013,PC-USR0013-01,C:\Documents\work_doc_47.docx,File Open,Sample content
FIL0007286,01/29/2026 13:17:36,USR0013,PC-USR0013-01,C:\Documents\work_doc_13.docx,File Open,Sample content
FIL0007287,01/29/2026 14:04:44,USR0013,PC-USR0013-01,C:\Documents\work_doc_24.docx,File Open,Sample content
FIL0007288,01/29/2026 13:31:13,USR0013,PC-USR0013-01,C:\Documents\work_doc_12.docx,File Open,Sample content
FIL0007289,01/29/2026 16:10:08,USR0013,PC-USR0013-01,C:\Documents\work_doc_10.docx,File Open,Sample content
FIL0007290,01/29/2026 16:33:03,USR0013,PC-USR0013-01,C:\Documents\work_doc_22.docx,File Open,Sample content
FIL0007291,01/29/2026 15:39:31,USR0013,PC-USR0013-01,C:\Documents\work_doc_4.docx,File Open,Sample content
FIL0007292,01/29/2026 14:56:59,USR0013,PC-USR0013-01,C:\Documents\work_doc_49.docx,File Open,Sample content
FIL0007293,01/29/2026 13:27:29,USR0013,PC-USR0013-01,C:\Documents\work_doc_22.docx,File Open,Sample content
FIL0007294,01/29/2026 16:22:04,USR0013,PC-USR0013-01,C:\Documents\work_doc_18.docx,File Open,Sample content
FIL0007295,01/29/2026 12:01:18,USR0013,PC-USR0013-01,C:\Documents\work_doc_19.docx,File Open,Sample content
FIL0007296,01/29/2026 09:15:52,USR0013,PC-USR0013-01,C:\Documents\work_doc_48.docx,File Open,Sample content
FIL0007297,01/29/2026 13:47:22,USR0013,PC-USR0013-01,C:\Documents\work_doc_41.docx,File Open,Sample content
FIL0007298,01/29/2026 12:17:30,USR0014,PC-USR0014-01,C:\Documents\work_doc_6.docx,File Open,Sample content
FIL0007299,01/29/2026 11:52:45,USR0014,PC-USR0014-01,C:\Documents\work_doc_41.docx,File Open,Sample content
FIL0007300,01/29/2026 16:04:04,USR0014,PC-USR0014-01,C:\Documents\work_doc_46.docx,File Open,Sample content
FIL0007301,01/29/2026 13:23:02,USR0014,PC-USR0014-01,C:\Documents\work_doc_4.docx,File Open,Sample content
FIL0007302,01/29/2026 14:56:30,USR0014,PC-USR0014-01,C:\Documents\work_doc_50.docx,File Open,Sample content
FIL0007303,01/29/2026 11:44:28,USR0014,PC-USR0014-01,C:\Documents\work_doc_48.docx,File Open,Sample content
FIL0007304,01/29/2026 09:38:53,USR0014,PC-USR0014-01,C:\Documents\work_doc_50.docx,File Open,Sample content
FIL0007305,01/29/2026 13:55:10,USR0014,PC-USR0014-01,C:\Documents\work_doc_17.docx,File Open,Sample content
FIL0007306,01/29/2026 09:12:37,USR0014,PC-USR0014-01,C:\Documents\work_doc_50.docx,File Open,Sample content
FIL0007307,01/29/2026 16:43:31,USR0014,PC-USR0014-01,C:\Documents\work_doc_24.docx,File Open,Sample content
FIL0007308,01/29/2026 11:20:18,USR0014,PC-USR0014-01,C:\Documents\work_doc_14.docx,File Open,Sample content
FIL0007309,01/29/2026 12:10:21,USR0014,PC-USR0014-01,C:\Documents\work_doc_22.docx,File Open,Sample content
FIL0007310,01/29/2026 13:21:28,USR0014,PC-USR0014-01,C:\Documents\work_doc_34.docx,File Open,Sample content
FIL0007311,01/29/2026 12:28:32,USR0014,PC-USR0014-01,C:\Documents\work_doc_6.docx,File Open,Sample content
FIL0007312,01/29/2026 11:41:07,USR0014,PC-USR0014-01,C:\Documents\work_doc_1.docx,File Open,Sample content
FIL0007313,01/29/2026 16:18:19,USR0014,PC-USR0014-01,C:\Documents\work_doc_1.docx,File Open,Sample content
FIL0007314,01/29/2026 10:57:14,USR0014,PC-USR0014-01,C:\Documents\work_doc_22.docx,File Open,Sample content
FIL0007315,01/29/2026 10:30:37,USR0014,PC-USR0014-01,C:\Documents\work_doc_36.docx,File Open,Sample content
FIL0007316,01/29/2026 16:47:57,USR0014,PC-USR0014-01,C:\Documents\work_doc_43.docx,File Open,Sample content
FIL0007317,01/29/2026 16:59:52,USR0014,PC-USR0014-01,C:\Documents\work_doc_47.docx,File Open,Sample content
FIL0007318,01/29/2026 16:09:04,USR0015,PC-USR0015-01,C:\Documents\work_doc_20.docx,File Open,Sample content
FIL0007319,01/29/2026 15:42:11,USR0015,PC-USR0015-01,C:\Documents\work_doc_19.docx,File Open,Sample content
FIL0007320,01/29/2026 09:46:00,USR0015,PC-USR0015-01,C:\Documents\work_doc_26.docx,File Open,Sample content
FIL0007321,01/29/2026 16:44:00,USR0015,PC-USR0015-01,C:\Documents\work_doc_8.docx,File Open,Sample content
FIL0007322,01/29/2026 10:48:33,USR0015,PC-USR0015-01,C:\Documents\work_doc_26.docx,File Open,Sample content
FIL0007323,01/29/2026 13:54:45,USR0015,PC-USR0015-01,C:\Documents\work_doc_20.docx,File Open,Sample content
FIL0007324,01/29/2026 16:13:53,USR0015,PC-USR0015-01,C:\Documents\work_doc_4.docx,File Open,Sample content
FIL0007325,01/29/2026 16:13:19,USR0015,PC-USR0015-01,C:\Documents\work_doc_2.docx,File Open,Sample content
FIL0007326,01/29/2026 16:02:01,USR0015,PC-USR0015-01,C:\Documents\work_doc_28.docx,File Open,Sample content
FIL0007327,01/29/2026 12:08:29,USR0015,PC-USR0015-01,C:\Documents\work_doc_24.docx,File Open,Sample content
FIL0007328,01/29/2026 11:15:42,USR0015,PC-USR0015-01,C:\Documents\work_doc_18.docx,File Open,Sample content
FIL0007329,01/29/2026 15:32:45,USR0015,PC-USR0015-01,C:\Documents\work_doc_45.docx,File Open,Sample content
FIL0007330,01/29/2026 12:09:24,USR0015,PC-USR0015-01,C:\Documents\work_doc_37.docx,File Open,Sample content
FIL0007331,01/29/2026 13:54:43,USR0015,PC-USR0015-01,C:\Documents\work_doc_5.docx,File Open,Sample content
FIL0007332,01/29/2026 11:43:42,USR0015,PC-USR0015-01,C:\Documents\work_doc_23.docx,File Open,Sample content
FIL0007333,01/29/2026 13:10:32,USR0015,PC-USR0015-01,C:\Documents\work_doc_7.docx,File Open,Sample content
FIL0007334,01/29/2026 11:20:28,USR0015,PC-USR0015-01,C:\Documents\work_doc_36.docx,File Open,Sample content
FIL0007335,01/29/2026 11:00:08,USR0015,PC-USR0015-01,C:\Documents\work_doc_13.docx,File Open,Sample content
FIL0007336,01/29/2026 16:30:00,USR0016,PC-USR0016-01,C:\Documents\work_doc_18.docx,File Open,Sample content
FIL0007337,01/29/2026 13:25:53,USR0016,PC-USR0016-01,C:\Documents\work_doc_3.docx,File Open,Sample content
FIL0007338,01/29/2026 09:36:11,USR0016,PC-USR0016-01,C:\Documents\work_doc_27.docx,File Open,Sample content
FIL0007339,01/29/2026 16:04:13,USR0016,PC-USR0016-01,C:\Documents\work_doc_39.docx,File Open,Sample content
FIL0007340,01/29/2026 16:01:10,USR0016,PC-USR0016-01,C:\Documents\work_doc_50.docx,File Open,Sample content
FIL0007341,01/29/2026 13:13:50,USR0016,PC-USR0016-01,C:\Documents\work_doc_42.docx,File Open,Sample content
FIL0007342,01/29/2026 11:11:40,USR0016,PC-USR0016-01,C:\Documents\work_doc_6.docx,File Open,Sample content
FIL0007343,01/29/2026 10:51:12,USR0016,PC-USR0016-01,C:\Documents\work_doc_32.docx,File Open,Sample content
FIL0007344,01/29/2026 10:54:23,USR0016,PC-USR0016-01,C:\Documents\work_doc_22.docx,File Open,Sample content
FIL0007345,01/29/2026 13:03:23,USR0016,PC-USR0016-01,C:\Documents\work_doc_33.docx,File Open,Sample content
FIL0007346,01/29/2026 10:51:30,USR0016,PC-USR0016-01,C:\Documents\work_doc_20.docx,File Open,Sample content
FIL0007347,01/29/2026 13:10:21,USR0016,PC-USR0016-01,C:\Documents\work_doc_20.docx,File Open,Sample content
FIL0007348,01/29/2026 13:38:10,USR0016,PC-USR0016-01,C:\Documents\work_doc_46.docx,File Open,Sample content
FIL0007349,01/29/2026 11:40:18,USR0016,PC-USR0016-01,C:\Documents\work_doc_35.docx,File Open,Sample content
FIL0007350,01/29/2026 14:39:12,USR0016,PC-USR0016-01,C:\Documents\work_doc_35.docx,File Open,Sample content
FIL0007351,01/29/2026 10:53:01,USR0017,PC-USR0017-01,C:\Documents\work_doc_16.docx,File Open,Sample content
FIL0007352,01/29/2026 13:05:32,USR0017,PC-USR0017-01,C:\Documents\work_doc_47.docx,File Open,Sample content
FIL0007353,01/29/2026 14:38:47,USR0017,PC-USR0017-01,C:\Documents\work_doc_14.docx,File Open,Sample content
FIL0007354,01/29/2026 14:44:18,USR0017,PC-USR0017-01,C:\Documents\work_doc_7.docx,File Open,Sample content
FIL0007355,01/29/2026 09:03:46,USR0017,PC-USR0017-01,C:\Documents\work_doc_28.docx,File Open,Sample content
FIL0007356,01/29/2026 14:40:32,USR0017,PC-USR0017-01,C:\Documents\work_doc_13.docx,File Open,Sample content
FIL0007357,01/29/2026 16:38:29,USR0017,PC-USR0017-01,C:\Documents\work_doc_10.docx,File Open,Sample content
FIL0007358,01/29/2026 09:44:25,USR0017,PC-USR0017-01,C:\Documents\work_doc_20.docx,File Open,Sample content
FIL0007359,01/29/2026 12:39:10,USR0017,PC-USR0017-01,C:\Documents\work_doc_14.docx,File Open,Sample content
FIL0007360,01/29/2026 11:22:15,USR0017,PC-USR0017-01,C:\Documents\work_doc_22.docx,File Open,Sample content
FIL0007361,01/29/2026 15:51:32,USR0017,PC-USR0017-01,C:\Documents\work_doc_24.docx,File Open,Sample content
FIL0007362,01/29/2026 12:20:05,USR0017,PC-USR0017-01,C:\Documents\work_doc_15.docx,File Open,Sample content
FIL0007363,01/29/2026 15:06:28,USR0017,PC-USR0017-01,C:\Documents\work_doc_36.docx,File Open,Sample content
FIL0007364,01/29/2026 09:49:12,USR0017,PC-USR0017-01,C:\Documents\work_doc_26.docx,File Open,Sample content
FIL0007365,01/29/2026 12:40:28,USR0018,PC-USR0018-01,C:\Documents\work_doc_46.docx,File Open,Sample content
FIL0007366,01/29/2026 16:03:58,USR0018,PC-USR0018-01,C:\Documents\work_doc_9.docx,File Open,Sample content
FIL0007367,01/29/2026 15:27:06,USR0018,PC-USR0018-01,C:\Documents\work_doc_6.docx,File Open,Sample content
FIL0007368,01/29/2026 16:36:35,USR0018,PC-USR0018-01,C:\Documents\work_doc_2.docx,File Open,Sample content
FIL0007369,01/29/2026 16:27:06,USR0018,PC-USR0018-01,C:\Documents\work_doc_48.docx,File Open,Sample content
FIL0007370,01/29/2026 11:49:44,USR0018,PC-USR0018-01,C:\Documents\work_doc_49.docx,File Open,Sample content
FIL0007371,01/29/2026 16:32:11,USR0018,PC-USR0018-01,C:\Documents\work_doc_34.docx,File Open,Sample content
FIL0007372,01/29/2026 10:51:53,USR0018,PC-USR0018-01,C:\Documents\work_doc_9.docx,File Open,Sample content
FIL0007373,01/29/2026 13:36:28,USR0019,PC-USR0019-01,C:\Documents\work_doc_17.docx,File Open,Sample content
FIL0007374,01/29/2026 13:31:23,USR0019,PC-USR0019-01,C:\Documents\work_doc_11.docx,File Open,Sample content
FIL0007375,01/29/2026 14:05:31,USR0019,PC-USR0019-01,C:\Documents\work_doc_17.docx,File Open,Sample content
FIL0007376,01/29/2026 16:57:31,USR0019,PC-USR0019-01,C:\Documents\work_doc_14.docx,File Open,Sample content
FIL0007377,01/29/2026 14:38:52,USR0019,PC-USR0019-01,C:\Documents\work_doc_16.docx,File Open,Sample content
FIL0007378,01/29/2026 13:59:18,USR0019,PC-USR0019-01,C:\Documents\work_doc_30.docx,File Open,Sample content
FIL0007379,01/29/2026 15:53:35,USR0019,PC-USR0019-01,C:\Documents\work_doc_2.docx,File Open,Sample content
FIL0007380,01/29/2026 13:18:00,USR0019,PC-USR0019-01,C:\Documents\work_doc_15.docx,File Open,Sample content
FIL0007381,01/29/2026 15:59:18,USR0019,PC-USR0019-01,C:\Documents\work_doc_12.docx,File Open,Sample content
FIL0007382,01/29/2026 13:08:54,USR0019,PC-USR0019-01,C:\Documents\work_doc_14.docx,File Open,Sample content
FIL0007383,01/29/2026 14:39:50,USR0019,PC-USR0019-01,C:\Documents\work_doc_8.docx,File Open,Sample content
FIL0007384,01/29/2026 16:08:54,USR0019,PC-USR0019-01,C:\Documents\work_doc_50.docx,File Open,Sample content
FIL0007385,01/29/2026 14:31:58,USR0019,PC-USR0019-01,C:\Documents\work_doc_26.docx,File Open,Sample content
FIL0007386,01/29/2026 13:18:27,USR0019,PC-USR0019-01,C:\Documents\work_doc_26.docx,File Open,Sample content
FIL0007387,01/29/2026 14:49:55,USR0019,PC-USR0019-01,C:\Documents\work_doc_40.docx,File Open,Sample content
FIL0007388,01/29/2026 13:12:27,USR0019,PC-USR0019-01,C:\Documents\work_doc_17.docx,File Open,Sample content
FIL0007389,01/29/2026 11:04:55,USR0019,PC-USR0019-01,C:\Documents\work_doc_42.docx,File Open,Sample content
FIL0007390,01/29/2026 11:46:36,USR0020,PC-USR0020-01,C:\Documents\work_doc_24.docx,File Open,Sample content
FIL0007391,01/29/2026 10:50:57,USR0020,PC-USR0020-01,C:\Documents\work_doc_43.docx,File Open,Sample content
FIL0007392,01/29/2026 12:08:54,USR0020,PC-USR0020-01,C:\Documents\work_doc_23.docx,File Open,Sample content
FIL0007393,01/29/2026 15:54:39,USR0020,PC-USR0020-01,C:\Documents\work_doc_23.docx,File Open,Sample content
FIL0007394,01/29/2026 15:26:54,USR0020,PC-USR0020-01,C:\Documents\work_doc_7.docx,File Open,Sample content
FIL0007395,01/29/2026 10:17:30,USR0020,PC-USR0020-01,C:\Documents\work_doc_49.docx,File Open,Sample content
FIL0007396,01/29/2026 16:51:11,USR0020,PC-USR0020-01,C:\Documents\work_doc_16.docx,File Open,Sample content
FIL0007397,01/29/2026 16:12:58,USR0020,PC-USR0020-01,C:\Documents\work_doc_45.docx,File Open,Sample content
FIL0007398,01/29/2026 14:19:56,USR0020,PC-USR0020-01,C:\Documents\work_doc_34.docx,File Open,Sample content
FIL0007399,01/29/2026 13:59:52,USR0020,PC-USR0020-01,C:\Documents\work_doc_1.docx,File Open,Sample content
FIL0007400,01/29/2026 12:51:23,USR0020,PC-USR0020-01,C:\Documents\work_doc_10.docx,File Open,Sample content
FIL0007401,01/29/2026 12:47:55,USR0020,PC-USR0020-01,C:\Documents\work_doc_36.docx,File Open,Sample content
FIL0007402,01/29/2026 14:19:20,USR0020,PC-USR0020-01,C:\Documents\work_doc_25.docx,File Open,Sample content
FIL0007403,01/29/2026 12:19:42,USR0021,PC-USR0021-01,C:\Documents\work_doc_25.docx,File Open,Sample content
FIL0007404,01/29/2026 14:29:02,USR0021,PC-USR0021-01,C:\Documents\work_doc_45.docx,File Open,Sample content
FIL0007405,01/29/2026 15:04:11,USR0021,PC-USR0021-01,C:\Documents\work_doc_39.docx,File Open,Sample content
FIL0007406,01/29/2026 14:00:34,USR0021,PC-USR0021-01,C:\Documents\work_doc_14.docx,File Open,Sample content
FIL0007407,01/29/2026 13:31:19,USR0021,PC-USR0021-01,C:\Documents\work_doc_5.docx,File Open,Sample content
FIL0007408,01/29/2026 10:27:48,USR0021,PC-USR0021-01,C:\Documents\work_doc_44.docx,File Open,Sample content
FIL0007409,01/29/2026 15:26:45,USR0022,PC-USR0022-01,C:\Documents\work_doc_3.docx,File Open,Sample content
FIL0007410,01/29/2026 13:01:39,USR0022,PC-USR0022-01,C:\Documents\work_doc_7.docx,File Open,Sample content
FIL0007411,01/29/2026 16:50:40,USR0022,PC-USR0022-01,C:\Documents\work_doc_41.docx,File Open,Sample content
FIL0007412,01/29/2026 09:33:03,USR0022,PC-USR0022-01,C:\Documents\work_doc_18.docx,File Open,Sample content
FIL0007413,01/29/2026 12:21:18,USR0022,PC-USR0022-01,C:\Documents\work_doc_38.docx,File Open,Sample content
FIL0007414,01/29/2026 12:29:05,USR0022,PC-USR0022-01,C:\Documents\work_doc_47.docx,File Open,Sample content
FIL0007415,01/29/2026 14:24:08,USR0022,PC-USR0022-01,C:\Documents\work_doc_35.docx,File Open,Sample content
FIL0007416,01/29/2026 13:22:03,USR0022,PC-USR0022-01,C:\Documents\work_doc_31.docx,File Open,Sample content
FIL0007417,01/29/2026 12:05:24,USR0022,PC-USR0022-01,C:\Documents\work_doc_35.docx,File Open,Sample content
FIL0007418,01/29/2026 09:28:18,USR0022,PC-USR0022-01,C:\Documents\work_doc_36.docx,File Open,Sample content
FIL0007419,01/29/2026 11:35:49,USR0022,PC-USR0022-01,C:\Documents\work_doc_20.docx,File Open,Sample content
FIL0007420,01/29/2026 09:05:53,USR0022,PC-USR0022-01,C:\Documents\work_doc_32.docx,File Open,Sample content
FIL0007421,01/29/2026 14:16:44,USR0022,PC-USR0022-01,C:\Documents\work_doc_19.docx,File Open,Sample content
FIL0007422,01/29/2026 16:36:34,USR0022,PC-USR0022-01,C:\Documents\work_doc_26.docx,File Open,Sample content
FIL0007423,01/29/2026 11:54:10,USR0022,PC-USR0022-01,C:\Documents\work_doc_40.docx,File Open,Sample content
FIL0007424,01/29/2026 16:14:53,USR0022,PC-USR0022-01,C:\Documents\work_doc_6.docx,File Open,Sample content
FIL0007425,01/29/2026 15:37:38,USR0022,PC-USR0022-01,C:\Documents\work_doc_11.docx,File Open,Sample content
FIL0007426,01/29/2026 12:49:25,USR0022,PC-USR0022-01,C:\Documents\work_doc_2.docx,File Open,Sample content
FIL0007427,01/29/2026 10:05:05,USR0022,PC-USR0022-01,C:\Documents\work_doc_49.docx,File Open,Sample content
FIL0007428,01/29/2026 15:37:54,USR0023,PC-USR0023-01,C:\Documents\work_doc_7.docx,File Open,Sample content
FIL0007429,01/29/2026 12:44:02,USR0023,PC-USR0023-01,C:\Documents\work_doc_27.docx,File Open,Sample content
FIL0007430,01/29/2026 12:43:44,USR0023,PC-USR0023-01,C:\Documents\work_doc_48.docx,File Open,Sample content
FIL0007431,01/29/2026 11:02:03,USR0023,PC-USR0023-01,C:\Documents\work_doc_46.docx,File Open,Sample content
FIL0007432,01/29/2026 10:26:10,USR0023,PC-USR0023-01,C:\Documents\work_doc_9.docx,File Open,Sample content
FIL0007433,01/29/2026 10:15:20,USR0023,PC-USR0023-01,C:\Documents\work_doc_29.docx,File Open,Sample content
FIL0007434,01/29/2026 10:42:45,USR0023,PC-USR0023-01,C:\Documents\work_doc_8.docx,File Open,Sample content
FIL0007435,01/29/2026 11:25:59,USR0023,PC-USR0023-01,C:\Documents\work_doc_7.docx,File Open,Sample content
FIL0007436,01/29/2026 15:48:40,USR0023,PC-USR0023-01,C:\Documents\work_doc_48.docx,File Open,Sample content
FIL0007437,01/29/2026 12:46:35,USR0023,PC-USR0023-01,C:\Documents\work_doc_20.docx,File Open,Sample content
FIL0007438,01/29/2026 16:54:07,USR0023,PC-USR0023-01,C:\Documents\work_doc_45.docx,File Open,Sample content
FIL0007439,01/29/2026 12:59:58,USR0023,PC-USR0023-01,C:\Documents\work_doc_20.docx,File Open,Sample content
FIL0007440,01/29/2026 09:14:21,USR0024,PC-USR0024-01,C:\Documents\work_doc_28.docx,File Open,Sample content
FIL0007441,01/29/2026 13:39:43,USR0024,PC-USR0024-01,C:\Documents\work_doc_1.docx,File Open,Sample content
FIL0007442,01/29/2026 10:04:57,USR0024,PC-USR0024-01,C:\Documents\work_doc_33.docx,File Open,Sample content
FIL0007443,01/29/2026 15:41:23,USR0024,PC-USR0024-01,C:\Documents\work_doc_8.docx,File Open,Sample content
FIL0007444,01/29/2026 13:12:03,USR0024,PC-USR0024-01,C:\Documents\work_doc_44.docx,File Open,Sample content
FIL0007445,01/29/2026 16:59:05,USR0024,PC-USR0024-01,C:\Documents\work_doc_8.docx,File Open,Sample content
FIL0007446,01/29/2026 12:21:22,USR0024,PC-USR0024-01,C:\Documents\work_doc_42.docx,File Open,Sample content
FIL0007447,01/29/2026 15:53:30,USR0024,PC-USR0024-01,C:\Documents\work_doc_39.docx,File Open,Sample content
FIL0007448,01/29/2026 11:06:51,USR0024,PC-USR0024-01,C:\Documents\work_doc_36.docx,File Open,Sample content
FIL0007449,01/29/2026 12:38:30,USR0024,PC-USR0024-01,C:\Documents\work_doc_38.docx,File Open,Sample content
FIL0007450,01/29/2026 14:34:21,USR0024,PC-USR0024-01,C:\Documents\work_doc_48.docx,File Open,Sample content
FIL0007451,01/29/2026 16:48:18,USR0024,PC-USR0024-01,C:\Documents\work_doc_7.docx,File Open,Sample content
FIL0007452,01/29/2026 16:03:07,USR0024,PC-USR0024-01,C:\Documents\work_doc_33.docx,File Open,Sample content
FIL0007453,01/29/2026 14:37:35,USR0025,PC-USR0025-01,C:\Documents\work_doc_10.docx,File Open,Sample content
FIL0007454,01/29/2026 09:15:46,USR0025,PC-USR0025-01,C:\Documents\work_doc_36.docx,File Open,Sample content
FIL0007455,01/29/2026 12:16:57,USR0025,PC-USR0025-01,C:\Documents\work_doc_39.docx,File Open,Sample content
FIL0007456,01/29/2026 16:09:25,USR0025,PC-USR0025-01,C:\Documents\work_doc_44.docx,File Open,Sample content
FIL0007457,01/29/2026 14:24:33,USR0025,PC-USR0025-01,C:\Documents\work_doc_37.docx,File Open,Sample content
FIL0007458,01/29/2026 09:40:37,USR0025,PC-USR0025-01,C:\Documents\work_doc_37.docx,File Open,Sample content
FIL0007459,01/30/2026 23:44:07,AAE0190,PC-AAE0190-01,C:\Confidential\source_code_export_5.zip,File Open,Sample content
FIL0007460,01/30/2026 21:37:24,AAE0190,PC-AAE0190-01,C:\Documents\work_doc_44.docx,File Open,Sample content
FIL0007461,01/30/2026 22:01:49,AAE0190,PC-AAE0190-01,C:\Confidential\source_code_export_8.zip,File Open,Sample content
FIL0007462,01/30/2026 22:48:53,AAE0190,PC-AAE0190-01,C:\Documents\work_doc_22.docx,File Open,Sample content
FIL0007463,01/30/2026 23:25:04,AAE0190,PC-AAE0190-01,C:\Documents\work_doc_50.docx,File Open,Sample content
FIL0007464,01/30/2026 22:48:59,AAE0190,PC-AAE0190-01,C:\Documents\work_doc_41.docx,File Open,Sample content
FIL0007465,01/30/2026 22:02:10,AAE0190,PC-AAE0190-01,C:\Documents\work_doc_2.docx,File Open,Sample content
FIL0007466,01/30/2026 21:57:15,AAE0190,PC-AAE0190-01,C:\Documents\work_doc_46.docx,File Open,Sample content
FIL0007467,01/30/2026 21:53:04,AAE0190,PC-AAE0190-01,C:\Confidential\source_code_export_9.zip,File Open,Sample content
FIL0007468,01/30/2026 22:42:29,AAE0190,PC-AAE0190-01,C:\Documents\work_doc_14.docx,File Open,Sample content
FIL0007469,01/30/2026 22:06:55,AAE0190,PC-AAE0190-01,C:\Documents\work_doc_49.docx,File Open,Sample content
FIL0007470,01/30/2026 21:57:47,AAE0190,PC-AAE0190-01,C:\Confidential\source_code_export_7.zip,File Open,Sample content
FIL0007471,01/30/2026 21:09:11,AAE0190,PC-AAE0190-01,C:\Confidential\source_code_export_4.zip,File Open,Sample content
FIL0007472,01/30/2026 22:19:06,AAE0190,PC-AAE0190-01,C:\Documents\work_doc_28.docx,File Open,Sample content
FIL0007473,01/30/2026 21:46:49,AAE0190,PC-AAE0190-01,C:\Documents\work_doc_17.docx,File Open,Sample content
FIL0007474,01/30/2026 23:43:05,AAE0190,PC-AAE0190-01,C:\Confidential\source_code_export_10.zip,File Open,Sample content
FIL0007475,01/30/2026 22:49:45,AAE0190,PC-AAE0190-01,C:\Documents\work_doc_30.docx,File Open,Sample content
FIL0007476,01/30/2026 22:18:49,AAE0190,PC-AAE0190-01,C:\Documents\work_doc_34.docx,File Open,Sample content
FIL0007477,01/30/2026 23:55:17,AAE0190,PC-AAE0190-01,C:\Documents\work_doc_39.docx,File Open,Sample content
FIL0007478,01/30/2026 21:57:52,AAE0190,PC-AAE0190-01,C:\Documents\work_doc_39.docx,File Open,Sample content
FIL0007479,01/30/2026 22:17:33,AAE0190,PC-AAE0190-01,C:\Documents\work_doc_38.docx,File Open,Sample content
FIL0007480,01/30/2026 23:55:38,AAE0190,PC-AAE0190-01,C:\Documents\work_doc_11.docx,File Open,Sample content
FIL0007481,01/30/2026 23:10:56,AAE0190,PC-AAE0190-01,C:\Documents\work_doc_11.docx,File Open,Sample content
FIL0007482,01/30/2026 23:27:42,AAE0190,PC-AAE0190-01,C:\Documents\work_doc_34.docx,File Open,Sample content
FIL0007483,01/30/2026 21:53:15,AAE0190,PC-AAE0190-01,C:\Documents\work_doc_48.docx,File Open,Sample content
FIL0007484,01/30/2026 21:01:30,AAE0190,PC-AAE0190-01,C:\Confidential\source_code_export_9.zip,File Open,Sample content
FIL0007485,01/30/2026 22:52:19,AAE0190,PC-AAE0190-01,C:\Confidential\source_code_export_4.zip,File Open,Sample content
FIL0007486,01/30/2026 23:50:04,AAE0190,PC-AAE0190-01,C:\Documents\work_doc_45.docx,File Open,Sample content
FIL0007487,01/30/2026 22:11:05,AAE0190,PC-AAE0190-01,C:\Documents\work_doc_31.docx,File Open,Sample content
FIL0007488,01/30/2026 23:42:39,AAE0190,PC-AAE0190-01,C:\Confidential\source_code_export_6.zip,File Open,Sample content
FIL0007489,01/30/2026 23:47:38,AAE0190,PC-AAE0190-01,C:\Confidential\source_code_export_5.zip,File Open,Sample content
FIL0007490,01/30/2026 23:11:16,AAE0190,PC-AAE0190-01,C:\Documents\work_doc_23.docx,File Open,Sample content
FIL0007491,01/30/2026 21:35:49,AAE0190,PC-AAE0190-01,C:\Confidential\source_code_export_1.zip,File Open,Sample content
FIL0007492,01/30/2026 22:39:19,AAE0190,PC-AAE0190-01,C:\Documents\work_doc_45.docx,File Open,Sample content
FIL0007493,01/30/2026 21:21:57,AAE0190,PC-AAE0190-01,C:\Documents\work_doc_1.docx,File Open,Sample content
FIL0007494,01/30/2026 22:09:05,AAE0190,PC-AAE0190-01,C:\Documents\work_doc_45.docx,File Open,Sample content
FIL0007495,01/30/2026 21:32:04,AAE0190,PC-AAE0190-01,C:\Documents\work_doc_31.docx,File Open,Sample content
FIL0007496,01/30/2026 23:41:09,AAE0190,PC-AAE0190-01,C:\Confidential\source_code_export_9.zip,File Open,Sample content
FIL0007497,01/30/2026 23:25:52,AAE0190,PC-AAE0190-01,C:\Documents\work_doc_19.docx,File Open,Sample content
FIL0007498,01/30/2026 22:08:17,AAE0190,PC-AAE0190-01,C:\Documents\work_doc_7.docx,File Open,Sample content
FIL0007499,01/30/2026 21:58:25,AAE0190,PC-AAE0190-01,C:\Documents\work_doc_5.docx,File Open,Sample content
FIL0007500,01/30/2026 23:27:42,AAE0190,PC-AAE0190-01,C:\Confidential\source_code_export_7.zip,File Open,Sample content
FIL0007501,01/30/2026 21:57:01,AAE0190,PC-AAE0190-01,C:\Documents\work_doc_22.docx,File Open,Sample content
FIL0007502,01/30/2026 23:19:31,AAE0190,PC-AAE0190-01,C:\Confidential\source_code_export_7.zip,File Open,Sample content
FIL0007503,01/30/2026 22:03:59,AAE0190,PC-AAE0190-01,C:\Confidential\source_code_export_2.zip,File Open,Sample content
FIL0007504,01/30/2026 21:44:17,AAE0190,PC-AAE0190-01,C:\Documents\work_doc_49.docx,File Open,Sample content
FIL0007505,01/30/2026 23:13:58,AAE0190,PC-AAE0190-01,C:\Documents\work_doc_13.docx,File Open,Sample content
FIL0007506,01/30/2026 23:21:17,AAE0190,PC-AAE0190-01,C:\Confidential\source_code_export_1.zip,File Open,Sample content
FIL0007507,01/30/2026 21:12:50,AAE0190,PC-AAE0190-01,C:\Documents\work_doc_28.docx,File Open,Sample content
FIL0007508,01/30/2026 23:00:35,AAE0190,PC-AAE0190-01,C:\Documents\work_doc_22.docx,File Open,Sample content
FIL0007509,01/30/2026 23:13:17,AAE0190,PC-AAE0190-01,C:\Confidential\source_code_export_7.zip,File Open,Sample content
FIL0007510,01/30/2026 21:59:47,AAE0190,PC-AAE0190-01,C:\Confidential\source_code_export_4.zip,File Open,Sample content
FIL0007511,01/30/2026 23:11:14,AAE0190,PC-AAE0190-01,C:\Confidential\source_code_export_8.zip,File Open,Sample content
FIL0007512,01/30/2026 21:08:13,AAE0190,PC-AAE0190-01,C:\Documents\work_doc_44.docx,File Open,Sample content
FIL0007513,01/30/2026 22:59:59,AAE0190,PC-AAE0190-01,C:\Confidential\source_code_export_4.zip,File Open,Sample content
FIL0007514,01/30/2026 23:34:03,AAE0190,PC-AAE0190-01,C:\Confidential\source_code_export_6.zip,File Open,Sample content
FIL0007515,01/30/2026 22:39:25,AAE0190,PC-AAE0190-01,C:\Documents\work_doc_20.docx,File Open,Sample content
FIL0007516,01/30/2026 23:04:22,AAE0190,PC-AAE0190-01,C:\Documents\work_doc_19.docx,File Open,Sample content
FIL0007517,01/30/2026 21:01:57,AAE0190,PC-AAE0190-01,C:\Confidential\source_code_export_6.zip,File Open,Sample content
FIL0007518,01/30/2026 23:56:10,AAE0190,PC-AAE0190-01,C:\Documents\work_doc_40.docx,File Open,Sample content
FIL0007519,01/30/2026 23:59:09,AAE0190,PC-AAE0190-01,C:\Documents\work_doc_20.docx,File Open,Sample content
FIL0007520,01/30/2026 23:51:43,AAE0190,PC-AAE0190-01,C:\Confidential\source_code_export_7.zip,File Open,Sample content
FIL0007521,01/30/2026 23:19:04,AAE0190,PC-AAE0190-01,C:\Documents\work_doc_31.docx,File Open,Sample content
FIL0007522,01/30/2026 23:50:38,AAE0190,PC-AAE0190-01,C:\Confidential\source_code_export_8.zip,File Open,Sample content
FIL0007523,01/30/2026 23:33:46,AAE0190,PC-AAE0190-01,C:\Documents\work_doc_3.docx,File Open,Sample content
FIL0007524,01/30/2026 22:10:57,AAE0190,PC-AAE0190-01,C:\Documents\work_doc_16.docx,File Open,Sample content
FIL0007525,01/30/2026 22:38:24,AAE0190,PC-AAE0190-01,C:\Documents\work_doc_14.docx,File Open,Sample content
FIL0007526,01/30/2026 23:47:25,AAE0190,PC-AAE0190-01,C:\Documents\work_doc_46.docx,File Open,Sample content
FIL0007527,01/30/2026 22:48:51,AAE0190,PC-AAE0190-01,C:\Documents\work_doc_27.docx,File Open,Sample content
FIL0007528,01/30/2026 22:19:56,AAE0190,PC-AAE0190-01,C:\Documents\work_doc_47.docx,File Open,Sample content
FIL0007529,01/30/2026 16:40:06,USR0002,PC-USR0002-01,C:\Documents\work_doc_49.docx,File Open,Sample content
FIL0007530,01/30/2026 16:01:28,USR0002,PC-USR0002-01,C:\Documents\work_doc_4.docx,File Open,Sample content
FIL0007531,01/30/2026 09:00:50,USR0002,PC-USR0002-01,C:\Documents\work_doc_14.docx,File Open,Sample content
FIL0007532,01/30/2026 13:36:50,USR0002,PC-USR0002-01,C:\Documents\work_doc_9.docx,File Open,Sample content
FIL0007533,01/30/2026 10:57:31,USR0002,PC-USR0002-01,C:\Documents\work_doc_22.docx,File Open,Sample content
FIL0007534,01/30/2026 12:15:44,USR0002,PC-USR0002-01,C:\Documents\work_doc_26.docx,File Open,Sample content
FIL0007535,01/30/2026 10:17:34,USR0002,PC-USR0002-01,C:\Documents\work_doc_23.docx,File Open,Sample content
FIL0007536,01/30/2026 12:18:09,USR0002,PC-USR0002-01,C:\Documents\work_doc_14.docx,File Open,Sample content
FIL0007537,01/30/2026 11:57:05,USR0002,PC-USR0002-01,C:\Documents\work_doc_27.docx,File Open,Sample content
FIL0007538,01/30/2026 15:33:15,USR0002,PC-USR0002-01,C:\Documents\work_doc_12.docx,File Open,Sample content
FIL0007539,01/30/2026 13:41:22,USR0003,PC-USR0003-01,C:\Documents\work_doc_37.docx,File Open,Sample content
FIL0007540,01/30/2026 09:25:26,USR0003,PC-USR0003-01,C:\Documents\work_doc_46.docx,File Open,Sample content
FIL0007541,01/30/2026 10:21:34,USR0003,PC-USR0003-01,C:\Documents\work_doc_45.docx,File Open,Sample content
FIL0007542,01/30/2026 11:54:59,USR0003,PC-USR0003-01,C:\Documents\work_doc_25.docx,File Open,Sample content
FIL0007543,01/30/2026 15:15:53,USR0003,PC-USR0003-01,C:\Documents\work_doc_18.docx,File Open,Sample content
FIL0007544,01/30/2026 09:17:40,USR0003,PC-USR0003-01,C:\Documents\work_doc_34.docx,File Open,Sample content
FIL0007545,01/30/2026 13:02:41,USR0003,PC-USR0003-01,C:\Documents\work_doc_27.docx,File Open,Sample content
FIL0007546,01/30/2026 16:25:16,USR0003,PC-USR0003-01,C:\Documents\work_doc_26.docx,File Open,Sample content
FIL0007547,01/30/2026 16:29:22,USR0003,PC-USR0003-01,C:\Documents\work_doc_19.docx,File Open,Sample content
FIL0007548,01/30/2026 15:34:35,USR0003,PC-USR0003-01,C:\Documents\work_doc_7.docx,File Open,Sample content
FIL0007549,01/30/2026 10:37:24,USR0003,PC-USR0003-01,C:\Documents\work_doc_42.docx,File Open,Sample content
FIL0007550,01/30/2026 16:27:29,USR0003,PC-USR0003-01,C:\Documents\work_doc_21.docx,File Open,Sample content
FIL0007551,01/30/2026 13:44:09,USR0003,PC-USR0003-01,C:\Documents\work_doc_38.docx,File Open,Sample content
FIL0007552,01/30/2026 10:55:33,USR0003,PC-USR0003-01,C:\Documents\work_doc_23.docx,File Open,Sample content
FIL0007553,01/30/2026 09:42:19,USR0003,PC-USR0003-01,C:\Documents\work_doc_20.docx,File Open,Sample content
FIL0007554,01/30/2026 14:01:49,USR0003,PC-USR0003-01,C:\Documents\work_doc_29.docx,File Open,Sample content
FIL0007555,01/30/2026 15:30:03,USR0003,PC-USR0003-01,C:\Documents\work_doc_35.docx,File Open,Sample content
FIL0007556,01/30/2026 16:14:02,USR0003,PC-USR0003-01,C:\Documents\work_doc_4.docx,File Open,Sample content
FIL0007557,01/30/2026 09:52:05,USR0004,PC-USR0004-01,C:\Documents\work_doc_23.docx,File Open,Sample content
FIL0007558,01/30/2026 10:42:42,USR0004,PC-USR0004-01,C:\Documents\work_doc_2.docx,File Open,Sample content
FIL0007559,01/30/2026 12:46:38,USR0004,PC-USR0004-01,C:\Documents\work_doc_33.docx,File Open,Sample content
FIL0007560,01/30/2026 16:38:49,USR0004,PC-USR0004-01,C:\Documents\work_doc_22.docx,File Open,Sample content
FIL0007561,01/30/2026 16:28:59,USR0004,PC-USR0004-01,C:\Documents\work_doc_1.docx,File Open,Sample content
FIL0007562,01/30/2026 09:18:50,USR0004,PC-USR0004-01,C:\Documents\work_doc_49.docx,File Open,Sample content
FIL0007563,01/30/2026 12:51:04,USR0004,PC-USR0004-01,C:\Documents\work_doc_24.docx,File Open,Sample content
FIL0007564,01/30/2026 14:39:18,USR0004,PC-USR0004-01,C:\Documents\work_doc_8.docx,File Open,Sample content
FIL0007565,01/30/2026 11:17:08,USR0004,PC-USR0004-01,C:\Documents\work_doc_33.docx,File Open,Sample content
FIL0007566,01/30/2026 09:12:14,USR0004,PC-USR0004-01,C:\Documents\work_doc_4.docx,File Open,Sample content
FIL0007567,01/30/2026 10:52:58,USR0004,PC-USR0004-01,C:\Documents\work_doc_23.docx,File Open,Sample content
FIL0007568,01/30/2026 11:37:58,USR0004,PC-USR0004-01,C:\Documents\work_doc_23.docx,File Open,Sample content
FIL0007569,01/30/2026 12:05:28,USR0004,PC-USR0004-01,C:\Documents\work_doc_7.docx,File Open,Sample content
FIL0007570,01/30/2026 12:10:54,USR0004,PC-USR0004-01,C:\Documents\work_doc_1.docx,File Open,Sample content
FIL0007571,01/30/2026 10:42:08,USR0004,PC-USR0004-01,C:\Documents\work_doc_7.docx,File Open,Sample content
FIL0007572,01/30/2026 11:23:55,USR0004,PC-USR0004-01,C:\Documents\work_doc_14.docx,File Open,Sample content
FIL0007573,01/30/2026 11:50:53,USR0004,PC-USR0004-01,C:\Documents\work_doc_10.docx,File Open,Sample content
FIL0007574,01/30/2026 11:23:05,USR0004,PC-USR0004-01,C:\Documents\work_doc_38.docx,File Open,Sample content
FIL0007575,01/30/2026 11:36:20,USR0004,PC-USR0004-01,C:\Documents\work_doc_18.docx,File Open,Sample content
FIL0007576,01/30/2026 12:25:21,USR0004,PC-USR0004-01,C:\Documents\work_doc_32.docx,File Open,Sample content
FIL0007577,01/30/2026 16:20:20,USR0005,PC-USR0005-01,C:\Documents\work_doc_50.docx,File Open,Sample content
FIL0007578,01/30/2026 11:41:04,USR0005,PC-USR0005-01,C:\Documents\work_doc_46.docx,File Open,Sample content
FIL0007579,01/30/2026 09:08:49,USR0005,PC-USR0005-01,C:\Documents\work_doc_31.docx,File Open,Sample content
FIL0007580,01/30/2026 14:35:13,USR0005,PC-USR0005-01,C:\Documents\work_doc_22.docx,File Open,Sample content
FIL0007581,01/30/2026 14:53:02,USR0005,PC-USR0005-01,C:\Documents\work_doc_1.docx,File Open,Sample content
FIL0007582,01/30/2026 14:45:01,USR0005,PC-USR0005-01,C:\Documents\work_doc_7.docx,File Open,Sample content
FIL0007583,01/30/2026 09:42:42,USR0005,PC-USR0005-01,C:\Documents\work_doc_23.docx,File Open,Sample content
FIL0007584,01/30/2026 09:03:41,USR0005,PC-USR0005-01,C:\Documents\work_doc_46.docx,File Open,Sample content
FIL0007585,01/30/2026 15:28:10,USR0005,PC-USR0005-01,C:\Documents\work_doc_2.docx,File Open,Sample content
FIL0007586,01/30/2026 11:48:33,USR0005,PC-USR0005-01,C:\Documents\work_doc_36.docx,File Open,Sample content
FIL0007587,01/30/2026 14:31:55,USR0005,PC-USR0005-01,C:\Documents\work_doc_48.docx,File Open,Sample content
FIL0007588,01/30/2026 14:47:45,USR0005,PC-USR0005-01,C:\Documents\work_doc_19.docx,File Open,Sample content
FIL0007589,01/30/2026 12:26:30,USR0005,PC-USR0005-01,C:\Documents\work_doc_32.docx,File Open,Sample content
FIL0007590,01/30/2026 16:20:57,USR0005,PC-USR0005-01,C:\Documents\work_doc_38.docx,File Open,Sample content
FIL0007591,01/30/2026 16:48:57,USR0005,PC-USR0005-01,C:\Documents\work_doc_1.docx,File Open,Sample content
FIL0007592,01/30/2026 14:09:35,USR0005,PC-USR0005-01,C:\Documents\work_doc_35.docx,File Open,Sample content
FIL0007593,01/30/2026 14:37:51,USR0005,PC-USR0005-01,C:\Documents\work_doc_19.docx,File Open,Sample content
FIL0007594,01/30/2026 16:00:05,USR0006,PC-USR0006-01,C:\Documents\work_doc_10.docx,File Open,Sample content
FIL0007595,01/30/2026 10:29:33,USR0006,PC-USR0006-01,C:\Documents\work_doc_11.docx,File Open,Sample content
FIL0007596,01/30/2026 11:40:53,USR0006,PC-USR0006-01,C:\Documents\work_doc_18.docx,File Open,Sample content
FIL0007597,01/30/2026 10:54:24,USR0006,PC-USR0006-01,C:\Documents\work_doc_19.docx,File Open,Sample content
FIL0007598,01/30/2026 13:48:37,USR0006,PC-USR0006-01,C:\Documents\work_doc_42.docx,File Open,Sample content
FIL0007599,01/30/2026 10:09:51,USR0006,PC-USR0006-01,C:\Documents\work_doc_17.docx,File Open,Sample content
FIL0007600,01/30/2026 12:21:18,USR0006,PC-USR0006-01,C:\Documents\work_doc_21.docx,File Open,Sample content
FIL0007601,01/30/2026 11:24:34,USR0006,PC-USR0006-01,C:\Documents\work_doc_42.docx,File Open,Sample content
FIL0007602,01/30/2026 12:36:22,USR0006,PC-USR0006-01,C:\Documents\work_doc_12.docx,File Open,Sample content
FIL0007603,01/30/2026 13:25:14,USR0006,PC-USR0006-01,C:\Documents\work_doc_39.docx,File Open,Sample content
FIL0007604,01/30/2026 14:21:15,USR0006,PC-USR0006-01,C:\Documents\work_doc_2.docx,File Open,Sample content
FIL0007605,01/30/2026 15:42:24,USR0006,PC-USR0006-01,C:\Documents\work_doc_21.docx,File Open,Sample content
FIL0007606,01/30/2026 14:09:28,USR0006,PC-USR0006-01,C:\Documents\work_doc_26.docx,File Open,Sample content
FIL0007607,01/30/2026 15:23:18,USR0006,PC-USR0006-01,C:\Documents\work_doc_2.docx,File Open,Sample content
FIL0007608,01/30/2026 16:32:25,USR0007,PC-USR0007-01,C:\Documents\work_doc_17.docx,File Open,Sample content
FIL0007609,01/30/2026 11:52:24,USR0007,PC-USR0007-01,C:\Documents\work_doc_2.docx,File Open,Sample content
FIL0007610,01/30/2026 10:14:23,USR0007,PC-USR0007-01,C:\Documents\work_doc_34.docx,File Open,Sample content
FIL0007611,01/30/2026 16:48:24,USR0007,PC-USR0007-01,C:\Documents\work_doc_39.docx,File Open,Sample content
FIL0007612,01/30/2026 14:10:31,USR0007,PC-USR0007-01,C:\Documents\work_doc_15.docx,File Open,Sample content
FIL0007613,01/30/2026 13:31:59,USR0007,PC-USR0007-01,C:\Documents\work_doc_11.docx,File Open,Sample content
FIL0007614,01/30/2026 13:48:58,USR0007,PC-USR0007-01,C:\Documents\work_doc_40.docx,File Open,Sample content
FIL0007615,01/30/2026 15:22:56,USR0007,PC-USR0007-01,C:\Documents\work_doc_24.docx,File Open,Sample content
FIL0007616,01/30/2026 13:45:40,USR0008,PC-USR0008-01,C:\Documents\work_doc_30.docx,File Open,Sample content
FIL0007617,01/30/2026 15:02:53,USR0008,PC-USR0008-01,C:\Documents\work_doc_33.docx,File Open,Sample content
FIL0007618,01/30/2026 12:01:58,USR0008,PC-USR0008-01,C:\Documents\work_doc_34.docx,File Open,Sample content
FIL0007619,01/30/2026 09:27:46,USR0008,PC-USR0008-01,C:\Documents\work_doc_20.docx,File Open,Sample content
FIL0007620,01/30/2026 10:26:47,USR0008,PC-USR0008-01,C:\Documents\work_doc_29.docx,File Open,Sample content
FIL0007621,01/30/2026 14:11:23,USR0008,PC-USR0008-01,C:\Documents\work_doc_7.docx,File Open,Sample content
FIL0007622,01/30/2026 10:19:12,USR0009,PC-USR0009-01,C:\Documents\work_doc_22.docx,File Open,Sample content
FIL0007623,01/30/2026 14:51:03,USR0009,PC-USR0009-01,C:\Documents\work_doc_38.docx,File Open,Sample content
FIL0007624,01/30/2026 13:03:19,USR0009,PC-USR0009-01,C:\Documents\work_doc_30.docx,File Open,Sample content
FIL0007625,01/30/2026 13:18:39,USR0009,PC-USR0009-01,C:\Documents\work_doc_26.docx,File Open,Sample content
FIL0007626,01/30/2026 13:23:23,USR0009,PC-USR0009-01,C:\Documents\work_doc_42.docx,File Open,Sample content
FIL0007627,01/30/2026 09:52:41,USR0009,PC-USR0009-01,C:\Documents\work_doc_40.docx,File Open,Sample content
FIL0007628,01/30/2026 12:51:14,USR0009,PC-USR0009-01,C:\Documents\work_doc_37.docx,File Open,Sample content
FIL0007629,01/30/2026 11:44:18,USR0009,PC-USR0009-01,C:\Documents\work_doc_45.docx,File Open,Sample content
FIL0007630,01/30/2026 14:31:32,USR0009,PC-USR0009-01,C:\Documents\work_doc_21.docx,File Open,Sample content
FIL0007631,01/30/2026 10:59:07,USR0010,PC-USR0010-01,C:\Documents\work_doc_49.docx,File Open,Sample content
FIL0007632,01/30/2026 15:18:16,USR0010,PC-USR0010-01,C:\Documents\work_doc_34.docx,File Open,Sample content
FIL0007633,01/30/2026 10:46:01,USR0010,PC-USR0010-01,C:\Documents\work_doc_30.docx,File Open,Sample content
FIL0007634,01/30/2026 11:35:53,USR0010,PC-USR0010-01,C:\Documents\work_doc_50.docx,File Open,Sample content
FIL0007635,01/30/2026 13:13:10,USR0010,PC-USR0010-01,C:\Documents\work_doc_21.docx,File Open,Sample content
FIL0007636,01/30/2026 13:02:54,USR0010,PC-USR0010-01,C:\Documents\work_doc_6.docx,File Open,Sample content
FIL0007637,01/30/2026 11:18:08,USR0010,PC-USR0010-01,C:\Documents\work_doc_20.docx,File Open,Sample content
FIL0007638,01/30/2026 15:19:08,USR0010,PC-USR0010-01,C:\Documents\work_doc_18.docx,File Open,Sample content
FIL0007639,01/30/2026 09:54:11,USR0010,PC-USR0010-01,C:\Documents\work_doc_41.docx,File Open,Sample content
FIL0007640,01/30/2026 14:59:40,USR0010,PC-USR0010-01,C:\Documents\work_doc_10.docx,File Open,Sample content
FIL0007641,01/30/2026 16:43:41,USR0010,PC-USR0010-01,C:\Documents\work_doc_31.docx,File Open,Sample content
FIL0007642,01/30/2026 16:59:24,USR0010,PC-USR0010-01,C:\Documents\work_doc_31.docx,File Open,Sample content
FIL0007643,01/30/2026 15:29:57,USR0010,PC-USR0010-01,C:\Documents\work_doc_18.docx,File Open,Sample content
FIL0007644,01/30/2026 16:43:27,USR0010,PC-USR0010-01,C:\Documents\work_doc_40.docx,File Open,Sample content
FIL0007645,01/30/2026 09:27:04,USR0010,PC-USR0010-01,C:\Documents\work_doc_11.docx,File Open,Sample content
FIL0007646,01/30/2026 13:09:30,USR0011,PC-USR0011-01,C:\Documents\work_doc_37.docx,File Open,Sample content
FIL0007647,01/30/2026 15:00:11,USR0011,PC-USR0011-01,C:\Documents\work_doc_10.docx,File Open,Sample content
FIL0007648,01/30/2026 09:52:05,USR0011,PC-USR0011-01,C:\Documents\work_doc_8.docx,File Open,Sample content
FIL0007649,01/30/2026 16:02:43,USR0011,PC-USR0011-01,C:\Documents\work_doc_13.docx,File Open,Sample content
FIL0007650,01/30/2026 12:07:23,USR0011,PC-USR0011-01,C:\Documents\work_doc_43.docx,File Open,Sample content
FIL0007651,01/30/2026 09:49:17,USR0011,PC-USR0011-01,C:\Documents\work_doc_41.docx,File Open,Sample content
FIL0007652,01/30/2026 14:47:05,USR0011,PC-USR0011-01,C:\Documents\work_doc_36.docx,File Open,Sample content
FIL0007653,01/30/2026 13:40:54,USR0012,PC-USR0012-01,C:\Documents\work_doc_21.docx,File Open,Sample content
FIL0007654,01/30/2026 09:31:10,USR0012,PC-USR0012-01,C:\Documents\work_doc_49.docx,File Open,Sample content
FIL0007655,01/30/2026 14:03:06,USR0012,PC-USR0012-01,C:\Documents\work_doc_20.docx,File Open,Sample content
FIL0007656,01/30/2026 11:25:05,USR0012,PC-USR0012-01,C:\Documents\work_doc_27.docx,File Open,Sample content
FIL0007657,01/30/2026 16:04:51,USR0012,PC-USR0012-01,C:\Documents\work_doc_43.docx,File Open,Sample content
FIL0007658,01/30/2026 15:03:18,USR0012,PC-USR0012-01,C:\Documents\work_doc_33.docx,File Open,Sample content
FIL0007659,01/30/2026 11:49:40,USR0012,PC-USR0012-01,C:\Documents\work_doc_12.docx,File Open,Sample content
FIL0007660,01/30/2026 12:34:12,USR0012,PC-USR0012-01,C:\Documents\work_doc_43.docx,File Open,Sample content
FIL0007661,01/30/2026 15:55:02,USR0012,PC-USR0012-01,C:\Documents\work_doc_43.docx,File Open,Sample content
FIL0007662,01/30/2026 10:42:00,USR0012,PC-USR0012-01,C:\Documents\work_doc_18.docx,File Open,Sample content
FIL0007663,01/30/2026 10:39:32,USR0012,PC-USR0012-01,C:\Documents\work_doc_33.docx,File Open,Sample content
FIL0007664,01/30/2026 15:15:13,USR0012,PC-USR0012-01,C:\Documents\work_doc_47.docx,File Open,Sample content
FIL0007665,01/30/2026 09:05:45,USR0012,PC-USR0012-01,C:\Documents\work_doc_16.docx,File Open,Sample content
FIL0007666,01/30/2026 10:42:29,USR0012,PC-USR0012-01,C:\Documents\work_doc_17.docx,File Open,Sample content
FIL0007667,01/30/2026 14:42:07,USR0013,PC-USR0013-01,C:\Documents\work_doc_42.docx,File Open,Sample content
FIL0007668,01/30/2026 14:42:11,USR0013,PC-USR0013-01,C:\Documents\work_doc_24.docx,File Open,Sample content
FIL0007669,01/30/2026 16:26:05,USR0013,PC-USR0013-01,C:\Documents\work_doc_24.docx,File Open,Sample content
FIL0007670,01/30/2026 13:55:01,USR0013,PC-USR0013-01,C:\Documents\work_doc_39.docx,File Open,Sample content
FIL0007671,01/30/2026 11:25:21,USR0013,PC-USR0013-01,C:\Documents\work_doc_27.docx,File Open,Sample content
FIL0007672,01/30/2026 16:58:36,USR0013,PC-USR0013-01,C:\Documents\work_doc_22.docx,File Open,Sample content
FIL0007673,01/30/2026 10:11:33,USR0013,PC-USR0013-01,C:\Documents\work_doc_38.docx,File Open,Sample content
FIL0007674,01/30/2026 16:08:09,USR0013,PC-USR0013-01,C:\Documents\work_doc_9.docx,File Open,Sample content
FIL0007675,01/30/2026 11:38:42,USR0013,PC-USR0013-01,C:\Documents\work_doc_40.docx,File Open,Sample content
FIL0007676,01/30/2026 15:13:08,USR0013,PC-USR0013-01,C:\Documents\work_doc_40.docx,File Open,Sample content
FIL0007677,01/30/2026 09:25:22,USR0013,PC-USR0013-01,C:\Documents\work_doc_8.docx,File Open,Sample content
FIL0007678,01/30/2026 09:29:07,USR0014,PC-USR0014-01,C:\Documents\work_doc_23.docx,File Open,Sample content
FIL0007679,01/30/2026 11:20:37,USR0014,PC-USR0014-01,C:\Documents\work_doc_26.docx,File Open,Sample content
FIL0007680,01/30/2026 12:02:22,USR0014,PC-USR0014-01,C:\Documents\work_doc_30.docx,File Open,Sample content
FIL0007681,01/30/2026 10:25:21,USR0014,PC-USR0014-01,C:\Documents\work_doc_25.docx,File Open,Sample content
FIL0007682,01/30/2026 10:49:35,USR0014,PC-USR0014-01,C:\Documents\work_doc_42.docx,File Open,Sample content
FIL0007683,01/30/2026 16:59:22,USR0014,PC-USR0014-01,C:\Documents\work_doc_14.docx,File Open,Sample content
FIL0007684,01/30/2026 09:14:40,USR0014,PC-USR0014-01,C:\Documents\work_doc_28.docx,File Open,Sample content
FIL0007685,01/30/2026 11:35:35,USR0015,PC-USR0015-01,C:\Documents\work_doc_27.docx,File Open,Sample content
FIL0007686,01/30/2026 13:33:39,USR0015,PC-USR0015-01,C:\Documents\work_doc_29.docx,File Open,Sample content
FIL0007687,01/30/2026 09:23:08,USR0015,PC-USR0015-01,C:\Documents\work_doc_10.docx,File Open,Sample content
FIL0007688,01/30/2026 09:50:03,USR0015,PC-USR0015-01,C:\Documents\work_doc_39.docx,File Open,Sample content
FIL0007689,01/30/2026 15:30:40,USR0015,PC-USR0015-01,C:\Documents\work_doc_26.docx,File Open,Sample content
FIL0007690,01/30/2026 12:36:21,USR0015,PC-USR0015-01,C:\Documents\work_doc_28.docx,File Open,Sample content
FIL0007691,01/30/2026 12:38:36,USR0015,PC-USR0015-01,C:\Documents\work_doc_47.docx,File Open,Sample content
FIL0007692,01/30/2026 09:20:02,USR0015,PC-USR0015-01,C:\Documents\work_doc_12.docx,File Open,Sample content
FIL0007693,01/30/2026 09:11:15,USR0015,PC-USR0015-01,C:\Documents\work_doc_5.docx,File Open,Sample content
FIL0007694,01/30/2026 10:20:18,USR0015,PC-USR0015-01,C:\Documents\work_doc_39.docx,File Open,Sample content
FIL0007695,01/30/2026 12:19:23,USR0015,PC-USR0015-01,C:\Documents\work_doc_6.docx,File Open,Sample content
FIL0007696,01/30/2026 13:32:42,USR0015,PC-USR0015-01,C:\Documents\work_doc_18.docx,File Open,Sample content
FIL0007697,01/30/2026 12:08:36,USR0015,PC-USR0015-01,C:\Documents\work_doc_44.docx,File Open,Sample content
FIL0007698,01/30/2026 11:26:27,USR0015,PC-USR0015-01,C:\Documents\work_doc_21.docx,File Open,Sample content
FIL0007699,01/30/2026 11:19:26,USR0015,PC-USR0015-01,C:\Documents\work_doc_42.docx,File Open,Sample content
FIL0007700,01/30/2026 16:57:53,USR0015,PC-USR0015-01,C:\Documents\work_doc_31.docx,File Open,Sample content
FIL0007701,01/30/2026 15:45:09,USR0015,PC-USR0015-01,C:\Documents\work_doc_37.docx,File Open,Sample content
FIL0007702,01/30/2026 16:04:59,USR0016,PC-USR0016-01,C:\Documents\work_doc_35.docx,File Open,Sample content
FIL0007703,01/30/2026 12:20:03,USR0016,PC-USR0016-01,C:\Documents\work_doc_14.docx,File Open,Sample content
FIL0007704,01/30/2026 09:28:01,USR0016,PC-USR0016-01,C:\Documents\work_doc_32.docx,File Open,Sample content
FIL0007705,01/30/2026 11:03:54,USR0016,PC-USR0016-01,C:\Documents\work_doc_24.docx,File Open,Sample content
FIL0007706,01/30/2026 11:01:58,USR0016,PC-USR0016-01,C:\Documents\work_doc_28.docx,File Open,Sample content
FIL0007707,01/30/2026 16:10:51,USR0016,PC-USR0016-01,C:\Documents\work_doc_25.docx,File Open,Sample content
FIL0007708,01/30/2026 10:50:06,USR0016,PC-USR0016-01,C:\Documents\work_doc_2.docx,File Open,Sample content
FIL0007709,01/30/2026 11:26:05,USR0016,PC-USR0016-01,C:\Documents\work_doc_36.docx,File Open,Sample content
FIL0007710,01/30/2026 16:44:20,USR0016,PC-USR0016-01,C:\Documents\work_doc_6.docx,File Open,Sample content
FIL0007711,01/30/2026 15:51:05,USR0016,PC-USR0016-01,C:\Documents\work_doc_46.docx,File Open,Sample content
FIL0007712,01/30/2026 09:02:11,USR0016,PC-USR0016-01,C:\Documents\work_doc_43.docx,File Open,Sample content
FIL0007713,01/30/2026 15:18:53,USR0016,PC-USR0016-01,C:\Documents\work_doc_36.docx,File Open,Sample content
FIL0007714,01/30/2026 09:48:49,USR0017,PC-USR0017-01,C:\Documents\work_doc_24.docx,File Open,Sample content
FIL0007715,01/30/2026 09:11:18,USR0017,PC-USR0017-01,C:\Documents\work_doc_50.docx,File Open,Sample content
FIL0007716,01/30/2026 10:38:43,USR0017,PC-USR0017-01,C:\Documents\work_doc_48.docx,File Open,Sample content
FIL0007717,01/30/2026 14:19:27,USR0017,PC-USR0017-01,C:\Documents\work_doc_45.docx,File Open,Sample content
FIL0007718,01/30/2026 09:28:48,USR0017,PC-USR0017-01,C:\Documents\work_doc_6.docx,File Open,Sample content
FIL0007719,01/30/2026 09:26:26,USR0017,PC-USR0017-01,C:\Documents\work_doc_21.docx,File Open,Sample content
FIL0007720,01/30/2026 10:35:00,USR0017,PC-USR0017-01,C:\Documents\work_doc_47.docx,File Open,Sample content
FIL0007721,01/30/2026 11:07:12,USR0017,PC-USR0017-01,C:\Documents\work_doc_17.docx,File Open,Sample content
FIL0007722,01/30/2026 11:42:09,USR0017,PC-USR0017-01,C:\Documents\work_doc_42.docx,File Open,Sample content
FIL0007723,01/30/2026 11:04:34,USR0017,PC-USR0017-01,C:\Documents\work_doc_37.docx,File Open,Sample content
FIL0007724,01/30/2026 12:27:18,USR0017,PC-USR0017-01,C:\Documents\work_doc_21.docx,File Open,Sample content
FIL0007725,01/30/2026 13:35:00,USR0018,PC-USR0018-01,C:\Documents\work_doc_5.docx,File Open,Sample content
FIL0007726,01/30/2026 16:14:57,USR0018,PC-USR0018-01,C:\Documents\work_doc_39.docx,File Open,Sample content
FIL0007727,01/30/2026 12:18:24,USR0018,PC-USR0018-01,C:\Documents\work_doc_13.docx,File Open,Sample content
FIL0007728,01/30/2026 12:10:03,USR0018,PC-USR0018-01,C:\Documents\work_doc_5.docx,File Open,Sample content
FIL0007729,01/30/2026 09:57:01,USR0018,PC-USR0018-01,C:\Documents\work_doc_38.docx,File Open,Sample content
FIL0007730,01/30/2026 15:36:43,USR0018,PC-USR0018-01,C:\Documents\work_doc_28.docx,File Open,Sample content
FIL0007731,01/30/2026 15:15:27,USR0018,PC-USR0018-01,C:\Documents\work_doc_34.docx,File Open,Sample content
FIL0007732,01/30/2026 13:33:55,USR0018,PC-USR0018-01,C:\Documents\work_doc_22.docx,File Open,Sample content
FIL0007733,01/30/2026 09:13:55,USR0018,PC-USR0018-01,C:\Documents\work_doc_22.docx,File Open,Sample content
FIL0007734,01/30/2026 16:26:04,USR0018,PC-USR0018-01,C:\Documents\work_doc_24.docx,File Open,Sample content
FIL0007735,01/30/2026 11:40:05,USR0018,PC-USR0018-01,C:\Documents\work_doc_27.docx,File Open,Sample content
FIL0007736,01/30/2026 13:10:00,USR0018,PC-USR0018-01,C:\Documents\work_doc_21.docx,File Open,Sample content
FIL0007737,01/30/2026 11:50:31,USR0018,PC-USR0018-01,C:\Documents\work_doc_7.docx,File Open,Sample content
FIL0007738,01/30/2026 14:04:49,USR0018,PC-USR0018-01,C:\Documents\work_doc_29.docx,File Open,Sample content
FIL0007739,01/30/2026 14:08:00,USR0018,PC-USR0018-01,C:\Documents\work_doc_2.docx,File Open,Sample content
FIL0007740,01/30/2026 14:24:20,USR0018,PC-USR0018-01,C:\Documents\work_doc_47.docx,File Open,Sample content
FIL0007741,01/30/2026 11:36:04,USR0018,PC-USR0018-01,C:\Documents\work_doc_4.docx,File Open,Sample content
FIL0007742,01/30/2026 14:55:37,USR0019,PC-USR0019-01,C:\Documents\work_doc_38.docx,File Open,Sample content
FIL0007743,01/30/2026 13:18:39,USR0019,PC-USR0019-01,C:\Documents\work_doc_45.docx,File Open,Sample content
FIL0007744,01/30/2026 09:00:24,USR0019,PC-USR0019-01,C:\Documents\work_doc_18.docx,File Open,Sample content
FIL0007745,01/30/2026 13:30:25,USR0019,PC-USR0019-01,C:\Documents\work_doc_27.docx,File Open,Sample content
FIL0007746,01/30/2026 12:46:15,USR0019,PC-USR0019-01,C:\Documents\work_doc_46.docx,File Open,Sample content
FIL0007747,01/30/2026 12:54:47,USR0019,PC-USR0019-01,C:\Documents\work_doc_32.docx,File Open,Sample content
FIL0007748,01/30/2026 09:40:16,USR0019,PC-USR0019-01,C:\Documents\work_doc_3.docx,File Open,Sample content
FIL0007749,01/30/2026 09:16:25,USR0019,PC-USR0019-01,C:\Documents\work_doc_26.docx,File Open,Sample content
FIL0007750,01/30/2026 12:33:31,USR0019,PC-USR0019-01,C:\Documents\work_doc_7.docx,File Open,Sample content
FIL0007751,01/30/2026 09:55:31,USR0019,PC-USR0019-01,C:\Documents\work_doc_48.docx,File Open,Sample content
FIL0007752,01/30/2026 10:47:40,USR0019,PC-USR0019-01,C:\Documents\work_doc_47.docx,File Open,Sample content
FIL0007753,01/30/2026 15:08:36,USR0019,PC-USR0019-01,C:\Documents\work_doc_41.docx,File Open,Sample content
FIL0007754,01/30/2026 11:25:58,USR0019,PC-USR0019-01,C:\Documents\work_doc_37.docx,File Open,Sample content
FIL0007755,01/30/2026 10:01:40,USR0019,PC-USR0019-01,C:\Documents\work_doc_40.docx,File Open,Sample content
FIL0007756,01/30/2026 10:16:14,USR0019,PC-USR0019-01,C:\Documents\work_doc_16.docx,File Open,Sample content
FIL0007757,01/30/2026 16:21:04,USR0019,PC-USR0019-01,C:\Documents\work_doc_35.docx,File Open,Sample content
FIL0007758,01/30/2026 14:36:23,USR0019,PC-USR0019-01,C:\Documents\work_doc_42.docx,File Open,Sample content
FIL0007759,01/30/2026 10:37:23,USR0019,PC-USR0019-01,C:\Documents\work_doc_10.docx,File Open,Sample content
FIL0007760,01/30/2026 16:29:21,USR0020,PC-USR0020-01,C:\Documents\work_doc_32.docx,File Open,Sample content
FIL0007761,01/30/2026 09:35:06,USR0020,PC-USR0020-01,C:\Documents\work_doc_39.docx,File Open,Sample content
FIL0007762,01/30/2026 16:05:16,USR0020,PC-USR0020-01,C:\Documents\work_doc_15.docx,File Open,Sample content
FIL0007763,01/30/2026 12:33:46,USR0020,PC-USR0020-01,C:\Documents\work_doc_46.docx,File Open,Sample content
FIL0007764,01/30/2026 16:17:10,USR0020,PC-USR0020-01,C:\Documents\work_doc_43.docx,File Open,Sample content
FIL0007765,01/30/2026 12:13:42,USR0020,PC-USR0020-01,C:\Documents\work_doc_39.docx,File Open,Sample content
FIL0007766,01/30/2026 12:47:04,USR0020,PC-USR0020-01,C:\Documents\work_doc_28.docx,File Open,Sample content
FIL0007767,01/30/2026 15:45:02,USR0020,PC-USR0020-01,C:\Documents\work_doc_34.docx,File Open,Sample content
FIL0007768,01/30/2026 15:05:15,USR0020,PC-USR0020-01,C:\Documents\work_doc_44.docx,File Open,Sample content
FIL0007769,01/30/2026 13:00:26,USR0020,PC-USR0020-01,C:\Documents\work_doc_36.docx,File Open,Sample content
FIL0007770,01/30/2026 16:16:14,USR0020,PC-USR0020-01,C:\Documents\work_doc_43.docx,File Open,Sample content
FIL0007771,01/30/2026 13:42:23,USR0020,PC-USR0020-01,C:\Documents\work_doc_43.docx,File Open,Sample content
FIL0007772,01/30/2026 10:47:46,USR0021,PC-USR0021-01,C:\Documents\work_doc_20.docx,File Open,Sample content
FIL0007773,01/30/2026 15:54:29,USR0021,PC-USR0021-01,C:\Documents\work_doc_17.docx,File Open,Sample content
FIL0007774,01/30/2026 10:12:35,USR0021,PC-USR0021-01,C:\Documents\work_doc_47.docx,File Open,Sample content
FIL0007775,01/30/2026 14:08:55,USR0021,PC-USR0021-01,C:\Documents\work_doc_24.docx,File Open,Sample content
FIL0007776,01/30/2026 14:30:30,USR0021,PC-USR0021-01,C:\Documents\work_doc_30.docx,File Open,Sample content
FIL0007777,01/30/2026 12:15:53,USR0021,PC-USR0021-01,C:\Documents\work_doc_25.docx,File Open,Sample content
FIL0007778,01/30/2026 10:39:22,USR0021,PC-USR0021-01,C:\Documents\work_doc_47.docx,File Open,Sample content
FIL0007779,01/30/2026 16:44:01,USR0021,PC-USR0021-01,C:\Documents\work_doc_44.docx,File Open,Sample content
FIL0007780,01/30/2026 10:46:16,USR0021,PC-USR0021-01,C:\Documents\work_doc_41.docx,File Open,Sample content
FIL0007781,01/30/2026 14:17:07,USR0021,PC-USR0021-01,C:\Documents\work_doc_33.docx,File Open,Sample content
FIL0007782,01/30/2026 11:11:41,USR0021,PC-USR0021-01,C:\Documents\work_doc_4.docx,File Open,Sample content
FIL0007783,01/30/2026 11:53:13,USR0021,PC-USR0021-01,C:\Documents\work_doc_33.docx,File Open,Sample content
FIL0007784,01/30/2026 13:56:58,USR0021,PC-USR0021-01,C:\Documents\work_doc_26.docx,File Open,Sample content
FIL0007785,01/30/2026 10:03:21,USR0021,PC-USR0021-01,C:\Documents\work_doc_25.docx,File Open,Sample content
FIL0007786,01/30/2026 16:23:21,USR0021,PC-USR0021-01,C:\Documents\work_doc_14.docx,File Open,Sample content
FIL0007787,01/30/2026 09:40:52,USR0022,PC-USR0022-01,C:\Documents\work_doc_23.docx,File Open,Sample content
FIL0007788,01/30/2026 09:13:22,USR0022,PC-USR0022-01,C:\Documents\work_doc_11.docx,File Open,Sample content
FIL0007789,01/30/2026 15:13:47,USR0022,PC-USR0022-01,C:\Documents\work_doc_40.docx,File Open,Sample content
FIL0007790,01/30/2026 13:39:26,USR0022,PC-USR0022-01,C:\Documents\work_doc_26.docx,File Open,Sample content
FIL0007791,01/30/2026 10:12:06,USR0022,PC-USR0022-01,C:\Documents\work_doc_19.docx,File Open,Sample content
FIL0007792,01/30/2026 14:55:31,USR0022,PC-USR0022-01,C:\Documents\work_doc_1.docx,File Open,Sample content
FIL0007793,01/30/2026 13:40:56,USR0022,PC-USR0022-01,C:\Documents\work_doc_17.docx,File Open,Sample content
FIL0007794,01/30/2026 11:37:03,USR0022,PC-USR0022-01,C:\Documents\work_doc_34.docx,File Open,Sample content
FIL0007795,01/30/2026 14:39:51,USR0022,PC-USR0022-01,C:\Documents\work_doc_33.docx,File Open,Sample content
FIL0007796,01/30/2026 11:12:47,USR0022,PC-USR0022-01,C:\Documents\work_doc_36.docx,File Open,Sample content
FIL0007797,01/30/2026 13:16:03,USR0022,PC-USR0022-01,C:\Documents\work_doc_16.docx,File Open,Sample content
FIL0007798,01/30/2026 13:02:32,USR0022,PC-USR0022-01,C:\Documents\work_doc_29.docx,File Open,Sample content
FIL0007799,01/30/2026 15:43:30,USR0022,PC-USR0022-01,C:\Documents\work_doc_22.docx,File Open,Sample content
FIL0007800,01/30/2026 13:05:45,USR0022,PC-USR0022-01,C:\Documents\work_doc_26.docx,File Open,Sample content
FIL0007801,01/30/2026 12:33:05,USR0022,PC-USR0022-01,C:\Documents\work_doc_22.docx,File Open,Sample content
FIL0007802,01/30/2026 13:58:55,USR0022,PC-USR0022-01,C:\Documents\work_doc_13.docx,File Open,Sample content
FIL0007803,01/30/2026 11:03:29,USR0022,PC-USR0022-01,C:\Documents\work_doc_31.docx,File Open,Sample content
FIL0007804,01/30/2026 11:23:59,USR0023,PC-USR0023-01,C:\Documents\work_doc_3.docx,File Open,Sample content
FIL0007805,01/30/2026 10:46:00,USR0023,PC-USR0023-01,C:\Documents\work_doc_23.docx,File Open,Sample content
FIL0007806,01/30/2026 11:32:51,USR0023,PC-USR0023-01,C:\Documents\work_doc_21.docx,File Open,Sample content
FIL0007807,01/30/2026 09:38:18,USR0023,PC-USR0023-01,C:\Documents\work_doc_33.docx,File Open,Sample content
FIL0007808,01/30/2026 13:42:40,USR0023,PC-USR0023-01,C:\Documents\work_doc_23.docx,File Open,Sample content
FIL0007809,01/30/2026 10:42:10,USR0023,PC-USR0023-01,C:\Documents\work_doc_30.docx,File Open,Sample content
FIL0007810,01/30/2026 16:04:02,USR0023,PC-USR0023-01,C:\Documents\work_doc_23.docx,File Open,Sample content
FIL0007811,01/30/2026 09:23:44,USR0023,PC-USR0023-01,C:\Documents\work_doc_44.docx,File Open,Sample content
FIL0007812,01/30/2026 11:00:08,USR0023,PC-USR0023-01,C:\Documents\work_doc_20.docx,File Open,Sample content
FIL0007813,01/30/2026 14:21:17,USR0023,PC-USR0023-01,C:\Documents\work_doc_44.docx,File Open,Sample content
FIL0007814,01/30/2026 14:43:09,USR0023,PC-USR0023-01,C:\Documents\work_doc_40.docx,File Open,Sample content
FIL0007815,01/30/2026 16:06:16,USR0023,PC-USR0023-01,C:\Documents\work_doc_4.docx,File Open,Sample content
FIL0007816,01/30/2026 13:55:47,USR0023,PC-USR0023-01,C:\Documents\work_doc_33.docx,File Open,Sample content
FIL0007817,01/30/2026 13:56:58,USR0023,PC-USR0023-01,C:\Documents\work_doc_35.docx,File Open,Sample content
FIL0007818,01/30/2026 11:06:26,USR0023,PC-USR0023-01,C:\Documents\work_doc_31.docx,File Open,Sample content
FIL0007819,01/30/2026 15:14:38,USR0023,PC-USR0023-01,C:\Documents\work_doc_32.docx,File Open,Sample content
FIL0007820,01/30/2026 12:28:23,USR0023,PC-USR0023-01,C:\Documents\work_doc_27.docx,File Open,Sample content
FIL0007821,01/30/2026 10:34:40,USR0023,PC-USR0023-01,C:\Documents\work_doc_37.docx,File Open,Sample content
FIL0007822,01/30/2026 13:05:55,USR0023,PC-USR0023-01,C:\Documents\work_doc_8.docx,File Open,Sample content
FIL0007823,01/30/2026 14:48:59,USR0024,PC-USR0024-01,C:\Documents\work_doc_9.docx,File Open,Sample content
FIL0007824,01/30/2026 15:22:05,USR0024,PC-USR0024-01,C:\Documents\work_doc_47.docx,File Open,Sample content
FIL0007825,01/30/2026 10:48:35,USR0024,PC-USR0024-01,C:\Documents\work_doc_30.docx,File Open,Sample content
FIL0007826,01/30/2026 13:58:55,USR0024,PC-USR0024-01,C:\Documents\work_doc_21.docx,File Open,Sample content
FIL0007827,01/30/2026 10:24:28,USR0024,PC-USR0024-01,C:\Documents\work_doc_1.docx,File Open,Sample content
FIL0007828,01/30/2026 11:23:36,USR0024,PC-USR0024-01,C:\Documents\work_doc_48.docx,File Open,Sample content
FIL0007829,01/30/2026 16:28:50,USR0024,PC-USR0024-01,C:\Documents\work_doc_43.docx,File Open,Sample content
FIL0007830,01/30/2026 16:37:11,USR0024,PC-USR0024-01,C:\Documents\work_doc_2.docx,File Open,Sample content
FIL0007831,01/30/2026 14:16:43,USR0024,PC-USR0024-01,C:\Documents\work_doc_21.docx,File Open,Sample content
FIL0007832,01/30/2026 10:11:26,USR0024,PC-USR0024-01,C:\Documents\work_doc_44.docx,File Open,Sample content
FIL0007833,01/30/2026 16:06:16,USR0024,PC-USR0024-01,C:\Documents\work_doc_8.docx,File Open,Sample content
FIL0007834,01/30/2026 09:58:39,USR0024,PC-USR0024-01,C:\Documents\work_doc_28.docx,File Open,Sample content
FIL0007835,01/30/2026 14:52:33,USR0024,PC-USR0024-01,C:\Documents\work_doc_16.docx,File Open,Sample content
FIL0007836,01/30/2026 14:41:25,USR0024,PC-USR0024-01,C:\Documents\work_doc_34.docx,File Open,Sample content
FIL0007837,01/30/2026 15:36:14,USR0024,PC-USR0024-01,C:\Documents\work_doc_44.docx,File Open,Sample content
FIL0007838,01/30/2026 14:46:34,USR0024,PC-USR0024-01,C:\Documents\work_doc_25.docx,File Open,Sample content
FIL0007839,01/30/2026 14:15:34,USR0024,PC-USR0024-01,C:\Documents\work_doc_40.docx,File Open,Sample content
FIL0007840,01/30/2026 12:29:17,USR0024,PC-USR0024-01,C:\Documents\work_doc_16.docx,File Open,Sample content
FIL0007841,01/30/2026 11:39:25,USR0024,PC-USR0024-01,C:\Documents\work_doc_17.docx,File Open,Sample content
FIL0007842,01/30/2026 16:36:14,USR0024,PC-USR0024-01,C:\Documents\work_doc_17.docx,File Open,Sample content
FIL0007843,01/30/2026 16:50:26,USR0025,PC-USR0025-01,C:\Documents\work_doc_49.docx,File Open,Sample content
FIL0007844,01/30/2026 11:53:46,USR0025,PC-USR0025-01,C:\Documents\work_doc_10.docx,File Open,Sample content
FIL0007845,01/30/2026 10:56:21,USR0025,PC-USR0025-01,C:\Documents\work_doc_10.docx,File Open,Sample content
FIL0007846,01/30/2026 16:33:43,USR0025,PC-USR0025-01,C:\Documents\work_doc_23.docx,File Open,Sample content
FIL0007847,01/30/2026 09:17:37,USR0025,PC-USR0025-01,C:\Documents\work_doc_30.docx,File Open,Sample content
FIL0007848,01/30/2026 14:47:54,USR0025,PC-USR0025-01,C:\Documents\work_doc_39.docx,File Open,Sample content
FIL0007849,01/30/2026 11:40:54,USR0025,PC-USR0025-01,C:\Documents\work_doc_32.docx,File Open,Sample content
FIL0007850,01/30/2026 11:24:19,USR0025,PC-USR0025-01,C:\Documents\work_doc_16.docx,File Open,Sample content
FIL0007851,01/30/2026 09:24:35,USR0025,PC-USR0025-01,C:\Documents\work_doc_19.docx,File Open,Sample content
