employee_name,user,O,C,E,A,N,logon_count,logoff_count,after_hours_logon_count,after_hours_logoff_count,unique_pc_count,email_count,emails_with_attachments,total_attachments,total_email_size,unique_recipients,file_activity_count,unique_files,unique_file_pcs,http_request_count,unique_http_pc_count,unique_domain_count,device_activity_count,device_connect_count,device_disconnect_count,unique_device_pc_count
Calvin Edan Love,CEL0561,40,39,36,19,40,615,346,0,210,1,3001,613,1379,90061502,1404,0.0,0.0,0.0,32775,1,213,0.0,0.0,0.0,0.0
Christine Reagan Deleon,CRD0624,26,22,17,39,32,50,50,22,5,1,638,73,140,19257926,470,0.0,0.0,0.0,7290,1,131,0.0,0.0,0.0,0.0
Jade Felicia Caldwell,JFC0557,22,16,23,40,33,615,346,0,184,1,3002,1180,2060,90844169,1367,2839.0,2839.0,1.0,32870,1,107,2785.0,1399.0,1386.0,1.0
Aquila Stewart Dejesus,ASD0577,40,48,36,14,37,346,346,0,346,1,329,0,0,9951810,259,0.0,0.0,0.0,3450,1,182,0.0,0.0,0.0,0.0
Micah Abdul Rojas,MAR0955,36,44,23,44,25,302,302,302,6,1,284,0,0,8419653,222,69.0,69.0,1.0,2963,1,141,42.0,21.0,21.0,1.0
Gail Rhiannon Mcconnell,GRM0868,21,25,20,13,28,346,346,346,14,1,5078,0,0,152566277,2635,0.0,0.0,0.0,56052,1,156,0.0,0.0,0.0,0.0
April Alika Levy,AAL0706,37,14,28,13,25,346,346,346,0,1,336,71,145,10022269,259,0.0,0.0,0.0,3460,1,168,0.0,0.0,0.0,0.0
Rama Vielka Clayton,RVC0232,34,20,47,38,25,346,346,157,346,1,3068,609,1078,92083278,1491,0.0,0.0,0.0,32870,1,156,0.0,0.0,0.0,0.0
Tasha Casey Dalton,TCD0009,44,28,44,38,23,346,346,0,0,1,3674,756,1612,110431427,1361,0.0,0.0,0.0,39444,1,170,0.0,0.0,0.0,0.0
Aurora Sarah Manning,ASM0575,42,25,21,45,30,621,346,0,346,1,330,130,283,9876400,274,0.0,0.0,0.0,3450,1,115,0.0,0.0,0.0,0.0
Devin Abdul Rogers,DAR0885,43,43,44,41,25,58,58,9,46,5,109,36,60,3157317,119,0.0,0.0,0.0,1073,1,131,0.0,0.0,0.0,0.0
Jacqueline Latifah Miles,JLM0364,35,22,15,25,37,1314,1314,856,859,99,3537,366,765,105756588,1735,1.0,1.0,1.0,38165,1,161,4.0,2.0,2.0,2.0
Ferris Omar Barry,FOB0756,42,41,34,20,27,912,567,0,0,2,1242,360,654,37561125,800,165.0,165.0,1.0,12325,1,222,309.0,155.0,154.0,1.0
Grant Camden Gay,GCG0951,33,33,25,19,44,656,379,351,4,2,375,102,192,11081713,269,0.0,0.0,0.0,3460,1,76,0.0,0.0,0.0,0.0
Howard Wing Yang,HWY0038,47,39,40,22,24,449,449,398,291,101,1138,125,252,34307877,619,0.0,0.0,0.0,12312,1,173,0.0,0.0,0.0,0.0
Aspen Amber Vinson,AAV0450,44,24,36,41,33,346,346,159,186,1,336,67,125,10114211,260,0.0,0.0,0.0,3460,1,106,0.0,0.0,0.0,0.0
Colorado John Valentine,CJV0286,18,14,17,13,26,617,346,0,346,1,1006,411,785,29851083,596,0.0,0.0,0.0,10034,1,143,0.0,0.0,0.0,0.0
Tyrone Damian Garner,TDG0962,42,40,36,26,21,747,473,360,5,2,336,102,187,9941398,272,0.0,0.0,0.0,3450,1,131,0.0,0.0,0.0,0.0
Stephanie Victoria Lyons,SVL0803,27,35,20,36,32,346,346,0,0,1,3033,327,649,89927900,1474,0.0,0.0,0.0,32870,1,196,0.0,0.0,0.0,0.0
Quynn Odessa Sanford,QOS0878,18,12,20,16,29,248,158,117,9,4,1547,618,1109,46142228,963,127.0,127.0,1.0,18306,1,111,476.0,239.0,237.0,1.0
Melyssa Deirdre Morgan,MDM0625,18,42,36,27,24,685,408,161,0,2,5341,574,1088,160926652,2949,8346.0,8346.0,1.0,55890,1,133,5452.0,2733.0,2719.0,1.0
Gray Mason Fulton,GMF0738,30,40,45,20,18,346,346,167,0,1,5036,0,0,151732098,2526,0.0,0.0,0.0,56052,1,145,0.0,0.0,0.0,0.0
Bianca Elizabeth Roach,BER0314,23,20,18,19,32,346,346,346,0,1,4963,518,986,150071983,2445,0.0,0.0,0.0,56052,1,210,0.0,0.0,0.0,0.0
Aurelia Martina Reese,AMR0400,19,16,47,28,28,346,346,157,346,1,2987,0,0,89071314,1400,0.0,0.0,0.0,32870,1,172,0.0,0.0,0.0,0.0
Yardley Cairo Elliott,YCE0983,39,21,42,30,36,346,346,346,15,1,3027,1217,2584,91127611,1186,0.0,0.0,0.0,32870,1,156,0.0,0.0,0.0,0.0
Blaine Jelani Weeks,BJW0619,30,43,47,21,39,346,346,148,0,1,4973,516,976,148503509,2507,0.0,0.0,0.0,56052,1,127,0.0,0.0,0.0,0.0
Delilah Pearl Schneider,DPS0262,20,25,20,14,32,127,127,127,16,1,946,100,184,28330002,560,0.0,0.0,0.0,10545,1,85,0.0,0.0,0.0,0.0
TaShya Yoko Bailey,TYB0779,24,20,35,36,34,616,346,0,0,1,989,420,830,30108778,674,0.0,0.0,0.0,10034,1,107,0.0,0.0,0.0,0.0
Melissa Ava Stuart,MAS0025,23,14,20,21,23,206,206,206,12,1,2706,0,0,81253079,1049,55.0,55.0,1.0,28745,1,171,31.0,16.0,15.0,1.0
Kermit Beau Leach,KBL0260,16,15,48,16,32,346,346,346,0,1,3014,0,0,91109158,1409,0.0,0.0,0.0,32870,1,179,0.0,0.0,0.0,0.0
Geoffrey Harlan Lara,GHL0460,21,37,24,17,35,232,232,111,132,1,217,57,112,6196624,178,41.0,41.0,1.0,2291,1,109,22.0,11.0,11.0,1.0
Flynn Malcolm Gibson,FMG0527,43,38,35,38,28,274,274,4,4,1,790,313,603,23130923,497,23.0,23.0,1.0,7832,1,83,24.0,12.0,12.0,1.0
Heather Cynthia Leonard,HCL0651,21,19,44,36,33,644,372,6,353,2,1017,315,552,30176068,629,723.0,723.0,1.0,10034,1,206,1320.0,662.0,658.0,1.0
Shannon Chantale Price,SCP0130,42,18,35,32,24,459,459,0,185,2,1001,387,797,29671974,695,1615.0,1615.0,1.0,10034,1,131,1427.0,717.0,710.0,1.0
Castor Mark Wolf,CMW0783,21,35,14,16,26,346,346,0,0,1,996,0,0,30105173,602,0.0,0.0,0.0,10034,1,119,0.0,0.0,0.0,0.0
Ryan Kelly Frost,RKF0164,40,42,17,18,42,335,335,335,0,1,2926,869,1717,87568604,829,0.0,0.0,0.0,31730,1,244,0.0,0.0,0.0,0.0
Damian Omar Le,DOL0332,32,40,41,18,24,346,346,346,346,1,1008,314,595,30332942,631,0.0,0.0,0.0,10034,1,114,0.0,0.0,0.0,0.0
Robert Samuel Chen,RSC0089,41,26,35,21,29,815,535,440,70,4,3208,960,1897,95498565,1493,865.0,865.0,1.0,32850,1,160,5776.0,2896.0,2880.0,1.0
Cailin Casey Mckee,CCM0136,16,16,39,40,29,633,364,1,190,2,334,109,213,10077729,268,137.0,137.0,1.0,3096,1,106,239.0,120.0,119.0,1.0
Nina Camille Hodges,NCH0179,17,12,40,17,25,346,346,346,346,1,3707,1485,2447,111687514,2004,0.0,0.0,0.0,39444,1,232,0.0,0.0,0.0,0.0
Nicolas Brandon Hendrix,NBH0256,41,43,14,21,22,346,346,346,0,1,3022,1210,2009,89820574,1416,0.0,0.0,0.0,32870,1,114,0.0,0.0,0.0,0.0
Olivia Rose Galloway,ORG0339,50,28,46,47,20,346,346,346,346,1,1023,110,211,30189394,669,0.0,0.0,0.0,10034,1,99,0.0,0.0,0.0,0.0
Forrest Rashad Richards,FRR0832,43,40,25,19,30,346,346,0,346,1,336,138,329,10159114,264,0.0,0.0,0.0,3460,1,76,0.0,0.0,0.0,0.0
Miriam Shoshana Donovan,MSD0939,24,37,15,42,31,346,346,346,0,1,2993,301,617,89413962,1379,0.0,0.0,0.0,32870,1,135,0.0,0.0,0.0,0.0
Olivia Quynn Hardy,OQH0183,34,38,18,33,23,346,346,346,346,1,1004,96,206,30273347,616,0.0,0.0,0.0,10034,1,105,0.0,0.0,0.0,0.0
Bethany Stephanie Haynes,BSH0445,38,22,30,15,21,346,346,166,0,1,3043,602,1248,90124827,1564,0.0,0.0,0.0,32870,1,126,0.0,0.0,0.0,0.0
Kennedy Shad Parker,KSP0357,41,40,29,19,24,945,945,604,607,112,2496,506,1004,74704559,1241,0.0,0.0,0.0,27018,1,127,0.0,0.0,0.0,0.0
Nigel Gareth Ochoa,NGO0690,43,41,41,17,24,622,346,0,346,1,3017,921,1533,89850222,1484,0.0,0.0,0.0,32775,1,216,0.0,0.0,0.0,0.0
Vincent Craig Cunningham,VCC0396,21,45,16,37,23,698,440,210,397,2,3021,1226,2431,91276994,1544,1616.0,1616.0,1.0,32870,1,258,1433.0,719.0,714.0,1.0
Wesley Dustin Dickerson,WDD0366,43,42,17,19,28,1450,1219,774,774,116,3215,994,1738,96727656,1713,6.0,6.0,1.0,34850,1,178,12.0,6.0,6.0,1.0
Kai Penelope Peck,KPP0452,44,46,44,16,19,346,346,157,229,1,341,65,130,10083161,261,0.0,0.0,0.0,3460,1,65,0.0,0.0,0.0,0.0
Raymond Tate Osborne,RTO0313,44,45,25,17,27,722,445,413,70,2,5015,1501,2682,150183452,2731,0.0,0.0,0.0,56052,1,223,0.0,0.0,0.0,0.0
Ariel Bertha Murphy,ABM0845,45,21,35,50,29,633,369,1,348,2,340,37,92,10015108,277,0.0,0.0,0.0,3460,1,145,0.0,0.0,0.0,0.0
Vance Ira Alston,VIA0063,40,34,19,50,33,346,346,171,207,1,4701,439,954,141496546,2295,8524.0,8524.0,1.0,49478,1,191,5488.0,2751.0,2737.0,1.0
Benjamin Ignatius Hooper,BIH0745,43,39,50,27,25,148,148,69,4,1,2087,835,1469,62086496,1131,41.0,41.0,1.0,23329,1,253,22.0,11.0,11.0,1.0
Clinton Coby Wolfe,CCW0031,33,47,30,39,33,346,346,346,0,1,4717,968,1904,141454265,2164,0.0,0.0,0.0,49478,1,132,0.0,0.0,0.0,0.0
Illana Yvette Bradshaw,IYB0918,17,21,42,14,30,346,346,0,346,1,3024,309,684,91428799,1386,0.0,0.0,0.0,32870,1,129,0.0,0.0,0.0,0.0
Orla Ruth Mckenzie,ORM0669,44,39,28,39,36,435,435,175,1,2,3019,1193,1998,91351736,1540,0.0,0.0,0.0,32775,1,169,0.0,0.0,0.0,0.0
Mikayla Jaden Barron,MJB0588,39,24,15,47,38,346,346,0,346,1,372,43,82,11022793,295,0.0,0.0,0.0,3460,1,111,0.0,0.0,0.0,0.0
Arthur Lucian Bonner,ALB0892,25,19,44,22,30,235,235,0,235,1,680,83,151,20367368,446,0.0,0.0,0.0,6815,1,83,0.0,0.0,0.0,0.0
Leah Idola Moran,LIM0674,18,13,35,49,20,738,468,192,26,2,3071,930,1776,92462780,1594,185.0,185.0,1.0,33535,1,181,264.0,133.0,131.0,1.0
Lacota Helen Nash,LHN0151,13,15,19,32,26,346,346,0,0,1,1680,158,359,50135342,482,0.0,0.0,0.0,16608,1,153,0.0,0.0,0.0,0.0
William Theodore Reeves,WTR0563,47,45,46,15,31,346,346,0,233,1,2992,0,0,90326579,1361,0.0,0.0,0.0,32870,1,167,0.0,0.0,0.0,0.0
MacKenzie Kristen Stewart,MKS0204,21,30,21,16,31,346,346,346,0,1,3682,390,696,111332803,1124,0.0,0.0,0.0,37368,1,101,0.0,0.0,0.0,0.0
Armando Albert Walter,AAW0353,49,45,19,25,34,346,346,165,232,1,1000,0,0,29620004,661,0.0,0.0,0.0,10034,1,95,0.0,0.0,0.0,0.0
Willow Jaime Daniel,WJD0576,40,20,23,38,26,346,346,0,346,1,334,35,59,10044568,240,0.0,0.0,0.0,3460,1,155,0.0,0.0,0.0,0.0
Irene Lacota Huffman,ILH0958,28,17,20,19,24,737,466,385,29,4,337,107,236,10117222,283,2970.0,2970.0,1.0,3460,1,95,300.0,150.0,150.0,1.0
Tallulah Liberty Kirby,TLK0993,41,36,40,35,22,346,346,0,346,1,3014,0,0,91049105,1160,0.0,0.0,0.0,32870,1,127,0.0,0.0,0.0,0.0
William Aladdin Bennett,WAB0143,43,43,24,22,33,254,254,254,0,1,2211,0,0,66230101,651,0.0,0.0,0.0,24130,1,160,0.0,0.0,0.0,0.0
Rashad Aristotle Guerrero,RAG0275,23,38,35,41,32,346,346,346,0,1,2993,598,1259,89994026,1509,0.0,0.0,0.0,32870,1,137,0.0,0.0,0.0,0.0
Leilani Quail Callahan,LQC0479,27,38,34,17,36,201,201,4,4,1,2853,0,0,85702337,1568,22.0,22.0,1.0,31917,1,251,18.0,9.0,9.0,1.0
Kai Wynne Craft,KWC0004,23,38,39,20,27,346,346,161,0,1,8997,897,1811,268029239,3335,0.0,0.0,0.0,98610,1,242,0.0,0.0,0.0,0.0
Cora Jane Kinney,CJK0200,40,29,24,38,31,346,346,346,0,1,3674,0,0,109637820,978,0.0,0.0,0.0,39444,1,150,0.0,0.0,0.0,0.0
Flynn Edward Brennan,FEB0306,40,42,26,25,31,700,418,1,227,2,329,102,205,9734287,270,1157.0,1157.0,1.0,3460,1,115,719.0,361.0,358.0,1.0
Indira Jocelyn Mack,IJM0776,41,35,19,41,32,171,171,0,0,1,515,106,217,15598975,319,344.0,344.0,1.0,5093,1,101,694.0,350.0,344.0,1.0
Nicolas Kadeem Hayden,NKH0807,45,44,40,22,20,346,346,0,346,1,3028,597,1093,91352999,1367,0.0,0.0,0.0,32870,1,143,0.0,0.0,0.0,0.0
Jade Maris Coleman,JMC0925,33,10,23,19,31,779,505,63,411,2,3372,1347,2386,100300021,1719,0.0,0.0,0.0,32870,1,103,0.0,0.0,0.0,0.0
Stephanie Briar Harrington,SBH0537,34,21,14,13,33,694,386,0,210,1,4812,1431,2556,144463346,2482,428.0,428.0,1.0,55198,1,205,278.0,140.0,138.0,1.0
Julie Jaime Burns,JJB0700,15,19,39,37,28,371,371,349,1,2,337,129,291,10171886,275,0.0,0.0,0.0,3460,1,78,0.0,0.0,0.0,0.0
Amaya Iola Sawyer,AIS0405,40,45,14,37,35,346,346,164,346,1,2995,606,1355,88886200,1460,0.0,0.0,0.0,32870,1,235,0.0,0.0,0.0,0.0
Hilda Alice Hahn,HAH0760,34,17,22,37,30,611,346,0,0,1,998,298,607,29519590,678,1900.0,1900.0,1.0,10034,1,84,1342.0,677.0,665.0,1.0
Aladdin Hu Day,AHD0848,24,30,49,16,30,731,431,13,398,5,376,126,271,11207740,278,199.0,199.0,1.0,3820,1,99,299.0,150.0,149.0,1.0
Lila Dana Mcintyre,LDM0587,49,20,23,21,26,346,346,0,346,1,335,37,67,10011444,254,0.0,0.0,0.0,3460,1,180,0.0,0.0,0.0,0.0
Armand Jasper Nicholson,AJN0607,45,42,16,47,23,721,456,171,0,2,5022,2034,3717,149415060,2571,820.0,820.0,1.0,56052,1,171,2061.0,1033.0,1028.0,1.0
Bevis Brady Sheppard,BBS0039,44,37,34,21,40,663,663,599,441,110,1679,343,710,49956573,908,1.0,1.0,1.0,17878,1,185,4.0,2.0,2.0,2.0
Emerald Imani Schmidt,EIS0041,41,44,17,48,30,1661,1391,1243,898,112,3287,1005,1999,97611841,1662,3676.0,3676.0,381.0,39270,1,241,2644.0,1323.0,1321.0,607.0
Melodie Lee Glenn,MLG0475,45,16,18,19,25,346,346,155,185,1,337,84,195,10167534,259,0.0,0.0,0.0,3460,1,129,0.0,0.0,0.0,0.0
Hadley Rhona Dillon,HRD0635,24,35,18,32,24,212,140,13,103,6,269,106,215,8181146,224,0.0,0.0,0.0,2610,1,46,0.0,0.0,0.0,0.0
Ethan Perry Wiggins,EPW0434,32,36,38,22,33,346,346,167,0,1,3053,590,980,92069148,1549,0.0,0.0,0.0,32870,1,258,0.0,0.0,0.0,0.0
Jena Audrey Malone,JAM0382,25,23,41,17,23,346,346,156,0,1,2998,604,1314,90115800,1404,0.0,0.0,0.0,32870,1,147,0.0,0.0,0.0,0.0
Noble Clinton Klein,NCK0295,31,30,38,36,34,346,346,0,184,1,334,0,0,9980599,256,0.0,0.0,0.0,3460,1,189,0.0,0.0,0.0,0.0
Luke Jacob Talley,LJT0817,39,43,38,39,24,639,382,5,352,2,3024,1197,2271,90972269,1441,1927.0,1927.0,1.0,32870,1,170,1303.0,655.0,648.0,1.0
Chandler Ashton Madden,CAM0102,31,44,19,15,27,346,346,346,0,1,3038,0,0,91334857,1521,0.0,0.0,0.0,32870,1,157,0.0,0.0,0.0,0.0
Suki Ori Grant,SOG0411,26,19,21,24,23,346,346,154,191,1,3003,1204,2031,90677009,1503,0.0,0.0,0.0,32870,1,190,0.0,0.0,0.0,0.0
Kameko Signe Harrison,KSH0569,15,39,23,14,22,346,346,0,204,1,2998,1195,2194,90038627,1422,0.0,0.0,0.0,32870,1,195,0.0,0.0,0.0,0.0
Bruno Donovan Ingram,BDI0533,37,36,15,41,19,862,516,0,0,2,1302,385,706,38774243,890,2458.0,2458.0,1.0,13530,1,188,1840.0,922.0,918.0,1.0
Paula Madaline Jackson,PMJ0564,30,21,40,14,39,742,469,27,212,2,3014,1196,2215,90629074,1503,0.0,0.0,0.0,32870,1,137,0.0,0.0,0.0,0.0
Hedda Grace Gordon,HGG0240,20,26,24,36,31,346,346,168,191,1,3021,620,1124,90741960,1369,0.0,0.0,0.0,32775,1,229,0.0,0.0,0.0,0.0
Mari Gretchen Shaw,MGS0974,17,39,39,40,27,421,421,172,231,2,4073,1235,2418,122372620,1691,162.0,162.0,1.0,43320,1,150,283.0,142.0,141.0,1.0
Dominic Howard Mcconnell,DHM0937,43,22,21,15,24,346,346,346,0,1,3025,633,1085,91419026,1430,0.0,0.0,0.0,32870,1,207,0.0,0.0,0.0,0.0
Evelyn Nevada Curtis,ENC0234,21,23,32,19,23,483,288,125,260,2,2268,234,434,67502229,1144,0.0,0.0,0.0,24605,1,94,0.0,0.0,0.0,0.0
Colin Evan Brown,CEB0210,42,24,44,23,34,346,346,346,0,1,4610,890,1687,137729110,2021,0.0,0.0,0.0,49335,1,162,0.0,0.0,0.0,0.0
Yvette Jeanette Vang,YJV0699,17,25,30,13,31,346,346,346,0,1,340,0,0,10391555,258,0.0,0.0,0.0,3460,1,183,0.0,0.0,0.0,0.0
Brittany Mona Terry,BMT0528,33,25,39,25,30,372,372,0,0,2,1010,396,768,30508877,629,1903.0,1903.0,1.0,10034,1,119,1420.0,713.0,707.0,1.0
Caleb Jonas Chang,CJC0494,40,39,39,42,42,346,346,0,0,1,5031,1009,2003,150416348,2582,0.0,0.0,0.0,56052,1,133,0.0,0.0,0.0,0.0
Sean Omar Burgess,SOB0360,42,22,40,16,32,890,890,568,570,107,2436,0,0,72829896,1264,0.0,0.0,0.0,25764,1,158,0.0,0.0,0.0,0.0
Glenna Caryn Sharpe,GCS0571,22,18,16,23,32,629,359,3,349,2,332,33,65,10015013,273,564.0,564.0,1.0,3460,1,59,275.0,138.0,137.0,1.0
Beck John Peters,BJP0134,42,17,44,21,39,615,351,0,184,2,338,103,207,10249433,272,8072.0,8072.0,1.0,3460,1,106,5940.0,2977.0,2963.0,1.0
Kirby Bo Pollard,KBP0008,23,18,40,11,34,733,464,363,14,2,9145,2775,4575,273685979,3343,0.0,0.0,0.0,103800,1,222,0.0,0.0,0.0,0.0
Fitzgerald Len Merrill,FLM0213,20,41,46,15,24,345,346,345,0,1,4668,892,1788,140537546,2013,0.0,0.0,0.0,49335,1,120,0.0,0.0,0.0,0.0
Rhonda Rhona Parsons,RRP0568,43,50,38,18,33,649,368,0,346,2,2989,917,1836,89793757,1460,1450.0,1450.0,1.0,32870,1,233,757.0,381.0,376.0,1.0
Maxwell Clark Faulkner,MCF0600,39,49,13,26,27,308,308,7,254,2,239,22,48,7130837,197,102.0,102.0,1.0,2453,1,68,72.0,36.0,36.0,1.0
Shelly Audra Ayala,SAA0999,20,17,34,11,36,630,355,0,346,2,3016,916,1796,89745493,1237,8468.0,8468.0,1.0,31140,1,187,5971.0,2992.0,2979.0,1.0
Teagan Hedy Romero,THR0873,37,44,21,40,38,370,370,362,33,1,5032,1566,3447,150386981,2576,8525.0,8525.0,1.0,58820,1,216,5466.0,2742.0,2724.0,1.0
Kimberley Roary Maldonado,KRM0541,40,20,38,36,23,364,364,159,195,2,3022,324,688,90649601,1444,0.0,0.0,0.0,31050,1,178,0.0,0.0,0.0,0.0
Kenneth Steel Porter,KSP0966,42,36,19,24,35,346,346,346,0,1,333,0,0,9605809,261,0.0,0.0,0.0,3460,1,144,0.0,0.0,0.0,0.0
Lionel Omar Fisher,LOF0311,41,15,36,10,32,346,346,346,0,1,5030,1014,2085,151555853,2564,0.0,0.0,0.0,56052,1,183,0.0,0.0,0.0,0.0
Montana Basia Roberts,MBR0724,33,44,18,35,31,346,346,346,0,1,338,0,0,10027923,252,0.0,0.0,0.0,3460,1,75,0.0,0.0,0.0,0.0
Felicia Sloane Cabrera,FSC0601,37,30,37,15,30,324,324,136,0,2,4180,433,853,125588492,2222,653.0,653.0,1.0,49708,1,190,1263.0,634.0,629.0,1.0
Medge Liberty Petersen,MLP0668,40,17,16,43,33,346,346,164,0,1,3034,1205,2504,91040344,1422,0.0,0.0,0.0,32870,1,164,0.0,0.0,0.0,0.0
Charity Uta Daniels,CUD0795,12,40,30,44,24,346,346,0,0,1,3023,1217,2502,91101561,1518,0.0,0.0,0.0,32870,1,155,0.0,0.0,0.0,0.0
Aurora Katell Rhodes,AKR0057,50,41,20,18,30,419,243,126,239,2,2459,256,446,73917026,1247,540.0,540.0,1.0,26463,1,177,966.0,486.0,480.0,1.0
Guy Zeus Chandler,GZC0735,44,16,15,27,25,811,495,194,1,2,5847,1791,3504,176400395,2834,304.0,304.0,1.0,61047,1,137,792.0,397.0,395.0,1.0
Hadassah Leah Harris,HLH0512,15,42,36,22,32,501,501,0,0,2,1425,432,753,42451449,988,0.0,0.0,0.0,14268,1,122,0.0,0.0,0.0,0.0
Norman Jackson Beck,NJB0243,23,35,37,24,34,376,376,157,0,2,3045,284,583,91607293,1455,0.0,0.0,0.0,32870,1,175,0.0,0.0,0.0,0.0
Gregory Curran Sutton,GCS0518,41,36,23,38,21,346,346,0,0,1,1001,0,0,30108833,635,0.0,0.0,0.0,10034,1,130,0.0,0.0,0.0,0.0
Nicole Macey Craig,NMC0486,42,10,23,21,27,346,346,0,0,1,5044,0,0,151193694,2556,0.0,0.0,0.0,55728,1,97,0.0,0.0,0.0,0.0
Keegan Marvin Benson,KMB0922,43,43,17,24,27,728,460,79,427,6,3027,892,1726,91298109,1550,1209.0,1209.0,1.0,32775,1,219,733.0,367.0,366.0,1.0
Cecilia Freya Morgan,CFM0767,46,23,22,35,29,682,414,43,43,4,1005,106,189,29686618,707,778.0,778.0,1.0,10034,1,98,745.0,375.0,370.0,1.0
Holmes Arden Day,HAD0246,44,39,32,45,38,1047,656,314,94,2,4820,1422,2781,144378726,2061,315.0,315.0,1.0,46740,1,115,424.0,214.0,210.0,1.0
Alexa Nadine Poole,ANP0555,13,40,42,23,28,346,346,153,198,1,3009,0,0,90225336,1420,0.0,0.0,0.0,32870,1,155,0.0,0.0,0.0,0.0
Leslie Briar Fields,LBF0214,18,44,18,38,28,1015,658,544,86,2,6135,1865,3348,183351488,2777,1236.0,1236.0,1.0,68400,1,157,941.0,471.0,470.0,1.0
Dacey Jorden Bowen,DJB0159,20,37,27,38,37,641,361,348,1,2,6351,1929,3361,190146949,2043,0.0,0.0,0.0,65550,1,168,0.0,0.0,0.0,0.0
Baxter William Price,BWP0202,20,36,15,25,28,803,532,428,79,2,3663,1118,1827,109240986,1215,627.0,627.0,1.0,39444,1,145,257.0,129.0,128.0,1.0
Flavia Fiona Cannon,FFC0891,38,10,39,50,39,453,292,28,225,2,566,227,406,16630492,398,961.0,961.0,1.0,5684,1,113,833.0,418.0,415.0,1.0
Amal Judah Rich,AJR0932,46,30,35,12,29,199,199,199,4,1,1709,0,0,51299933,863,47.0,47.0,1.0,18527,1,175,38.0,19.0,19.0,1.0
Blair Deborah Vaughn,BDV0168,45,31,19,21,31,170,170,170,5,1,2427,511,846,72965888,1350,36.0,36.0,1.0,26733,1,146,32.0,16.0,16.0,1.0
Cassady Quincy Hampton,CQH0730,21,18,37,49,27,346,346,162,0,1,5068,497,1005,152057414,2530,0.0,0.0,0.0,56052,1,97,0.0,0.0,0.0,0.0
Jena Chanda Rollins,JCR0289,32,43,33,33,29,346,346,0,217,1,338,43,84,10213702,237,0.0,0.0,0.0,3460,1,102,0.0,0.0,0.0,0.0
Addison Edward Snyder,AES0827,39,40,34,38,23,346,346,0,346,1,336,0,0,10009311,252,0.0,0.0,0.0,3450,1,198,0.0,0.0,0.0,0.0
Sydnee Leilani Parsons,SLP0762,26,13,40,18,26,346,346,0,0,1,1002,196,360,30268731,642,0.0,0.0,0.0,10034,1,173,0.0,0.0,0.0,0.0
Cheyenne Lesley Dominguez,CLD0894,19,21,50,16,36,346,346,0,346,1,1011,0,0,30624288,662,0.0,0.0,0.0,10034,1,151,0.0,0.0,0.0,0.0
Leo Chaney Daugherty,LCD0622,30,26,13,14,26,346,346,155,0,1,4977,0,0,150795252,2487,0.0,0.0,0.0,55890,1,104,0.0,0.0,0.0,0.0
Caleb Mason Ball,CMB0912,46,43,16,22,31,860,518,458,30,7,5723,1690,3165,172026358,2935,0.0,0.0,0.0,60489,1,251,0.0,0.0,0.0,0.0
Zenia Kiona Stevenson,ZKS0899,47,20,42,43,30,385,385,0,346,2,1015,104,196,30342198,689,8537.0,8537.0,1.0,9976,1,130,5968.0,2991.0,2977.0,1.0
James Cain Vargas,JCV0245,40,44,22,20,27,346,346,160,0,1,3039,305,637,91925529,1421,0.0,0.0,0.0,32870,1,178,0.0,0.0,0.0,0.0
Ali Murphy Hurley,AMH0794,43,42,33,40,31,346,346,0,0,1,2957,618,1333,88684447,1336,0.0,0.0,0.0,32870,1,112,0.0,0.0,0.0,0.0
Francis Kane Buckner,FKB0163,39,35,25,39,22,346,346,346,0,1,3032,289,519,91132836,808,0.0,0.0,0.0,32870,1,218,0.0,0.0,0.0,0.0
Amena Karyn Christian,AKC0924,40,44,35,37,27,346,346,0,346,1,3047,617,1336,91247046,1403,0.0,0.0,0.0,32870,1,140,0.0,0.0,0.0,0.0
Ivory Leandra Rogers,ILR0304,20,22,18,46,30,346,346,0,185,1,333,35,52,9878970,269,0.0,0.0,0.0,3460,1,108,0.0,0.0,0.0,0.0
Arthur John Floyd,AJF0370,37,33,11,15,36,1777,1490,942,947,117,3927,1199,2212,119150880,1873,11053.0,11053.0,417.0,42445,1,235,8502.0,4261.0,4241.0,642.0
Octavius Kelly Castaneda,OKC0107,32,40,16,47,35,346,346,0,346,1,3007,619,1117,89194244,1504,0.0,0.0,0.0,32680,1,168,0.0,0.0,0.0,0.0
Oren Clinton Sharpe,OCS0865,29,24,43,35,32,636,369,350,10,2,5347,2161,3925,160954062,2863,873.0,873.0,1.0,56052,1,269,1310.0,659.0,651.0,1.0
Urielle Jane Carter,UJC0737,16,12,12,38,25,346,346,156,0,1,4987,1011,2245,149194267,2510,0.0,0.0,0.0,56052,1,154,0.0,0.0,0.0,0.0
Marshall Benjamin Wilcox,MBW0809,43,45,44,18,19,30,30,0,30,1,258,104,181,7646594,182,0.0,0.0,0.0,2850,1,94,0.0,0.0,0.0,0.0
Martina Cassandra Fields,MCF0327,39,41,24,44,25,346,346,346,0,1,5031,0,0,149750606,2651,0.0,0.0,0.0,56052,1,199,0.0,0.0,0.0,0.0
Sylvester Guy Sanders,SGS0268,47,45,30,19,22,346,346,346,0,1,3026,310,650,91355351,1562,0.0,0.0,0.0,32870,1,140,0.0,0.0,0.0,0.0
Brian Nathaniel Greer,BNG0237,39,36,36,47,27,609,346,166,197,1,3008,1208,2404,89899120,1352,0.0,0.0,0.0,32870,1,74,0.0,0.0,0.0,0.0
Olympia Shafira Harrison,OSH0655,16,21,42,39,28,346,346,0,346,1,1014,220,414,30947867,633,0.0,0.0,0.0,10034,1,97,0.0,0.0,0.0,0.0
Catherine Savannah Bullock,CSB0080,35,19,39,34,36,346,346,160,0,1,3715,0,0,111535674,1721,0.0,0.0,0.0,39444,1,215,0.0,0.0,0.0,0.0
Ella Rachel Hess,ERH0449,44,15,35,17,25,346,346,166,183,1,332,0,0,9938723,256,0.0,0.0,0.0,3450,1,113,0.0,0.0,0.0,0.0
Eagan Gannon Koch,EGK0893,21,30,11,47,27,346,346,0,346,1,997,95,175,29686261,577,0.0,0.0,0.0,10034,1,99,0.0,0.0,0.0,0.0
Maggy Melissa Burt,MMB0488,21,18,16,24,27,310,310,0,0,1,4439,898,1538,132470867,2247,0.0,0.0,0.0,50220,1,100,0.0,0.0,0.0,0.0
Abel Adam Morton,AAM0658,43,35,37,36,22,229,229,5,229,1,659,275,613,19701156,432,31.0,31.0,1.0,6498,1,117,13.0,7.0,6.0,1.0
Eliana Stephanie Albert,ESA0642,32,14,44,30,32,346,346,0,346,1,1004,0,0,29836291,651,0.0,0.0,0.0,10034,1,175,0.0,0.0,0.0,0.0
Chandler Raymond Kirk,CRK0916,32,46,26,19,32,627,370,24,370,1,3363,358,695,100555076,1557,0.0,0.0,0.0,32870,1,175,0.0,0.0,0.0,0.0
Bruno Beau Hoover,BBH0810,40,25,10,21,32,346,346,0,346,1,3035,0,0,91979712,1435,0.0,0.0,0.0,32870,1,173,0.0,0.0,0.0,0.0
Jessica Rachel Freeman,JRF0835,44,33,18,37,18,346,346,0,346,1,339,75,168,10168606,263,0.0,0.0,0.0,3460,1,157,0.0,0.0,0.0,0.0
Sloane Jade Cochran,SJC0333,22,39,31,36,29,457,457,361,367,2,1011,415,798,30729509,719,0.0,0.0,0.0,10034,1,139,0.0,0.0,0.0,0.0
Halla Cathleen Simmons,HCS0003,35,28,14,15,30,346,346,0,0,1,9097,3659,7372,274810589,3738,3045.0,3045.0,1.0,98610,1,266,2006.0,1007.0,999.0,1.0
Edan Marsden Briggs,EMB0531,31,41,31,36,36,619,346,0,0,1,990,377,770,29570465,607,0.0,0.0,0.0,10034,1,122,0.0,0.0,0.0,0.0
Jane Ignacia Mcdonald,JIM0095,10,18,21,15,35,346,346,346,0,1,3677,401,764,111280131,1783,0.0,0.0,0.0,39444,1,166,0.0,0.0,0.0,0.0
Kay Janna Snider,KJS0618,19,15,20,10,37,346,346,158,0,1,5059,995,1963,152875382,2485,0.0,0.0,0.0,56052,1,152,0.0,0.0,0.0,0.0
Eaton Burton Crane,EBC0390,40,40,40,22,33,346,346,152,0,1,3018,0,0,90297471,1398,0.0,0.0,0.0,32870,1,102,0.0,0.0,0.0,0.0
Willa Giselle Stanton,WGS0516,11,20,39,20,29,346,346,0,0,1,1006,0,0,29705501,603,0.0,0.0,0.0,10034,1,147,0.0,0.0,0.0,0.0
Nissim Gil French,NGF0157,45,38,22,46,32,795,466,452,45,2,3540,1062,1746,105224331,1069,305.0,305.0,1.0,36450,1,196,284.0,143.0,141.0,1.0
Katell Amethyst Thornton,KAT0489,22,41,36,23,26,346,346,0,0,1,5023,2013,3321,151025120,2530,0.0,0.0,0.0,56052,1,116,0.0,0.0,0.0,0.0
Cora Clementine Higgins,CCH0685,47,24,42,34,29,638,369,1,347,2,3049,1236,2414,90603924,1597,0.0,0.0,0.0,32870,1,185,0.0,0.0,0.0,0.0
Doris Mona Michael,DMM0623,36,27,21,39,30,627,355,164,0,1,5217,2072,4034,156600502,2752,0.0,0.0,0.0,57510,1,172,0.0,0.0,0.0,0.0
Sylvia Ariana Head,SAH0599,13,22,44,18,22,346,346,0,346,1,334,75,169,9709708,257,0.0,0.0,0.0,3460,1,145,0.0,0.0,0.0,0.0
Connor Phelan Guerra,CPG0322,17,13,19,24,36,503,503,373,15,5,5012,1510,3127,149669166,2711,337.0,337.0,1.0,52938,1,130,258.0,129.0,129.0,1.0
Orson Barrett Houston,OBH0499,35,18,41,16,34,907,562,36,36,2,6229,1837,3589,187422557,3126,594.0,594.0,1.0,69822,1,189,7395.0,3706.0,3689.0,1.0
Sage Nichole Savage,SNS0129,26,10,43,35,30,346,346,346,0,1,3717,765,1582,111924269,1354,0.0,0.0,0.0,39444,1,159,0.0,0.0,0.0,0.0
Philip Keith Barron,PKB0429,34,42,43,40,22,346,346,157,0,1,3022,614,995,89401021,1507,0.0,0.0,0.0,32870,1,168,0.0,0.0,0.0,0.0
Nicole Aurelia Hanson,NAH0503,33,17,23,35,38,465,465,31,31,2,5750,1711,3334,171101997,2877,0.0,0.0,0.0,64152,1,258,0.0,0.0,0.0,0.0
Felicia Rhona Butler,FRB0023,45,14,12,14,14,346,346,346,0,1,3668,1470,2722,109764166,1188,0.0,0.0,0.0,39444,1,198,0.0,0.0,0.0,0.0
Amir Hayden Gray,AHG0634,31,36,42,41,27,294,171,3,161,2,463,146,251,14223024,368,0.0,0.0,0.0,4740,1,172,0.0,0.0,0.0,0.0
Chadwick Wayne Bond,CWB0065,50,33,14,20,23,731,457,364,12,2,2985,901,1451,88979182,1336,0.0,0.0,0.0,32775,1,214,0.0,0.0,0.0,0.0
Aurora Tatiana Payne,ATP0662,17,16,41,20,39,766,479,85,448,2,5103,2009,3819,152441115,2596,1273.0,1273.0,1.0,53339,1,198,784.0,394.0,390.0,1.0
Dalton Perry Mejia,DPM0423,37,38,38,15,27,457,457,174,208,2,3017,1201,2215,90557801,1612,1403.0,1403.0,1.0,32870,1,131,2131.0,1066.0,1065.0,1.0
Walter Kaseem Foley,WKF0012,37,44,20,45,23,346,346,346,10,1,6056,1211,2412,181661799,2565,0.0,0.0,0.0,65740,1,172,0.0,0.0,0.0,0.0
Jarrod Malik Burris,JMB0308,41,44,34,14,32,157,157,157,4,1,2203,452,831,66635242,1238,10.0,10.0,1.0,24789,1,118,16.0,8.0,8.0,1.0
Amity Kendall Foley,AKF0709,42,31,29,22,32,346,346,346,0,1,331,0,0,9711184,254,0.0,0.0,0.0,3460,1,143,0.0,0.0,0.0,0.0
Jermaine Mannix Hansen,JMH0543,44,25,37,13,34,404,228,116,132,1,2003,207,377,59628931,1063,0.0,0.0,0.0,21660,1,70,0.0,0.0,0.0,0.0
Camille Julie Freeman,CJF0802,36,39,38,43,21,679,421,55,55,2,3030,910,1738,91309795,1590,0.0,0.0,0.0,34600,1,128,0.0,0.0,0.0,0.0
Ignatius Reese Morton,IRM0931,44,46,33,35,30,1063,684,545,62,2,4157,1697,2780,124806322,1994,2278.0,2278.0,1.0,45315,1,192,1004.0,505.0,499.0,1.0
Fulton Quinn Avery,FQA0854,41,38,30,34,26,351,351,346,14,1,5005,1514,2514,150895699,2642,0.0,0.0,0.0,56052,1,193,0.0,0.0,0.0,0.0
Cecilia Yuri Ashley,CYA0506,16,17,44,14,31,105,105,0,0,1,301,0,0,9077071,222,0.0,0.0,0.0,3045,1,109,0.0,0.0,0.0,0.0
Gay Ria Cantu,GRC0145,30,43,24,46,27,346,346,0,0,1,3624,1465,2651,108439660,1019,0.0,0.0,0.0,39444,1,173,0.0,0.0,0.0,0.0
Benjamin Lewis Sweeney,BLS0678,35,17,43,28,31,366,205,97,4,1,1729,708,1169,51470462,867,5.0,5.0,1.0,19097,1,198,8.0,4.0,4.0,1.0
Harlan Jason Benjamin,HJB0742,41,40,16,21,30,446,263,127,5,2,3494,1090,1754,103995343,1842,5.0,5.0,1.0,40972,1,148,12.0,6.0,6.0,1.0
Kimberley Kiona Sosa,KKS0119,15,28,39,33,27,615,346,346,0,1,4684,1913,3436,139335732,1699,0.0,0.0,0.0,49478,1,271,0.0,0.0,0.0,0.0
Raymond Arsenio Blackwell,RAB0589,36,35,26,14,31,432,275,8,206,5,191,67,124,5670343,172,2.0,2.0,1.0,1766,1,45,8.0,4.0,4.0,1.0
Demetrius Barry Bullock,DBB0384,40,41,28,37,27,346,346,174,0,1,3001,301,648,91157229,1429,8543.0,8543.0,1.0,32870,1,130,5932.0,2976.0,2956.0,1.0
Teagan Raven Kennedy,TRK0914,40,19,14,33,30,345,346,0,346,1,3002,623,1139,90112306,1414,0.0,0.0,0.0,32870,1,78,0.0,0.0,0.0,0.0
Blossom Scarlett Aguirre,BSA0431,50,41,19,40,29,346,346,161,0,1,3044,299,618,91275813,1502,0.0,0.0,0.0,32870,1,212,0.0,0.0,0.0,0.0
Rachel Hermione Le,RHL0992,36,10,39,37,36,321,183,3,179,3,1575,479,926,47013802,697,370.0,370.0,1.0,16859,1,129,735.0,370.0,365.0,1.0
Caldwell Ian Maxwell,CIM0926,31,25,41,17,31,230,230,1,230,1,2004,182,381,59827918,1016,0.0,0.0,0.0,21755,1,128,0.0,0.0,0.0,0.0
Cassidy Florence Gibbs,CFG0959,42,21,24,17,20,437,437,361,11,2,338,136,254,10301824,260,0.0,0.0,0.0,3460,1,40,0.0,0.0,0.0,0.0
Vera Mollie Jenkins,VMJ0147,23,28,37,22,24,346,346,0,346,1,4711,1846,3880,142275784,1640,0.0,0.0,0.0,49478,1,159,0.0,0.0,0.0,0.0
Sawyer Abel Turner,SAT0194,14,19,36,23,35,346,346,0,346,1,3649,747,1248,108514730,1156,0.0,0.0,0.0,39444,1,225,0.0,0.0,0.0,0.0
Harper Basil Obrien,HBO0413,41,35,18,15,18,323,323,160,187,1,2840,0,0,84503613,1459,691.0,691.0,1.0,30812,1,251,1408.0,709.0,699.0,1.0
Declan Zachery Caldwell,DZC0228,37,37,34,21,38,346,346,147,346,1,3032,309,670,91024458,1393,0.0,0.0,0.0,32870,1,168,0.0,0.0,0.0,0.0
Theodore Eagan Bass,TEB0251,44,50,22,13,36,636,368,148,0,2,3029,902,1565,90671634,1521,0.0,0.0,0.0,32870,1,149,0.0,0.0,0.0,0.0
Maryam Nelle Ruiz,MNR0829,41,33,40,15,23,346,346,0,346,1,331,80,135,9797995,265,0.0,0.0,0.0,3460,1,137,0.0,0.0,0.0,0.0
Daryl Ocean Patel,DOP0562,42,16,37,39,31,346,346,0,183,1,2986,613,1036,90695902,1387,0.0,0.0,0.0,32870,1,178,0.0,0.0,0.0,0.0
Uriel Axel Diaz,UAD0771,46,34,15,30,31,647,367,0,0,2,996,309,540,29376670,677,1873.0,1873.0,1.0,10034,1,153,1384.0,696.0,688.0,1.0
Ayanna Leandra Dunlap,ALD0544,16,18,18,13,32,346,346,168,185,1,2971,1183,2087,89347418,1316,0.0,0.0,0.0,32775,1,133,0.0,0.0,0.0,0.0
Lysandra Chastity Brennan,LCB0664,16,19,36,24,32,682,417,168,0,2,4697,1424,2383,140933199,2544,414.0,414.0,1.0,46710,1,121,5938.0,2977.0,2961.0,1.0
Hyacinth Clare Lindsay,HCL0113,43,22,40,39,34,346,346,0,346,1,3039,602,1007,91914339,1589,0.0,0.0,0.0,32870,1,156,0.0,0.0,0.0,0.0
Tamara Shaeleigh Best,TSB0437,26,23,16,30,26,346,346,163,0,1,1020,110,234,30339212,576,0.0,0.0,0.0,10034,1,123,0.0,0.0,0.0,0.0
Elton Zeus Horton,EZH0736,44,41,37,19,31,346,346,160,0,1,4974,525,1030,148727901,2468,0.0,0.0,0.0,56052,1,111,0.0,0.0,0.0,0.0
Josiah Chester Gray,JCG0316,47,36,32,25,33,734,469,361,7,2,4986,1491,2962,149330847,2649,2161.0,2161.0,1.0,56052,1,209,1387.0,697.0,690.0,1.0
Malcolm Sebastian Garrison,MSG0839,42,46,19,39,29,346,346,0,346,1,335,41,77,9888221,249,0.0,0.0,0.0,3450,1,137,0.0,0.0,0.0,0.0
Lionel Jasper Johnston,LJJ0905,43,36,12,22,30,366,366,0,346,2,1026,399,688,30655021,624,0.0,0.0,0.0,10005,1,109,0.0,0.0,0.0,0.0
Hall Colorado Morin,HCM0267,36,45,39,20,32,346,346,346,0,1,3021,897,1748,90588564,1256,8167.0,8167.0,1.0,31140,1,117,5955.0,2984.0,2971.0,1.0
Malachi Thor Butler,MTB0620,38,44,41,50,28,626,346,158,0,1,5042,2043,3628,150839303,2671,1971.0,1971.0,1.0,56052,1,175,2004.0,1005.0,999.0,1.0
Clayton Clark Humphrey,CCH0182,42,44,47,23,29,346,346,346,346,1,1012,400,694,30488691,652,0.0,0.0,0.0,10034,1,107,0.0,0.0,0.0,0.0
Cole Aaron Mcfarland,CAM0681,41,43,45,10,28,613,346,0,346,1,3033,907,1521,91207420,1521,759.0,759.0,1.0,34600,1,149,717.0,360.0,357.0,1.0
Lyle Brady Hayes,LBH0942,40,42,23,30,29,819,453,453,0,1,3918,411,793,117687945,1750,10889.0,10889.0,1.0,43035,1,135,7785.0,3903.0,3882.0,1.0
Cedric Alexander Bowers,CAB0388,37,33,23,40,36,610,346,165,0,1,2946,1142,1908,87560945,1442,0.0,0.0,0.0,32775,1,129,0.0,0.0,0.0,0.0
William Graham Rowe,WGR0833,38,46,24,38,42,346,346,0,346,1,339,0,0,9922153,263,0.0,0.0,0.0,3460,1,86,0.0,0.0,0.0,0.0
Mohammad Taylor Terrell,MTT0901,41,34,30,40,30,49,29,0,29,1,82,41,86,2431781,97,187.0,187.0,1.0,841,1,57,180.0,90.0,90.0,1.0
Gisela Quintessa Fischer,GQF0659,40,16,30,29,28,346,346,0,346,1,1002,110,202,30250808,650,0.0,0.0,0.0,10034,1,119,0.0,0.0,0.0,0.0
Callum Scott Parrish,CSP0197,37,44,17,13,26,743,465,2,351,2,3676,1136,2139,110484077,1260,0.0,0.0,0.0,39444,1,180,0.0,0.0,0.0,0.0
Octavia May Maddox,OMM0944,17,14,27,21,29,346,346,346,0,1,336,0,0,10435537,259,0.0,0.0,0.0,3460,1,144,0.0,0.0,0.0,0.0
Irma Melanie Patrick,IMP0530,40,17,42,50,32,346,346,0,0,1,1008,193,367,30515429,609,0.0,0.0,0.0,10034,1,117,0.0,0.0,0.0,0.0
Owen Ross Burks,ORB0473,38,44,46,38,38,346,346,164,235,1,333,132,228,10061357,247,0.0,0.0,0.0,3460,1,108,0.0,0.0,0.0,0.0
Jenette McKenzie Lynn,JML0909,24,32,39,40,21,621,346,0,346,1,1010,425,811,30246610,621,0.0,0.0,0.0,10034,1,144,0.0,0.0,0.0,0.0
Noble Devin Mack,NDM0417,44,36,50,12,34,720,441,170,202,2,3044,1211,2413,92034407,1728,1284.0,1284.0,1.0,32870,1,187,1379.0,692.0,687.0,1.0
Ferdinand Rashad Lee,FRL0511,20,30,47,20,30,346,346,0,0,1,1004,407,864,29673038,606,0.0,0.0,0.0,10005,1,72,0.0,0.0,0.0,0.0
Lynn Adena Pratt,LAP0338,42,23,33,45,31,874,488,488,488,1,1420,132,279,42874646,874,0.0,0.0,0.0,14123,1,131,0.0,0.0,0.0,0.0
Harper Clark Vazquez,HCV0478,46,36,18,12,24,611,346,0,0,1,5036,1542,2760,150365437,2571,0.0,0.0,0.0,56052,1,174,0.0,0.0,0.0,0.0
Kimberley Joy Anderson,KJA0152,16,16,39,38,34,346,346,0,346,1,3687,0,0,111045457,1030,0.0,0.0,0.0,39444,1,184,0.0,0.0,0.0,0.0
Erasmus Cameron Franco,ECF0828,40,49,39,40,35,211,211,0,211,1,207,0,0,6383120,178,0.0,0.0,0.0,2110,1,95,0.0,0.0,0.0,0.0
Buffy Vivien Nichols,BVN0514,36,23,30,23,22,118,118,0,0,2,327,43,72,9792134,243,0.0,0.0,0.0,3190,1,71,0.0,0.0,0.0,0.0
Bruno Stewart Silva,BSS0463,32,40,40,38,28,364,364,163,216,2,335,132,326,10269150,258,0.0,0.0,0.0,3460,1,110,0.0,0.0,0.0,0.0
Jonathan John Martinez,JJM0203,37,36,18,30,28,424,262,223,11,2,1876,722,1340,55947307,657,425.0,425.0,1.0,20181,1,160,854.0,428.0,426.0,1.0
Adam Ishmael Mcdaniel,AIM0627,36,39,16,41,23,346,346,150,0,1,5009,0,0,150189455,2496,0.0,0.0,0.0,55890,1,194,0.0,0.0,0.0,0.0
Rashad August Hatfield,RAH0440,18,15,43,16,24,346,346,156,0,1,3024,0,0,90589941,1487,0.0,0.0,0.0,32870,1,126,0.0,0.0,0.0,0.0
Xenos Hayden Gallegos,XHG0902,44,35,23,47,14,346,346,0,346,1,1013,232,491,30653431,636,0.0,0.0,0.0,10034,1,139,0.0,0.0,0.0,0.0
Tobias Dakota Jacobs,TDJ0998,34,40,10,42,36,622,346,0,346,1,3013,626,1046,89711047,1240,0.0,0.0,0.0,32870,1,120,0.0,0.0,0.0,0.0
John Price Atkins,JPA0667,49,42,34,35,27,346,346,172,0,1,2980,1193,2048,89571614,1401,0.0,0.0,0.0,32870,1,176,0.0,0.0,0.0,0.0
Elaine Hanna Raymond,EHR0096,22,13,20,48,31,346,346,346,0,1,3019,0,0,90378333,1546,0.0,0.0,0.0,32870,1,157,0.0,0.0,0.0,0.0
Sharon Jemima Whitehead,SJW0451,43,30,16,50,28,346,346,174,192,1,339,0,0,9977542,268,0.0,0.0,0.0,3460,1,115,0.0,0.0,0.0,0.0
Colton Nathan Barber,CNB0900,34,43,38,16,27,346,346,0,346,1,1007,0,0,30635711,649,0.0,0.0,0.0,10005,1,98,0.0,0.0,0.0,0.0
Ethan Arden Hays,EAH0466,41,38,29,38,25,65,39,16,21,3,34,12,19,1089599,46,358.0,358.0,1.0,350,1,64,30.0,15.0,15.0,1.0
Curran Tarik Ayala,CTA0020,36,50,11,22,34,639,371,160,346,2,3640,1085,2135,109048871,1663,606.0,606.0,1.0,37368,1,171,5942.0,2977.0,2965.0,1.0
Sandra Roary Solomon,SRS0231,17,44,36,32,26,346,346,171,346,1,3024,314,621,89475122,1417,0.0,0.0,0.0,32870,1,168,0.0,0.0,0.0,0.0
Hadley Willa Hill,HWH0646,17,24,24,21,28,629,346,0,346,1,1014,405,804,30324626,638,0.0,0.0,0.0,10034,1,98,0.0,0.0,0.0,0.0
Halee Kim Burnett,HKB0418,50,18,13,26,27,332,332,148,173,1,2922,0,0,88309959,1480,0.0,0.0,0.0,31540,1,128,0.0,0.0,0.0,0.0
Chanda Celeste Mosley,CCM0855,31,24,19,36,29,346,346,346,12,1,5114,510,877,153750588,2585,0.0,0.0,0.0,56052,1,213,0.0,0.0,0.0,0.0
Shelley Eleanor Dawson,SED0886,22,18,18,35,28,718,454,29,374,2,1014,325,596,29983372,695,0.0,0.0,0.0,10034,1,100,0.0,0.0,0.0,0.0
Logan Branden Cherry,LBC0356,40,30,40,21,41,1662,1391,889,891,103,3696,1521,2586,111869030,1922,0.0,0.0,0.0,39444,1,247,0.0,0.0,0.0,0.0
Chloe Keiko Holland,CKH0144,34,22,22,35,30,346,346,346,0,1,3015,1188,2052,90461296,914,0.0,0.0,0.0,32775,1,121,0.0,0.0,0.0,0.0
Melvin Brody Garza,MBG0438,38,17,37,16,29,235,235,118,0,1,2009,414,844,60759257,1076,0.0,0.0,0.0,22325,1,143,0.0,0.0,0.0,0.0
Mohammad Vladimir Farrell,MVF0594,35,38,33,44,36,346,346,0,346,1,335,0,0,10200796,251,0.0,0.0,0.0,3460,1,205,0.0,0.0,0.0,0.0
Alea Tana Ferrell,ATF0274,20,45,48,27,28,346,346,346,0,1,3019,922,1862,89408102,1555,0.0,0.0,0.0,32870,1,197,0.0,0.0,0.0,0.0
Kendall Thaddeus Glover,KTG0091,46,41,16,15,29,346,346,346,0,1,2992,595,1022,89553903,1143,0.0,0.0,0.0,32870,1,205,0.0,0.0,0.0,0.0
Alfonso Colin Cooley,ACC0042,23,19,37,20,31,1362,1362,1219,872,110,3676,1113,2158,110360033,1638,0.0,0.0,0.0,39336,1,182,0.0,0.0,0.0,0.0
Arsenio Kato Wilder,AKW0167,38,38,20,14,35,346,346,346,0,1,3685,376,792,110897062,1967,0.0,0.0,0.0,39444,1,169,0.0,0.0,0.0,0.0
Kirk Palmer Rosales,KPR0497,50,43,43,20,29,739,461,0,0,2,5028,2023,3714,149810549,2526,0.0,0.0,0.0,56052,1,184,0.0,0.0,0.0,0.0
Amaya Britanni Newton,ABN0239,21,37,20,39,25,613,346,159,207,1,3023,602,1206,90733985,1381,0.0,0.0,0.0,32870,1,175,0.0,0.0,0.0,0.0
Colton Kaseem Bolton,CKB0482,36,48,37,46,25,346,346,0,0,1,5036,0,0,151565398,2574,0.0,0.0,0.0,56052,1,238,0.0,0.0,0.0,0.0
Alfreda Morgan Holloway,AMH0464,45,16,42,37,21,346,346,169,175,1,337,67,127,9914240,251,0.0,0.0,0.0,3460,1,85,0.0,0.0,0.0,0.0
Quinn Coby Hays,QCH0110,34,35,17,37,27,305,305,0,305,1,884,0,0,26814816,530,0.0,0.0,0.0,8845,1,129,0.0,0.0,0.0,0.0
Sara Gail George,SGG0787,14,27,10,20,31,602,346,0,346,1,4651,1827,3635,139239586,2302,0.0,0.0,0.0,49478,1,162,0.0,0.0,0.0,0.0
Sarah Imelda Juarez,SIJ0661,40,17,14,15,21,346,346,154,0,1,4681,442,817,142432139,2302,0.0,0.0,0.0,49335,1,175,0.0,0.0,0.0,0.0
Byron Tyrone Williamson,BTW0005,33,39,18,18,27,466,466,354,6,2,8950,3593,5972,268955836,3275,0.0,0.0,0.0,98610,1,250,0.0,0.0,0.0,0.0
Risa Laura Bolton,RLB0719,14,18,15,40,35,364,364,364,18,1,331,109,249,9996407,293,0.0,0.0,0.0,3460,1,98,0.0,0.0,0.0,0.0
William Damian Oconnor,WDO0870,23,21,14,13,25,438,438,421,89,4,4628,474,891,139146262,2461,0.0,0.0,0.0,58820,1,221,0.0,0.0,0.0,0.0
Kaden Chastity Briggs,KCB0815,16,40,18,36,31,625,346,0,346,1,3061,331,599,91339138,1438,0.0,0.0,0.0,32870,1,167,0.0,0.0,0.0,0.0
Vincent Calvin Young,VCY0751,37,24,39,19,25,620,346,174,0,1,5021,2010,3920,150427573,2533,0.0,0.0,0.0,56052,1,100,0.0,0.0,0.0,0.0
Brock Aladdin Joyce,BAJ0654,36,10,47,10,41,388,388,34,381,7,986,290,517,29504398,638,2919.0,2919.0,1.0,10034,1,63,279.0,140.0,139.0,1.0
Madonna Kristen Love,MKL0941,16,26,20,38,30,346,346,346,0,1,2973,0,0,88769568,1375,0.0,0.0,0.0,32870,1,147,0.0,0.0,0.0,0.0
Elijah Gary Diaz,EGD0409,39,40,22,35,33,248,140,64,80,1,1239,372,623,37569746,712,0.0,0.0,0.0,13300,1,101,0.0,0.0,0.0,0.0
Dale Benjamin Sharpe,DBS0235,30,38,18,37,33,374,374,173,357,4,3034,319,657,90842454,1427,0.0,0.0,0.0,32870,1,257,0.0,0.0,0.0,0.0
Jael Jennifer Hansen,JJH0613,50,30,24,14,26,711,436,171,2,2,5027,1978,3321,151369972,2538,1641.0,1641.0,1.0,56052,1,168,2095.0,1049.0,1046.0,1.0
Ulric Ferdinand Knapp,UFK0208,18,34,22,23,30,704,436,354,7,2,4709,911,1848,142193494,2139,0.0,0.0,0.0,49478,1,192,0.0,0.0,0.0,0.0
Brent Laith Beck,BLB0114,38,48,41,15,22,696,413,3,352,2,3016,1242,2694,90663767,1593,0.0,0.0,0.0,31140,1,154,0.0,0.0,0.0,0.0
Cheyenne Kay Dickerson,CKD0680,18,50,24,18,28,346,346,159,0,1,3045,596,1246,90300086,1420,0.0,0.0,0.0,32870,1,161,0.0,0.0,0.0,0.0
Myra Kay Greer,MKG0711,17,26,43,32,38,346,346,346,0,1,337,0,0,10355828,267,0.0,0.0,0.0,3460,1,138,0.0,0.0,0.0,0.0
Edward Dean Anthony,EDA0684,38,42,40,39,33,44,44,6,40,2,304,100,234,9343504,221,0.0,0.0,0.0,3325,1,120,0.0,0.0,0.0,0.0
Illana Isabelle Lamb,IIL0513,37,13,26,38,34,439,439,0,0,1,1329,133,232,39961279,802,0.0,0.0,0.0,13170,1,191,0.0,0.0,0.0,0.0
TaShya Savannah Mcgowan,TSM0363,34,19,20,39,33,1397,1397,905,909,105,3629,752,1469,108706590,1700,0.0,0.0,0.0,39400,1,125,0.0,0.0,0.0,0.0
Price Bevis Pittman,PBP0002,49,35,23,10,27,346,346,151,0,1,3629,0,0,108823200,1347,0.0,0.0,0.0,39330,1,104,0.0,0.0,0.0,0.0
Louis Hyatt Bruce,LHB0606,37,38,15,27,27,82,82,40,0,1,1161,235,514,34617779,690,0.0,0.0,0.0,13284,1,197,0.0,0.0,0.0,0.0
Guy Tad Daniel,GTD0898,23,23,39,15,29,346,346,0,346,1,1003,0,0,30236750,628,0.0,0.0,0.0,10034,1,143,0.0,0.0,0.0,0.0
Calvin Jarrod Hood,CJH0702,46,24,30,25,37,346,346,346,0,1,337,0,0,10378356,254,0.0,0.0,0.0,3460,1,73,0.0,0.0,0.0,0.0
Desirae Mari Koch,DMK0257,33,20,26,26,30,715,445,421,74,2,3008,1175,2162,90266204,1478,1499.0,1499.0,1.0,32870,1,99,1371.0,689.0,682.0,1.0
Willow Iliana Quinn,WIQ0567,25,41,10,47,39,798,442,0,276,1,3876,1554,2824,114997661,1877,1955.0,1955.0,1.0,41990,1,144,867.0,437.0,430.0,1.0
Peter Tad Hartman,PTH0830,43,44,42,43,34,425,425,0,425,1,411,43,83,12251946,306,0.0,0.0,0.0,4250,1,108,0.0,0.0,0.0,0.0
Nicholas Cade Owen,NCO0666,40,45,10,12,31,622,350,157,0,1,3028,906,1865,90571361,1438,0.0,0.0,0.0,32870,1,172,0.0,0.0,0.0,0.0
Maxwell Hammett Green,MHG0733,43,30,24,42,29,346,346,154,0,1,4973,0,0,148534726,2543,0.0,0.0,0.0,56052,1,148,0.0,0.0,0.0,0.0
Robert Ali Webb,RAW0915,43,50,21,43,24,762,441,16,421,4,3490,1060,2019,105003831,1725,459.0,459.0,1.0,40300,1,235,872.0,438.0,434.0,1.0
Hillary Ainsley Mccormick,HAM0985,20,17,29,16,20,346,346,346,11,1,3050,624,1297,90998998,1210,0.0,0.0,0.0,32870,1,191,0.0,0.0,0.0,0.0
Serina Ariana Butler,SAB0781,36,35,24,30,28,622,346,0,0,1,1003,398,874,29360319,638,1441.0,1441.0,1.0,10005,1,83,733.0,369.0,364.0,1.0
Ira Benjamin Mays,IBM0671,50,46,38,35,31,619,360,170,0,2,3342,1019,1928,100485769,1645,802.0,802.0,1.0,32775,1,198,287.0,145.0,142.0,1.0
Yasir Dexter Nelson,YDN0198,45,50,41,11,24,622,354,347,1,2,3693,1102,1799,109962063,1030,0.0,0.0,0.0,39444,1,87,0.0,0.0,0.0,0.0
Grace Alma Fry,GAF0060,41,16,39,25,22,346,346,157,346,1,3031,1207,2458,90815768,1436,0.0,0.0,0.0,32870,1,115,0.0,0.0,0.0,0.0
Alec Mannix Mcneil,AMM0014,48,38,15,44,36,346,346,346,346,1,6029,0,0,181524319,2290,0.0,0.0,0.0,65740,1,239,0.0,0.0,0.0,0.0
Aquila Mark Vega,AMV0036,43,36,42,37,26,346,346,346,0,1,4711,0,0,140429611,2089,0.0,0.0,0.0,49478,1,232,0.0,0.0,0.0,0.0
Merritt Oliver Phelps,MOP0763,43,41,22,20,33,346,346,0,0,1,995,0,0,29596898,629,0.0,0.0,0.0,10034,1,70,0.0,0.0,0.0,0.0
Callum Brendan Gonzalez,CBG0490,50,31,35,10,29,346,346,0,0,1,5029,1018,1834,149242993,2538,0.0,0.0,0.0,56052,1,136,0.0,0.0,0.0,0.0
Cameron Noel Elliott,CNE0352,39,22,44,15,30,346,346,174,0,1,5950,637,1204,177647458,2886,0.0,0.0,0.0,65740,1,68,0.0,0.0,0.0,0.0
Gil Quincy Potter,GQP0743,47,39,19,39,25,346,346,164,0,1,4978,1985,3470,149026403,2472,0.0,0.0,0.0,56052,1,229,0.0,0.0,0.0,0.0
Philip Travis Hartman,PTH0552,20,13,32,20,28,611,346,156,178,1,3018,895,1423,91323427,1437,0.0,0.0,0.0,32870,1,142,0.0,0.0,0.0,0.0
Garrison Levi Rollins,GLR0975,33,44,26,24,24,611,346,158,240,1,3687,1482,2945,110722424,1469,0.0,0.0,0.0,39444,1,124,0.0,0.0,0.0,0.0
Gareth Thomas Dickson,GTD0219,40,40,19,30,33,490,490,425,312,109,1262,373,705,38339569,738,1281.0,1281.0,162.0,13442,1,210,957.0,479.0,478.0,291.0
Blossom Keiko Weiss,BKW0374,41,38,17,46,27,1358,1358,853,852,112,3612,708,1212,108570725,1768,0.0,0.0,0.0,39388,1,140,0.0,0.0,0.0,0.0
Constance Audrey Hicks,CAH0936,40,22,39,50,24,354,213,196,20,6,1512,465,936,45614918,790,42.0,42.0,1.0,17202,1,185,25.0,13.0,12.0,1.0
Althea Ina Palmer,AIP0982,43,20,43,41,33,636,364,347,10,1,3328,988,1864,99355047,1399,6182.0,6182.0,1.0,34500,1,86,729.0,366.0,363.0,1.0
Kennedy Robert Vega,KRV0372,40,39,25,35,32,1410,1410,926,932,104,3711,1502,2410,111227957,1815,0.0,0.0,0.0,39444,1,253,0.0,0.0,0.0,0.0
Ivor Amir Tucker,IAT0263,28,23,30,30,27,186,186,186,0,1,1762,510,1010,53567923,782,0.0,0.0,0.0,17670,1,94,0.0,0.0,0.0,0.0
Jocelyn Brenna Daniels,JBD0616,40,21,25,37,27,640,362,167,0,2,5030,1530,2655,150294878,2702,339.0,339.0,1.0,56052,1,209,5968.0,2991.0,2977.0,1.0
Roary Ursa Massey,RUM0880,40,37,17,38,26,660,393,380,43,2,5004,1991,3869,149771740,2489,2199.0,2199.0,1.0,55890,1,203,1398.0,701.0,697.0,1.0
Declan Gareth Mclaughlin,DGM0754,42,18,42,24,24,29,29,12,0,1,431,0,0,12876970,310,0.0,0.0,0.0,4698,1,149,0.0,0.0,0.0,0.0
Savannah Marcia Yang,SMY0792,43,37,39,42,25,686,416,0,0,4,3021,890,1664,89796021,1550,1209.0,1209.0,1.0,32870,1,165,758.0,380.0,378.0,1.0
Harrison Oscar Burke,HOB0994,38,39,15,43,33,346,346,0,346,1,2979,587,1063,89564945,1115,0.0,0.0,0.0,32870,1,161,0.0,0.0,0.0,0.0
Donovan Garth Nieves,DGN0480,21,25,44,20,31,329,329,0,0,1,4798,949,1810,143385759,2425,0.0,0.0,0.0,53298,1,167,0.0,0.0,0.0,0.0
Kirk Jakeem Joyce,KJJ0293,41,42,23,39,33,691,424,0,211,2,333,140,316,9971068,247,530.0,530.0,1.0,3460,1,109,687.0,345.0,342.0,1.0
Justin Xerxes Hansen,JXH0493,36,32,23,15,31,346,346,0,0,1,5008,538,912,148519285,2498,0.0,0.0,0.0,56052,1,141,0.0,0.0,0.0,0.0
Peter Gil Harrington,PGH0184,30,35,33,22,25,406,229,229,229,1,673,276,566,19748486,472,0.0,0.0,0.0,6641,1,128,0.0,0.0,0.0,0.0
Josiah Preston Wall,JPW0741,40,38,44,30,33,346,346,163,0,1,4984,0,0,150380728,2517,0.0,0.0,0.0,56052,1,127,0.0,0.0,0.0,0.0
Nichole Melodie Gilbert,NMG0766,16,23,42,40,31,346,346,0,0,1,1002,109,224,29994669,638,0.0,0.0,0.0,10034,1,169,0.0,0.0,0.0,0.0
Heidi Mia Wilson,HMW0713,38,24,40,36,28,346,346,346,0,1,335,73,135,9860566,255,0.0,0.0,0.0,3460,1,62,0.0,0.0,0.0,0.0
Malik Adrian Hebert,MAH0864,30,46,25,20,25,346,346,346,7,1,5046,1010,1990,150460498,2564,0.0,0.0,0.0,56052,1,135,0.0,0.0,0.0,0.0
Quentin Nolan Fitzpatrick,QNF0205,35,41,22,21,29,346,346,346,0,1,3670,369,612,109882555,1110,0.0,0.0,0.0,39444,1,145,0.0,0.0,0.0,0.0
Keane Kennan Watts,KKW0879,36,42,21,31,27,451,451,407,31,2,5158,540,1229,154248133,2763,1534.0,1534.0,1.0,61722,1,151,6501.0,3257.0,3244.0,1.0
Thaddeus Emery Martin,TEM0093,28,24,45,14,30,247,247,247,0,1,2158,417,725,64835346,983,0.0,0.0,0.0,23465,1,133,0.0,0.0,0.0,0.0
Reuben Victor Freeman,RVF0201,36,32,38,29,28,635,366,349,3,2,3692,1090,1838,109820333,1163,252.0,252.0,1.0,39444,1,134,687.0,345.0,342.0,1.0
Tobias Martin Ashley,TMA0069,33,38,42,14,33,346,346,164,208,1,3057,608,1091,91121905,1433,0.0,0.0,0.0,32870,1,225,0.0,0.0,0.0,0.0
Vernon Finn Mcgee,VFM0814,46,45,44,19,28,476,291,5,245,2,2110,227,504,63416821,1075,122.0,122.0,1.0,22800,1,196,180.0,90.0,90.0,1.0
Salvador Byron Norton,SBN0866,41,34,41,24,22,372,372,372,42,1,5047,1543,2647,150712560,2639,5864.0,5864.0,1.0,56052,1,197,751.0,377.0,374.0,1.0
Zenaida Justine England,ZJE0857,35,34,36,38,31,393,393,368,12,2,5362,530,887,161684652,2681,0.0,0.0,0.0,59454,1,200,0.0,0.0,0.0,0.0
Hasad Paki Mcfadden,HPM0986,41,36,38,23,24,346,346,346,9,1,4697,0,0,139762855,1641,0.0,0.0,0.0,49478,1,165,0.0,0.0,0.0,0.0
Cody Jonathan Potter,CJP0952,45,18,25,18,27,653,381,366,19,2,335,104,182,10386334,296,0.0,0.0,0.0,3460,1,79,0.0,0.0,0.0,0.0
Dante Raja Roberts,DRR0162,45,36,20,36,29,256,256,256,0,1,2737,794,1376,82494755,714,529.0,529.0,1.0,29293,1,138,1116.0,559.0,557.0,1.0
Evelyn Sarah Reilly,ESR0693,35,23,25,21,31,192,192,1,171,2,1475,570,1121,44016776,738,509.0,509.0,1.0,16055,1,98,391.0,198.0,193.0,1.0
Colt Walter Reynolds,CWR0502,41,49,25,45,27,696,426,0,0,2,4677,1382,2527,140175759,2575,765.0,765.0,1.0,56052,1,214,694.0,348.0,346.0,1.0
Summer Leilani Boyer,SLB0049,14,27,16,22,20,346,346,0,0,1,6061,1295,2460,181321999,2406,0.0,0.0,0.0,65740,1,205,0.0,0.0,0.0,0.0
Ira Dustin Oneill,IDO0176,34,39,40,24,26,346,346,346,0,1,5026,0,0,151262135,2579,0.0,0.0,0.0,56052,1,113,0.0,0.0,0.0,0.0
Alfonso Gage Blankenship,AGB0186,18,10,41,15,35,346,346,346,346,1,1003,0,0,29954816,637,0.0,0.0,0.0,10034,1,110,0.0,0.0,0.0,0.0
Roary Jane Barrett,RJB0088,20,42,37,45,24,346,346,346,0,1,3002,0,0,89777786,1422,0.0,0.0,0.0,32870,1,108,0.0,0.0,0.0,0.0
Oren Curran Brady,OCB0805,37,33,42,16,18,346,346,0,0,1,3028,318,683,90820839,1441,0.0,0.0,0.0,32870,1,173,0.0,0.0,0.0,0.0
Elton Tyler Richard,ETR0428,36,21,40,20,20,417,417,163,2,2,3034,891,1623,90761972,1507,0.0,0.0,0.0,34600,1,256,0.0,0.0,0.0,0.0
Ivana Kaitlin Parsons,IKP0472,32,10,37,38,31,1016,621,236,273,2,481,195,404,14343864,398,812.0,812.0,1.0,4446,1,145,1033.0,519.0,514.0,1.0
Leo Hasad Byrd,LHB0967,37,38,41,47,33,346,346,346,0,1,330,0,0,9731539,260,0.0,0.0,0.0,3460,1,69,0.0,0.0,0.0,0.0
Chester Caldwell Mendoza,CCM0467,43,40,19,26,25,346,346,155,202,1,335,67,142,9871432,255,0.0,0.0,0.0,3460,1,65,0.0,0.0,0.0,0.0
Gage Kaden Odonnell,GKO0078,44,46,21,24,29,744,473,365,17,2,6000,2446,4144,178976952,3160,942.0,942.0,1.0,65550,1,182,723.0,363.0,360.0,1.0
Garrett Nicholas Solomon,GNS0178,30,17,42,26,33,676,402,381,386,2,2947,887,1923,88373378,1716,3049.0,3049.0,1.0,32870,1,157,303.0,152.0,151.0,1.0
Sybill Sage Shaw,SSS0345,40,21,38,16,20,346,346,346,346,1,1011,0,0,30501427,623,0.0,0.0,0.0,10034,1,143,0.0,0.0,0.0,0.0
Lane Oleg Mclaughlin,LOM0086,18,10,34,23,33,255,147,138,0,2,1237,361,626,37808166,686,438.0,438.0,1.0,13490,1,140,570.0,286.0,284.0,1.0
Simone Scarlet Rose,SSR0278,34,32,45,15,24,196,196,0,196,1,1688,0,0,50813747,909,0.0,0.0,0.0,18620,1,210,0.0,0.0,0.0,0.0
Adena Lisandra Hardin,ALH0402,43,23,43,46,32,346,346,154,346,1,3039,606,1263,90586539,1471,0.0,0.0,0.0,32870,1,150,0.0,0.0,0.0,0.0
Anastasia Kylan Kaufman,AKK0329,45,22,25,39,22,346,346,346,346,1,1011,406,693,30309339,642,0.0,0.0,0.0,10034,1,223,0.0,0.0,0.0,0.0
Eugenia Whilemina Harrington,EWH0191,33,17,22,23,27,613,346,346,0,1,4649,1852,3413,139165462,1595,0.0,0.0,0.0,49478,1,207,0.0,0.0,0.0,0.0
Todd Vance Spears,TVS0050,40,38,18,30,29,806,533,449,104,2,6253,1880,3063,187154883,2675,0.0,0.0,0.0,65740,1,139,0.0,0.0,0.0,0.0
Troy Uriah Conway,TUC0632,38,44,10,13,31,346,346,0,346,1,1019,0,0,30345608,622,0.0,0.0,0.0,10034,1,165,0.0,0.0,0.0,0.0
Sonia Karly Goodwin,SKG0759,22,15,43,41,26,346,346,0,0,1,1002,406,906,30257480,624,0.0,0.0,0.0,10034,1,101,0.0,0.0,0.0,0.0
Isabella Marah Graham,IMG0320,37,14,12,24,23,346,346,346,0,1,5032,992,1943,151834160,2494,0.0,0.0,0.0,55890,1,189,0.0,0.0,0.0,0.0
Blair Bruno Grimes,BBG0325,41,50,30,37,40,643,368,350,4,2,5032,1517,2509,149612323,2732,349.0,349.0,1.0,56052,1,174,729.0,368.0,361.0,1.0
Chanda Tamekah William,CTW0500,38,36,20,35,35,346,346,0,0,1,4974,1971,3969,149640176,2550,0.0,0.0,0.0,56052,1,196,0.0,0.0,0.0,0.0
Sonya Beatrice Nichols,SBN0495,39,22,43,24,21,346,346,0,0,1,5107,1004,1817,153595695,2598,0.0,0.0,0.0,56052,1,227,0.0,0.0,0.0,0.0
Emerald Lysandra Hodges,ELH0960,40,43,26,41,22,346,346,346,0,1,333,0,0,9882333,261,0.0,0.0,0.0,3460,1,76,0.0,0.0,0.0,0.0
Brynn Madeline Sherman,BMS0877,31,50,11,43,33,126,126,126,3,1,1786,700,1346,53339264,1032,0.0,0.0,0.0,20412,1,101,0.0,0.0,0.0,0.0
Thomas Shad Guthrie,TSG0906,41,21,40,28,28,608,346,0,346,1,1008,421,845,30441525,658,0.0,0.0,0.0,10005,1,65,0.0,0.0,0.0,0.0
Rebecca Kelsie Daugherty,RKD0604,17,46,36,38,31,154,154,85,4,1,2179,207,389,65474573,1217,49.0,49.0,1.0,24302,1,158,40.0,20.0,20.0,1.0
Jakeem Magee Knight,JMK0099,40,37,41,41,25,735,465,365,16,2,2989,906,1815,89687476,1735,555.0,555.0,1.0,32870,1,230,279.0,141.0,138.0,1.0
Macon Kyle Pope,MKP0861,36,42,39,34,29,620,346,346,14,1,4983,1993,3538,148081972,2519,0.0,0.0,0.0,56052,1,178,0.0,0.0,0.0,0.0
Honorato Ivan Wall,HIW0536,39,50,25,24,20,346,346,162,346,1,4713,479,812,141327732,2336,0.0,0.0,0.0,49335,1,135,0.0,0.0,0.0,0.0
Cherokee Tashya Ramirez,CTR0697,36,15,33,25,34,613,350,350,4,1,334,109,233,9643975,294,0.0,0.0,0.0,3460,1,104,0.0,0.0,0.0,0.0
Blaine Helen Cervantes,BHC0665,14,21,12,12,32,463,463,0,0,2,2973,1183,2331,89919176,1707,0.0,0.0,0.0,32775,1,118,0.0,0.0,0.0,0.0
Dominic Calvin Hewitt,DCH0843,20,31,11,18,36,294,294,5,294,1,281,57,113,8275990,219,38.0,38.0,1.0,2891,1,121,46.0,23.0,23.0,1.0
Wade Ira Frazier,WIF0691,33,39,37,30,24,616,356,5,352,2,3013,291,609,91086092,1399,8267.0,8267.0,1.0,34600,1,257,5455.0,2732.0,2723.0,1.0
Hanae Wendy Meyer,HWM0342,45,44,41,39,34,365,365,347,349,2,1019,109,234,30499481,642,0.0,0.0,0.0,10034,1,127,0.0,0.0,0.0,0.0
Mufutau Nehru Contreras,MNC0717,30,37,22,22,34,715,455,358,11,2,338,103,243,10135429,288,0.0,0.0,0.0,3460,1,66,0.0,0.0,0.0,0.0
Abel Reese Boone,ARB0881,38,46,43,10,35,346,346,0,346,1,1016,386,760,30171508,620,0.0,0.0,0.0,10034,1,135,0.0,0.0,0.0,0.0
Azalia Halee Cantu,AHC0142,34,23,40,15,26,755,442,391,3,2,3382,1002,1844,102101629,1085,0.0,0.0,0.0,36670,1,166,0.0,0.0,0.0,0.0
Zenia Freya Macias,ZFM0468,35,16,20,45,30,346,346,156,189,1,336,79,161,10391181,266,0.0,0.0,0.0,3460,1,130,0.0,0.0,0.0,0.0
Delilah Iliana Wilkinson,DIW0118,37,17,19,37,26,739,470,367,17,2,4658,1387,2401,139614336,1921,1314.0,1314.0,1.0,49478,1,150,1359.0,683.0,676.0,1.0
Upton Sebastian Holt,USH0199,44,39,46,36,25,349,349,349,2,1,3052,952,1864,92277385,909,142.0,142.0,1.0,32870,1,209,222.0,112.0,110.0,1.0
Mallory Alexis Daniel,MAD0753,50,30,36,41,33,346,346,168,0,1,5049,1040,1699,150654694,2518,0.0,0.0,0.0,56052,1,228,0.0,0.0,0.0,0.0
Kim Dara Sullivan,KDS0349,18,23,20,32,29,346,346,166,0,1,4745,0,0,141675008,2364,0.0,0.0,0.0,49478,1,218,0.0,0.0,0.0,0.0
Laith Jason Britt,LJB0826,38,21,39,15,32,346,346,0,346,1,336,80,164,10127593,256,0.0,0.0,0.0,3450,1,71,0.0,0.0,0.0,0.0
Farrah Kim Keith,FKK0055,46,16,37,16,27,856,489,0,0,2,4039,1630,3275,121898249,1726,601.0,601.0,1.0,46400,1,225,344.0,172.0,172.0,1.0
Tara Alma Potts,TAP0551,25,17,27,20,22,417,247,113,145,2,1960,584,1285,58478653,988,21.0,21.0,1.0,21377,1,210,10.0,5.0,5.0,1.0
Fletcher Perry Cantu,FPC0954,22,25,50,20,27,346,346,346,0,1,340,0,0,9952288,268,0.0,0.0,0.0,3460,1,64,0.0,0.0,0.0,0.0
Galena Britanney Merritt,GBM0603,39,42,42,24,37,322,322,146,0,1,4673,936,1829,138794883,2450,0.0,0.0,0.0,52164,1,211,0.0,0.0,0.0,0.0
Casey Xerxes Conrad,CXC0336,23,19,34,35,34,346,346,346,346,1,1000,208,434,29963956,628,0.0,0.0,0.0,10005,1,78,0.0,0.0,0.0,0.0
Hakeem Mason Mccall,HMM0108,33,41,17,43,25,120,80,1,56,2,540,171,308,15902020,363,345.0,345.0,1.0,5225,1,83,198.0,100.0,98.0,1.0
Fritz Dale Ellison,FDE0117,38,37,32,41,28,346,346,0,346,1,4724,921,1759,141349421,1986,0.0,0.0,0.0,49478,1,156,0.0,0.0,0.0,0.0
Fatima Ulla Mcclure,FUM0015,33,18,18,46,32,346,346,0,346,1,6114,2467,4528,183233065,2291,0.0,0.0,0.0,65740,1,190,0.0,0.0,0.0,0.0
Nelle April Bowen,NAB0801,28,34,10,41,29,346,346,0,0,1,3028,310,596,90664063,1419,0.0,0.0,0.0,32870,1,144,0.0,0.0,0.0,0.0
Geoffrey Jin Tucker,GJT0386,24,13,49,34,26,346,346,159,0,1,2998,292,506,88928278,1407,0.0,0.0,0.0,32870,1,180,0.0,0.0,0.0,0.0
Kathleen Aline Chan,KAC0124,33,14,30,18,33,346,346,0,346,1,3058,0,0,91462399,1418,0.0,0.0,0.0,32870,1,162,0.0,0.0,0.0,0.0
Raymond Gray Hyde,RGH0728,19,20,37,18,29,281,281,135,0,1,4114,810,1423,123330807,2150,0.0,0.0,0.0,45522,1,160,0.0,0.0,0.0,0.0
Charde Cynthia Rasmussen,CCR0863,20,30,37,14,29,346,346,346,8,1,5096,0,0,153134558,2585,0.0,0.0,0.0,56052,1,238,0.0,0.0,0.0,0.0
Tiger Tucker Dawson,TTD1000,34,34,24,40,29,346,346,0,346,1,3000,608,1085,90559664,1265,0.0,0.0,0.0,32870,1,210,0.0,0.0,0.0,0.0
Oleg Kane Britt,OKB0439,41,42,30,25,27,346,346,166,0,1,3044,1178,2321,92313728,1532,0.0,0.0,0.0,32870,1,111,0.0,0.0,0.0,0.0
Xander Aaron Acevedo,XAA0104,41,40,14,38,42,621,346,346,0,1,3039,932,1872,91471670,1569,437.0,437.0,1.0,32870,1,141,274.0,138.0,136.0,1.0
Reuben Fulton Pugh,RFP0380,39,39,20,20,32,346,346,156,0,1,2996,654,1092,89299914,1351,0.0,0.0,0.0,32870,1,92,0.0,0.0,0.0,0.0
Josiah Thaddeus Stewart,JTS0389,31,36,11,44,32,423,423,172,2,3,3335,324,566,99977985,1637,376.0,376.0,1.0,32870,1,168,270.0,136.0,134.0,1.0
Cameran Madonna Shepard,CMS0454,43,23,28,15,25,346,346,170,183,1,336,73,147,10093650,255,0.0,0.0,0.0,3450,1,62,0.0,0.0,0.0,0.0
Jaden Kylan Buckley,JKB0126,43,24,19,33,28,345,346,0,346,1,3024,0,0,90628268,1265,0.0,0.0,0.0,32870,1,184,0.0,0.0,0.0,0.0
Lillith Adena Matthews,LAM0911,42,43,27,38,22,606,346,0,346,1,4728,965,1719,140707203,2321,0.0,0.0,0.0,49478,1,237,0.0,0.0,0.0,0.0
Grady Craig Coffey,GCC0744,35,42,15,25,31,346,346,168,0,1,5063,0,0,151525892,2524,0.0,0.0,0.0,56052,1,206,0.0,0.0,0.0,0.0
Colin Lawrence Holder,CLH0703,48,41,47,28,29,346,346,346,0,1,332,36,61,10214741,264,0.0,0.0,0.0,3460,1,150,0.0,0.0,0.0,0.0
Keely Mollie Weiss,KMW0545,19,16,18,23,32,621,346,161,185,1,3025,934,1839,91003763,1522,493.0,493.0,1.0,31140,1,163,257.0,129.0,128.0,1.0
Piper Sasha Fuentes,PSF0133,42,40,11,36,33,190,190,0,113,1,200,0,0,5692789,182,449.0,449.0,1.0,2028,1,93,813.0,408.0,405.0,1.0
Nathaniel Hunter Heath,NHH0185,41,43,19,21,33,355,355,352,352,1,1006,116,210,30163188,621,0.0,0.0,0.0,9342,1,114,0.0,0.0,0.0,0.0
Nehru Cyrus Everett,NCE0097,48,36,20,11,35,346,346,346,0,1,3032,286,562,91271246,1552,0.0,0.0,0.0,34600,1,235,0.0,0.0,0.0,0.0
Camilla Camille Leach,CCL0068,13,16,23,19,23,288,288,140,154,1,2521,491,827,75929183,1170,630.0,630.0,1.0,27464,1,171,1262.0,633.0,629.0,1.0
Anne Jane Carey,AJC0840,14,24,19,33,37,346,346,0,346,1,364,45,87,11188640,277,0.0,0.0,0.0,3460,1,92,0.0,0.0,0.0,0.0
George Cade Chen,GCC0945,30,39,18,25,27,346,346,346,0,1,337,44,79,9898964,267,0.0,0.0,0.0,3460,1,94,0.0,0.0,0.0,0.0
Noah Andrew Beck,NAB0903,44,30,19,30,37,346,346,0,346,1,1063,0,0,31972015,646,0.0,0.0,0.0,10034,1,180,0.0,0.0,0.0,0.0
Alice Orli Stout,AOS0987,16,32,40,30,27,709,440,11,360,2,3017,857,1559,90424650,886,0.0,0.0,0.0,31140,1,194,0.0,0.0,0.0,0.0
Jana Amanda Dorsey,JAD0609,18,23,26,36,33,438,438,175,2,3,4968,1972,4145,147803283,2563,0.0,0.0,0.0,56052,1,156,0.0,0.0,0.0,0.0
Alea Maggie Whitfield,AMW0392,47,47,22,44,26,804,450,211,450,1,3956,398,706,118249034,1836,0.0,0.0,0.0,40500,1,208,0.0,0.0,0.0,0.0
Fay Ingrid Rodriquez,FIR0920,40,11,44,20,27,439,439,17,367,2,3006,1188,2310,89806230,1475,0.0,0.0,0.0,32870,1,96,0.0,0.0,0.0,0.0
Rowan Neve Parks,RNP0211,39,15,25,40,30,625,346,346,0,1,4664,1869,3417,140471544,2053,2638.0,2638.0,1.0,49478,1,148,2129.0,1073.0,1056.0,1.0
Rose Hanae Yates,RHY0079,20,19,14,21,26,358,358,2,348,2,6102,605,1371,183073990,2968,0.0,0.0,0.0,65740,1,213,0.0,0.0,0.0,0.0
Chiquita Linda Stokes,CLS0296,27,16,25,18,33,346,346,0,187,1,336,0,0,9990620,261,0.0,0.0,0.0,3460,1,86,0.0,0.0,0.0,0.0
Julian Samson Allen,JSA0775,50,46,42,19,33,346,346,0,0,1,991,400,760,29653512,682,0.0,0.0,0.0,10034,1,229,0.0,0.0,0.0,0.0
Rina Denise Mcgee,RDM0115,42,17,39,15,30,346,346,346,0,1,3677,754,1491,110480809,1210,0.0,0.0,0.0,39330,1,173,0.0,0.0,0.0,0.0
Joel Kennan Mccarty,JKM0303,46,10,44,15,35,346,346,0,187,1,330,77,172,9785572,249,0.0,0.0,0.0,3450,1,114,0.0,0.0,0.0,0.0
Irene Jemima Meyers,IJM0139,45,17,15,30,35,346,346,0,178,1,337,0,0,10184426,246,0.0,0.0,0.0,3460,1,91,0.0,0.0,0.0,0.0
September Vielka Livingston,SVL0940,15,42,26,15,34,346,346,346,0,1,2991,602,983,89710607,1383,0.0,0.0,0.0,32870,1,191,0.0,0.0,0.0,0.0
Lacota Dahlia Good,LDG0459,20,41,10,50,34,714,435,161,221,3,332,105,205,9941829,258,480.0,480.0,1.0,3460,1,126,312.0,157.0,155.0,1.0
Raymond Otto Bond,ROB0272,39,45,23,41,34,345,346,345,0,1,3002,0,0,89744122,1531,0.0,0.0,0.0,32870,1,98,0.0,0.0,0.0,0.0
Lamar Nissim Strickland,LNS0989,34,38,45,30,31,702,431,364,365,2,3037,1210,2264,91093865,943,0.0,0.0,0.0,32870,1,182,0.0,0.0,0.0,0.0
Charissa Nyssa Mcgee,CNM0800,32,11,40,38,24,346,346,0,0,1,2994,1149,2281,88611163,1425,0.0,0.0,0.0,32870,1,82,0.0,0.0,0.0,0.0
Halla Germaine Nolan,HGN0287,45,30,18,18,27,346,346,0,346,1,3371,1009,2017,100608572,1706,0.0,0.0,0.0,31050,1,121,0.0,0.0,0.0,0.0
Kay Maxine Skinner,KMS0657,17,31,21,17,29,346,346,0,346,1,1006,0,0,30430473,644,0.0,0.0,0.0,10034,1,63,0.0,0.0,0.0,0.0
Beverly Melissa Garner,BMG0917,43,36,41,23,34,638,367,21,367,1,3039,331,617,90659408,1431,7692.0,7692.0,1.0,34600,1,116,5955.0,2981.0,2974.0,1.0
Hollee Vanna Becker,HVB0037,17,42,41,44,26,403,403,403,0,1,5454,582,1025,162455677,2487,0.0,0.0,0.0,57629,1,189,0.0,0.0,0.0,0.0
Phelan Nissim Howell,PNH0761,36,49,27,32,30,435,435,51,51,3,992,113,250,29949502,668,2106.0,2106.0,1.0,9342,1,164,242.0,121.0,121.0,1.0
Jackson Linus Wilkerson,JLW0053,42,41,18,38,31,346,346,167,346,1,4717,0,0,140343719,2364,0.0,0.0,0.0,49478,1,98,0.0,0.0,0.0,0.0
Justine Nola Adkins,JNA0559,10,10,41,10,31,345,346,0,181,1,3020,0,0,90531346,1418,0.0,0.0,0.0,32870,1,239,0.0,0.0,0.0,0.0
Orla Yolanda Middleton,OYM0026,23,26,18,36,28,377,377,4,351,2,2994,297,593,90665033,725,0.0,0.0,0.0,32870,1,194,0.0,0.0,0.0,0.0
Naida Imelda Hughes,NIH0969,43,25,43,22,22,627,347,347,0,1,330,96,199,9844643,258,0.0,0.0,0.0,3460,1,125,0.0,0.0,0.0,0.0
Rogan Chandler Coffey,RCC0617,33,50,13,12,27,346,346,141,0,1,5053,0,0,151642692,2561,0.0,0.0,0.0,56052,1,182,0.0,0.0,0.0,0.0
Grady Jordan Duran,GJD0298,43,39,12,40,27,346,346,0,205,1,339,129,297,10520769,243,0.0,0.0,0.0,3460,1,142,0.0,0.0,0.0,0.0
Marcia Lillian Lynn,MLL0598,44,17,23,49,29,346,346,0,346,1,335,43,86,9870438,259,353.0,353.0,1.0,3450,1,135,5545.0,2779.0,2766.0,1.0
Daria Samantha Mcbride,DSM0591,20,35,18,43,35,346,346,0,346,1,338,0,0,10250331,239,0.0,0.0,0.0,3460,1,121,0.0,0.0,0.0,0.0
Bernard Tobias Landry,BTL0226,36,44,37,38,31,406,241,108,228,3,1862,568,974,56014207,1054,4.0,4.0,1.0,20238,1,146,16.0,8.0,8.0,1.0
Selma Barbara Nicholson,SBN0971,41,40,17,47,30,449,449,449,0,1,434,135,268,12823417,307,577.0,577.0,1.0,4490,1,61,350.0,176.0,174.0,1.0
Camilla Claire Whitehead,CCW0524,40,25,20,21,25,346,346,0,0,1,1009,194,415,30057787,626,0.0,0.0,0.0,10005,1,93,0.0,0.0,0.0,0.0
Ira Wyatt Moss,IWM0816,35,42,50,44,28,622,346,0,346,1,3013,935,1788,90520358,1381,0.0,0.0,0.0,32870,1,129,0.0,0.0,0.0,0.0
John Omar Lancaster,JOL0024,50,40,24,21,29,346,346,346,9,1,3640,725,1366,109794093,1343,0.0,0.0,0.0,39330,1,57,0.0,0.0,0.0,0.0
Ella Nita Lewis,ENL0100,39,18,42,35,21,346,346,346,0,1,3029,602,1016,91711931,1562,0.0,0.0,0.0,32870,1,100,0.0,0.0,0.0,0.0
Talon Ian Ware,TIW0299,34,19,19,12,31,346,346,0,182,1,337,79,143,10115557,274,0.0,0.0,0.0,3460,1,56,0.0,0.0,0.0,0.0
Zachery Samson Kerr,ZSK0258,38,35,21,37,25,346,346,346,0,1,3000,325,553,88728539,1404,0.0,0.0,0.0,32870,1,173,0.0,0.0,0.0,0.0
Chaim Grant Fernandez,CGF0337,32,30,43,15,31,346,346,346,346,1,1012,0,0,30592705,632,0.0,0.0,0.0,10034,1,148,0.0,0.0,0.0,0.0
Erich Harding Bryant,EHB0420,45,42,38,17,20,991,660,288,357,2,3767,1130,2107,112589452,1987,0.0,0.0,0.0,38880,1,201,0.0,0.0,0.0,0.0
Rhona Germane Nelson,RGN0408,11,21,22,22,32,345,346,172,182,1,3026,1197,2377,90368568,1488,0.0,0.0,0.0,32870,1,105,0.0,0.0,0.0,0.0
Frances Hermione Owens,FHO0630,28,44,23,12,26,346,346,173,0,1,4993,1999,3811,150926414,2456,0.0,0.0,0.0,56052,1,217,0.0,0.0,0.0,0.0
Jescie Kristen Jenkins,JKJ0698,16,38,16,22,28,471,472,453,8,4,429,55,107,13043096,317,0.0,0.0,0.0,4420,1,107,0.0,0.0,0.0,0.0
Shana Callie Ferguson,SCF0608,35,18,42,42,36,346,346,165,0,1,5377,529,1083,160840608,2873,0.0,0.0,0.0,56052,1,192,0.0,0.0,0.0,0.0
Blythe Veda Cooke,BVC0790,24,18,18,36,38,960,625,57,487,2,3768,1139,2055,111749433,2131,975.0,975.0,1.0,41135,1,151,1749.0,879.0,870.0,1.0
Noel Reagan Foster,NRF0137,10,49,38,17,32,346,346,0,346,1,334,0,0,10028375,257,0.0,0.0,0.0,3450,1,108,0.0,0.0,0.0,0.0
Hashim Damon Dudley,HDD0789,44,39,30,10,29,346,346,346,5,1,4727,911,1651,142480650,2455,0.0,0.0,0.0,49478,1,135,0.0,0.0,0.0,0.0
Irma Eugenia Booker,IEB0153,44,25,39,24,36,383,383,0,374,1,1806,546,1117,54241674,497,0.0,0.0,0.0,17856,1,173,0.0,0.0,0.0,0.0
Idola Carly Haley,ICH0294,32,27,20,40,26,429,429,1,180,3,335,131,266,10171767,279,2509.0,2509.0,1.0,3460,1,108,1326.0,666.0,660.0,1.0
Zena Sigourney Langley,ZSL0305,21,26,18,41,32,346,346,0,175,1,337,39,77,10262432,268,0.0,0.0,0.0,3450,1,163,0.0,0.0,0.0,0.0
Ann Jolie Potts,AJP0723,24,29,17,12,29,346,346,346,0,1,337,0,0,10169984,259,0.0,0.0,0.0,3460,1,94,0.0,0.0,0.0,0.0
Galena Deborah Francis,GDF0704,25,13,21,29,36,643,369,348,2,2,338,120,244,10317435,256,0.0,0.0,0.0,3460,1,73,0.0,0.0,0.0,0.0
Thor Jameson Diaz,TJD0996,34,22,42,16,32,346,346,0,346,1,3015,1212,2149,91359318,1289,0.0,0.0,0.0,32870,1,124,0.0,0.0,0.0,0.0
Ocean Maite Summers,OMS0101,20,12,21,22,29,346,346,346,0,1,3022,599,1024,90543367,1548,0.0,0.0,0.0,32870,1,240,0.0,0.0,0.0,0.0
Bevis Christopher Mcknight,BCM0653,45,34,41,18,31,346,346,0,346,1,1021,108,209,30812742,641,0.0,0.0,0.0,10034,1,204,0.0,0.0,0.0,0.0
Brett Damian Beck,BDB0453,41,42,27,41,26,400,400,216,273,1,338,0,0,9914439,257,0.0,0.0,0.0,3460,1,127,0.0,0.0,0.0,0.0
Nash Conan Knight,NCK0421,40,41,18,43,24,346,346,151,201,1,2995,0,0,89010301,1527,0.0,0.0,0.0,32870,1,188,0.0,0.0,0.0,0.0
Lunea Priscilla Hardy,LPH0572,40,13,17,38,36,37,37,0,37,1,36,15,39,1062576,42,0.0,0.0,0.0,370,1,85,0.0,0.0,0.0,0.0
Meredith Florence Valdez,MFV0897,18,13,23,25,33,346,346,0,346,1,996,0,0,30028206,635,0.0,0.0,0.0,10005,1,138,0.0,0.0,0.0,0.0
Myles August Heath,MAH0149,41,39,38,27,40,621,346,0,0,1,3720,1517,2546,112317207,978,0.0,0.0,0.0,39444,1,123,0.0,0.0,0.0,0.0
Ella Cassandra Rivera,ECR0822,16,19,17,23,29,346,346,0,346,1,339,0,0,10337047,258,0.0,0.0,0.0,3460,1,99,0.0,0.0,0.0,0.0
Preston Odysseus Bryan,POB0343,46,19,44,27,34,346,346,346,346,1,1009,0,0,30426909,631,0.0,0.0,0.0,10034,1,91,0.0,0.0,0.0,0.0
Iris Rhea Terrell,IRT0491,17,30,27,41,32,346,346,0,0,1,5019,1024,1891,149696816,2514,0.0,0.0,0.0,56052,1,103,0.0,0.0,0.0,0.0
Halla Kendall Irwin,HKI0171,31,17,30,45,27,345,346,345,0,1,4971,2015,3344,148365869,2571,0.0,0.0,0.0,56052,1,242,0.0,0.0,0.0,0.0
Deanna Imelda Blanchard,DIB0285,13,45,17,50,29,184,184,0,184,1,1613,320,618,47751201,873,375.0,375.0,1.0,17596,1,136,779.0,391.0,388.0,1.0
Imani Aubrey Ray,IAR0694,12,17,44,40,34,856,539,10,418,2,3481,1386,2437,104098561,1612,0.0,0.0,0.0,38380,1,144,0.0,0.0,0.0,0.0
Cora Maisie Mclean,CMM0487,39,22,42,40,30,346,346,0,0,1,5005,0,0,150739494,2635,0.0,0.0,0.0,55890,1,242,0.0,0.0,0.0,0.0
Leslie Cassandra Colon,LCC0819,32,14,11,15,27,157,157,0,157,1,1413,0,0,42373789,725,337.0,337.0,1.0,15028,1,170,700.0,350.0,350.0,1.0
Armand Gabriel Brewer,AGB0643,32,39,20,44,27,346,346,0,346,1,1012,198,368,30636124,675,0.0,0.0,0.0,10034,1,177,0.0,0.0,0.0,0.0
Portia Illana David,PID0426,43,19,39,44,23,451,451,246,75,6,3001,898,1843,90061664,1614,0.0,0.0,0.0,32870,1,90,0.0,0.0,0.0,0.0
Hadley Leandra May,HLM0933,36,24,23,43,30,346,346,346,0,1,3050,615,1147,91846259,1349,0.0,0.0,0.0,32870,1,120,0.0,0.0,0.0,0.0
Keaton Ronan Leonard,KRL0062,37,16,17,20,33,346,346,346,0,1,3691,0,0,111125879,1500,0.0,0.0,0.0,39444,1,213,0.0,0.0,0.0,0.0
Meghan Phoebe Macias,MPM0220,35,20,42,22,20,1085,920,814,602,101,2307,241,530,70150320,1195,6689.0,6689.0,244.0,24551,1,168,4978.0,2494.0,2484.0,440.0
Jonah Dakota Bird,JDB0169,20,14,23,48,33,620,346,346,0,1,4657,476,883,140134491,2396,7791.0,7791.0,1.0,56052,1,197,5464.0,2743.0,2721.0,1.0
Amal Alexander Shelton,AAS0442,36,43,22,22,31,86,50,22,0,1,145,65,127,4406130,127,0.0,0.0,0.0,1450,1,55,0.0,0.0,0.0,0.0
Zorita Jaime Spears,ZJS0269,30,34,16,35,27,346,346,346,0,1,3010,0,0,90113635,1533,0.0,0.0,0.0,32870,1,92,0.0,0.0,0.0,0.0
Cleo Jeanette Morales,CJM0521,13,18,37,18,24,464,464,0,0,1,1334,125,253,39624882,799,0.0,0.0,0.0,13427,1,112,0.0,0.0,0.0,0.0
Morgan Deborah Hoover,MDH0580,41,37,18,40,31,296,296,0,296,1,295,117,240,8505916,222,622.0,622.0,1.0,3089,1,131,1257.0,631.0,626.0,1.0
Jackson Rafael Sutton,JRS0362,50,50,14,37,24,1388,1388,885,888,122,3689,0,0,109948953,1790,0.0,0.0,0.0,39444,1,134,0.0,0.0,0.0,0.0
Wynne Xyla Hartman,WXH0872,17,20,19,21,25,475,475,373,35,3,5074,1525,2631,150943905,2718,826.0,826.0,1.0,56052,1,178,1403.0,702.0,701.0,1.0
Montana Hannah Arnold,MHA0798,11,27,17,22,40,346,346,0,0,1,3030,0,0,90383627,1418,0.0,0.0,0.0,32870,1,168,0.0,0.0,0.0,0.0
Jane Zia Day,JZD0888,20,20,30,14,30,346,346,0,346,1,996,0,0,30151080,628,0.0,0.0,0.0,10034,1,80,0.0,0.0,0.0,0.0
Hedwig Dai Duffy,HDD0806,47,28,36,19,38,903,525,18,490,4,4143,398,758,125109281,1813,0.0,0.0,0.0,44840,1,178,0.0,0.0,0.0,0.0
Bruce Sawyer Barrera,BSB0990,34,44,13,43,37,346,346,346,0,1,3015,621,1271,90190813,1208,0.0,0.0,0.0,32870,1,157,0.0,0.0,0.0,0.0
Amy Lucy Chen,ALC0788,34,18,15,36,35,346,346,0,346,1,1004,400,668,30491116,637,0.0,0.0,0.0,10034,1,192,0.0,0.0,0.0,0.0
Jonas Connor Riddle,JCR0921,47,46,31,40,34,346,346,0,346,1,3040,595,1256,91670433,1466,0.0,0.0,0.0,32870,1,185,0.0,0.0,0.0,0.0
Rogan Reuben Alexander,RRA0938,35,36,21,38,29,608,346,346,0,1,3017,1205,2014,90854024,1401,0.0,0.0,0.0,32870,1,103,0.0,0.0,0.0,0.0
Seth Harlan Walls,SHW0578,39,42,14,49,31,346,346,0,346,1,333,81,179,9716968,254,0.0,0.0,0.0,3460,1,92,0.0,0.0,0.0,0.0
Gil Calvin Lindsay,GCL0016,45,32,20,24,34,719,406,192,214,2,4126,1245,2083,124126095,1605,199.0,199.0,1.0,44232,1,158,267.0,134.0,133.0,1.0
Garrett Omar Kelly,GOK0238,33,43,27,40,33,241,241,125,159,1,2104,0,0,63661309,1062,0.0,0.0,0.0,22895,1,182,0.0,0.0,0.0,0.0
Buckminster Connor Bush,BCB0679,46,36,39,31,31,577,361,133,1,3,2439,997,1687,73322800,1277,0.0,0.0,0.0,26695,1,230,0.0,0.0,0.0,0.0
Ivor Herrod Kaufman,IHK0841,35,23,41,28,29,346,346,0,346,1,336,0,0,9845391,270,0.0,0.0,0.0,3460,1,108,0.0,0.0,0.0,0.0
Sawyer Arden Puckett,SAP0867,13,25,43,19,30,146,146,146,7,1,2138,0,0,64354340,1169,0.0,0.0,0.0,23652,1,149,0.0,0.0,0.0,0.0
Alma Leila Duncan,ALD0529,35,21,19,21,27,622,346,0,0,1,993,317,578,30073174,684,0.0,0.0,0.0,9976,1,134,0.0,0.0,0.0,0.0
Kenyon Raja Galloway,KRG0158,34,38,42,14,27,346,346,346,0,1,3710,755,1317,111709895,1022,0.0,0.0,0.0,39444,1,162,0.0,0.0,0.0,0.0
Teegan Jillian Burris,TJB0302,42,47,24,40,29,346,346,0,261,1,334,37,76,9931937,275,0.0,0.0,0.0,3460,1,65,0.0,0.0,0.0,0.0
Ivan Levi Craig,ILC0838,40,36,42,16,33,346,346,0,346,1,338,35,69,10245073,238,0.0,0.0,0.0,3460,1,149,0.0,0.0,0.0,0.0
Renee Ivana Hayden,RIH0777,26,44,19,16,27,346,346,0,0,1,996,199,316,29475694,645,0.0,0.0,0.0,10034,1,157,0.0,0.0,0.0,0.0
Hermione Casey Witt,HCW0419,40,21,35,34,35,619,346,171,184,1,3054,1229,2166,92245440,1641,0.0,0.0,0.0,32870,1,102,0.0,0.0,0.0,0.0
Demetrius Alvin Levy,DAL0673,39,35,46,41,36,629,364,160,0,2,3008,907,1490,89582896,1539,352.0,352.0,1.0,34500,1,150,661.0,331.0,330.0,1.0
Roth Mannix Simon,RMS0266,33,40,25,23,37,346,346,346,0,1,3002,0,0,89711410,1240,0.0,0.0,0.0,32775,1,231,0.0,0.0,0.0,0.0
Kibo Dolan Turner,KDT0346,36,41,10,22,33,622,346,346,346,1,1003,410,733,29601469,617,0.0,0.0,0.0,10034,1,92,0.0,0.0,0.0,0.0
Kay Alexa Logan,KAL0395,13,24,22,28,29,346,346,165,346,1,3021,632,1388,90475970,1384,0.0,0.0,0.0,32775,1,117,0.0,0.0,0.0,0.0
Abdul Ralph Deleon,ARD0509,50,40,35,32,32,362,362,0,0,1,994,304,613,30405286,629,0.0,0.0,0.0,10380,1,82,0.0,0.0,0.0,0.0
Blair Todd Long,BTL0722,39,41,36,17,49,346,346,346,0,1,334,71,153,9896351,238,0.0,0.0,0.0,3460,1,160,0.0,0.0,0.0,0.0
Whilemina Pandora England,WPE0538,21,16,23,22,35,346,346,0,346,1,1007,411,979,29869066,636,0.0,0.0,0.0,10005,1,122,0.0,0.0,0.0,0.0
Candice Lunea Fischer,CLF0852,36,45,28,18,26,737,459,364,23,2,4988,1993,4240,150840918,2651,0.0,0.0,0.0,56052,1,259,0.0,0.0,0.0,0.0
Honorato Joseph Adkins,HJA0018,39,43,47,37,32,609,346,169,220,1,3712,1469,2426,111167937,1497,0.0,0.0,0.0,39444,1,116,0.0,0.0,0.0,0.0
Mariko Ivana Mckee,MIM0712,16,15,39,23,22,346,346,346,0,1,339,140,275,10191114,258,0.0,0.0,0.0,3460,1,51,0.0,0.0,0.0,0.0
Casey Edward Joyce,CEJ0109,21,46,17,17,32,318,318,0,318,1,2751,0,0,82723035,1361,679.0,679.0,1.0,30330,1,134,1274.0,638.0,636.0,1.0
Jeanette Cally Whitfield,JCW0858,14,35,22,41,39,346,346,346,13,1,4981,522,1020,150027911,2486,0.0,0.0,0.0,56052,1,219,0.0,0.0,0.0,0.0
Daria Felicia Rowland,DFR0218,45,14,22,37,27,1357,1357,1216,870,103,3725,366,752,111561398,1711,0.0,0.0,0.0,39354,1,184,0.0,0.0,0.0,0.0
Byron Armand Livingston,BAL0044,14,41,26,44,30,1709,1437,1262,919,116,3696,1116,2418,111219165,1886,2900.0,2900.0,379.0,41379,1,209,2258.0,1130.0,1128.0,607.0
Ashely Sarah Shields,ASS0206,12,18,20,28,30,346,346,346,0,1,4660,0,0,139436815,1996,0.0,0.0,0.0,49335,1,165,0.0,0.0,0.0,0.0
Isaiah Upton Buchanan,IUB0565,44,39,35,22,30,234,234,0,137,1,2057,427,891,61585317,1025,503.0,503.0,1.0,22354,1,181,986.0,494.0,492.0,1.0
Alec Scott Goff,ASG0048,41,36,19,24,37,346,346,163,0,1,3631,1475,2988,108892749,1031,0.0,0.0,0.0,39444,1,178,0.0,0.0,0.0,0.0
Tyler Eden Talley,TET0621,30,37,44,32,27,469,469,163,1,3,5032,1993,4136,152433457,2534,0.0,0.0,0.0,56052,1,155,0.0,0.0,0.0,0.0
Alexander Rafael Arnold,ARA0252,39,39,27,21,35,617,346,161,0,1,2981,1222,2054,89047962,1407,0.0,0.0,0.0,32870,1,155,0.0,0.0,0.0,0.0
Axel Malik Rosa,AMR0318,45,50,17,25,21,641,372,368,25,1,4974,502,1007,149816202,2436,230.0,230.0,1.0,56052,1,134,281.0,141.0,140.0,1.0
William Trevor Fuentes,WTF0387,40,23,40,25,24,346,346,154,0,1,3034,618,1117,91142282,1435,0.0,0.0,0.0,32775,1,180,0.0,0.0,0.0,0.0
Akeem Jerry Lopez,AJL0462,16,24,44,31,28,652,382,200,223,1,338,102,181,10155080,249,0.0,0.0,0.0,3114,1,96,0.0,0.0,0.0,0.0
Skyler Deborah Frazier,SDF0017,11,40,39,18,30,346,346,167,209,1,3690,754,1264,111150973,1421,0.0,0.0,0.0,39444,1,101,0.0,0.0,0.0,0.0
Raven Deirdre Morrison,RDM0150,39,15,37,26,30,346,346,0,0,1,1679,168,372,49664824,508,0.0,0.0,0.0,16560,1,165,0.0,0.0,0.0,0.0
Hiroko Kiona Faulkner,HKF0831,23,42,49,21,24,346,346,0,346,1,336,140,254,10044475,257,0.0,0.0,0.0,3460,1,107,0.0,0.0,0.0,0.0
Dustin Gage Franco,DGF0443,39,44,18,28,33,346,346,163,0,1,3007,0,0,91176093,1518,0.0,0.0,0.0,32870,1,137,0.0,0.0,0.0,0.0
Cora Aurora Buckner,CAB0614,17,38,22,12,34,688,424,163,3,4,5335,1620,3264,160502910,2987,931.0,931.0,1.0,56052,1,198,733.0,368.0,365.0,1.0
Devin Brett Guzman,DBG0261,45,47,17,36,28,346,346,346,0,1,3011,599,1000,90791031,1367,0.0,0.0,0.0,32870,1,86,0.0,0.0,0.0,0.0
Zeph Dakota Wilkerson,ZDW0859,39,45,26,41,32,628,363,352,12,1,5020,1542,3100,148983876,2872,0.0,0.0,0.0,52938,1,135,0.0,0.0,0.0,0.0
Ulric Colt Holt,UCH0519,33,40,20,47,28,279,279,0,0,1,812,155,255,24425181,514,0.0,0.0,0.0,8091,1,64,0.0,0.0,0.0,0.0
Caesar Allen Cash,CAC0889,46,49,32,41,27,60,60,0,60,1,170,17,25,5074879,144,0.0,0.0,0.0,1740,1,70,0.0,0.0,0.0,0.0
Ezra Hilel Dyer,EHD0584,38,40,42,43,22,401,240,13,224,2,208,73,139,6482417,194,11.0,11.0,1.0,1893,1,126,14.0,7.0,7.0,1.0
Oscar Laith Berger,OLB0749,43,35,20,39,36,98,98,54,0,1,1444,0,0,42822630,859,0.0,0.0,0.0,15876,1,106,0.0,0.0,0.0,0.0
Brock William Hunter,BWH0813,36,36,33,20,30,346,346,0,346,1,3035,1205,2169,91666711,1384,0.0,0.0,0.0,32870,1,149,0.0,0.0,0.0,0.0
Dorothy Marny Goff,DMG0358,19,39,14,25,29,1655,1383,907,905,108,3691,1526,2880,109880864,1832,0.0,0.0,0.0,39424,1,227,0.0,0.0,0.0,0.0
Magee Ashton Evans,MAE0331,36,39,18,12,28,346,346,346,346,1,1022,210,367,30625899,625,0.0,0.0,0.0,10034,1,104,0.0,0.0,0.0,0.0
Ainsley MacKensie Doyle,AMD0077,23,19,12,25,25,346,346,346,0,1,5984,1233,2210,177930642,2609,0.0,0.0,0.0,65740,1,163,0.0,0.0,0.0,0.0
Xanthus Louis Buck,XLB0710,46,38,39,36,20,346,346,346,0,1,338,0,0,10125172,245,0.0,0.0,0.0,3460,1,51,0.0,0.0,0.0,0.0
Deirdre Amaya Garcia,DAG0558,20,16,37,25,26,346,346,0,189,1,2983,576,1054,89251538,1405,0.0,0.0,0.0,32870,1,210,0.0,0.0,0.0,0.0
Whilemina Liberty Velez,WLV0566,10,19,38,24,39,346,346,0,189,1,3007,288,557,90643902,1402,0.0,0.0,0.0,32870,1,148,0.0,0.0,0.0,0.0
Eugenia Hannah Blanchard,EHB0824,46,39,22,44,31,164,164,5,164,1,153,17,32,4572174,146,14.0,14.0,1.0,1594,1,58,26.0,13.0,13.0,1.0
Fuller Baker Warner,FBW0747,43,45,35,25,28,398,398,183,0,3,5369,543,1013,161883746,2711,0.0,0.0,0.0,59292,1,149,0.0,0.0,0.0,0.0
Stuart Nicolas Cervantes,SNC0187,40,41,42,30,27,300,300,300,300,1,876,266,523,25786045,593,2321.0,2321.0,1.0,8700,1,116,251.0,126.0,125.0,1.0
Ira Brendan Ball,IBB0359,48,33,21,43,38,1676,1410,892,894,98,3631,1089,2283,109146112,1856,3199.0,3199.0,363.0,39444,1,204,7852.0,3935.0,3917.0,580.0
Ramona Alma Moses,RAM0447,35,12,23,45,39,806,449,205,242,1,432,133,267,12700839,331,0.0,0.0,0.0,4490,1,126,0.0,0.0,0.0,0.0
Alden Jesse Day,AJD0074,19,37,45,22,34,750,452,405,17,2,3781,1192,2144,113885071,1512,515.0,515.0,1.0,44118,1,163,294.0,150.0,144.0,1.0
Megan Simone Hess,MSH0040,41,11,44,27,31,1050,1050,939,692,104,2711,1104,2166,81568782,1332,0.0,0.0,0.0,28970,1,203,0.0,0.0,0.0,0.0
Quyn Jolie Rosario,QJR0688,19,18,22,26,35,483,483,20,384,2,3532,1085,2195,105469469,1696,1069.0,1069.0,1.0,34200,1,211,798.0,401.0,397.0,1.0
Hilel Tobias Flynn,HTF0641,38,24,18,22,28,346,346,0,346,1,1019,401,778,29879515,636,0.0,0.0,0.0,10034,1,130,0.0,0.0,0.0,0.0
Rosalyn Daphne Tillman,RDT0424,38,44,19,34,28,690,418,173,232,3,3012,913,1755,90950687,1654,464.0,464.0,1.0,32870,1,142,710.0,359.0,351.0,1.0
Xenos Rudyard Small,XRS0633,34,39,39,40,23,612,346,0,346,1,1012,216,452,30292639,628,0.0,0.0,0.0,10034,1,108,0.0,0.0,0.0,0.0
Risa Lana Guthrie,RLG0856,18,36,42,18,26,651,370,370,29,1,4908,1442,2570,147604954,2655,334.0,334.0,1.0,58650,1,142,738.0,371.0,367.0,1.0
Meredith Lunea Delaney,MLD0755,24,18,19,43,37,610,346,156,0,1,5065,2023,4025,151702007,2682,0.0,0.0,0.0,56052,1,207,0.0,0.0,0.0,0.0
Mariko Olga Snyder,MOS0047,49,39,24,34,23,895,756,657,486,113,1892,736,1532,56644076,986,1593.0,1593.0,214.0,20118,1,147,1774.0,888.0,886.0,391.0
Emerson Tyrone Rojas,ETR0177,18,15,41,26,39,346,346,0,346,1,3711,0,0,110981952,1296,0.0,0.0,0.0,39330,1,99,0.0,0.0,0.0,0.0
Ruth Yael Burris,RYB0718,19,18,42,13,21,346,346,346,0,1,336,69,111,10101266,258,0.0,0.0,0.0,3460,1,105,0.0,0.0,0.0,0.0
August Armando Evans,AAE0190,36,30,14,50,29,346,346,0,346,1,4711,953,1780,141426077,1735,0.0,0.0,0.0,49478,1,187,0.0,0.0,0.0,0.0
Nicolas Alvin Fitzpatrick,NAF0033,34,40,19,35,29,344,344,344,0,1,4678,952,1547,141547473,1981,0.0,0.0,0.0,49192,1,186,0.0,0.0,0.0,0.0
Deborah Victoria Mcclure,DVM0265,47,40,10,24,31,398,398,367,17,3,3022,907,1543,90508634,1242,0.0,0.0,0.0,34600,1,72,0.0,0.0,0.0,0.0
Jolene Frances Carey,JFC0757,31,21,38,36,38,346,346,0,0,1,1056,0,0,31489862,671,0.0,0.0,0.0,10034,1,163,0.0,0.0,0.0,0.0
Azalia Orli Beach,AOB0019,11,17,13,24,28,346,346,162,184,1,3638,409,754,108756508,1491,0.0,0.0,0.0,39444,1,101,0.0,0.0,0.0,0.0
Anika Isabella Pennington,AIP0394,17,16,38,14,26,643,382,206,382,1,3044,892,1809,91987417,1529,0.0,0.0,0.0,32775,1,195,0.0,0.0,0.0,0.0
Jin Jonathan Buckley,JJB0127,26,21,38,30,32,346,346,0,346,1,2973,0,0,88803121,1270,0.0,0.0,0.0,32870,1,153,0.0,0.0,0.0,0.0
Mallory Carol Spence,MCS0035,42,17,38,15,33,346,346,346,0,1,4650,0,0,140116080,2040,0.0,0.0,0.0,49478,1,224,0.0,0.0,0.0,0.0
Alec Boris Chase,ABC0253,21,15,41,30,28,617,346,346,0,1,3015,351,628,91251570,1399,0.0,0.0,0.0,32680,1,167,0.0,0.0,0.0,0.0
Tasha Quail Sanchez,TQS0212,14,42,45,20,27,352,352,349,3,3,4661,1407,2300,139713455,2080,0.0,0.0,0.0,49478,1,150,0.0,0.0,0.0,0.0
Roanna Sacha Monroe,RSM0277,37,38,20,50,22,740,465,379,31,2,2993,904,1737,89486039,1556,393.0,393.0,1.0,32775,1,145,780.0,393.0,387.0,1.0
Jeanette Eliana Rivera,JER0404,38,46,18,16,30,346,346,151,346,1,3022,0,0,90601907,1420,0.0,0.0,0.0,32870,1,150,0.0,0.0,0.0,0.0
Chastity Ima Gibson,CIG0052,17,45,17,16,24,346,346,0,0,1,3689,383,652,110875035,1451,0.0,0.0,0.0,39444,1,180,0.0,0.0,0.0,0.0
Igor Ishmael Ward,IIW0249,39,36,43,38,28,435,435,207,23,2,3402,332,691,102237839,1658,473.0,473.0,1.0,37145,1,242,6735.0,3375.0,3360.0,1.0
Hector Vance Foster,HVF0067,44,35,22,43,41,637,362,168,205,2,3058,1250,2484,91808195,1600,2023.0,2023.0,1.0,31140,1,182,1384.0,694.0,690.0,1.0
Hayes William Wheeler,HWW0436,45,37,23,27,33,745,470,183,20,3,3331,1024,1944,99750097,1761,1245.0,1245.0,1.0,31050,1,153,1317.0,664.0,653.0,1.0
Plato Ethan Valdez,PEV0323,47,34,40,22,29,686,414,397,56,3,5304,1593,3344,158864829,2768,0.0,0.0,0.0,56052,1,176,0.0,0.0,0.0,0.0
Pearl Georgia Owen,PGO0433,44,40,19,46,35,346,346,164,0,1,2993,637,1257,89726303,1489,0.0,0.0,0.0,32870,1,135,0.0,0.0,0.0,0.0
Mallory Virginia Bender,MVB0515,38,14,33,31,28,712,436,0,0,6,1000,389,769,29769644,678,1777.0,1777.0,1.0,9342,1,67,731.0,367.0,364.0,1.0
Timon Jacob Gay,TJG0582,42,50,18,15,29,346,346,0,346,1,336,0,0,10117952,264,0.0,0.0,0.0,3450,1,81,0.0,0.0,0.0,0.0
Sasha Rina Huffman,SRH0155,34,14,37,45,28,742,470,402,41,2,3892,1139,2203,115962236,1038,0.0,0.0,0.0,41040,1,112,0.0,0.0,0.0,0.0
Ian Jonas Morrow,IJM0444,36,35,39,35,26,740,481,189,18,3,3000,1190,2101,90260200,1578,1840.0,1840.0,1.0,32870,1,101,741.0,373.0,368.0,1.0
Colt Ishmael Mccall,CIM0271,24,27,10,20,38,634,363,350,4,2,2991,878,1950,89193892,1578,1552.0,1552.0,1.0,32870,1,99,1442.0,725.0,717.0,1.0
Cameron Shay Lester,CSL0949,36,20,18,25,28,346,346,346,0,1,338,0,0,9937891,261,0.0,0.0,0.0,3460,1,146,0.0,0.0,0.0,0.0
Anthony Aidan Nixon,AAN0823,24,16,45,24,28,346,346,0,346,1,339,78,149,10099221,266,0.0,0.0,0.0,3450,1,104,0.0,0.0,0.0,0.0
Jonathan Gary Terry,JGT0221,45,30,16,40,18,586,586,521,385,111,1452,276,589,43437555,803,1.0,1.0,1.0,15438,1,204,4.0,2.0,2.0,2.0
Adam Kendall Harrell,AKH0758,24,38,40,37,27,346,346,0,0,1,1008,204,411,30587510,632,0.0,0.0,0.0,10005,1,71,0.0,0.0,0.0,0.0
Harrison Samuel Gonzales,HSG0818,18,19,48,36,31,619,346,0,346,1,3038,630,1156,91524604,1337,0.0,0.0,0.0,32870,1,198,0.0,0.0,0.0,0.0
Mercedes Ina Landry,MIL0255,38,16,39,21,27,346,346,346,0,1,3036,620,1118,92210127,1421,0.0,0.0,0.0,32870,1,206,0.0,0.0,0.0,0.0
Jared Geoffrey Morin,JGM0934,30,22,41,22,31,624,346,346,0,1,3017,1208,2436,90957487,1412,0.0,0.0,0.0,32870,1,225,0.0,0.0,0.0,0.0
Kermit Coby Oliver,KCO0122,30,32,26,38,33,719,442,85,420,2,3033,892,1872,90806506,1271,1593.0,1593.0,1.0,32870,1,210,1404.0,703.0,701.0,1.0
Scott Gary Burks,SGB0140,50,45,40,16,24,728,461,8,246,3,336,130,214,9906070,263,0.0,0.0,0.0,3460,1,128,0.0,0.0,0.0,0.0
Nichole Azalia Frye,NAF0326,33,15,25,20,30,977,622,493,23,9,7121,2186,4263,213231491,3653,2446.0,2446.0,1.0,74034,1,75,1790.0,900.0,890.0,1.0
Igor Ulric Yang,IUY0279,38,38,17,21,29,623,364,4,350,2,3030,1187,2262,90958498,1616,0.0,0.0,0.0,31140,1,161,0.0,0.0,0.0,0.0
Eve Isadora Mckenzie,EIM0156,19,31,43,45,33,346,346,346,0,1,3014,1208,2086,89758701,759,0.0,0.0,0.0,32870,1,92,0.0,0.0,0.0,0.0
Alan Benjamin Holder,ABH0663,47,49,41,11,34,346,346,346,0,1,1006,104,224,29511440,637,0.0,0.0,0.0,10034,1,164,0.0,0.0,0.0,0.0
Eagan Zephania Talley,EZT0640,12,15,27,39,27,733,464,56,406,2,1015,423,854,30464337,620,0.0,0.0,0.0,10034,1,162,0.0,0.0,0.0,0.0
Beatrice Alexis Kidd,BAK0964,25,16,22,18,28,346,346,346,0,1,340,74,133,10357758,253,0.0,0.0,0.0,3460,1,81,0.0,0.0,0.0,0.0
Jack Carlos Cannon,JCC0225,47,45,40,15,18,1375,1375,1233,892,99,3708,0,0,111014970,1797,0.0,0.0,0.0,39408,1,163,0.0,0.0,0.0,0.0
Erich Malik Wolf,EMW0105,35,40,17,41,34,346,346,0,346,1,3646,0,0,109338492,1838,0.0,0.0,0.0,39216,1,250,0.0,0.0,0.0,0.0
Kasper Lance Huffman,KLH0596,30,10,35,12,29,294,294,3,294,1,279,32,85,8490373,244,53.0,53.0,1.0,2911,1,91,38.0,19.0,19.0,1.0
Shea Jane Franks,SJF0094,35,19,16,44,30,346,346,346,0,1,3360,1024,2141,100687130,1524,0.0,0.0,0.0,32870,1,142,0.0,0.0,0.0,0.0
Charity Stacey Jennings,CSJ0340,45,24,19,38,25,346,346,346,346,1,1017,199,356,31038691,641,0.0,0.0,0.0,10034,1,133,0.0,0.0,0.0,0.0
Rae Melissa Wilson,RMW0542,17,21,20,13,41,161,161,79,92,1,1406,0,0,42146035,737,330.0,330.0,1.0,15418,1,178,743.0,373.0,370.0,1.0
Jorden Helen Pierce,JHP0583,37,25,40,42,37,853,538,55,460,2,390,153,316,11911384,312,1589.0,1589.0,1.0,4020,1,81,1629.0,817.0,812.0,1.0
Hollee Shannon Dudley,HSD0457,38,19,20,42,27,346,346,164,198,1,336,37,68,10278435,261,0.0,0.0,0.0,3460,1,106,0.0,0.0,0.0,0.0
Yasir Wade Wilcox,YWW0660,39,35,37,10,36,261,261,0,261,1,771,0,0,23170255,504,0.0,0.0,0.0,7569,1,132,0.0,0.0,0.0,0.0
Prescott Giacomo Conley,PGC0066,32,39,28,43,26,346,346,156,197,1,3676,737,1499,110868083,1647,0.0,0.0,0.0,39444,1,101,0.0,0.0,0.0,0.0
Medge Serina Obrien,MSO0222,32,12,39,46,28,950,950,866,630,94,2546,0,0,76731239,1306,1.0,1.0,1.0,27086,1,137,4.0,2.0,2.0,2.0
Wang Dean Vasquez,WDV0573,48,36,13,31,33,491,491,91,442,3,353,122,243,10618555,258,0.0,0.0,0.0,3114,1,85,0.0,0.0,0.0,0.0
Quail Rana Mclean,QRM0739,33,11,26,29,30,365,365,146,0,2,5400,1665,3135,161421817,2662,8401.0,8401.0,1.0,56052,1,77,5962.0,2989.0,2973.0,1.0
Alfreda Sierra Savage,ASS0517,36,35,47,44,32,615,346,0,0,1,1011,304,571,30991724,654,0.0,0.0,0.0,10034,1,89,0.0,0.0,0.0,0.0
Leonard Uriel Ramos,LUR0896,15,11,47,43,28,403,403,59,356,3,867,106,200,26088072,535,0.0,0.0,0.0,8046,1,68,0.0,0.0,0.0,0.0
Eve Shaeleigh Holman,ESH0283,44,30,35,18,31,381,381,8,357,6,3049,879,1499,92058047,1549,2646.0,2646.0,1.0,32870,1,150,277.0,139.0,138.0,1.0
Whoopi Britanney Camacho,WBC0192,47,36,39,39,27,653,381,359,13,2,4704,1863,4040,141930161,1921,415.0,415.0,1.0,51900,1,74,266.0,134.0,132.0,1.0
Penelope Lysandra Hayes,PLH0715,42,37,19,37,29,346,346,346,0,1,332,70,118,9995673,247,0.0,0.0,0.0,3460,1,142,0.0,0.0,0.0,0.0
Vivian Sarah Arnold,VSA0230,47,15,25,14,29,560,345,155,322,2,2587,762,1385,77791554,1308,389.0,389.0,1.0,28120,1,225,194.0,98.0,96.0,1.0
Kermit Jonas Gould,KJG0910,37,10,31,18,29,346,346,0,346,1,991,203,366,30127226,618,0.0,0.0,0.0,10034,1,196,0.0,0.0,0.0,0.0
Deborah Barbara White,DBW0483,17,16,25,21,37,345,346,0,0,1,5068,1004,1862,152654330,2524,0.0,0.0,0.0,56052,1,119,0.0,0.0,0.0,0.0
Kyla Blythe Carter,KBC0054,42,43,17,41,32,346,346,0,0,1,2980,0,0,89491853,1296,0.0,0.0,0.0,32870,1,135,0.0,0.0,0.0,0.0
Cathleen Samantha Craig,CSC0217,40,15,30,38,28,467,467,407,299,106,1158,0,0,34506609,653,1.0,1.0,1.0,12885,1,180,4.0,2.0,2.0,2.0
Burke Rooney Stafford,BRS0734,32,39,47,10,30,110,110,57,0,1,1497,423,931,44230056,894,1845.0,1845.0,1.0,17820,1,92,256.0,128.0,128.0,1.0
Keane Nicholas Blevins,KNB0022,22,38,45,16,30,346,346,346,0,1,3646,748,1498,108970920,1162,0.0,0.0,0.0,39444,1,155,0.0,0.0,0.0,0.0
Paula Isabelle Santiago,PIS0522,44,26,48,40,35,692,431,0,0,3,994,390,782,29926973,624,0.0,0.0,0.0,10034,1,121,0.0,0.0,0.0,0.0
Aretha Dorothy Deleon,ADD0846,18,19,25,12,35,346,346,0,346,1,333,76,173,10238266,251,0.0,0.0,0.0,3460,1,104,0.0,0.0,0.0,0.0
Martin Armand Douglas,MAD0496,34,30,40,42,24,118,118,0,0,1,1727,160,313,52051161,963,0.0,0.0,0.0,19116,1,108,0.0,0.0,0.0,0.0
Nicholas Kato Pennington,NKP0236,45,41,19,40,31,355,355,168,227,1,2993,310,609,90116981,1535,299.0,299.0,1.0,32870,1,149,246.0,123.0,123.0,1.0
Valentine Lucian Benjamin,VLB0647,48,40,42,47,24,346,346,0,346,1,1018,389,674,30349164,635,0.0,0.0,0.0,10034,1,101,0.0,0.0,0.0,0.0
Dai Keely Bullock,DKB0631,34,18,14,46,31,346,346,0,346,1,1007,308,486,30230361,647,0.0,0.0,0.0,10034,1,101,0.0,0.0,0.0,0.0
Kylie Elizabeth Santos,KES0729,20,10,24,45,31,632,366,163,0,2,5014,1501,2790,150000493,2667,0.0,0.0,0.0,56052,1,116,0.0,0.0,0.0,0.0
Isadora Buffy Brewer,IBB0696,47,13,36,16,33,637,367,348,1,2,333,100,182,10112969,269,986.0,986.0,1.0,3460,1,70,1408.0,708.0,700.0,1.0
Bethany Lydia Lyons,BLL0929,44,49,10,41,39,346,346,346,0,1,2981,605,1314,89595678,1449,0.0,0.0,0.0,32870,1,209,0.0,0.0,0.0,0.0
Allegra Bree Coffey,ABC0174,15,41,34,13,32,533,296,296,0,1,4239,465,981,126529393,2497,589.0,589.0,1.0,48095,1,216,1276.0,642.0,634.0,1.0
Hector Abraham Hayes,HAH0248,33,43,22,18,29,346,346,156,0,1,2985,639,1189,90240349,1370,0.0,0.0,0.0,32775,1,111,0.0,0.0,0.0,0.0
Nyssa Britanney Carver,NBC0412,14,25,18,18,31,349,349,148,189,1,3367,1048,2191,100315945,1637,0.0,0.0,0.0,34600,1,191,0.0,0.0,0.0,0.0
Cade Rajah Patterson,CRP0456,37,41,28,43,30,346,346,156,213,1,335,135,279,10101035,256,0.0,0.0,0.0,3460,1,106,0.0,0.0,0.0,0.0
Josephine Indira Garza,JIG0128,25,45,35,18,27,346,346,0,346,1,3030,0,0,90532766,1277,0.0,0.0,0.0,32775,1,167,0.0,0.0,0.0,0.0
Ivor Jelani Robbins,IJR0825,38,42,39,46,32,346,346,0,346,1,338,138,269,10120395,261,0.0,0.0,0.0,3460,1,112,0.0,0.0,0.0,0.0
Xander Walter Doyle,XWD0923,16,38,45,20,31,438,250,0,250,1,2443,764,1623,73693316,1334,5915.0,5915.0,1.0,23750,1,194,1047.0,525.0,522.0,1.0
Leslie Denise Dillon,LDD0560,25,43,39,26,35,50,50,6,28,3,400,132,276,12231867,277,0.0,0.0,0.0,3800,1,94,0.0,0.0,0.0,0.0
Elaine Sonya Hughes,ESH0135,35,22,32,44,28,346,346,0,187,1,327,129,239,9628301,251,0.0,0.0,0.0,3460,1,160,0.0,0.0,0.0,0.0
Risa Hillary Obrien,RHO0732,20,10,21,19,34,813,545,240,77,3,5015,1497,2629,150216679,2760,855.0,855.0,1.0,56052,1,140,1374.0,690.0,684.0,1.0
Dennis Gray Wilson,DGW0752,40,46,20,40,14,618,346,168,0,1,4986,2025,4103,149485450,2527,0.0,0.0,0.0,56052,1,244,0.0,0.0,0.0,0.0
Hillary Piper Riddle,HPR0585,34,46,15,46,35,607,346,0,346,1,336,131,223,10011059,263,0.0,0.0,0.0,3460,1,129,0.0,0.0,0.0,0.0
Teagan Briar Townsend,TBT0461,43,42,13,30,28,346,346,161,224,1,339,76,150,9979296,262,0.0,0.0,0.0,3460,1,108,0.0,0.0,0.0,0.0
Sonia Anne Kirkland,SAK0375,16,20,27,16,31,1414,1414,903,909,110,3649,1439,2945,108944425,1783,0.0,0.0,0.0,39444,1,218,0.0,0.0,0.0,0.0
Blaze Jakeem Hahn,BJH0811,48,39,44,14,40,346,346,0,346,1,3038,0,0,90836819,1445,0.0,0.0,0.0,32870,1,248,0.0,0.0,0.0,0.0
Thomas Vladimir Stokes,TVS0006,43,43,37,20,41,630,366,0,0,3,8994,3636,7259,269761656,3402,0.0,0.0,0.0,98610,1,105,0.0,0.0,0.0,0.0
Frances Alisa Wiggins,FAW0032,43,24,17,37,37,354,354,350,5,1,4723,925,1672,141197201,2210,0.0,0.0,0.0,49478,1,138,0.0,0.0,0.0,0.0
Wanda Samantha Rogers,WSR0241,35,27,15,25,29,421,421,162,202,5,3349,1032,2065,100174804,1713,0.0,0.0,0.0,32870,1,156,0.0,0.0,0.0,0.0
Lilah Renee Wagner,LRW0970,10,26,39,22,28,346,346,346,0,1,337,125,232,10219699,264,0.0,0.0,0.0,3460,1,81,0.0,0.0,0.0,0.0
Zachary Myles Cardenas,ZMC0284,42,33,41,30,31,346,346,0,346,1,2997,627,1386,89901467,1512,0.0,0.0,0.0,32870,1,109,0.0,0.0,0.0,0.0
Samantha Audrey Curtis,SAC0687,20,49,37,19,22,346,346,0,346,1,3034,299,571,91143749,1410,0.0,0.0,0.0,32870,1,178,0.0,0.0,0.0,0.0
Cathleen Kelsey Burke,CKB0427,38,38,36,43,37,346,346,155,0,1,3029,655,1301,89896811,1512,0.0,0.0,0.0,32870,1,174,0.0,0.0,0.0,0.0
Blaze Trevor Stone,BTS0011,25,42,16,25,29,346,346,346,0,1,5930,1214,2270,177142727,2267,0.0,0.0,0.0,65740,1,136,0.0,0.0,0.0,0.0
Ingrid Irene Atkins,IIA0092,39,30,42,14,27,346,346,346,0,1,2992,571,981,89971972,1256,0.0,0.0,0.0,32870,1,144,0.0,0.0,0.0,0.0
Wesley Kasper Duffy,WKD0013,42,36,40,27,34,407,407,46,390,2,6076,623,1270,182847089,2275,0.0,0.0,0.0,65740,1,158,0.0,0.0,0.0,0.0
Jaden Nicole Johnston,JNJ0556,43,45,22,33,34,345,346,0,234,1,3009,901,1545,89533690,1488,7977.0,7977.0,1.0,32870,1,202,5995.0,3003.0,2992.0,1.0
Tarik Linus Hubbard,TLH0648,32,35,18,24,26,346,346,0,346,1,1011,0,0,30245182,615,0.0,0.0,0.0,10034,1,154,0.0,0.0,0.0,0.0
Iona Brenda Payne,IBP0883,30,25,15,11,17,696,425,78,416,1,996,304,666,29799331,611,0.0,0.0,0.0,10380,1,161,0.0,0.0,0.0,0.0
William Aristotle Sampson,WAS0254,43,37,16,18,35,617,346,346,0,1,3052,604,1174,92089953,1411,0.0,0.0,0.0,32870,1,223,0.0,0.0,0.0,0.0
Quemby Nita Pollard,QNP0216,19,35,39,26,34,1407,1407,1246,901,107,3710,0,0,111065705,1821,0.0,0.0,0.0,39239,1,197,0.0,0.0,0.0,0.0
Katelyn Lani Murray,KLM0639,20,15,24,40,26,346,346,0,346,1,1018,0,0,30141322,600,0.0,0.0,0.0,10005,1,122,0.0,0.0,0.0,0.0
Ariel Ina Barrett,AIB0948,42,31,27,20,31,741,466,405,55,5,328,39,66,9873320,279,1669.0,1669.0,1.0,3460,1,131,5963.0,2990.0,2973.0,1.0
Raphael Benjamin Bryan,RBB0485,40,40,35,30,26,346,346,0,0,1,5019,0,0,150880703,2549,0.0,0.0,0.0,56052,1,140,0.0,0.0,0.0,0.0
Robert Zeus Cox,RZC0746,15,38,33,43,26,925,528,222,0,4,6893,2089,3457,205967001,3771,0.0,0.0,0.0,77760,1,167,0.0,0.0,0.0,0.0
Myles Donovan Macias,MDM0976,41,40,38,20,31,346,346,168,210,1,3700,0,0,110587827,1510,0.0,0.0,0.0,39444,1,120,0.0,0.0,0.0,0.0
Xandra Briar Nielsen,XBN0229,34,16,17,40,29,346,346,166,346,1,2991,608,1218,89484344,1396,0.0,0.0,0.0,32870,1,144,0.0,0.0,0.0,0.0
Shaeleigh MacKenzie Harris,SMH0291,23,22,10,24,32,957,584,1,267,2,467,57,111,14182454,373,0.0,0.0,0.0,4800,1,134,0.0,0.0,0.0,0.0
Mallory Charissa Dixon,MCD0125,36,26,50,22,23,364,221,15,191,2,1542,477,845,45751133,767,434.0,434.0,1.0,16720,1,147,132.0,66.0,66.0,1.0
Matthew Harper Glass,MHG0244,42,46,21,15,22,346,346,170,0,1,2977,0,0,90187997,1405,0.0,0.0,0.0,32870,1,182,0.0,0.0,0.0,0.0
Robert Aristotle Stevenson,RAS0432,44,47,40,41,16,603,346,163,0,1,2984,1176,2215,88757904,1493,0.0,0.0,0.0,32870,1,162,0.0,0.0,0.0,0.0
Emily Illana Perry,EIP0997,42,28,20,25,34,346,346,0,346,1,3017,0,0,90049586,1293,0.0,0.0,0.0,32870,1,124,0.0,0.0,0.0,0.0
Elvis Marshall Walton,EMW0772,46,41,20,12,28,361,361,0,0,2,998,112,240,30108984,617,181.0,181.0,1.0,10034,1,146,260.0,130.0,130.0,1.0
Sasha Britanney Quinn,SBQ0786,41,17,19,44,34,346,346,0,0,1,4659,978,1812,139661140,2344,0.0,0.0,0.0,49335,1,237,0.0,0.0,0.0,0.0
Phelan Dieter Hendricks,PDH0716,40,16,14,10,24,651,373,350,4,3,337,128,302,9904798,278,1723.0,1723.0,1.0,3460,1,155,1347.0,677.0,670.0,1.0
George Zachery Burch,GZB0469,46,39,22,45,28,346,346,167,192,1,334,74,139,10206003,254,0.0,0.0,0.0,3450,1,75,0.0,0.0,0.0,0.0
Naomi Meredith Baxter,NMB0972,45,22,17,20,29,346,346,346,0,1,336,38,64,9997083,261,0.0,0.0,0.0,3460,1,167,0.0,0.0,0.0,0.0
Octavia Nora Leblanc,ONL0276,48,46,17,41,20,346,346,346,0,1,3018,303,701,90395281,1525,0.0,0.0,0.0,32870,1,163,0.0,0.0,0.0,0.0
Meghan Brianna Jensen,MBJ0312,22,45,49,12,26,642,360,348,1,2,5053,1530,2868,151705204,2597,1019.0,1019.0,1.0,56052,1,126,2047.0,1029.0,1018.0,1.0
Daphne Ruby Reilly,DRR0242,39,19,40,41,33,442,442,212,231,1,3836,405,728,113756569,1793,0.0,0.0,0.0,39600,1,134,0.0,0.0,0.0,0.0
Aurora Jael Hopkins,AJH0175,19,19,16,33,37,405,405,399,59,1,4976,529,1042,150334541,2559,236.0,236.0,1.0,52938,1,136,317.0,159.0,158.0,1.0
Lester Quamar Pearson,LQP0508,26,44,21,40,27,713,438,0,0,3,991,292,549,30283496,591,0.0,0.0,0.0,10034,1,138,0.0,0.0,0.0,0.0
Dante Vaughan Weber,DVW0103,40,45,44,21,29,346,346,346,0,1,3049,0,0,91476028,1553,0.0,0.0,0.0,32870,1,182,0.0,0.0,0.0,0.0
Sierra Margaret Barker,SMB0804,38,10,19,36,33,346,346,0,0,1,3039,0,0,90945208,1450,0.0,0.0,0.0,32870,1,89,0.0,0.0,0.0,0.0
Kylie Brielle Greer,KBG0549,16,19,37,10,32,650,369,156,192,3,3365,1009,2030,100143623,1634,377.0,377.0,1.0,32870,1,233,216.0,108.0,108.0,1.0
Brianna Aretha Hopper,BAH0875,43,19,26,17,30,465,465,437,103,3,5386,556,917,162297043,2665,0.0,0.0,0.0,56052,1,132,0.0,0.0,0.0,0.0
Shelby Lila Turner,SLT0907,16,15,43,27,27,173,173,0,173,1,499,104,233,15124694,369,0.0,0.0,0.0,5017,1,126,0.0,0.0,0.0,0.0
Joseph Alan Vaughan,JAV0361,36,45,40,45,33,1384,1384,902,901,111,3659,749,1462,109847061,1792,0.0,0.0,0.0,39377,1,193,0.0,0.0,0.0,0.0
Claire Olivia Martin,COM0321,38,18,34,18,27,346,346,346,0,1,5016,0,0,150630451,2513,0.0,0.0,0.0,56052,1,223,0.0,0.0,0.0,0.0
Chaim Chadwick Chang,CCC0393,35,30,40,16,26,346,346,166,346,1,3056,299,628,92173085,1446,0.0,0.0,0.0,32870,1,215,0.0,0.0,0.0,0.0
Quintessa Shana Vance,QSV0778,17,23,36,35,33,346,346,0,0,1,1011,0,0,30471776,636,0.0,0.0,0.0,10034,1,154,0.0,0.0,0.0,0.0
Britanni Marah Cash,BMC0547,41,18,22,21,35,346,346,156,195,1,3034,0,0,91919854,1415,0.0,0.0,0.0,32870,1,208,0.0,0.0,0.0,0.0
Akeem William Mayer,AWM0764,47,37,39,42,36,346,346,0,0,1,1003,108,216,30041790,622,0.0,0.0,0.0,10034,1,170,0.0,0.0,0.0,0.0
Felicia Xantha Farley,FXF0957,35,25,47,36,28,346,346,346,0,1,335,67,136,10336711,250,0.0,0.0,0.0,3460,1,106,0.0,0.0,0.0,0.0
Sylvia Velma Sweet,SVS0871,23,15,34,28,33,738,470,358,20,3,5038,2005,3635,151164802,2529,0.0,0.0,0.0,56052,1,176,0.0,0.0,0.0,0.0
Dexter Jamal Simon,DJS0682,22,23,36,13,30,346,346,0,346,1,3003,0,0,88864306,1397,0.0,0.0,0.0,32870,1,187,0.0,0.0,0.0,0.0
Nigel Harrison Estrada,NHE0919,25,16,32,21,24,612,346,0,346,1,3037,1241,2272,90064148,1513,0.0,0.0,0.0,32870,1,174,0.0,0.0,0.0,0.0
Meredith Pamela Tanner,MPT0376,19,37,41,48,35,734,449,173,1,3,3195,959,1609,96769841,1595,1054.0,1054.0,1.0,32760,1,161,815.0,410.0,405.0,1.0
Akeem Quamar Davenport,AQD0820,41,31,27,24,39,346,346,0,346,1,3018,594,1210,91738045,1407,0.0,0.0,0.0,32870,1,181,0.0,0.0,0.0,0.0
Yardley Ezra Vang,YEV0793,40,37,42,15,22,346,346,0,0,1,3005,607,1231,89890731,1437,0.0,0.0,0.0,32870,1,147,0.0,0.0,0.0,0.0
Zane Cadman Fields,ZCF0590,42,42,42,25,31,346,346,0,346,1,329,0,0,9662603,263,0.0,0.0,0.0,3450,1,114,0.0,0.0,0.0,0.0
Kevyn Quin Charles,KQC0708,34,18,39,42,23,346,346,346,0,1,336,0,0,10415889,267,0.0,0.0,0.0,3460,1,106,0.0,0.0,0.0,0.0
Lavinia Justine Richmond,LJR0523,32,21,11,33,25,170,171,5,5,1,480,198,389,14451278,334,3.0,3.0,1.0,4818,1,164,12.0,6.0,6.0,1.0
Caldwell Quamar Head,CQH0701,35,50,39,50,32,617,346,346,0,1,334,107,189,10113292,285,243.0,243.0,1.0,3460,1,157,271.0,137.0,134.0,1.0
Patricia Denise Wright,PDW0259,43,32,38,36,33,653,386,365,14,6,2998,309,550,89883024,1462,0.0,0.0,0.0,32870,1,201,0.0,0.0,0.0,0.0
Fitzgerald Wayne Miranda,FWM0707,50,36,35,18,34,374,374,351,5,1,333,136,235,10007514,275,0.0,0.0,0.0,3460,1,119,0.0,0.0,0.0,0.0
Hayes Drake Stephenson,HDS0367,50,42,16,30,19,1655,1380,915,919,100,3626,1508,2764,108529079,1789,3406.0,3406.0,386.0,39420,1,219,2722.0,1364.0,1358.0,613.0
Jeremy Rooney Henderson,JRH0455,19,21,42,20,34,55,55,28,31,1,51,3,6,1538387,59,0.0,0.0,0.0,550,1,55,0.0,0.0,0.0,0.0
Stephanie Eliana Rasmussen,SER0165,20,15,24,17,27,346,346,346,346,1,3699,0,0,110860474,1233,0.0,0.0,0.0,39330,1,102,0.0,0.0,0.0,0.0
Sandra Beverly Diaz,SBD0913,45,16,19,19,42,346,346,346,0,1,1008,394,728,30261945,697,0.0,0.0,0.0,10034,1,174,0.0,0.0,0.0,0.0
Jerry Kennan Fischer,JKF0465,10,37,12,17,32,420,420,195,238,1,403,47,84,12285823,303,0.0,0.0,0.0,4200,1,95,0.0,0.0,0.0,0.0
Carl Ferdinand Wong,CFW0264,19,32,17,20,27,60,60,60,0,1,524,0,0,15704368,299,0.0,0.0,0.0,5700,1,108,0.0,0.0,0.0,0.0
Basia Nevada Riggs,BNR0965,47,19,15,20,22,616,346,346,0,1,333,134,241,9771018,287,0.0,0.0,0.0,3460,1,154,0.0,0.0,0.0,0.0
Alice Sierra Valenzuela,ASV0946,35,12,46,17,26,610,346,346,0,1,331,138,284,10197281,275,0.0,0.0,0.0,3450,1,103,0.0,0.0,0.0,0.0
Kasimir Nehru Galloway,KNG0672,21,40,18,20,27,301,301,144,0,1,2611,507,973,77689682,1258,0.0,0.0,0.0,28595,1,178,0.0,0.0,0.0,0.0
Nola Nerea Ayala,NNA0610,21,35,18,43,26,346,346,168,0,1,5045,0,0,151728023,2543,0.0,0.0,0.0,55890,1,237,0.0,0.0,0.0,0.0
Kane Quinlan Stevenson,KQS0415,35,42,13,14,34,346,346,163,197,1,3032,641,1224,91789135,1563,0.0,0.0,0.0,32775,1,162,0.0,0.0,0.0,0.0
Merrill Hiram Hess,MHH0180,19,41,35,10,29,485,274,274,274,1,805,82,181,24304158,564,0.0,0.0,0.0,7398,1,160,0.0,0.0,0.0,0.0
Eric Gray Duncan,EGD0132,37,38,33,15,22,189,189,0,118,1,195,21,38,5618441,152,399.0,399.0,1.0,2037,1,65,833.0,420.0,413.0,1.0
Vladimir Thomas Todd,VTT0385,14,26,17,36,28,379,379,170,4,6,2964,314,623,88847422,1405,409.0,409.0,1.0,32870,1,208,5470.0,2743.0,2727.0,1.0
Anastasia Sage Griffith,ASG0692,26,40,41,23,27,346,346,0,346,1,2990,304,707,88826185,1434,0.0,0.0,0.0,32870,1,169,0.0,0.0,0.0,0.0
William Price Robles,WPR0368,48,34,40,17,31,1735,1735,1062,1063,145,4534,431,879,135909105,2184,0.0,0.0,0.0,48533,1,187,0.0,0.0,0.0,0.0
Hu Akeem Vincent,HAV0121,46,43,38,37,27,346,346,0,346,1,3056,0,0,91929645,1176,0.0,0.0,0.0,32775,1,202,0.0,0.0,0.0,0.0
Hayley Carolyn Cunningham,HCC0344,25,11,41,26,22,346,346,346,346,1,1000,395,698,30351186,617,0.0,0.0,0.0,10034,1,132,0.0,0.0,0.0,0.0
Ursa Britanney Frederick,UBF0645,34,20,34,23,31,346,346,0,346,1,1005,0,0,30315359,608,0.0,0.0,0.0,10005,1,137,0.0,0.0,0.0,0.0
Todd Scott Roth,TSR0676,43,40,26,19,33,619,346,159,0,1,3015,908,1556,91761151,1500,532.0,532.0,1.0,34600,1,158,1424.0,716.0,708.0,1.0
Nathan Kenneth Hicks,NKH0979,30,39,42,22,35,722,441,382,33,3,3735,1534,3022,112157561,1299,0.0,0.0,0.0,39444,1,132,0.0,0.0,0.0,0.0
Sigourney Xandra Maddox,SXM0895,14,18,15,33,25,346,346,0,346,1,1003,103,188,30217708,635,0.0,0.0,0.0,10034,1,118,0.0,0.0,0.0,0.0
Kenyon Chancellor Sharpe,KCS0173,39,20,50,20,30,685,413,354,5,3,4679,1893,3098,139868407,2492,260.0,260.0,1.0,52938,1,139,714.0,360.0,354.0,1.0
Cyrus Connor Atkinson,CCA0046,36,43,25,15,28,804,804,713,509,99,2157,637,1191,64098004,1267,1678.0,1678.0,252.0,22744,1,104,1511.0,758.0,753.0,430.0
Priscilla Martha Vinson,PMV0850,23,39,12,42,23,671,406,41,387,2,340,38,71,10253373,267,490.0,490.0,1.0,3450,1,117,748.0,376.0,372.0,1.0
Preston Kennan Burns,PKB0281,39,12,44,26,25,346,346,0,346,1,3021,0,0,91255869,1489,0.0,0.0,0.0,32870,1,96,0.0,0.0,0.0,0.0
Martin Ivan Cooper,MIC0726,32,41,43,17,23,346,346,167,0,1,5039,1009,1681,152081942,2500,0.0,0.0,0.0,56052,1,194,0.0,0.0,0.0,0.0
Samson Denton Oconnor,SDO0170,35,47,22,45,26,607,346,346,0,1,5016,1496,2911,151110788,2565,0.0,0.0,0.0,55728,1,183,0.0,0.0,0.0,0.0
Vincent Avram Aguirre,VAA0087,36,44,42,18,23,691,417,357,8,3,3011,922,1894,90246364,1504,0.0,0.0,0.0,32870,1,147,0.0,0.0,0.0,0.0
Emmanuel Lawrence Briggs,ELB0847,12,17,16,19,28,381,381,22,369,2,336,43,92,9774086,260,0.0,0.0,0.0,3450,1,88,0.0,0.0,0.0,0.0
Sharon Britanni Kerr,SBK0161,14,27,23,41,39,707,443,43,393,3,6001,1836,3162,179938395,2332,0.0,0.0,0.0,65740,1,172,0.0,0.0,0.0,0.0
Axel Seth Lewis,ASL0378,15,15,41,21,27,620,346,158,0,1,2992,625,1408,90250034,1383,0.0,0.0,0.0,32870,1,103,0.0,0.0,0.0,0.0
Tobias Lucas Morin,TLM0797,43,42,34,23,36,346,346,0,0,1,3009,1166,2452,90945424,1395,0.0,0.0,0.0,32870,1,183,0.0,0.0,0.0,0.0
Steel Orson Fields,SOF0808,45,40,38,22,27,346,346,0,346,1,3027,602,1026,90286152,1403,0.0,0.0,0.0,32870,1,153,0.0,0.0,0.0,0.0
Sybill Grace Mckay,SGM0021,41,12,26,41,33,625,346,346,0,1,3682,1107,2135,110065795,1210,2596.0,2596.0,1.0,39444,1,199,2069.0,1039.0,1030.0,1.0
Mark Yardley Dunlap,MYD0978,39,32,36,13,32,255,255,131,156,1,2687,547,910,80574363,1131,15.0,15.0,1.0,28617,1,180,14.0,7.0,7.0,1.0
Francis Brian Armstrong,FBA0348,41,44,40,36,27,348,348,2,2,1,4704,0,0,139967623,2252,0.0,0.0,0.0,49478,1,155,0.0,0.0,0.0,0.0
August Ronan Lucas,ARL0034,41,39,27,21,26,346,346,346,0,1,4670,946,1619,140469425,1996,0.0,0.0,0.0,49478,1,125,0.0,0.0,0.0,0.0
Yoshio Joseph Farmer,YJF0532,40,35,23,47,26,715,435,0,0,3,994,285,638,29790518,663,0.0,0.0,0.0,10034,1,60,0.0,0.0,0.0,0.0
Rogan Judah Mcintyre,RJM0381,41,47,44,41,25,364,364,155,0,3,3024,1213,2396,90630493,1512,0.0,0.0,0.0,32870,1,160,0.0,0.0,0.0,0.0
Vernon Samuel Sawyer,VSS0154,43,49,10,40,30,213,214,0,214,1,2301,675,1417,69765679,638,405.0,405.0,1.0,24506,1,106,922.0,462.0,460.0,1.0
Jonah Merritt Wilder,JMW0638,43,21,30,18,30,346,346,0,346,1,1007,207,432,29900293,635,0.0,0.0,0.0,10034,1,83,0.0,0.0,0.0,0.0
Ivor Kenneth Rollins,IKR0401,40,42,24,16,29,287,287,139,287,1,2495,507,1003,75659754,1206,554.0,554.0,1.0,27375,1,202,1134.0,569.0,565.0,1.0
Eden Merrill Stokes,EMS0317,15,21,44,10,31,346,346,346,0,1,4965,977,1661,148774543,2559,0.0,0.0,0.0,56052,1,222,0.0,0.0,0.0,0.0
Finn Tucker Medina,FTM0406,31,15,38,16,34,249,249,126,136,1,2136,0,0,64032845,1095,33.0,33.0,1.0,23277,1,202,36.0,18.0,18.0,1.0
Raphael Aristotle Ray,RAR0725,32,32,25,20,35,171,171,171,0,1,176,24,45,5306710,143,355.0,355.0,1.0,1859,1,63,696.0,348.0,348.0,1.0
Medge Nichole Sims,MNS0224,46,21,22,45,30,1413,1413,1247,903,102,3688,724,1432,110695449,1714,0.0,0.0,0.0,39304,1,182,0.0,0.0,0.0,0.0
Winter Veda Burks,WVB0539,43,16,18,42,31,346,346,155,0,1,4629,467,887,138749001,2461,0.0,0.0,0.0,49478,1,217,0.0,0.0,0.0,0.0
Steel Solomon Garrison,SSG0250,35,40,20,36,25,626,346,156,0,1,3015,1218,2287,90253712,1398,0.0,0.0,0.0,32775,1,148,0.0,0.0,0.0,0.0
Madison Lydia Morrison,MLM0950,24,20,29,23,36,840,509,450,26,2,404,130,297,12293871,327,2752.0,2752.0,1.0,4210,1,162,1694.0,850.0,844.0,1.0
Harper Price Harris,HPH0075,40,42,48,25,28,721,404,199,0,1,7435,2281,4528,222965777,3645,9323.0,9323.0,1.0,72720,1,188,6345.0,3180.0,3165.0,1.0
Veda Martina Jacobson,VMJ0546,20,37,29,39,26,616,346,159,195,1,3016,1235,2451,91197460,1466,3373.0,3373.0,1.0,32870,1,173,1410.0,709.0,701.0,1.0
Nevada Leilani Ortega,NLO0131,19,13,46,40,29,346,346,0,184,1,335,0,0,10217193,265,0.0,0.0,0.0,3460,1,146,0.0,0.0,0.0,0.0
Patricia Emily Salazar,PES0085,35,24,18,30,22,614,346,346,0,1,3694,1489,2898,111039087,1687,0.0,0.0,0.0,39444,1,153,0.0,0.0,0.0,0.0
Otto Hedley Chase,OHC0973,42,24,42,17,35,346,346,346,0,1,334,0,0,10051309,254,0.0,0.0,0.0,3460,1,164,0.0,0.0,0.0,0.0
Noble Merrill Fuller,NMF0780,44,38,36,20,34,346,346,0,0,1,1000,418,790,30052357,614,0.0,0.0,0.0,10034,1,136,0.0,0.0,0.0,0.0
Leo Elmo Monroe,LEM0605,46,50,40,39,26,346,346,153,0,1,4958,944,2053,148037807,2475,0.0,0.0,0.0,56052,1,225,0.0,0.0,0.0,0.0
Bruce Eden Clemons,BEC0505,35,21,30,19,32,346,346,0,0,1,5019,1524,2676,150571325,2492,0.0,0.0,0.0,52938,1,152,0.0,0.0,0.0,0.0
Oliver Logan Fowler,OLF0504,41,43,20,41,31,346,346,0,0,1,5032,0,0,150297034,2555,0.0,0.0,0.0,56052,1,231,0.0,0.0,0.0,0.0
Kirestin Vanna Sykes,KVS0425,20,19,21,30,35,346,346,157,174,1,3014,615,1179,89824004,1471,0.0,0.0,0.0,32775,1,144,0.0,0.0,0.0,0.0
Arthur Jacob Raymond,AJR0319,40,13,37,16,24,812,446,446,0,1,6434,1949,3286,194943753,3358,0.0,0.0,0.0,72252,1,153,0.0,0.0,0.0,0.0
Diana Lillian Solis,DLS0383,10,21,12,25,24,603,346,165,0,1,2987,1202,2372,89071809,1413,0.0,0.0,0.0,31140,1,178,0.0,0.0,0.0,0.0
Bruno Carter Robles,BCR0581,20,11,34,36,30,692,418,23,373,3,329,132,245,9848121,293,0.0,0.0,0.0,3460,1,123,0.0,0.0,0.0,0.0
Lani Dai Beard,LDB0090,40,14,39,41,34,346,346,346,0,1,3657,355,730,109378645,1480,0.0,0.0,0.0,39444,1,209,0.0,0.0,0.0,0.0
Gwendolyn Amaya Ferrell,GAF0570,31,15,38,46,35,633,366,0,192,2,3003,884,1741,90337882,1524,0.0,0.0,0.0,34600,1,172,0.0,0.0,0.0,0.0
Noah Nathan Shaffer,NNS0059,42,23,48,23,25,346,346,162,346,1,3033,1214,1968,91080367,1465,0.0,0.0,0.0,32870,1,185,0.0,0.0,0.0,0.0
Joy Rosalyn Leblanc,JRL0574,19,26,35,47,40,346,346,0,346,1,331,0,0,10313506,256,0.0,0.0,0.0,3450,1,151,0.0,0.0,0.0,0.0
Natalie Sheila Santiago,NSS0876,26,20,25,42,31,346,346,346,7,1,4962,0,0,146864055,2431,0.0,0.0,0.0,56052,1,119,0.0,0.0,0.0,0.0
Slade Orson Burch,SOB0586,45,35,23,24,30,346,346,0,346,1,331,0,0,10047267,249,0.0,0.0,0.0,3460,1,98,0.0,0.0,0.0,0.0
Dane Davis Atkins,DDA0476,36,25,39,13,39,346,346,0,0,1,5045,1046,2182,151030696,2545,0.0,0.0,0.0,56052,1,158,0.0,0.0,0.0,0.0
Dakota Edward Brady,DEB0782,42,47,32,21,36,346,346,0,0,1,1004,292,495,30436481,665,0.0,0.0,0.0,10005,1,94,0.0,0.0,0.0,0.0
Owen Len Wheeler,OLW0689,22,25,40,35,27,613,346,0,346,1,3025,1188,2217,90813145,1410,1242.0,1242.0,1.0,32870,1,116,1418.0,714.0,704.0,1.0
MacKensie Mara Grant,MMG0943,23,27,28,34,26,465,465,407,55,3,2999,1182,2382,89359280,1400,0.0,0.0,0.0,32775,1,179,0.0,0.0,0.0,0.0
Reece Nicolas Lopez,RNL0695,47,41,44,19,36,614,346,0,346,1,3029,610,1135,90592259,1402,0.0,0.0,0.0,32870,1,203,0.0,0.0,0.0,0.0
Lacey Nomlanga Rasmussen,LNR0656,25,39,12,30,23,346,346,0,346,1,1015,0,0,30530908,626,0.0,0.0,0.0,10034,1,182,0.0,0.0,0.0,0.0
Albert Mohammad Joseph,AMJ0297,16,43,50,18,28,346,346,0,213,1,330,0,0,10110394,242,0.0,0.0,0.0,3460,1,126,0.0,0.0,0.0,0.0
Hedwig Regina Livingston,HRL0540,43,38,17,40,18,643,371,18,365,2,2988,911,1721,89275381,1744,1777.0,1777.0,1.0,34400,1,154,5924.0,2968.0,2956.0,1.0
Dean Lester Figueroa,DLF0377,39,35,19,27,34,346,346,165,0,1,3025,605,1056,90800970,1440,0.0,0.0,0.0,32870,1,112,0.0,0.0,0.0,0.0
Madonna Veronica Hardy,MVH0373,44,19,20,21,25,247,247,156,157,94,701,143,343,21144786,433,0.0,0.0,0.0,7524,1,153,0.0,0.0,0.0,0.0
Tad Patrick Hardin,TPH0474,44,39,14,21,35,346,346,169,210,1,388,0,0,11647264,284,0.0,0.0,0.0,3460,1,98,0.0,0.0,0.0,0.0
Kendall Ciaran Frank,KCF0045,40,39,16,27,31,1390,1390,1231,892,114,3654,739,1177,109498218,1667,0.0,0.0,0.0,39209,1,123,0.0,0.0,0.0,0.0
Bryar Ivana Sweet,BIS0247,36,19,18,39,37,664,392,209,46,1,2984,303,598,90127139,1499,418.0,418.0,1.0,31140,1,161,232.0,116.0,116.0,1.0
Mona Susan Shannon,MSS0001,21,44,24,45,19,614,346,157,0,1,12034,1206,1994,361399921,3474,0.0,0.0,0.0,138000,1,196,0.0,0.0,0.0,0.0
Edward Finn Stokes,EFS0882,40,40,47,25,27,346,346,0,346,1,1009,0,0,29970628,635,0.0,0.0,0.0,10034,1,104,0.0,0.0,0.0,0.0
Noelani Wynter Kennedy,NWK0215,21,19,45,18,24,853,503,497,59,1,5547,1672,3678,167386881,2542,0.0,0.0,0.0,63492,1,209,0.0,0.0,0.0,0.0
Philip Nathan Logan,PNL0301,50,43,30,43,31,156,156,0,101,1,164,36,69,4701578,143,296.0,296.0,1.0,1674,1,59,653.0,330.0,323.0,1.0
Colin Stuart Holloway,CSH0626,33,17,41,18,23,801,493,268,76,2,5340,1594,3215,160096403,2971,0.0,0.0,0.0,63990,1,126,0.0,0.0,0.0,0.0
Beau Hall Watts,BHW0458,36,32,28,30,29,346,346,169,194,1,333,74,153,10297255,250,0.0,0.0,0.0,3460,1,141,0.0,0.0,0.0,0.0
Sonya Samantha Hahn,SSH0799,23,18,31,31,40,737,472,0,0,3,3001,598,1323,90141348,1440,0.0,0.0,0.0,32870,1,144,0.0,0.0,0.0,0.0
Astra Nicole Maldonado,ANM0123,22,15,16,21,26,50,32,2,28,2,270,103,184,8070750,190,47.0,47.0,1.0,2850,1,103,57.0,29.0,28.0,1.0
Carla Amelia Shannon,CAS0507,14,46,33,11,25,735,466,10,9,3,1003,293,529,30541847,688,6290.0,6290.0,1.0,10005,1,211,759.0,381.0,378.0,1.0
Denise Ifeoma Doyle,DID0650,45,21,17,42,21,346,346,0,346,1,1022,0,0,30395383,636,0.0,0.0,0.0,10005,1,200,0.0,0.0,0.0,0.0
Kirby Amity Tyson,KAT0270,21,24,39,23,27,346,346,346,0,1,3045,1226,2489,91551688,1548,0.0,0.0,0.0,32870,1,218,0.0,0.0,0.0,0.0
Tara Echo Myers,TEM0977,22,19,40,45,29,346,346,167,178,1,3694,0,0,110130221,1593,0.0,0.0,0.0,39444,1,108,0.0,0.0,0.0,0.0
Salvador Herman Raymond,SHR0334,36,41,45,19,31,346,346,346,346,1,1011,0,0,30343297,634,0.0,0.0,0.0,10034,1,103,0.0,0.0,0.0,0.0
Jenna Darrel Charles,JDC0030,31,18,19,21,26,894,512,8,486,2,5071,2006,4003,151898973,1391,724.0,724.0,1.0,54378,1,255,380.0,190.0,190.0,1.0
Colt Kendall Perez,CKP0721,40,39,39,13,32,346,346,346,0,1,337,0,0,10278976,265,0.0,0.0,0.0,3460,1,123,0.0,0.0,0.0,0.0
Herman Ian Abbott,HIA0414,38,39,39,18,31,346,346,167,210,1,3007,632,1283,90682011,1585,0.0,0.0,0.0,32870,1,170,0.0,0.0,0.0,0.0
Hakeem Stephen Peck,HSP0290,38,15,28,20,27,346,346,0,186,1,338,76,176,10439988,268,0.0,0.0,0.0,3450,1,137,0.0,0.0,0.0,0.0
Howard Raphael Weiss,HRW0550,38,34,24,22,28,346,346,168,189,1,3019,637,1190,90342589,1414,0.0,0.0,0.0,32870,1,110,0.0,0.0,0.0,0.0
Kaye Brianna Blair,KBB0189,49,23,16,33,30,346,346,346,0,1,3719,785,1507,111416821,1074,0.0,0.0,0.0,39444,1,139,0.0,0.0,0.0,0.0
Cain Byron Baldwin,CBB0365,37,17,20,41,33,1758,1498,908,910,111,3690,770,1571,111262302,1775,0.0,0.0,0.0,39444,1,86,0.0,0.0,0.0,0.0
Diana Leigh Hays,DLH0029,36,26,38,18,31,346,346,346,346,1,3040,327,573,91219494,893,0.0,0.0,0.0,32870,1,132,0.0,0.0,0.0,0.0
Nora Regina Oconnor,NRO0768,18,18,41,25,36,322,322,0,0,1,941,94,170,28200099,607,0.0,0.0,0.0,9660,1,116,0.0,0.0,0.0,0.0
Nehru Wyatt Tate,NWT0098,35,39,26,36,33,319,319,319,0,1,2829,578,1120,84802854,1443,702.0,702.0,1.0,30435,1,204,1299.0,653.0,646.0,1.0
Quincy Preston Moses,QPM0727,43,40,18,34,34,346,346,154,0,1,4991,0,0,149816572,2527,0.0,0.0,0.0,56052,1,161,0.0,0.0,0.0,0.0
Kessie Vielka Trevino,KVT0028,44,20,35,19,37,346,346,346,346,1,3041,592,1163,90991236,913,0.0,0.0,0.0,32870,1,158,0.0,0.0,0.0,0.0
Lamar Francis Scott,LFS0071,48,31,14,17,25,346,346,153,192,1,3061,0,0,91315596,1443,0.0,0.0,0.0,32870,1,211,0.0,0.0,0.0,0.0
Wing Noah Bonner,WNB0908,38,38,38,22,23,608,346,0,346,1,999,309,578,29331639,631,0.0,0.0,0.0,10034,1,175,0.0,0.0,0.0,0.0
Patience Audrey Douglas,PAD0773,36,21,14,16,38,698,421,0,0,3,1012,115,192,30828818,743,2558.0,2558.0,1.0,10380,1,132,247.0,124.0,123.0,1.0
Bert Jason Henderson,BJH0354,22,21,31,20,36,346,346,0,0,1,4727,0,0,141187254,2452,0.0,0.0,0.0,49478,1,107,0.0,0.0,0.0,0.0
Oscar Nolan Wooten,ONW0083,46,30,25,30,26,346,346,157,0,1,3002,632,1067,90274428,1414,0.0,0.0,0.0,32870,1,151,0.0,0.0,0.0,0.0
Sarah Susan Jarvis,SSJ0784,19,39,12,45,34,908,545,90,91,1,1291,382,654,39344982,772,0.0,0.0,0.0,13137,1,125,0.0,0.0,0.0,0.0
Kyla Jocelyn Porter,KJP0371,36,21,25,15,30,1394,1394,887,887,117,3700,1473,2713,110421392,1856,0.0,0.0,0.0,39403,1,169,0.0,0.0,0.0,0.0
Isabelle Maggie Benjamin,IMB0481,19,41,38,43,38,346,346,0,0,1,5006,1016,1847,149892272,2478,0.0,0.0,0.0,56052,1,258,0.0,0.0,0.0,0.0
Britanney Quail Snyder,BQS0525,42,38,19,45,30,56,56,0,0,8,142,44,76,4217446,134,57.0,57.0,1.0,1323,1,87,782.0,393.0,389.0,1.0
Beck Troy Richards,BTR0403,47,47,21,17,28,688,426,213,398,4,3003,294,583,89553314,1446,520.0,520.0,1.0,32870,1,208,756.0,380.0,376.0,1.0
Declan Lester Moss,DLM0051,37,37,17,20,35,856,511,458,19,2,7573,2260,4050,226854809,3091,10673.0,10673.0,1.0,82840,1,215,7533.0,3775.0,3758.0,1.0
Addison Hiram Morrow,AHM0410,34,43,15,18,26,725,458,178,236,3,3063,917,1931,91760584,1656,2198.0,2198.0,1.0,33440,1,63,782.0,394.0,388.0,1.0
Carter Harrison Maldonado,CHM0821,48,11,39,19,23,749,472,87,435,3,338,118,273,10237586,290,1228.0,1228.0,1.0,3460,1,102,733.0,368.0,365.0,1.0
Jocelyn Bree Mccray,JBM0350,37,21,12,45,25,434,434,249,427,2,4752,488,914,142871323,2373,0.0,0.0,0.0,49478,1,191,0.0,0.0,0.0,0.0
Joseph Raja Gaines,JRG0207,42,37,40,21,27,287,287,286,5,1,3842,748,1353,115283884,1712,27.0,27.0,1.0,40185,1,99,46.0,23.0,23.0,1.0
Prescott Laith Harding,PLH0862,32,37,25,16,32,346,346,346,11,1,5044,0,0,150935981,2546,0.0,0.0,0.0,56052,1,188,0.0,0.0,0.0,0.0
Reed Chaim Perkins,RCP0785,42,38,43,30,32,346,346,0,0,1,1004,0,0,30428693,643,0.0,0.0,0.0,10034,1,203,0.0,0.0,0.0,0.0
Neve Sarah Crane,NSC0597,19,13,11,44,31,363,363,6,352,2,333,109,228,9936248,278,0.0,0.0,0.0,3450,1,75,0.0,0.0,0.0,0.0
Ayanna Vivian Murray,AVM0947,10,25,30,44,39,375,375,367,18,5,337,40,74,10293620,268,7701.0,7701.0,1.0,3114,1,52,5984.0,2998.0,2986.0,1.0
Molly Sacha Zimmerman,MSZ0310,24,38,18,31,29,346,346,346,0,1,5011,1012,1846,149971847,2528,0.0,0.0,0.0,56052,1,241,0.0,0.0,0.0,0.0
Stewart Dale Berger,SDB0106,35,46,26,27,37,696,424,18,371,3,3031,902,1501,90911480,1624,0.0,0.0,0.0,32870,1,173,0.0,0.0,0.0,0.0
Hakeem Arden Curry,HAC0282,37,32,38,12,28,346,346,0,346,1,2989,608,1260,90321712,1488,0.0,0.0,0.0,32870,1,114,0.0,0.0,0.0,0.0
Hadley Sonya Bowen,HSB0196,44,13,43,30,33,494,494,19,494,1,5103,1535,2806,153141563,1562,11627.0,11627.0,1.0,57000,1,124,7595.0,3805.0,3790.0,1.0
Ayanna Sylvia Blankenship,ASB0796,30,40,23,38,34,265,265,0,0,1,2298,484,850,69607634,1070,0.0,0.0,0.0,25175,1,196,0.0,0.0,0.0,0.0
Wynter Rose Mercer,WRM0963,17,23,43,31,22,324,185,179,5,3,168,58,119,4919419,155,0.0,0.0,0.0,1740,1,88,0.0,0.0,0.0,0.0
Brianna Rebecca Mcintyre,BRM0995,20,11,32,26,40,642,373,21,369,2,3044,922,1665,90246563,1294,590.0,590.0,1.0,34600,1,169,5932.0,2973.0,2959.0,1.0
Sebastian Elliott Sexton,SES0477,38,40,13,39,29,622,346,0,0,1,5005,2004,3881,150485144,2505,0.0,0.0,0.0,56052,1,91,0.0,0.0,0.0,0.0
Jerry Tad Mccall,JTM0223,35,48,20,21,30,748,630,530,386,128,1489,591,995,45410491,796,1.0,1.0,1.0,16026,1,178,4.0,2.0,2.0,2.0
Ria Neve Flores,RNF0765,41,22,37,41,25,346,346,0,0,1,993,0,0,30090244,635,0.0,0.0,0.0,10034,1,67,0.0,0.0,0.0,0.0
Graiden Nehru Zimmerman,GNZ0953,26,18,26,36,29,616,346,346,0,1,334,132,282,9946692,260,0.0,0.0,0.0,3460,1,128,0.0,0.0,0.0,0.0
Hadassah Riley Baker,HRB0351,19,12,43,42,36,723,420,170,204,4,6750,698,1404,202999325,3365,2662.0,2662.0,1.0,72770,1,107,264.0,133.0,131.0,1.0
Zia Shelley Blankenship,ZSB0649,23,25,36,14,26,346,346,0,346,1,1017,413,798,30146500,641,0.0,0.0,0.0,10034,1,101,0.0,0.0,0.0,0.0
Axel Donovan Compton,ADC0391,50,43,40,33,38,622,346,162,346,1,3057,1208,2335,91628221,1528,0.0,0.0,0.0,32870,1,159,0.0,0.0,0.0,0.0
Penelope Montana Colon,PMC0328,20,43,10,36,33,621,346,346,346,1,1003,314,665,30213873,746,656.0,656.0,1.0,10034,1,112,1334.0,670.0,664.0,1.0
Idola Lana Jarvis,ILJ0526,33,50,23,46,25,813,524,0,0,6,1089,346,756,32973481,752,1236.0,1236.0,1.0,10875,1,121,754.0,378.0,376.0,1.0
Amaya Noelle Terrell,ANT0430,12,19,23,48,31,651,371,156,1,2,3003,1205,2129,89517329,1477,0.0,0.0,0.0,32870,1,112,0.0,0.0,0.0,0.0
Dean Flynn Hines,DFH0188,35,40,18,38,24,702,431,386,387,3,1012,99,221,30130230,722,6281.0,6281.0,1.0,10034,1,93,807.0,406.0,401.0,1.0
Lee Lacey Velez,LLV0602,36,10,36,37,33,346,346,169,0,1,5058,496,888,152229006,2534,0.0,0.0,0.0,56052,1,131,0.0,0.0,0.0,0.0
Grace Charde Roth,GCR0554,16,16,41,23,37,346,346,163,175,1,3008,643,1319,89458398,1357,0.0,0.0,0.0,32870,1,97,0.0,0.0,0.0,0.0
Samson Jeremy Ortega,SJO0209,39,45,18,39,35,753,474,374,13,3,4775,1895,3740,142229924,2154,372.0,372.0,1.0,50479,1,139,264.0,133.0,131.0,1.0
Nadine Gay Cross,NGC0058,44,45,39,15,27,492,492,220,448,3,3713,1113,1858,111475557,1815,200.0,200.0,1.0,42800,1,143,350.0,175.0,175.0,1.0
Yolanda Idona Crosby,YIC0195,18,49,19,40,31,726,448,7,368,3,3716,1149,2387,111795405,1338,0.0,0.0,0.0,40128,1,137,0.0,0.0,0.0,0.0
Eden Deborah Ball,EDB0714,21,23,35,26,29,242,242,242,0,1,255,71,140,7996565,200,526.0,526.0,1.0,2548,1,135,1070.0,535.0,535.0,1.0
Lacota Hilda Lindsey,LHL0309,19,34,27,46,37,346,346,346,0,1,4981,981,1605,149649878,2573,0.0,0.0,0.0,55728,1,156,0.0,0.0,0.0,0.0
Heather Fredericka Baird,HFB0347,34,20,30,30,27,264,264,264,264,1,767,84,165,22918582,488,1716.0,1716.0,1.0,7656,1,80,190.0,96.0,94.0,1.0
Elton Jonas Williamson,EJW0884,46,20,32,26,31,345,346,0,346,1,1026,100,184,30037332,668,0.0,0.0,0.0,10034,1,109,0.0,0.0,0.0,0.0
Cathleen Risa Oneal,CRO0027,19,30,28,46,26,642,367,9,353,2,3037,942,1658,91477214,847,0.0,0.0,0.0,34600,1,136,0.0,0.0,0.0,0.0
Halee Keiko Rhodes,HKR0628,21,16,17,16,25,709,448,169,2,3,4998,2005,3694,149515634,2660,0.0,0.0,0.0,56052,1,167,0.0,0.0,0.0,0.0
Grant Tyrone Doyle,GTD0116,43,19,45,20,31,346,346,0,346,1,4699,446,955,141339924,1959,0.0,0.0,0.0,49478,1,118,0.0,0.0,0.0,0.0
Daryl Skyler Brock,DSB0731,26,15,40,43,30,346,346,170,0,1,4936,981,1719,148432513,2551,0.0,0.0,0.0,56052,1,130,0.0,0.0,0.0,0.0
Clio Ocean Faulkner,COF0120,14,12,38,13,35,298,298,36,289,1,2554,736,1464,76988943,985,0.0,0.0,0.0,29754,1,125,0.0,0.0,0.0,0.0
Hope Dawn Jensen,HDJ0446,18,17,45,27,35,346,346,165,182,1,337,78,173,9857802,256,0.0,0.0,0.0,3460,1,90,0.0,0.0,0.0,0.0
Cedric Herrod Gilliam,CHG0146,40,20,39,19,35,346,346,0,0,1,4648,939,1865,139924987,1639,0.0,0.0,0.0,49478,1,244,0.0,0.0,0.0,0.0
Aline Iris Hurst,AIH0675,25,39,38,40,37,346,346,162,0,1,2994,626,1267,89889426,1409,0.0,0.0,0.0,32775,1,157,0.0,0.0,0.0,0.0
Troy Nicolas Molina,TNM0961,37,50,39,17,32,477,295,265,25,3,247,88,178,7531125,211,526.0,526.0,1.0,2525,1,116,984.0,494.0,490.0,1.0
Aaron Porter Gutierrez,APG0307,43,39,36,43,22,346,346,0,203,1,330,73,132,9670788,277,0.0,0.0,0.0,3460,1,135,0.0,0.0,0.0,0.0
Roth Hu Conner,RHC0335,36,35,40,46,25,346,346,346,346,1,1006,0,0,29887314,617,0.0,0.0,0.0,10034,1,194,0.0,0.0,0.0,0.0
Chastity Quyn Wilkerson,CQW0652,10,22,48,20,33,327,327,0,327,1,974,0,0,29623688,599,696.0,696.0,1.0,9603,1,156,1330.0,668.0,662.0,1.0
Honorato John Sloan,HJS0072,44,42,19,19,31,46,27,13,18,3,216,90,157,6384042,170,82.0,82.0,1.0,2375,1,90,52.0,26.0,26.0,1.0
Xerxes Howard Wilcox,XHW0498,37,47,48,23,35,195,195,0,0,1,2827,1100,2022,85797666,1533,386.0,386.0,1.0,31690,1,198,846.0,423.0,423.0,1.0
Isadora Jael Waters,IJW0851,21,10,10,18,34,346,346,329,11,1,5041,0,0,151114387,2529,0.0,0.0,0.0,56052,1,171,0.0,0.0,0.0,0.0
Nigel Addison Rios,NAR0981,39,39,16,50,36,346,346,346,12,1,3022,1206,2328,90665242,1180,0.0,0.0,0.0,32870,1,217,0.0,0.0,0.0,0.0
Nero Uriel Little,NUL0471,35,38,38,26,37,612,346,158,211,1,333,132,226,9797214,301,0.0,0.0,0.0,3460,1,84,0.0,0.0,0.0,0.0
Drew Ivan Beck,DIB0081,34,45,14,28,33,340,211,79,0,3,1418,563,1125,42316555,727,1580.0,1580.0,1.0,15390,1,131,989.0,496.0,493.0,1.0
Brenden Samuel Shaffer,BSS0369,39,42,34,14,32,962,962,569,565,137,2300,216,491,69875284,1259,2295.0,2295.0,282.0,28561,1,147,5472.0,2740.0,2732.0,489.0
Margaret Illana Burch,MIB0904,22,21,34,38,25,626,346,0,346,1,1014,303,671,31331614,699,0.0,0.0,0.0,10034,1,157,0.0,0.0,0.0,0.0
Athena Amelia Foreman,AAF0535,17,21,36,33,31,164,164,0,0,1,480,187,364,14590753,367,357.0,357.0,1.0,4878,1,98,688.0,346.0,342.0,1.0
Hayden Bernard Benson,HBB0056,37,33,30,21,27,346,346,0,0,1,2989,589,1098,90220988,1252,0.0,0.0,0.0,32870,1,207,0.0,0.0,0.0,0.0
Melodie Chantale Joyce,MCJ0324,28,20,40,20,36,346,346,346,0,1,4982,1026,1707,149384215,2543,0.0,0.0,0.0,56052,1,129,0.0,0.0,0.0,0.0
Hashim Damon Hebert,HDH0928,40,36,20,40,26,346,346,0,346,1,3043,1223,2414,91558488,1516,1577.0,1577.0,1.0,32870,1,109,1377.0,691.0,686.0,1.0
Holly Xerxes Lara,HXL0968,45,21,35,40,34,211,211,211,0,1,211,53,92,6432915,174,477.0,477.0,1.0,2225,1,147,932.0,468.0,464.0,1.0
Macaulay Otto Hopkins,MOH0273,39,40,47,50,26,401,401,401,0,1,3463,370,654,105016117,1777,9306.0,9306.0,1.0,38095,1,139,6295.0,3155.0,3140.0,1.0
Keiko Naida Webb,KNW0644,15,20,23,15,25,346,346,0,346,1,1015,212,370,30723384,624,0.0,0.0,0.0,10034,1,139,0.0,0.0,0.0,0.0
Cullen Gary Adams,CGA0629,36,35,24,49,28,346,346,163,0,1,5046,0,0,152185681,2502,0.0,0.0,0.0,56052,1,137,0.0,0.0,0.0,0.0
Nell Mari Schneider,NMS0280,39,42,26,37,27,454,454,5,444,2,1260,375,657,37746552,686,321.0,321.0,1.0,13080,1,188,307.0,155.0,152.0,1.0
Tad Harlan Duncan,THD0448,41,32,29,38,32,346,346,163,188,1,334,34,68,10103721,264,0.0,0.0,0.0,3460,1,102,0.0,0.0,0.0,0.0
Scarlet Pearl Ashley,SPA0141,43,22,10,21,29,688,414,414,68,1,3635,1482,2507,108215788,1117,0.0,0.0,0.0,37368,1,95,0.0,0.0,0.0,0.0
Lenore Piper Cardenas,LPC0492,30,23,22,30,26,372,372,0,0,1,5075,1537,2632,152339922,2637,0.0,0.0,0.0,52938,1,154,0.0,0.0,0.0,0.0
Benjamin Tyrone Norman,BTN0061,42,21,22,20,22,700,432,200,398,5,3031,1207,2340,91601772,1521,0.0,0.0,0.0,32870,1,131,0.0,0.0,0.0,0.0
Hanae Gay Hogan,HGH0595,41,14,22,39,29,346,346,0,346,1,336,0,0,10213119,245,0.0,0.0,0.0,3460,1,132,0.0,0.0,0.0,0.0
Brielle Aubrey Marks,BAM0611,25,30,39,23,25,611,346,161,0,1,5016,1517,3049,150266114,2641,0.0,0.0,0.0,56052,1,141,0.0,0.0,0.0,0.0
Kessie Kay Cooper,KKC0683,32,37,37,48,35,346,346,0,346,1,3054,0,0,91259414,1427,0.0,0.0,0.0,32870,1,98,0.0,0.0,0.0,0.0
Buckminster Benjamin Swanson,BBS0422,39,42,29,41,18,498,498,251,336,2,3487,1047,1922,104149193,1805,499.0,499.0,1.0,37525,1,103,305.0,154.0,151.0,1.0
Hedy Delilah Lopez,HDL0748,25,13,46,41,25,346,346,151,0,1,5016,0,0,150740543,2564,0.0,0.0,0.0,55890,1,203,0.0,0.0,0.0,0.0
Nissim Rafael Delacruz,NRD0548,41,37,41,15,31,306,306,138,175,1,2635,0,0,79317643,1254,0.0,0.0,0.0,29070,1,198,0.0,0.0,0.0,0.0
Donovan Carlos Chapman,DCC0160,36,39,33,42,27,346,346,346,346,1,6027,1252,2160,180014841,2183,0.0,0.0,0.0,65740,1,105,0.0,0.0,0.0,0.0
Minerva Emerald Solomon,MES0407,38,44,25,47,37,346,346,154,237,1,2998,1192,2274,90450363,1525,0.0,0.0,0.0,32775,1,219,0.0,0.0,0.0,0.0
Leonard Malachi Floyd,LMF0980,42,45,12,44,35,616,346,346,0,1,3690,1469,2699,111378922,1173,0.0,0.0,0.0,39444,1,158,0.0,0.0,0.0,0.0
Barry Martin Mason,BMM0112,40,36,24,40,25,346,346,0,346,1,1013,209,350,30309346,599,0.0,0.0,0.0,10034,1,100,0.0,0.0,0.0,0.0
Leila Tallulah Steele,LTS0860,48,20,29,20,31,346,346,346,12,1,5096,504,1026,153890816,2575,0.0,0.0,0.0,56052,1,178,0.0,0.0,0.0,0.0
Armand Odysseus Key,AOK0844,11,30,44,26,31,746,440,31,416,3,370,109,211,11413258,270,1321.0,1321.0,1.0,3830,1,123,809.0,407.0,402.0,1.0
Eaton Samuel Jennings,ESJ0670,42,31,15,40,24,515,515,211,0,3,4582,455,911,136510573,2133,3303.0,3303.0,1.0,44650,1,196,366.0,185.0,181.0,1.0
Aladdin Abraham Foley,AAF0791,14,40,40,50,34,346,346,0,0,1,3012,0,0,90234995,1440,0.0,0.0,0.0,32870,1,253,0.0,0.0,0.0,0.0
Kirby Ruby Lyons,KRL0501,18,27,23,28,26,265,265,0,0,1,3871,0,0,116019956,1984,578.0,578.0,1.0,43049,1,238,1130.0,568.0,562.0,1.0
Serina Amena Chavez,SAC0592,24,18,23,42,26,614,346,0,346,1,341,129,241,10014702,257,0.0,0.0,0.0,3460,1,164,0.0,0.0,0.0,0.0
Uriel Charles Solomon,UCS0227,22,32,41,35,34,346,346,164,346,1,3048,0,0,91098602,1464,0.0,0.0,0.0,32870,1,199,0.0,0.0,0.0,0.0
Jared Cameron Rosa,JCR0770,40,47,24,21,27,346,346,0,0,1,1003,410,752,29621932,643,0.0,0.0,0.0,10034,1,115,0.0,0.0,0.0,0.0
Ivy Charissa Solis,ICS0956,22,20,18,35,26,251,251,251,0,1,244,25,49,7453665,199,0.0,0.0,0.0,2510,1,83,0.0,0.0,0.0,0.0
Macy Karleigh Winters,MKW0441,15,25,45,20,34,649,377,168,9,3,1011,424,764,30353459,624,421.0,421.0,1.0,9342,1,124,1393.0,700.0,693.0,1.0
Tana Sonya Moody,TSM0927,33,21,10,37,26,346,346,0,346,1,3096,622,1343,91996516,1501,0.0,0.0,0.0,32870,1,175,0.0,0.0,0.0,0.0
Octavius Judah Kirby,OJK0233,40,36,14,22,33,346,346,162,346,1,3041,591,1106,91761960,1488,0.0,0.0,0.0,32870,1,153,0.0,0.0,0.0,0.0
Stephanie Mary Whitehead,SMW0084,20,37,39,48,27,346,346,159,0,1,3044,647,1262,92096288,1456,0.0,0.0,0.0,32870,1,98,0.0,0.0,0.0,0.0
Barclay Eaton Hensley,BEH0615,24,20,50,22,26,690,406,177,4,5,5123,1528,2730,154219940,2720,268.0,268.0,1.0,57024,1,113,780.0,394.0,386.0,1.0
Ariana Doris Frazier,ADF0397,39,16,10,40,35,346,346,165,346,1,3038,312,621,90342888,1449,0.0,0.0,0.0,32870,1,209,0.0,0.0,0.0,0.0
Nicolas James Cantu,NJC0705,43,39,29,36,31,346,346,346,0,1,337,37,72,10156422,266,0.0,0.0,0.0,3460,1,135,0.0,0.0,0.0,0.0
Bertha Yetta Parrish,BYP0070,30,19,41,21,33,238,238,116,127,1,2060,0,0,61871785,1030,0.0,0.0,0.0,22610,1,158,0.0,0.0,0.0,0.0
Jane Maite Dotson,JMD0520,21,45,16,38,29,699,428,33,27,4,1009,301,594,30094134,676,1893.0,1893.0,1.0,10034,1,99,1315.0,664.0,651.0,1.0
Lucas Ahmed Ferrell,LAF0991,40,39,36,22,34,613,346,0,346,1,3025,1230,2570,90806263,1136,0.0,0.0,0.0,32870,1,133,0.0,0.0,0.0,0.0
Kay Brynne Spears,KBS0874,23,39,37,33,29,616,346,346,9,1,5062,2013,3563,151616484,2671,0.0,0.0,0.0,56052,1,173,0.0,0.0,0.0,0.0
Genevieve Hyacinth Head,GHH0288,12,36,40,36,30,404,404,13,218,3,336,108,220,10269709,261,1563.0,1563.0,1.0,3460,1,56,1428.0,716.0,712.0,1.0
Timothy Arthur Carroll,TAC0300,15,38,18,18,36,346,346,0,220,1,344,0,0,10539233,248,0.0,0.0,0.0,3450,1,89,0.0,0.0,0.0,0.0
Jaquelyn Angelica Jimenez,JAJ0849,22,24,23,23,33,905,560,62,506,2,427,132,274,12972497,341,0.0,0.0,0.0,4420,1,125,0.0,0.0,0.0,0.0
Nevada Odette Bass,NOB0181,31,21,21,41,25,961,570,500,498,2,1368,426,788,41280439,882,1703.0,1703.0,1.0,12852,1,139,1047.0,527.0,520.0,1.0
Daquan Tucker Pugh,DTP0379,45,42,15,37,27,670,406,158,2,3,3311,975,1989,99672128,1645,0.0,0.0,0.0,32775,1,162,0.0,0.0,0.0,0.0
Colorado Joel Merrill,CJM0138,10,40,21,17,23,346,346,0,212,1,326,136,248,9631153,246,0.0,0.0,0.0,3460,1,75,0.0,0.0,0.0,0.0
Fallon Harriet Shelton,FHS0837,23,37,14,42,34,346,346,0,346,1,337,0,0,9954407,259,0.0,0.0,0.0,3450,1,140,0.0,0.0,0.0,0.0
Chelsea Aspen Allen,CAA0612,20,41,32,42,31,613,346,155,0,1,5372,1627,3286,160811726,2753,641.0,641.0,1.0,58820,1,126,254.0,128.0,126.0,1.0
Echo Leandra Torres,ELT0769,19,20,20,27,35,346,346,0,0,1,1004,0,0,30076788,641,0.0,0.0,0.0,10034,1,100,0.0,0.0,0.0,0.0
Katell Jasmine Wiggins,KJW0416,50,46,39,41,30,346,346,161,233,1,3037,0,0,90867234,1548,0.0,0.0,0.0,32775,1,185,0.0,0.0,0.0,0.0
Cairo Theodore Robles,CTR0341,45,39,23,13,28,996,608,596,596,2,1467,451,899,44096637,921,0.0,0.0,0.0,14239,1,99,0.0,0.0,0.0,0.0
Dolan Igor Cortez,DIC0988,44,30,23,21,32,346,346,346,346,1,3007,0,0,90866670,863,0.0,0.0,0.0,32870,1,101,0.0,0.0,0.0,0.0
Jane Justina Hunt,JJH0292,35,23,38,39,28,658,384,1,209,3,339,100,227,10209622,262,0.0,0.0,0.0,3520,1,131,0.0,0.0,0.0,0.0
Mira Jamalia Snow,MJS0890,10,26,16,11,29,346,346,0,346,1,1022,425,740,30396357,603,0.0,0.0,0.0,10034,1,164,0.0,0.0,0.0,0.0
Tarik Odysseus Rivera,TOR0193,30,40,25,45,30,639,368,3,350,1,3640,1510,2785,108694783,1218,0.0,0.0,0.0,39330,1,187,0.0,0.0,0.0,0.0
Sophia Cora Battle,SCB0534,20,18,35,22,29,346,346,0,0,1,1014,0,0,30738252,648,0.0,0.0,0.0,10034,1,148,0.0,0.0,0.0,0.0
Maxwell Dante Hutchinson,MDH0686,37,43,31,20,38,845,487,3,464,2,4020,1634,3422,120170384,1726,0.0,0.0,0.0,43605,1,213,0.0,0.0,0.0,0.0
Jonathan Orlando Marsh,JOM0750,35,46,25,40,29,346,346,147,0,1,5045,0,0,150269888,2601,0.0,0.0,0.0,56052,1,212,0.0,0.0,0.0,0.0
Burke Randall Burnett,BRB0355,33,21,37,19,29,949,603,0,0,3,4389,1302,2421,131662237,2439,712.0,712.0,1.0,45500,1,120,1792.0,898.0,894.0,1.0
Macon Joseph Morrison,MJM0510,32,33,22,18,39,728,462,0,0,3,1005,421,755,30367917,681,0.0,0.0,0.0,10034,1,116,0.0,0.0,0.0,0.0
Kibo Josiah Murray,KJM0887,31,47,14,16,32,346,346,0,346,1,1005,387,695,30389408,632,0.0,0.0,0.0,10034,1,121,0.0,0.0,0.0,0.0
Courtney Brynn Garrett,CBG0398,40,21,41,10,24,346,346,172,346,1,3019,612,1119,91158612,1482,0.0,0.0,0.0,32870,1,210,0.0,0.0,0.0,0.0
Raya Regan Church,RRC0553,40,14,24,38,29,135,77,40,50,2,675,67,136,20423922,447,1342.0,1342.0,1.0,7220,1,110,161.0,81.0,80.0,1.0
Tara Dai Stevenson,TDS0984,39,39,15,40,38,836,487,438,25,7,3735,386,678,111752304,1467,3378.0,3378.0,1.0,40850,1,176,346.0,174.0,172.0,1.0
Libby Rosalyn Richard,LRR0148,21,19,14,14,29,841,537,454,48,2,5427,1644,2719,162718661,1793,907.0,907.0,1.0,57200,1,192,1569.0,788.0,781.0,1.0
Amelia Rhoda Burgess,ARB0834,40,42,40,49,26,211,211,0,211,1,207,49,94,6144735,182,0.0,0.0,0.0,2110,1,121,0.0,0.0,0.0,0.0
Kareem Porter Collins,KPC0073,44,30,11,16,23,154,154,78,94,1,1311,512,925,39076644,701,0.0,0.0,0.0,14158,1,130,16.0,8.0,8.0,1.0
Charde Lareina Barrett,CLB0774,49,23,22,17,31,424,424,75,78,1,1000,297,522,30632355,623,7246.0,7246.0,1.0,10034,1,177,5966.0,2988.0,2978.0,1.0
Valentine Elton Britt,VEB0935,46,37,39,20,32,346,346,346,0,1,3011,0,0,90164372,1410,0.0,0.0,0.0,32870,1,126,0.0,0.0,0.0,0.0
Macey Christen Turner,MCT0720,34,12,20,22,37,346,346,346,0,1,337,0,0,10114817,251,0.0,0.0,0.0,3460,1,55,0.0,0.0,0.0,0.0
Jameson Damian Franco,JDF0593,30,45,11,41,29,805,508,76,446,3,351,45,72,10631113,314,403.0,403.0,1.0,3670,1,86,6296.0,3153.0,3143.0,1.0
Callum Jasper Gilmore,CJG0470,44,45,22,32,24,346,346,154,230,1,337,0,0,10020470,268,0.0,0.0,0.0,3460,1,73,0.0,0.0,0.0,0.0
Riley Ginger Guy,RGG0064,36,19,20,42,34,401,226,226,4,1,1900,734,1561,56999300,845,12.0,12.0,1.0,21093,1,148,12.0,6.0,6.0,1.0
Bethany Xerxes Johnson,BXJ0010,46,24,30,35,34,346,346,143,187,1,6058,0,0,181069337,2655,0.0,0.0,0.0,65740,1,141,0.0,0.0,0.0,0.0
William Beau Callahan,WBC0315,40,37,40,45,24,346,346,346,0,1,5019,1039,1898,150804573,2594,0.0,0.0,0.0,55728,1,130,0.0,0.0,0.0,0.0
Claudia Galena Baldwin,CGB0637,20,20,15,20,29,610,346,0,346,1,1020,321,550,30191193,645,2333.0,2333.0,1.0,10034,1,179,2155.0,1082.0,1073.0,1.0
Chadwick Armand Nunez,CAN0842,38,41,22,39,29,346,346,0,346,1,338,0,0,10269249,268,0.0,0.0,0.0,3460,1,138,0.0,0.0,0.0,0.0
Hyatt Trevor Hayes,HTH0007,37,38,41,20,36,613,348,347,1,1,9116,893,1458,273863256,3450,0.0,0.0,0.0,98610,1,137,0.0,0.0,0.0,0.0
Bell Jorden Martinez,BJM0111,22,24,39,41,19,442,442,72,428,1,1082,348,712,32331808,612,7841.0,7841.0,1.0,10672,1,98,5821.0,2919.0,2902.0,1.0
Meredith Ainsley Wolf,MAW0166,44,16,21,17,34,346,346,346,0,1,4665,0,0,139291836,2417,0.0,0.0,0.0,49478,1,90,0.0,0.0,0.0,0.0
Preston Plato Fischer,PPF0435,42,17,48,24,27,294,294,143,4,1,2759,281,560,83510563,1429,1.0,1.0,1.0,27551,1,205,54.0,27.0,27.0,1.0
Samuel Eden James,SEJ0677,44,39,23,36,25,176,176,78,0,1,1535,0,0,46183538,799,0.0,0.0,0.0,16720,1,102,0.0,0.0,0.0,0.0
Alden Caesar Velez,ACV0812,42,37,12,45,28,770,509,140,487,2,3040,949,1651,91225806,1508,0.0,0.0,0.0,31140,1,124,0.0,0.0,0.0,0.0
Kane Walter Eaton,KWE0082,38,43,19,48,35,621,346,165,0,1,3028,889,1889,91146801,1558,2234.0,2234.0,1.0,32870,1,183,1424.0,717.0,707.0,1.0
Edan Ciaran Larson,ECL0930,28,24,40,18,29,617,346,346,0,1,3041,1196,1957,91194073,1543,0.0,0.0,0.0,32870,1,122,0.0,0.0,0.0,0.0
Randall Hashim Palmer,RHP0484,35,37,24,16,31,653,377,0,0,3,5302,539,905,160548777,2665,0.0,0.0,0.0,55890,1,156,0.0,0.0,0.0,0.0
Brenda Alika Matthews,BAM0636,13,40,46,42,39,346,346,0,346,1,1001,100,193,29887579,626,0.0,0.0,0.0,10005,1,72,0.0,0.0,0.0,0.0
Dale Dorian Mercado,DDM0579,33,45,30,37,26,346,346,0,346,1,337,0,0,10206350,248,0.0,0.0,0.0,3460,1,103,0.0,0.0,0.0,0.0
Ursula Idona Richard,UIR0043,19,37,23,38,32,1430,1430,1269,926,101,3720,761,1267,111897551,1700,0.0,0.0,0.0,39375,1,220,0.0,0.0,0.0,0.0
Jaquelyn Cassandra Roberson,JCR0172,43,41,41,39,31,723,407,407,0,1,5926,1803,3037,177935193,3050,406.0,406.0,1.0,65934,1,148,338.0,170.0,168.0,1.0
Aquila Tanner Ellison,ATE0869,13,15,40,44,33,903,524,496,25,3,7519,2298,4531,225221206,4022,522.0,522.0,1.0,74205,1,222,419.0,210.0,209.0,1.0
Isadora Blaine Shepherd,IBS0836,10,44,50,38,27,722,419,31,409,3,359,118,217,10784935,284,624.0,624.0,1.0,3402,1,161,774.0,388.0,386.0,1.0
Dylan Tiger Terry,DTT0076,42,16,34,24,28,346,346,346,0,1,6019,0,0,180355307,2792,0.0,0.0,0.0,65740,1,115,0.0,0.0,0.0,0.0
Price Rashad Mullen,PRM0740,45,40,45,42,27,346,346,158,0,1,4999,0,0,150728540,2476,0.0,0.0,0.0,56052,1,116,0.0,0.0,0.0,0.0
Florence Gloria Whitney,FGW0853,25,35,20,40,39,455,455,416,81,3,4663,1453,2933,138587908,2454,0.0,0.0,0.0,56052,1,112,0.0,0.0,0.0,0.0
Judith Shaeleigh Hayden,JSH0330,20,16,23,24,28,346,346,346,346,1,1049,92,210,30996812,678,0.0,0.0,0.0,10034,1,122,0.0,0.0,0.0,0.0
Ferris Stone Bender,FSB0399,23,22,15,37,26,335,335,154,335,1,2924,555,1109,88054151,1448,0.0,0.0,0.0,31825,1,244,0.0,0.0,0.0,0.0
