user,login_count,after_hours_logins,weekend_logins,unique_computers,device_activity,usb_connections,after_hours_usb,weekend_usb,usb_unique_computers,file_activity,after_hours_files,weekend_files,email_count,after_hours_emails,weekend_emails,attachment_count,web_activity,after_hours_web,weekend_web,O,C,E,A,N
AAE0190,346,0.0,0.0,1,0.0,0.0,0.0,0.0,0.0,0.0,0.0,0.0,4711,255.0,0.0,1780,49478,2051.0,0.0,36,30,14,50,29
AAF0535,164,0.0,0.0,1,688.0,346.0,0.0,0.0,1.0,357.0,0.0,0.0,480,0.0,0.0,364,4878,0.0,0.0,17,21,36,33,31
AAF0791,346,0.0,0.0,1,0.0,0.0,0.0,0.0,0.0,0.0,0.0,0.0,3012,0.0,0.0,0,32870,0.0,0.0,14,40,40,50,34
AAL0706,346,346.0,0.0,1,0.0,0.0,0.0,0.0,0.0,0.0,0.0,0.0,336,17.0,0.0,145,3460,184.0,0.0,37,14,28,13,25
AAM0658,229,5.0,1.0,1,13.0,7.0,7.0,1.0,1.0,31.0,31.0,0.0,659,202.0,0.0,613,6498,1869.0,4.0,43,35,37,36,22
AAN0823,346,0.0,0.0,1,0.0,0.0,0.0,0.0,0.0,0.0,0.0,0.0,339,67.0,0.0,149,3450,701.0,0.0,24,16,45,24,28
AAS0442,86,22.0,0.0,1,0.0,0.0,0.0,0.0,0.0,0.0,0.0,0.0,145,1.0,0.0,127,1450,13.0,0.0,36,43,22,22,31
AAV0450,346,159.0,0.0,1,0.0,0.0,0.0,0.0,0.0,0.0,0.0,0.0,336,2.0,0.0,125,3460,98.0,0.0,44,24,36,41,33
AAW0353,346,165.0,0.0,1,0.0,0.0,0.0,0.0,0.0,0.0,0.0,0.0,1000,24.0,0.0,0,10034,211.0,0.0,49,45,19,25,34
ABC0174,533,296.0,83.0,1,1276.0,642.0,49.0,90.0,1.0,589.0,26.0,72.0,4239,277.0,601.0,981,48095,3181.0,6987.0,15,41,34,13,32
ABC0253,617,346.0,0.0,1,0.0,0.0,0.0,0.0,0.0,0.0,0.0,0.0,3015,155.0,0.0,628,32680,1408.0,0.0,21,15,41,30,28
ABH0663,346,346.0,0.0,1,0.0,0.0,0.0,0.0,0.0,0.0,0.0,0.0,1006,59.0,0.0,224,10034,506.0,0.0,47,49,41,11,34
ABM0845,633,1.0,0.0,2,0.0,0.0,0.0,0.0,0.0,0.0,0.0,0.0,340,50.0,0.0,92,3460,699.0,0.0,45,21,35,50,29
ABN0239,613,159.0,0.0,1,0.0,0.0,0.0,0.0,0.0,0.0,0.0,0.0,3023,98.0,0.0,1206,32870,620.0,0.0,21,37,20,39,25
ACC0042,1362,1219.0,0.0,618,0.0,0.0,0.0,0.0,0.0,0.0,0.0,0.0,3676,336.0,0.0,2158,39336,3431.0,0.0,23,19,37,20,31
ACV0812,770,140.0,5.0,2,0.0,0.0,0.0,0.0,0.0,0.0,0.0,0.0,3040,749.0,0.0,1651,31140,7349.0,0.0,42,37,12,45,28
ADC0391,622,162.0,0.0,1,0.0,0.0,0.0,0.0,0.0,0.0,0.0,0.0,3057,370.0,0.0,2335,32870,4231.0,0.0,50,43,40,33,38
ADD0846,346,0.0,0.0,1,0.0,0.0,0.0,0.0,0.0,0.0,0.0,0.0,333,53.0,0.0,173,3460,699.0,0.0,18,19,25,12,35
ADF0397,346,165.0,0.0,1,0.0,0.0,0.0,0.0,0.0,0.0,0.0,0.0,3038,422.0,0.0,621,32870,4110.0,0.0,39,16,10,40,35
AES0827,346,0.0,0.0,1,0.0,0.0,0.0,0.0,0.0,0.0,0.0,0.0,336,58.0,0.0,0,3450,671.0,0.0,39,40,34,38,23
AGB0186,346,346.0,0.0,1,0.0,0.0,0.0,0.0,0.0,0.0,0.0,0.0,1003,131.0,0.0,0,10034,1358.0,0.0,18,10,41,15,35
AGB0643,346,0.0,0.0,1,0.0,0.0,0.0,0.0,0.0,0.0,0.0,0.0,1012,289.0,0.0,368,10034,2913.0,0.0,32,39,20,44,27
AHC0142,755,391.0,66.0,3,0.0,0.0,0.0,0.0,0.0,0.0,0.0,0.0,3382,323.0,286.0,1844,36670,3794.0,3135.0,34,23,40,15,26
AHD0848,731,13.0,55.0,22,299.0,150.0,17.0,18.0,1.0,199.0,30.0,19.0,376,62.0,31.0,271,3820,790.0,310.0,24,30,49,16,30
AHG0634,294,3.0,0.0,2,0.0,0.0,0.0,0.0,0.0,0.0,0.0,0.0,463,141.0,0.0,251,4740,1433.0,0.0,31,36,42,41,27
AHM0410,725,178.0,6.0,3,782.0,394.0,3.0,4.0,1.0,2198.0,3.0,22.0,3063,89.0,27.0,1931,33440,612.0,285.0,34,43,15,18,26
AIB0948,741,405.0,0.0,34,5963.0,2990.0,308.0,0.0,1.0,1669.0,140.0,0.0,328,41.0,0.0,66,3460,506.0,0.0,42,31,27,20,31
AIH0675,346,162.0,0.0,1,0.0,0.0,0.0,0.0,0.0,0.0,0.0,0.0,2994,32.0,0.0,1267,32775,514.0,0.0,25,39,38,40,37
AIM0627,346,150.0,0.0,1,0.0,0.0,0.0,0.0,0.0,0.0,0.0,0.0,5009,89.0,0.0,0,55890,525.0,0.0,36,39,16,41,23
AIP0394,643,206.0,3.0,1,0.0,0.0,0.0,0.0,0.0,0.0,0.0,0.0,3044,468.0,0.0,1809,32775,4295.0,0.0,17,16,38,14,26
AIP0982,636,347.0,0.0,2,729.0,366.0,16.0,0.0,1.0,6182.0,116.0,0.0,3328,134.0,0.0,1864,34500,1398.0,0.0,43,20,43,41,33
AIS0405,346,164.0,0.0,1,0.0,0.0,0.0,0.0,0.0,0.0,0.0,0.0,2995,359.0,0.0,1355,32870,4299.0,0.0,40,45,14,37,35
AJC0840,346,0.0,0.0,1,0.0,0.0,0.0,0.0,0.0,0.0,0.0,0.0,364,57.0,0.0,87,3460,702.0,0.0,14,24,19,33,37
AJD0074,750,405.0,74.0,2,294.0,150.0,29.0,10.0,1.0,515.0,62.0,29.0,3781,649.0,373.0,2144,44118,7160.0,4332.0,19,37,45,22,34
AJF0370,1777,942.0,77.0,661,8502.0,4261.0,888.0,198.0,642.0,11053.0,2368.0,483.0,3927,0.0,193.0,2212,42445,0.0,1992.0,37,33,11,15,36
AJH0175,405,399.0,0.0,1,317.0,159.0,3.0,0.0,1.0,236.0,0.0,0.0,4976,318.0,0.0,1042,52938,3709.0,0.0,19,19,16,33,37
AJL0462,652,200.0,2.0,1,0.0,0.0,0.0,0.0,0.0,0.0,0.0,0.0,338,12.0,0.0,181,3114,101.0,0.0,16,24,44,31,28
AJN0607,721,171.0,0.0,2,2061.0,1033.0,10.0,0.0,1.0,820.0,1.0,0.0,5022,49.0,0.0,3717,56052,572.0,0.0,45,42,16,47,23
AJP0723,346,346.0,0.0,1,0.0,0.0,0.0,0.0,0.0,0.0,0.0,0.0,337,13.0,0.0,0,3460,199.0,0.0,24,29,17,12,29
AJR0319,812,446.0,181.0,1,0.0,0.0,0.0,0.0,0.0,0.0,0.0,0.0,6434,329.0,1411.0,3286,72252,3265.0,15876.0,40,13,37,16,24
AJR0932,199,199.0,0.0,1,38.0,19.0,19.0,1.0,1.0,47.0,47.0,0.0,1709,187.0,0.0,0,18527,2119.0,96.0,46,30,35,12,29
AKC0924,346,0.0,0.0,1,0.0,0.0,0.0,0.0,0.0,0.0,0.0,0.0,3047,572.0,0.0,1336,32870,5668.0,0.0,40,44,35,37,27
AKF0709,346,346.0,0.0,1,0.0,0.0,0.0,0.0,0.0,0.0,0.0,0.0,331,21.0,0.0,0,3460,202.0,0.0,42,31,29,22,32
AKH0758,346,0.0,0.0,1,0.0,0.0,0.0,0.0,0.0,0.0,0.0,0.0,1008,0.0,0.0,411,10005,0.0,0.0,24,38,40,37,27
AKK0329,346,346.0,0.0,1,0.0,0.0,0.0,0.0,0.0,0.0,0.0,0.0,1011,128.0,0.0,693,10034,1336.0,0.0,45,22,25,39,22
AKR0057,419,126.0,0.0,13,966.0,486.0,40.0,0.0,1.0,540.0,49.0,0.0,2459,283.0,0.0,446,26463,3513.0,0.0,50,41,20,18,30
AKW0167,346,346.0,0.0,1,0.0,0.0,0.0,0.0,0.0,0.0,0.0,0.0,3685,236.0,0.0,792,39444,2048.0,0.0,38,38,20,14,35
ALB0892,235,0.0,58.0,1,0.0,0.0,0.0,0.0,0.0,0.0,0.0,0.0,680,37.0,166.0,151,6815,315.0,1682.0,25,19,44,22,30
ALC0788,346,0.0,0.0,1,0.0,0.0,0.0,0.0,0.0,0.0,0.0,0.0,1004,171.0,0.0,668,10034,1638.0,0.0,34,18,15,36,35
ALD0529,622,0.0,0.0,1,0.0,0.0,0.0,0.0,0.0,0.0,0.0,0.0,993,0.0,0.0,578,9976,0.0,0.0,35,21,19,21,27
ALD0544,346,168.0,0.0,1,0.0,0.0,0.0,0.0,0.0,0.0,0.0,0.0,2971,111.0,0.0,2087,32775,660.0,0.0,16,18,18,13,32
ALH0402,346,154.0,0.0,1,0.0,0.0,0.0,0.0,0.0,0.0,0.0,0.0,3039,427.0,0.0,1263,32870,4091.0,0.0,43,23,43,46,32
AMD0077,346,346.0,0.0,1,0.0,0.0,0.0,0.0,0.0,0.0,0.0,0.0,5984,585.0,0.0,2210,65740,5373.0,0.0,23,19,12,25,25
AMH0464,346,169.0,0.0,1,0.0,0.0,0.0,0.0,0.0,0.0,0.0,0.0,337,14.0,0.0,127,3460,85.0,0.0,45,16,42,37,21
AMH0794,346,0.0,0.0,1,0.0,0.0,0.0,0.0,0.0,0.0,0.0,0.0,2957,0.0,0.0,1333,32870,0.0,0.0,43,42,33,40,31
AMJ0297,346,0.0,0.0,1,0.0,0.0,0.0,0.0,0.0,0.0,0.0,0.0,330,2.0,0.0,0,3460,54.0,0.0,16,43,50,18,28
AMM0014,346,346.0,0.0,1,0.0,0.0,0.0,0.0,0.0,0.0,0.0,0.0,6029,727.0,0.0,0,65740,8785.0,0.0,48,38,15,44,36
AMR0318,641,368.0,2.0,1,281.0,141.0,14.0,0.0,1.0,230.0,14.0,0.0,4974,346.0,0.0,1007,56052,4148.0,0.0,45,50,17,25,21
AMR0400,346,157.0,0.0,1,0.0,0.0,0.0,0.0,0.0,0.0,0.0,0.0,2987,386.0,0.0,0,32870,3957.0,0.0,19,16,47,28,28
AMV0036,346,346.0,0.0,1,0.0,0.0,0.0,0.0,0.0,0.0,0.0,0.0,4711,317.0,0.0,0,49478,2540.0,0.0,43,36,42,37,26
AMW0392,804,211.0,177.0,1,0.0,0.0,0.0,0.0,0.0,0.0,0.0,0.0,3956,605.0,866.0,706,40500,5145.0,8820.0,47,47,22,44,26
ANM0123,50,2.0,0.0,2,57.0,29.0,3.0,0.0,1.0,47.0,7.0,0.0,270,38.0,0.0,184,2850,393.0,0.0,22,15,16,21,26
ANP0555,346,153.0,0.0,1,0.0,0.0,0.0,0.0,0.0,0.0,0.0,0.0,3009,85.0,0.0,0,32870,639.0,0.0,13,40,42,23,28
ANT0430,651,156.0,0.0,3,0.0,0.0,0.0,0.0,0.0,0.0,0.0,0.0,3003,36.0,0.0,2129,32870,302.0,0.0,12,19,23,48,31
AOB0019,346,162.0,0.0,1,0.0,0.0,0.0,0.0,0.0,0.0,0.0,0.0,3638,83.0,0.0,754,39444,682.0,0.0,11,17,13,24,28
AOK0844,746,31.0,209.0,15,809.0,407.0,49.0,135.0,1.0,1321.0,215.0,433.0,370,68.0,111.0,211,3830,782.0,1120.0,11,30,44,26,31
AOS0987,709,11.0,0.0,3,0.0,0.0,0.0,0.0,0.0,0.0,0.0,0.0,3017,177.0,0.0,1559,31140,1504.0,0.0,16,32,40,30,27
APG0307,346,0.0,0.0,1,0.0,0.0,0.0,0.0,0.0,0.0,0.0,0.0,330,1.0,0.0,132,3460,38.0,0.0,43,39,36,43,22
AQD0820,346,0.0,0.0,1,0.0,0.0,0.0,0.0,0.0,0.0,0.0,0.0,3018,639.0,0.0,1210,32870,7391.0,0.0,41,31,27,24,39
ARA0252,617,161.0,0.0,1,0.0,0.0,0.0,0.0,0.0,0.0,0.0,0.0,2981,42.0,0.0,2054,32870,293.0,0.0,39,39,27,21,35
ARB0834,211,0.0,0.0,1,0.0,0.0,0.0,0.0,0.0,0.0,0.0,0.0,207,32.0,0.0,94,2110,422.0,0.0,40,42,40,49,26
ARB0881,346,0.0,0.0,1,0.0,0.0,0.0,0.0,0.0,0.0,0.0,0.0,1016,54.0,0.0,760,10034,536.0,0.0,38,46,43,10,35
ARD0509,362,0.0,0.0,3,0.0,0.0,0.0,0.0,0.0,0.0,0.0,0.0,994,0.0,0.0,613,10380,0.0,0.0,50,40,35,32,32
ARL0034,346,346.0,0.0,1,0.0,0.0,0.0,0.0,0.0,0.0,0.0,0.0,4670,276.0,0.0,1619,49478,2701.0,0.0,41,39,27,21,26
ASB0796,265,0.0,0.0,1,0.0,0.0,0.0,0.0,0.0,0.0,0.0,0.0,2298,0.0,0.0,850,25175,0.0,0.0,30,40,23,38,34
ASD0577,346,0.0,0.0,1,0.0,0.0,0.0,0.0,0.0,0.0,0.0,0.0,329,22.0,0.0,0,3450,340.0,0.0,40,48,36,14,37
ASG0048,346,163.0,0.0,1,0.0,0.0,0.0,0.0,0.0,0.0,0.0,0.0,3631,70.0,0.0,2988,39444,374.0,0.0,41,36,19,24,37
ASG0692,346,0.0,0.0,1,0.0,0.0,0.0,0.0,0.0,0.0,0.0,0.0,2990,400.0,0.0,707,32870,4451.0,0.0,26,40,41,23,27
ASL0378,620,158.0,0.0,1,0.0,0.0,0.0,0.0,0.0,0.0,0.0,0.0,2992,39.0,0.0,1408,32870,356.0,0.0,15,15,41,21,27
ASM0575,621,0.0,0.0,1,0.0,0.0,0.0,0.0,0.0,0.0,0.0,0.0,330,28.0,0.0,283,3450,347.0,0.0,42,25,21,45,30
ASS0206,346,346.0,0.0,1,0.0,0.0,0.0,0.0,0.0,0.0,0.0,0.0,4660,271.0,0.0,0,49335,2120.0,0.0,12,18,20,28,30
ASS0517,615,0.0,0.0,1,0.0,0.0,0.0,0.0,0.0,0.0,0.0,0.0,1011,0.0,0.0,571,10034,0.0,0.0,36,35,47,44,32
ASV0946,610,346.0,0.0,1,0.0,0.0,0.0,0.0,0.0,0.0,0.0,0.0,331,49.0,0.0,284,3450,456.0,0.0,35,12,46,17,26
ATE0869,903,496.0,250.0,4,419.0,210.0,12.0,61.0,1.0,522.0,8.0,166.0,7519,345.0,2092.0,4531,74205,3200.0,20349.0,13,15,40,44,33
ATF0274,346,346.0,0.0,1,0.0,0.0,0.0,0.0,0.0,0.0,0.0,0.0,3019,301.0,0.0,1862,32870,3275.0,0.0,20,45,48,27,28
ATP0662,766,85.0,48.0,2,784.0,394.0,20.0,21.0,1.0,1273.0,57.0,54.0,5103,677.0,277.0,3819,53339,7771.0,2860.0,17,16,41,20,39
AVM0947,375,367.0,0.0,30,5984.0,2998.0,304.0,0.0,1.0,7701.0,656.0,0.0,337,42.0,0.0,74,3114,423.0,0.0,10,25,30,44,39
AWM0764,346,0.0,0.0,1,0.0,0.0,0.0,0.0,0.0,0.0,0.0,0.0,1003,0.0,0.0,216,10034,0.0,0.0,47,37,39,42,36
BAH0875,465,437.0,5.0,3,0.0,0.0,0.0,0.0,0.0,0.0,0.0,0.0,5386,203.0,0.0,917,56052,3187.0,0.0,43,19,26,17,30
BAJ0654,388,34.0,0.0,42,279.0,140.0,22.0,0.0,1.0,2919.0,609.0,0.0,986,302.0,0.0,517,10034,2865.0,0.0,36,10,47,10,41
BAK0964,346,346.0,0.0,1,0.0,0.0,0.0,0.0,0.0,0.0,0.0,0.0,340,35.0,0.0,133,3460,458.0,0.0,25,16,22,18,28
BAL0044,1709,1262.0,2.0,628,2258.0,1130.0,854.0,0.0,607.0,2900.0,2061.0,0.0,3696,364.0,0.0,2418,41379,4212.0,0.0,14,41,26,44,30
BAM0611,611,161.0,0.0,1,0.0,0.0,0.0,0.0,0.0,0.0,0.0,0.0,5016,68.0,0.0,3049,56052,572.0,0.0,25,30,39,23,25
BAM0636,346,0.0,0.0,1,0.0,0.0,0.0,0.0,0.0,0.0,0.0,0.0,1001,291.0,0.0,193,10005,2849.0,0.0,13,40,46,42,39
BBG0325,643,350.0,0.0,2,729.0,368.0,18.0,0.0,1.0,349.0,6.0,0.0,5032,316.0,0.0,2509,56052,3212.0,0.0,41,50,30,37,40
BBH0810,346,0.0,0.0,1,0.0,0.0,0.0,0.0,0.0,0.0,0.0,0.0,3035,684.0,0.0,0,32870,7492.0,0.0,40,25,10,21,32
BBS0039,663,599.0,0.0,385,4.0,2.0,1.0,0.0,2.0,1.0,0.0,0.0,1679,162.0,0.0,710,17878,1932.0,0.0,44,37,34,21,40
BBS0422,498,251.0,69.0,3,305.0,154.0,1.0,14.0,1.0,499.0,1.0,42.0,3487,111.0,399.0,1922,37525,1117.0,4275.0,39,42,29,41,18
BCB0679,577,133.0,0.0,3,0.0,0.0,0.0,0.0,0.0,0.0,0.0,0.0,2439,23.0,0.0,1687,26695,351.0,0.0,46,36,39,31,31
BCM0653,346,0.0,0.0,1,0.0,0.0,0.0,0.0,0.0,0.0,0.0,0.0,1021,308.0,0.0,209,10034,2867.0,0.0,45,34,41,18,31
BCR0581,692,23.0,0.0,3,0.0,0.0,0.0,0.0,0.0,0.0,0.0,0.0,329,26.0,0.0,245,3460,328.0,0.0,20,11,34,36,30
BDB0453,400,216.0,0.0,1,0.0,0.0,0.0,0.0,0.0,0.0,0.0,0.0,338,10.0,0.0,0,3460,138.0,0.0,41,42,27,41,26
BDI0533,862,0.0,187.0,2,1840.0,922.0,0.0,197.0,1.0,2458.0,0.0,522.0,1302,0.0,285.0,706,13530,0.0,2970.0,37,36,15,41,19
BDV0168,170,170.0,0.0,1,32.0,16.0,16.0,0.0,1.0,36.0,36.0,0.0,2427,140.0,0.0,846,26733,1563.0,0.0,45,31,19,21,31
BEC0505,346,0.0,0.0,1,0.0,0.0,0.0,0.0,0.0,0.0,0.0,0.0,5019,0.0,0.0,2676,52938,0.0,0.0,35,21,30,19,32
BEH0615,690,177.0,2.0,22,780.0,394.0,4.0,0.0,1.0,268.0,0.0,0.0,5123,116.0,15.0,2730,57024,794.0,162.0,24,20,50,22,26
BER0314,346,346.0,0.0,1,0.0,0.0,0.0,0.0,0.0,0.0,0.0,0.0,4963,233.0,0.0,986,56052,2849.0,0.0,23,20,18,19,32
BHC0665,463,0.0,0.0,3,0.0,0.0,0.0,0.0,0.0,0.0,0.0,0.0,2973,0.0,0.0,2331,32775,0.0,0.0,14,21,12,12,32
BHW0458,346,169.0,0.0,1,0.0,0.0,0.0,0.0,0.0,0.0,0.0,0.0,333,5.0,0.0,153,3460,77.0,0.0,36,32,28,30,29
BIH0745,148,69.0,0.0,1,22.0,11.0,11.0,0.0,1.0,41.0,41.0,0.0,2087,8.0,0.0,1469,23329,273.0,0.0,43,39,50,27,25
BIS0247,664,209.0,6.0,1,232.0,116.0,1.0,0.0,1.0,418.0,1.0,0.0,2984,33.0,0.0,598,31140,718.0,0.0,36,19,18,39,37
BJH0354,346,0.0,0.0,1,0.0,0.0,0.0,0.0,0.0,0.0,0.0,0.0,4727,0.0,0.0,0,49478,0.0,0.0,22,21,31,20,36
BJH0811,346,0.0,0.0,1,0.0,0.0,0.0,0.0,0.0,0.0,0.0,0.0,3038,622.0,0.0,0,32870,7197.0,0.0,48,39,44,14,40
BJM0111,442,72.0,34.0,1,5821.0,2919.0,53.0,123.0,1.0,7841.0,258.0,343.0,1082,62.0,48.0,712,10672,580.0,464.0,22,24,39,41,19
BJP0134,615,0.0,0.0,6,5940.0,2977.0,0.0,0.0,1.0,8072.0,22.0,0.0,338,7.0,0.0,207,3460,50.0,0.0,42,17,44,21,39
BJW0619,346,148.0,0.0,1,0.0,0.0,0.0,0.0,0.0,0.0,0.0,0.0,4973,88.0,0.0,976,56052,558.0,0.0,30,43,47,21,39
BKW0374,1358,853.0,0.0,620,0.0,0.0,0.0,0.0,0.0,0.0,0.0,0.0,3612,0.0,0.0,1212,39388,0.0,0.0,41,38,17,46,27
BLB0114,696,3.0,0.0,2,0.0,0.0,0.0,0.0,0.0,0.0,0.0,0.0,3016,204.0,0.0,2694,31140,1686.0,0.0,38,48,41,15,22
BLL0929,346,346.0,0.0,1,0.0,0.0,0.0,0.0,0.0,0.0,0.0,0.0,2981,396.0,0.0,1314,32870,3662.0,0.0,44,49,10,41,39
BLS0678,366,97.0,0.0,1,8.0,4.0,4.0,0.0,1.0,5.0,5.0,0.0,1729,15.0,0.0,1169,19097,313.0,0.0,35,17,43,28,31
BMC0547,346,156.0,0.0,1,0.0,0.0,0.0,0.0,0.0,0.0,0.0,0.0,3034,58.0,0.0,0,32870,642.0,0.0,41,18,22,21,35
BMG0917,638,21.0,3.0,1,5955.0,2981.0,397.0,0.0,1.0,7692.0,1129.0,0.0,3039,513.0,0.0,617,34600,5539.0,0.0,43,36,41,23,34
BMM0112,346,0.0,0.0,1,0.0,0.0,0.0,0.0,0.0,0.0,0.0,0.0,1013,60.0,0.0,350,10034,542.0,0.0,40,36,24,40,25
BMS0877,126,126.0,0.0,1,0.0,0.0,0.0,0.0,0.0,0.0,0.0,0.0,1786,85.0,0.0,1346,20412,973.0,0.0,31,50,11,43,33
BMT0528,372,0.0,0.0,2,1420.0,713.0,0.0,0.0,1.0,1903.0,0.0,0.0,1010,0.0,0.0,768,10034,0.0,0.0,33,25,39,25,30
BNG0237,609,166.0,0.0,1,0.0,0.0,0.0,0.0,0.0,0.0,0.0,0.0,3008,59.0,0.0,2404,32870,582.0,0.0,39,36,36,47,27
BNR0965,616,346.0,0.0,1,0.0,0.0,0.0,0.0,0.0,0.0,0.0,0.0,333,44.0,0.0,241,3460,508.0,0.0,47,19,15,20,22
BQS0525,56,0.0,16.0,8,782.0,393.0,0.0,113.0,1.0,57.0,0.0,12.0,142,0.0,41.0,76,1323,0.0,378.0,42,38,19,45,30
BRB0355,949,0.0,214.0,3,1792.0,898.0,0.0,202.0,1.0,712.0,0.0,137.0,4389,0.0,969.0,2421,45500,0.0,10100.0,33,21,37,19,29
BRM0995,642,21.0,0.0,4,5932.0,2973.0,852.0,0.0,1.0,590.0,174.0,0.0,3044,816.0,0.0,1665,34600,10080.0,0.0,20,11,32,26,40
BRS0734,110,57.0,17.0,1,256.0,128.0,1.0,24.0,1.0,1845.0,1.0,336.0,1497,25.0,233.0,931,17820,177.0,2754.0,32,39,47,10,30
BSA0431,346,161.0,0.0,1,0.0,0.0,0.0,0.0,0.0,0.0,0.0,0.0,3044,56.0,0.0,618,32870,332.0,0.0,50,41,19,40,29
BSB0990,346,346.0,0.0,1,0.0,0.0,0.0,0.0,0.0,0.0,0.0,0.0,3015,459.0,0.0,1271,32870,4329.0,0.0,34,44,13,43,37
BSH0445,346,166.0,0.0,1,0.0,0.0,0.0,0.0,0.0,0.0,0.0,0.0,3043,32.0,0.0,1248,32870,292.0,0.0,38,22,30,15,21
BSS0369,962,569.0,180.0,504,5472.0,2740.0,543.0,511.0,489.0,2295.0,1301.0,454.0,2300,0.0,432.0,491,28561,87.0,5280.0,39,42,34,14,32
BSS0463,364,163.0,0.0,2,0.0,0.0,0.0,0.0,0.0,0.0,0.0,0.0,335,10.0,0.0,326,3460,87.0,0.0,32,40,40,38,28
BTL0226,406,108.0,0.0,20,16.0,8.0,8.0,0.0,1.0,4.0,4.0,0.0,1862,243.0,0.0,974,20238,2735.0,0.0,36,44,37,38,31
BTL0722,346,346.0,0.0,1,0.0,0.0,0.0,0.0,0.0,0.0,0.0,0.0,334,22.0,0.0,153,3460,233.0,0.0,39,41,36,17,49
BTN0061,700,200.0,0.0,17,0.0,0.0,0.0,0.0,0.0,0.0,0.0,0.0,3031,394.0,0.0,2340,32870,4164.0,0.0,42,21,22,20,22
BTR0403,688,213.0,0.0,21,756.0,380.0,20.0,0.0,1.0,520.0,46.0,0.0,3003,403.0,0.0,583,32870,4479.0,0.0,47,47,21,17,28
BTS0011,346,346.0,0.0,1,0.0,0.0,0.0,0.0,0.0,0.0,0.0,0.0,5930,433.0,0.0,2270,65740,6122.0,0.0,25,42,16,25,29
BTW0005,466,354.0,0.0,2,0.0,0.0,0.0,0.0,0.0,0.0,0.0,0.0,8950,752.0,0.0,5972,98610,8689.0,0.0,33,39,18,18,27
BVC0790,960,57.0,192.0,3,1749.0,879.0,14.0,166.0,1.0,975.0,24.0,201.0,3768,220.0,736.0,2055,41135,2135.0,8075.0,24,18,18,36,38
BVN0514,118,0.0,0.0,2,0.0,0.0,0.0,0.0,0.0,0.0,0.0,0.0,327,0.0,0.0,72,3190,0.0,0.0,36,23,30,23,22
BWH0813,346,0.0,0.0,1,0.0,0.0,0.0,0.0,0.0,0.0,0.0,0.0,3035,724.0,0.0,2169,32870,7459.0,0.0,36,36,33,20,30
BWP0202,803,428.0,7.0,2,257.0,129.0,20.0,0.0,1.0,627.0,78.0,0.0,3663,308.0,0.0,1827,39444,4669.0,0.0,20,36,15,25,28
BXJ0010,346,143.0,0.0,1,0.0,0.0,0.0,0.0,0.0,0.0,0.0,0.0,6058,144.0,0.0,0,65740,1032.0,0.0,46,24,30,35,34
BYP0070,238,116.0,0.0,1,0.0,0.0,0.0,0.0,0.0,0.0,0.0,0.0,2060,75.0,0.0,0,22610,416.0,0.0,30,19,41,21,33
CAA0612,613,155.0,0.0,1,254.0,128.0,1.0,0.0,1.0,641.0,0.0,0.0,5372,45.0,0.0,3286,58820,527.0,0.0,20,41,32,42,31
CAB0388,610,165.0,0.0,1,0.0,0.0,0.0,0.0,0.0,0.0,0.0,0.0,2946,28.0,0.0,1908,32775,422.0,0.0,37,33,23,40,36
CAB0614,688,163.0,0.0,15,733.0,368.0,0.0,0.0,1.0,931.0,0.0,0.0,5335,79.0,0.0,3264,56052,615.0,0.0,17,38,22,12,34
CAC0889,60,0.0,0.0,1,0.0,0.0,0.0,0.0,0.0,0.0,0.0,0.0,170,12.0,0.0,25,1740,97.0,0.0,46,49,32,41,27
CAH0936,354,196.0,0.0,19,25.0,13.0,13.0,0.0,1.0,42.0,42.0,0.0,1512,230.0,0.0,936,17202,2215.0,0.0,40,22,39,50,24
CAM0102,346,346.0,0.0,1,0.0,0.0,0.0,0.0,0.0,0.0,0.0,0.0,3038,390.0,0.0,0,32870,3369.0,0.0,31,44,19,15,27
CAM0681,613,0.0,0.0,1,717.0,360.0,30.0,0.0,1.0,759.0,79.0,0.0,3033,389.0,0.0,1521,34600,4795.0,0.0,41,43,45,10,28
CAN0842,346,0.0,0.0,1,0.0,0.0,0.0,0.0,0.0,0.0,0.0,0.0,338,55.0,0.0,0,3460,692.0,0.0,38,41,22,39,29
CAS0507,735,10.0,0.0,3,759.0,381.0,1.0,0.0,1.0,6290.0,24.0,0.0,1003,0.0,0.0,529,10005,39.0,0.0,14,46,33,11,25
CBB0365,1758,908.0,0.0,634,0.0,0.0,0.0,0.0,0.0,0.0,0.0,0.0,3690,0.0,0.0,1571,39444,0.0,0.0,37,17,20,41,33
CBG0398,346,172.0,0.0,1,0.0,0.0,0.0,0.0,0.0,0.0,0.0,0.0,3019,350.0,0.0,1119,32870,3990.0,0.0,40,21,41,10,24
CBG0490,346,0.0,0.0,1,0.0,0.0,0.0,0.0,0.0,0.0,0.0,0.0,5029,0.0,0.0,1834,56052,0.0,0.0,50,31,35,10,29
CCA0046,804,713.0,0.0,447,1511.0,758.0,489.0,0.0,430.0,1678.0,1236.0,0.0,2157,210.0,0.0,1191,22744,2138.0,0.0,36,43,25,15,28
CCC0393,346,166.0,0.0,1,0.0,0.0,0.0,0.0,0.0,0.0,0.0,0.0,3056,466.0,0.0,628,32870,4107.0,0.0,35,30,40,16,26
CCH0182,346,346.0,0.0,1,0.0,0.0,0.0,0.0,0.0,0.0,0.0,0.0,1012,158.0,0.0,694,10034,1484.0,0.0,42,44,47,23,29
CCH0685,638,1.0,0.0,2,0.0,0.0,0.0,0.0,0.0,0.0,0.0,0.0,3049,432.0,0.0,2414,32870,4459.0,0.0,47,24,42,34,29
CCL0068,288,140.0,0.0,1,1262.0,633.0,5.0,0.0,1.0,630.0,0.0,0.0,2521,65.0,0.0,827,27464,546.0,0.0,13,16,23,19,23
CCM0136,633,1.0,0.0,2,239.0,120.0,0.0,0.0,1.0,137.0,0.0,0.0,334,10.0,0.0,213,3096,46.0,0.0,16,16,39,40,29
CCM0467,346,155.0,0.0,1,0.0,0.0,0.0,0.0,0.0,0.0,0.0,0.0,335,5.0,0.0,142,3460,85.0,0.0,43,40,19,26,25
CCM0855,346,346.0,0.0,1,0.0,0.0,0.0,0.0,0.0,0.0,0.0,0.0,5114,179.0,0.0,877,56052,2176.0,0.0,31,24,19,36,29
CCR0863,346,346.0,0.0,1,0.0,0.0,0.0,0.0,0.0,0.0,0.0,0.0,5096,279.0,0.0,0,56052,2023.0,0.0,20,30,37,14,29
CCW0031,346,346.0,0.0,1,0.0,0.0,0.0,0.0,0.0,0.0,0.0,0.0,4717,257.0,0.0,1904,49478,2715.0,0.0,33,47,30,39,33
CCW0524,346,0.0,0.0,1,0.0,0.0,0.0,0.0,0.0,0.0,0.0,0.0,1009,0.0,0.0,415,10005,0.0,0.0,40,25,20,21,25
CEB0210,346,346.0,0.0,1,0.0,0.0,0.0,0.0,0.0,0.0,0.0,0.0,4610,245.0,0.0,1687,49335,2337.0,0.0,42,24,44,23,34
CEJ0109,318,0.0,0.0,1,1274.0,638.0,3.0,0.0,1.0,679.0,7.0,0.0,2751,150.0,0.0,0,30330,1559.0,0.0,21,46,17,17,32
CEL0561,615,0.0,0.0,1,0.0,0.0,0.0,0.0,0.0,0.0,0.0,0.0,3001,27.0,0.0,1379,32775,366.0,0.0,40,39,36,19,40
CFG0959,437,361.0,0.0,2,0.0,0.0,0.0,0.0,0.0,0.0,0.0,0.0,338,43.0,0.0,254,3460,466.0,0.0,42,21,24,17,20
CFM0767,682,43.0,0.0,7,745.0,375.0,0.0,0.0,1.0,778.0,0.0,0.0,1005,0.0,0.0,189,10034,161.0,0.0,46,23,22,35,29
CFW0264,60,60.0,0.0,1,0.0,0.0,0.0,0.0,0.0,0.0,0.0,0.0,524,34.0,0.0,0,5700,514.0,0.0,19,32,17,20,27
CGA0629,346,163.0,0.0,1,0.0,0.0,0.0,0.0,0.0,0.0,0.0,0.0,5046,92.0,0.0,0,56052,635.0,0.0,36,35,24,49,28
CGB0637,610,0.0,0.0,1,2155.0,1082.0,280.0,0.0,1.0,2333.0,672.0,0.0,1020,296.0,0.0,550,10034,3051.0,0.0,20,20,15,20,29
CGF0337,346,346.0,0.0,1,0.0,0.0,0.0,0.0,0.0,0.0,0.0,0.0,1012,193.0,0.0,0,10034,1437.0,0.0,32,30,43,15,31
CHG0146,346,0.0,0.0,1,0.0,0.0,0.0,0.0,0.0,0.0,0.0,0.0,4648,0.0,0.0,1865,49478,0.0,0.0,40,20,39,19,35
CHM0821,749,87.0,0.0,3,733.0,368.0,31.0,0.0,1.0,1228.0,138.0,0.0,338,50.0,0.0,273,3460,709.0,0.0,48,11,39,19,23
CIG0052,346,0.0,0.0,1,0.0,0.0,0.0,0.0,0.0,0.0,0.0,0.0,3689,0.0,0.0,652,39444,0.0,0.0,17,45,17,16,24
CIM0271,634,350.0,0.0,3,1442.0,725.0,91.0,0.0,1.0,1552.0,148.0,0.0,2991,255.0,0.0,1950,32870,3395.0,0.0,24,27,10,20,38
CIM0926,230,1.0,0.0,2,0.0,0.0,0.0,0.0,0.0,0.0,0.0,0.0,2004,276.0,0.0,381,21755,3368.0,0.0,31,25,41,17,31
CJC0494,346,0.0,0.0,1,0.0,0.0,0.0,0.0,0.0,0.0,0.0,0.0,5031,0.0,0.0,2003,56052,0.0,0.0,40,39,39,42,42
CJF0802,679,55.0,4.0,2,0.0,0.0,0.0,0.0,0.0,0.0,0.0,0.0,3030,0.0,0.0,1738,34600,365.0,0.0,36,39,38,43,21
CJG0470,346,154.0,0.0,1,0.0,0.0,0.0,0.0,0.0,0.0,0.0,0.0,337,8.0,0.0,0,3460,85.0,0.0,44,45,22,32,24
CJH0702,346,346.0,0.0,1,0.0,0.0,0.0,0.0,0.0,0.0,0.0,0.0,337,13.0,0.0,0,3460,159.0,0.0,46,24,30,25,37
CJK0200,346,346.0,0.0,1,0.0,0.0,0.0,0.0,0.0,0.0,0.0,0.0,3674,362.0,0.0,0,39444,3526.0,0.0,40,29,24,38,31
CJM0138,346,0.0,0.0,1,0.0,0.0,0.0,0.0,0.0,0.0,0.0,0.0,326,1.0,0.0,248,3460,41.0,0.0,10,40,21,17,23
CJM0521,464,0.0,113.0,1,0.0,0.0,0.0,0.0,0.0,0.0,0.0,0.0,1334,0.0,325.0,253,13427,0.0,3277.0,13,18,37,18,24
CJP0952,653,366.0,1.0,2,0.0,0.0,0.0,0.0,0.0,0.0,0.0,0.0,335,44.0,0.0,182,3460,532.0,0.0,45,18,25,18,27
CJV0286,617,0.0,0.0,1,0.0,0.0,0.0,0.0,0.0,0.0,0.0,0.0,1006,41.0,0.0,785,10034,417.0,0.0,18,14,17,13,26
CKB0427,346,155.0,0.0,1,0.0,0.0,0.0,0.0,0.0,0.0,0.0,0.0,3029,27.0,0.0,1301,32870,298.0,0.0,38,38,36,43,37
CKB0482,346,0.0,0.0,1,0.0,0.0,0.0,0.0,0.0,0.0,0.0,0.0,5036,0.0,0.0,0,56052,0.0,0.0,36,48,37,46,25
CKD0680,346,159.0,0.0,1,0.0,0.0,0.0,0.0,0.0,0.0,0.0,0.0,3045,42.0,0.0,1246,32870,340.0,0.0,18,50,24,18,28
CKH0144,346,346.0,0.0,1,0.0,0.0,0.0,0.0,0.0,0.0,0.0,0.0,3015,264.0,0.0,2052,32775,3369.0,0.0,34,22,22,35,30
CKP0721,346,346.0,0.0,1,0.0,0.0,0.0,0.0,0.0,0.0,0.0,0.0,337,21.0,0.0,0,3460,213.0,0.0,40,39,39,13,32
CLB0774,424,75.0,7.0,1,5966.0,2988.0,61.0,0.0,1.0,7246.0,167.0,0.0,1000,0.0,0.0,522,10034,308.0,0.0,49,23,22,17,31
CLD0894,346,0.0,0.0,1,0.0,0.0,0.0,0.0,0.0,0.0,0.0,0.0,1011,42.0,0.0,0,10034,475.0,0.0,19,21,50,16,36
CLF0852,737,364.0,0.0,3,0.0,0.0,0.0,0.0,0.0,0.0,0.0,0.0,4988,261.0,0.0,4240,56052,2469.0,0.0,36,45,28,18,26
CLH0703,346,346.0,0.0,1,0.0,0.0,0.0,0.0,0.0,0.0,0.0,0.0,332,16.0,0.0,61,3460,193.0,0.0,48,41,47,28,29
CLS0296,346,0.0,0.0,1,0.0,0.0,0.0,0.0,0.0,0.0,0.0,0.0,336,4.0,0.0,0,3460,39.0,0.0,27,16,25,18,33
CMB0912,860,458.0,140.0,46,0.0,0.0,0.0,0.0,0.0,0.0,0.0,0.0,5723,797.0,960.0,3165,60489,7425.0,10010.0,46,43,16,22,31
CMM0487,346,0.0,0.0,1,0.0,0.0,0.0,0.0,0.0,0.0,0.0,0.0,5005,0.0,0.0,0,55890,0.0,0.0,39,22,42,40,30
CMS0454,346,170.0,0.0,1,0.0,0.0,0.0,0.0,0.0,0.0,0.0,0.0,336,8.0,0.0,147,3450,67.0,0.0,43,23,28,15,25
CMW0783,346,0.0,0.0,1,0.0,0.0,0.0,0.0,0.0,0.0,0.0,0.0,996,0.0,0.0,0,10034,0.0,0.0,21,35,14,16,26
CNB0900,346,0.0,0.0,1,0.0,0.0,0.0,0.0,0.0,0.0,0.0,0.0,1007,58.0,0.0,0,10005,513.0,0.0,34,43,38,16,27
CNE0352,346,174.0,0.0,1,0.0,0.0,0.0,0.0,0.0,0.0,0.0,0.0,5950,71.0,0.0,1204,65740,659.0,0.0,39,22,44,15,30
CNM0800,346,0.0,0.0,1,0.0,0.0,0.0,0.0,0.0,0.0,0.0,0.0,2994,0.0,0.0,2281,32870,0.0,0.0,32,11,40,38,24
COF0120,298,36.0,5.0,1,0.0,0.0,0.0,0.0,0.0,0.0,0.0,0.0,2554,820.0,0.0,1464,29754,8431.0,0.0,14,12,38,13,35
COM0321,346,346.0,0.0,1,0.0,0.0,0.0,0.0,0.0,0.0,0.0,0.0,5016,202.0,0.0,0,56052,2491.0,0.0,38,18,34,18,27
CPG0322,503,373.0,0.0,35,258.0,129.0,4.0,0.0,1.0,337.0,6.0,0.0,5012,261.0,0.0,3127,52938,2257.0,0.0,17,13,19,24,36
CQH0701,617,346.0,0.0,1,271.0,137.0,7.0,0.0,1.0,243.0,0.0,0.0,334,16.0,0.0,189,3460,224.0,0.0,35,50,39,50,32
CQH0730,346,162.0,0.0,1,0.0,0.0,0.0,0.0,0.0,0.0,0.0,0.0,5068,46.0,0.0,1005,56052,654.0,0.0,21,18,37,49,27
CQW0652,327,0.0,0.0,1,1330.0,668.0,155.0,0.0,1.0,696.0,181.0,0.0,974,290.0,0.0,0,9603,2815.0,0.0,10,22,48,20,33
CRD0624,50,22.0,0.0,1,0.0,0.0,0.0,0.0,0.0,0.0,0.0,0.0,638,6.0,0.0,140,7290,125.0,0.0,26,22,17,39,32
CRK0916,627,24.0,4.0,1,0.0,0.0,0.0,0.0,0.0,0.0,0.0,0.0,3363,547.0,0.0,695,32870,5505.0,0.0,32,46,26,19,32
CRO0027,642,9.0,2.0,3,0.0,0.0,0.0,0.0,0.0,0.0,0.0,0.0,3037,153.0,0.0,1658,34600,1534.0,0.0,19,30,28,46,26
CRP0456,346,156.0,0.0,1,0.0,0.0,0.0,0.0,0.0,0.0,0.0,0.0,335,8.0,0.0,279,3460,85.0,0.0,37,41,28,43,30
CSB0080,346,160.0,0.0,1,0.0,0.0,0.0,0.0,0.0,0.0,0.0,0.0,3715,57.0,0.0,0,39444,396.0,0.0,35,19,39,34,36
CSC0217,467,407.0,0.0,289,4.0,2.0,1.0,0.0,2.0,1.0,0.0,0.0,1158,125.0,0.0,0,12885,1179.0,0.0,40,15,30,38,28
CSH0626,801,268.0,87.0,3,0.0,0.0,0.0,0.0,0.0,0.0,0.0,0.0,5340,81.0,520.0,3215,63990,1906.0,6318.0,33,17,41,18,23
CSJ0340,346,346.0,0.0,1,0.0,0.0,0.0,0.0,0.0,0.0,0.0,0.0,1017,120.0,0.0,356,10034,1341.0,0.0,45,24,19,38,25
CSL0949,346,346.0,0.0,1,0.0,0.0,0.0,0.0,0.0,0.0,0.0,0.0,338,23.0,0.0,0,3460,502.0,0.0,36,20,18,25,28
CSP0197,743,2.0,0.0,2,0.0,0.0,0.0,0.0,0.0,0.0,0.0,0.0,3676,258.0,0.0,2139,39444,1781.0,0.0,37,44,17,13,26
CTA0020,639,160.0,0.0,4,5942.0,2977.0,30.0,0.0,1.0,606.0,10.0,0.0,3640,114.0,0.0,2135,37368,734.0,0.0,36,50,11,22,34
CTR0341,996,596.0,277.0,3,0.0,0.0,0.0,0.0,0.0,0.0,0.0,0.0,1467,239.0,425.0,899,14239,2278.0,4147.0,45,39,23,13,28
CTR0697,613,350.0,0.0,1,0.0,0.0,0.0,0.0,0.0,0.0,0.0,0.0,334,19.0,0.0,233,3460,186.0,0.0,36,15,33,25,34
CTW0500,346,0.0,0.0,1,0.0,0.0,0.0,0.0,0.0,0.0,0.0,0.0,4974,0.0,0.0,3969,56052,0.0,0.0,38,36,20,35,35
CUD0795,346,0.0,0.0,1,0.0,0.0,0.0,0.0,0.0,0.0,0.0,0.0,3023,0.0,0.0,2502,32870,0.0,0.0,12,40,30,44,24
CWB0065,731,364.0,0.0,2,0.0,0.0,0.0,0.0,0.0,0.0,0.0,0.0,2985,399.0,0.0,1451,32775,4401.0,0.0,50,33,14,20,23
CWR0502,696,0.0,0.0,2,694.0,348.0,0.0,0.0,1.0,765.0,0.0,0.0,4677,0.0,0.0,2527,56052,0.0,0.0,41,49,25,45,27
CXC0336,346,346.0,0.0,1,0.0,0.0,0.0,0.0,0.0,0.0,0.0,0.0,1000,154.0,0.0,434,10005,1437.0,0.0,23,19,34,35,34
CYA0506,105,0.0,0.0,1,0.0,0.0,0.0,0.0,0.0,0.0,0.0,0.0,301,0.0,0.0,0,3045,0.0,0.0,16,17,44,14,31
DAG0558,346,0.0,0.0,1,0.0,0.0,0.0,0.0,0.0,0.0,0.0,0.0,2983,60.0,0.0,1054,32870,333.0,0.0,20,16,37,25,26
DAL0673,629,160.0,0.0,3,661.0,331.0,5.0,0.0,1.0,352.0,6.0,0.0,3008,36.0,0.0,1490,34500,351.0,0.0,39,35,46,41,36
DAR0885,58,9.0,17.0,5,0.0,0.0,0.0,0.0,0.0,0.0,0.0,0.0,109,6.0,35.0,60,1073,61.0,348.0,43,43,44,41,25
DBB0384,346,174.0,0.0,1,5932.0,2976.0,16.0,0.0,1.0,8543.0,10.0,0.0,3001,31.0,0.0,648,32870,349.0,0.0,40,41,28,37,27
DBG0261,346,346.0,0.0,1,0.0,0.0,0.0,0.0,0.0,0.0,0.0,0.0,3011,143.0,0.0,1000,32870,1550.0,0.0,45,47,17,36,28
DBS0235,374,173.0,0.0,29,0.0,0.0,0.0,0.0,0.0,0.0,0.0,0.0,3034,378.0,0.0,657,32870,4006.0,0.0,30,38,18,37,33
DBW0483,345,0.0,0.0,1,0.0,0.0,0.0,0.0,0.0,0.0,0.0,0.0,5068,0.0,0.0,1862,56052,0.0,0.0,17,16,25,21,37
DCC0160,346,346.0,0.0,1,0.0,0.0,0.0,0.0,0.0,0.0,0.0,0.0,6027,849.0,0.0,2160,65740,8853.0,0.0,36,39,33,42,27
DCH0843,294,5.0,1.0,1,46.0,23.0,23.0,5.0,1.0,38.0,38.0,11.0,281,44.0,0.0,113,2891,594.0,1.0,20,31,11,18,36
DDA0476,346,0.0,0.0,1,0.0,0.0,0.0,0.0,0.0,0.0,0.0,0.0,5045,0.0,0.0,2182,56052,0.0,0.0,36,25,39,13,39
DDM0579,346,0.0,0.0,1,0.0,0.0,0.0,0.0,0.0,0.0,0.0,0.0,337,23.0,0.0,0,3460,364.0,0.0,33,45,30,37,26
DEB0782,346,0.0,0.0,1,0.0,0.0,0.0,0.0,0.0,0.0,0.0,0.0,1004,0.0,0.0,495,10005,0.0,0.0,42,47,32,21,36
DFH0188,702,386.0,0.0,3,807.0,406.0,42.0,0.0,1.0,6281.0,449.0,0.0,1012,148.0,0.0,221,10034,1524.0,0.0,35,40,18,38,24
DFR0218,1357,1216.0,0.0,614,0.0,0.0,0.0,0.0,0.0,0.0,0.0,0.0,3725,410.0,0.0,752,39354,3502.0,0.0,45,14,22,37,27
DGF0443,346,163.0,0.0,1,0.0,0.0,0.0,0.0,0.0,0.0,0.0,0.0,3007,39.0,0.0,0,32870,336.0,0.0,39,44,18,28,33
DGM0754,29,12.0,0.0,1,0.0,0.0,0.0,0.0,0.0,0.0,0.0,0.0,431,12.0,0.0,0,4698,31.0,0.0,42,18,42,24,24
DGN0480,329,0.0,0.0,1,0.0,0.0,0.0,0.0,0.0,0.0,0.0,0.0,4798,0.0,0.0,1810,53298,0.0,0.0,21,25,44,20,31
DGW0752,618,168.0,0.0,1,0.0,0.0,0.0,0.0,0.0,0.0,0.0,0.0,4986,68.0,0.0,4103,56052,615.0,0.0,40,46,20,40,14
DHM0937,346,346.0,0.0,1,0.0,0.0,0.0,0.0,0.0,0.0,0.0,0.0,3025,435.0,0.0,1085,32870,3528.0,0.0,43,22,21,15,24
DIB0081,340,79.0,0.0,3,989.0,496.0,3.0,0.0,1.0,1580.0,4.0,0.0,1418,42.0,0.0,1125,15390,198.0,0.0,34,45,14,28,33
DIB0285,184,0.0,0.0,1,779.0,391.0,1.0,0.0,1.0,375.0,0.0,0.0,1613,126.0,0.0,618,17596,848.0,0.0,13,45,17,50,29
DIC0988,346,346.0,0.0,1,0.0,0.0,0.0,0.0,0.0,0.0,0.0,0.0,3007,405.0,0.0,0,32870,4366.0,0.0,44,30,23,21,32
DID0650,346,0.0,0.0,1,0.0,0.0,0.0,0.0,0.0,0.0,0.0,0.0,1022,293.0,0.0,0,10005,2879.0,0.0,45,21,17,42,21
DIW0118,739,367.0,0.0,3,1359.0,683.0,69.0,0.0,1.0,1314.0,87.0,0.0,4658,602.0,0.0,2401,49478,6014.0,0.0,37,17,19,37,26
DJB0159,641,348.0,0.0,2,0.0,0.0,0.0,0.0,0.0,0.0,0.0,0.0,6351,835.0,0.0,3361,65550,8527.0,0.0,20,37,27,38,37
DJS0682,346,0.0,0.0,1,0.0,0.0,0.0,0.0,0.0,0.0,0.0,0.0,3003,387.0,0.0,0,32870,4208.0,0.0,22,23,36,13,30
DKB0631,346,0.0,0.0,1,0.0,0.0,0.0,0.0,0.0,0.0,0.0,0.0,1007,332.0,0.0,486,10034,2929.0,0.0,34,18,14,46,31
DLF0377,346,165.0,0.0,1,0.0,0.0,0.0,0.0,0.0,0.0,0.0,0.0,3025,49.0,0.0,1056,32870,341.0,0.0,39,35,19,27,34
DLH0029,346,346.0,0.0,1,0.0,0.0,0.0,0.0,0.0,0.0,0.0,0.0,3040,417.0,0.0,573,32870,4386.0,0.0,36,26,38,18,31
DLM0051,856,458.0,182.0,3,7533.0,3775.0,594.0,757.0,1.0,10673.0,1559.0,2184.0,7573,1179.0,1550.0,4050,82840,12858.0,16720.0,37,37,17,20,35
DLS0383,603,165.0,0.0,1,0.0,0.0,0.0,0.0,0.0,0.0,0.0,0.0,2987,39.0,0.0,2372,31140,301.0,0.0,10,21,12,25,24
DMG0358,1655,907.0,0.0,633,0.0,0.0,0.0,0.0,0.0,0.0,0.0,0.0,3691,0.0,0.0,2880,39424,0.0,0.0,19,39,14,25,29
DMK0257,715,421.0,6.0,2,1371.0,689.0,38.0,0.0,1.0,1499.0,49.0,0.0,3008,187.0,0.0,2162,32870,1953.0,0.0,33,20,26,26,30
DMM0623,627,164.0,6.0,1,0.0,0.0,0.0,0.0,0.0,0.0,0.0,0.0,5217,96.0,41.0,4034,57510,608.0,486.0,36,27,21,39,30
DOL0332,346,346.0,0.0,1,0.0,0.0,0.0,0.0,0.0,0.0,0.0,0.0,1008,168.0,0.0,595,10034,1501.0,0.0,32,40,41,18,24
DOP0562,346,0.0,0.0,1,0.0,0.0,0.0,0.0,0.0,0.0,0.0,0.0,2986,64.0,0.0,1036,32870,451.0,0.0,42,16,37,39,31
DPM0423,457,174.0,0.0,2,2131.0,1066.0,5.0,0.0,1.0,1403.0,2.0,0.0,3017,92.0,0.0,2215,32870,633.0,0.0,37,38,38,15,27
DPS0262,127,127.0,2.0,1,0.0,0.0,0.0,0.0,0.0,0.0,0.0,0.0,946,67.0,0.0,184,10545,629.0,0.0,20,25,20,14,32
DRR0162,256,256.0,0.0,1,1116.0,559.0,58.0,0.0,1.0,529.0,40.0,0.0,2737,307.0,0.0,1376,29293,3501.0,0.0,45,36,20,36,29
DRR0242,442,212.0,94.0,1,0.0,0.0,0.0,0.0,0.0,0.0,0.0,0.0,3836,104.0,809.0,728,39600,712.0,8460.0,39,19,40,41,33
DSB0731,346,170.0,0.0,1,0.0,0.0,0.0,0.0,0.0,0.0,0.0,0.0,4936,56.0,0.0,1719,56052,588.0,0.0,26,15,40,43,30
DSM0591,346,0.0,0.0,1,0.0,0.0,0.0,0.0,0.0,0.0,0.0,0.0,338,31.0,0.0,0,3460,356.0,0.0,20,35,18,43,35
DTP0379,670,158.0,0.0,4,0.0,0.0,0.0,0.0,0.0,0.0,0.0,0.0,3311,58.0,0.0,1989,32775,326.0,0.0,45,42,15,37,27
DTT0076,346,346.0,0.0,1,0.0,0.0,0.0,0.0,0.0,0.0,0.0,0.0,6019,325.0,0.0,0,65740,2826.0,0.0,42,16,34,24,28
DVM0265,398,367.0,0.0,3,0.0,0.0,0.0,0.0,0.0,0.0,0.0,0.0,3022,309.0,0.0,1543,34600,3281.0,0.0,47,40,10,24,31
DVW0103,346,346.0,0.0,1,0.0,0.0,0.0,0.0,0.0,0.0,0.0,0.0,3049,271.0,0.0,0,32870,3419.0,0.0,40,45,44,21,29
DZC0228,346,147.0,0.0,1,0.0,0.0,0.0,0.0,0.0,0.0,0.0,0.0,3032,369.0,0.0,670,32870,4094.0,0.0,37,37,34,21,38
EAH0466,65,16.0,0.0,3,30.0,15.0,0.0,0.0,1.0,358.0,0.0,0.0,34,1.0,0.0,19,350,10.0,0.0,41,38,29,38,25
EBC0390,346,152.0,0.0,1,0.0,0.0,0.0,0.0,0.0,0.0,0.0,0.0,3018,39.0,0.0,0,32870,392.0,0.0,40,40,40,22,33
ECF0828,211,0.0,0.0,1,0.0,0.0,0.0,0.0,0.0,0.0,0.0,0.0,207,36.0,0.0,0,2110,432.0,0.0,40,49,39,40,35
ECL0930,617,346.0,0.0,1,0.0,0.0,0.0,0.0,0.0,0.0,0.0,0.0,3041,358.0,0.0,1957,32870,4072.0,0.0,28,24,40,18,29
ECR0822,346,0.0,0.0,1,0.0,0.0,0.0,0.0,0.0,0.0,0.0,0.0,339,51.0,0.0,0,3460,648.0,0.0,16,19,17,23,29
EDA0684,44,6.0,0.0,2,0.0,0.0,0.0,0.0,0.0,0.0,0.0,0.0,304,52.0,0.0,234,3325,506.0,0.0,38,42,40,39,33
EDB0714,242,242.0,0.0,1,1070.0,535.0,15.0,0.0,1.0,526.0,6.0,0.0,255,11.0,0.0,140,2548,132.0,0.0,21,23,35,26,29
EFS0882,346,0.0,0.0,1,0.0,0.0,0.0,0.0,0.0,0.0,0.0,0.0,1009,65.0,0.0,0,10034,501.0,0.0,40,40,47,25,27
EGD0132,189,0.0,0.0,1,833.0,420.0,0.0,0.0,1.0,399.0,0.0,0.0,195,3.0,0.0,38,2037,26.0,0.0,37,38,33,15,22
EGD0409,248,64.0,0.0,1,0.0,0.0,0.0,0.0,0.0,0.0,0.0,0.0,1239,21.0,0.0,623,13300,206.0,0.0,39,40,22,35,33
EGK0893,346,0.0,0.0,1,0.0,0.0,0.0,0.0,0.0,0.0,0.0,0.0,997,36.0,0.0,175,10034,499.0,0.0,21,30,11,47,27
EHB0420,991,288.0,189.0,3,0.0,0.0,0.0,0.0,0.0,0.0,0.0,0.0,3767,108.0,703.0,2107,38880,1153.0,7200.0,45,42,38,17,20
EHB0824,164,5.0,0.0,1,26.0,13.0,13.0,0.0,1.0,14.0,14.0,0.0,153,14.0,0.0,32,1594,323.0,0.0,46,39,22,44,31
EHD0584,401,13.0,1.0,3,14.0,7.0,7.0,1.0,1.0,11.0,11.0,0.0,208,15.0,0.0,139,1893,209.0,2.0,38,40,42,43,22
EHR0096,346,346.0,0.0,1,0.0,0.0,0.0,0.0,0.0,0.0,0.0,0.0,3019,237.0,0.0,0,32870,3046.0,0.0,22,13,20,48,31
EIM0156,346,346.0,0.0,1,0.0,0.0,0.0,0.0,0.0,0.0,0.0,0.0,3014,371.0,0.0,2086,32870,4067.0,0.0,19,31,43,45,33
EIP0997,346,0.0,0.0,1,0.0,0.0,0.0,0.0,0.0,0.0,0.0,0.0,3017,407.0,0.0,0,32870,4475.0,0.0,42,28,20,25,34
EIS0041,1661,1243.0,0.0,622,2644.0,1323.0,899.0,0.0,607.0,3676.0,2266.0,0.0,3287,349.0,0.0,1999,39270,3925.0,0.0,41,44,17,48,30
EJW0884,345,0.0,0.0,1,0.0,0.0,0.0,0.0,0.0,0.0,0.0,0.0,1026,50.0,0.0,184,10034,493.0,0.0,46,20,32,26,31
ELB0847,381,22.0,0.0,3,0.0,0.0,0.0,0.0,0.0,0.0,0.0,0.0,336,57.0,0.0,92,3450,681.0,0.0,12,17,16,19,28
ELH0960,346,346.0,0.0,1,0.0,0.0,0.0,0.0,0.0,0.0,0.0,0.0,333,41.0,0.0,0,3460,495.0,0.0,40,43,26,41,22
ELT0769,346,0.0,0.0,1,0.0,0.0,0.0,0.0,0.0,0.0,0.0,0.0,1004,0.0,0.0,0,10034,0.0,0.0,19,20,20,27,35
EMB0531,619,0.0,0.0,1,0.0,0.0,0.0,0.0,0.0,0.0,0.0,0.0,990,0.0,0.0,770,10034,0.0,0.0,31,41,31,36,36
EMS0317,346,346.0,0.0,1,0.0,0.0,0.0,0.0,0.0,0.0,0.0,0.0,4965,303.0,0.0,1661,56052,2523.0,0.0,15,21,44,10,31
EMW0105,346,0.0,0.0,1,0.0,0.0,0.0,0.0,0.0,0.0,0.0,0.0,3646,171.0,0.0,0,39216,1679.0,0.0,35,40,17,41,34
EMW0772,361,0.0,0.0,3,260.0,130.0,0.0,0.0,1.0,181.0,0.0,0.0,998,0.0,0.0,240,10034,0.0,0.0,46,41,20,12,28
ENC0234,483,125.0,0.0,2,0.0,0.0,0.0,0.0,0.0,0.0,0.0,0.0,2268,325.0,0.0,434,24605,3163.0,0.0,21,23,32,19,23
ENL0100,346,346.0,0.0,1,0.0,0.0,0.0,0.0,0.0,0.0,0.0,0.0,3029,299.0,0.0,1016,32870,3412.0,0.0,39,18,42,35,21
EPW0434,346,167.0,0.0,1,0.0,0.0,0.0,0.0,0.0,0.0,0.0,0.0,3053,35.0,0.0,980,32870,361.0,0.0,32,36,38,22,33
ERH0449,346,166.0,0.0,1,0.0,0.0,0.0,0.0,0.0,0.0,0.0,0.0,332,6.0,0.0,0,3450,81.0,0.0,44,15,35,17,25
ESA0642,346,0.0,0.0,1,0.0,0.0,0.0,0.0,0.0,0.0,0.0,0.0,1004,276.0,0.0,0,10034,2919.0,0.0,32,14,44,30,32
ESH0135,346,0.0,0.0,1,0.0,0.0,0.0,0.0,0.0,0.0,0.0,0.0,327,0.0,0.0,239,3460,54.0,0.0,35,22,32,44,28
ESH0283,381,8.0,0.0,35,277.0,139.0,2.0,0.0,1.0,2646.0,31.0,0.0,3049,173.0,0.0,1499,32870,1405.0,0.0,44,30,35,18,31
ESJ0670,515,211.0,129.0,3,366.0,185.0,3.0,40.0,1.0,3303.0,12.0,690.0,4582,72.0,1159.0,911,44650,457.0,11305.0,42,31,15,40,24
ESR0693,192,1.0,0.0,2,391.0,198.0,14.0,0.0,1.0,509.0,21.0,0.0,1475,183.0,0.0,1121,16055,1881.0,0.0,35,23,25,21,31
ETR0177,346,0.0,0.0,1,0.0,0.0,0.0,0.0,0.0,0.0,0.0,0.0,3711,394.0,0.0,0,39330,3874.0,0.0,18,15,41,26,39
ETR0428,417,163.0,0.0,3,0.0,0.0,0.0,0.0,0.0,0.0,0.0,0.0,3034,68.0,0.0,1623,34600,394.0,0.0,36,21,40,20,20
EWH0191,613,346.0,0.0,1,0.0,0.0,0.0,0.0,0.0,0.0,0.0,0.0,4649,469.0,0.0,3413,49478,4863.0,0.0,33,17,22,23,27
EZH0736,346,160.0,0.0,1,0.0,0.0,0.0,0.0,0.0,0.0,0.0,0.0,4974,69.0,0.0,1030,56052,492.0,0.0,44,41,37,19,31
EZT0640,733,56.0,0.0,2,0.0,0.0,0.0,0.0,0.0,0.0,0.0,0.0,1015,289.0,0.0,854,10034,2980.0,0.0,12,15,27,39,27
FAW0032,354,350.0,0.0,1,0.0,0.0,0.0,0.0,0.0,0.0,0.0,0.0,4723,528.0,0.0,1672,49478,4424.0,0.0,43,24,17,37,37
FBA0348,348,2.0,0.0,1,0.0,0.0,0.0,0.0,0.0,0.0,0.0,0.0,4704,2.0,0.0,0,49478,0.0,0.0,41,44,40,36,27
FBW0747,398,183.0,20.0,3,0.0,0.0,0.0,0.0,0.0,0.0,0.0,0.0,5369,65.0,283.0,1013,59292,534.0,3078.0,43,45,35,25,28
FDE0117,346,0.0,0.0,1,0.0,0.0,0.0,0.0,0.0,0.0,0.0,0.0,4724,592.0,0.0,1759,49478,6806.0,0.0,38,37,32,41,28
FEB0306,700,1.0,0.0,2,719.0,361.0,1.0,0.0,1.0,1157.0,12.0,0.0,329,2.0,0.0,205,3460,39.0,0.0,40,42,26,25,31
FFC0891,453,28.0,2.0,2,833.0,418.0,7.0,0.0,1.0,961.0,30.0,0.0,566,17.0,0.0,406,5684,336.0,0.0,38,10,39,50,39
FGW0853,455,416.0,5.0,4,0.0,0.0,0.0,0.0,0.0,0.0,0.0,0.0,4663,164.0,0.0,2933,56052,2929.0,0.0,25,35,20,40,39
FHO0630,346,173.0,0.0,1,0.0,0.0,0.0,0.0,0.0,0.0,0.0,0.0,4993,70.0,0.0,3811,56052,599.0,0.0,28,44,23,12,26
FHS0837,346,0.0,0.0,1,0.0,0.0,0.0,0.0,0.0,0.0,0.0,0.0,337,52.0,0.0,0,3450,698.0,0.0,23,37,14,42,34
FIR0920,439,17.0,0.0,2,0.0,0.0,0.0,0.0,0.0,0.0,0.0,0.0,3006,470.0,0.0,2310,32870,5203.0,0.0,40,11,44,20,27
FKB0163,346,346.0,0.0,1,0.0,0.0,0.0,0.0,0.0,0.0,0.0,0.0,3032,382.0,0.0,519,32870,3813.0,0.0,39,35,25,39,22
FKK0055,856,0.0,213.0,3,344.0,172.0,0.0,38.0,1.0,601.0,0.0,129.0,4039,0.0,1010.0,3275,46400,0.0,11500.0,46,16,37,16,27
FLM0213,345,345.0,0.0,1,0.0,0.0,0.0,0.0,0.0,0.0,0.0,0.0,4668,329.0,0.0,1788,49335,2450.0,0.0,20,41,46,15,24
FMG0527,274,4.0,0.0,1,24.0,12.0,12.0,0.0,1.0,23.0,23.0,0.0,790,0.0,0.0,603,7832,23.0,0.0,43,38,35,38,28
FOB0756,912,0.0,159.0,2,309.0,155.0,0.0,20.0,1.0,165.0,0.0,36.0,1242,0.0,213.0,654,12325,0.0,2088.0,42,41,34,20,27
FPC0954,346,346.0,0.0,1,0.0,0.0,0.0,0.0,0.0,0.0,0.0,0.0,340,38.0,0.0,0,3460,438.0,0.0,22,25,50,20,27
FQA0854,351,346.0,0.0,6,0.0,0.0,0.0,0.0,0.0,0.0,0.0,0.0,5005,242.0,0.0,2514,56052,2287.0,0.0,41,38,30,34,26
FRB0023,346,346.0,0.0,1,0.0,0.0,0.0,0.0,0.0,0.0,0.0,0.0,3668,355.0,0.0,2722,39444,3232.0,0.0,45,14,12,14,14
FRL0511,346,0.0,0.0,1,0.0,0.0,0.0,0.0,0.0,0.0,0.0,0.0,1004,0.0,0.0,864,10005,0.0,0.0,20,30,47,20,30
FRR0832,346,0.0,0.0,1,0.0,0.0,0.0,0.0,0.0,0.0,0.0,0.0,336,66.0,0.0,329,3460,704.0,0.0,43,40,25,19,30
FSB0399,335,154.0,0.0,1,0.0,0.0,0.0,0.0,0.0,0.0,0.0,0.0,2924,357.0,0.0,1109,31825,3899.0,0.0,23,22,15,37,26
FSC0601,324,136.0,0.0,2,1263.0,634.0,2.0,0.0,1.0,653.0,0.0,0.0,4180,68.0,0.0,853,49708,478.0,0.0,37,30,37,15,30
FTM0406,249,126.0,0.0,1,36.0,18.0,18.0,0.0,1.0,33.0,33.0,0.0,2136,82.0,0.0,0,23277,464.0,0.0,31,15,38,16,34
FUM0015,346,0.0,0.0,1,0.0,0.0,0.0,0.0,0.0,0.0,0.0,0.0,6114,1021.0,0.0,4528,65740,10555.0,0.0,33,18,18,46,32
FWM0707,374,351.0,0.0,3,0.0,0.0,0.0,0.0,0.0,0.0,0.0,0.0,333,21.0,0.0,235,3460,206.0,0.0,50,36,35,18,34
FXF0957,346,346.0,0.0,1,0.0,0.0,0.0,0.0,0.0,0.0,0.0,0.0,335,34.0,0.0,136,3460,463.0,0.0,35,25,47,36,28
GAF0060,346,157.0,0.0,1,0.0,0.0,0.0,0.0,0.0,0.0,0.0,0.0,3031,366.0,0.0,2458,32870,3882.0,0.0,41,16,39,25,22
GAF0570,633,0.0,0.0,21,0.0,0.0,0.0,0.0,0.0,0.0,0.0,0.0,3003,55.0,0.0,1741,34600,390.0,0.0,31,15,38,46,35
GBM0603,322,146.0,0.0,1,0.0,0.0,0.0,0.0,0.0,0.0,0.0,0.0,4673,51.0,0.0,1829,52164,442.0,0.0,39,42,42,24,37
GCC0744,346,168.0,0.0,1,0.0,0.0,0.0,0.0,0.0,0.0,0.0,0.0,5063,96.0,0.0,0,56052,500.0,0.0,35,42,15,25,31
GCC0945,346,346.0,0.0,1,0.0,0.0,0.0,0.0,0.0,0.0,0.0,0.0,337,38.0,0.0,79,3460,468.0,0.0,30,39,18,25,27
GCG0951,656,351.0,0.0,2,0.0,0.0,0.0,0.0,0.0,0.0,0.0,0.0,375,39.0,0.0,192,3460,479.0,0.0,33,33,25,19,44
GCL0016,719,192.0,77.0,3,267.0,134.0,0.0,16.0,1.0,199.0,4.0,31.0,4126,123.0,438.0,2083,44232,860.0,4788.0,45,32,20,24,34
GCR0554,346,163.0,0.0,1,0.0,0.0,0.0,0.0,0.0,0.0,0.0,0.0,3008,82.0,0.0,1319,32870,648.0,0.0,16,16,41,23,37
GCS0518,346,0.0,0.0,1,0.0,0.0,0.0,0.0,0.0,0.0,0.0,0.0,1001,0.0,0.0,0,10034,0.0,0.0,41,36,23,38,21
GCS0571,629,3.0,0.0,2,275.0,138.0,2.0,0.0,1.0,564.0,18.0,0.0,332,25.0,0.0,65,3460,351.0,0.0,22,18,16,23,32
GDF0704,643,348.0,0.0,3,0.0,0.0,0.0,0.0,0.0,0.0,0.0,0.0,338,12.0,0.0,244,3460,174.0,0.0,25,13,21,29,36
GHH0288,404,13.0,2.0,3,1428.0,716.0,2.0,0.0,1.0,1563.0,4.0,0.0,336,6.0,0.0,220,3460,52.0,0.0,12,36,40,36,30
GHL0460,232,111.0,0.0,1,22.0,11.0,11.0,0.0,1.0,41.0,41.0,0.0,217,4.0,0.0,112,2291,57.0,0.0,21,37,24,17,35
GJD0298,346,0.0,0.0,1,0.0,0.0,0.0,0.0,0.0,0.0,0.0,0.0,339,3.0,0.0,297,3460,48.0,0.0,43,39,12,40,27
GJT0386,346,159.0,0.0,1,0.0,0.0,0.0,0.0,0.0,0.0,0.0,0.0,2998,65.0,0.0,506,32870,435.0,0.0,24,13,49,34,26
GKO0078,744,365.0,0.0,3,723.0,363.0,40.0,0.0,1.0,942.0,68.0,0.0,6000,773.0,0.0,4144,65550,7238.0,0.0,44,46,21,24,29
GLR0975,611,158.0,0.0,1,0.0,0.0,0.0,0.0,0.0,0.0,0.0,0.0,3687,124.0,0.0,2945,39444,638.0,0.0,33,44,26,24,24
GMF0738,346,167.0,0.0,1,0.0,0.0,0.0,0.0,0.0,0.0,0.0,0.0,5036,23.0,0.0,0,56052,453.0,0.0,30,40,45,20,18
GNS0178,676,381.0,2.0,2,303.0,152.0,15.0,0.0,1.0,3049.0,164.0,0.0,2947,373.0,0.0,1923,32870,4394.0,0.0,30,17,42,26,33
GNZ0953,616,346.0,0.0,1,0.0,0.0,0.0,0.0,0.0,0.0,0.0,0.0,334,42.0,0.0,282,3460,478.0,0.0,26,18,26,36,29
GOK0238,241,125.0,0.0,1,0.0,0.0,0.0,0.0,0.0,0.0,0.0,0.0,2104,54.0,0.0,0,22895,402.0,0.0,33,43,27,40,33
GQF0659,346,0.0,0.0,1,0.0,0.0,0.0,0.0,0.0,0.0,0.0,0.0,1002,289.0,0.0,202,10034,2909.0,0.0,40,16,30,29,28
GQP0743,346,164.0,0.0,1,0.0,0.0,0.0,0.0,0.0,0.0,0.0,0.0,4978,46.0,0.0,3470,56052,511.0,0.0,47,39,19,39,25
GRC0145,346,0.0,0.0,1,0.0,0.0,0.0,0.0,0.0,0.0,0.0,0.0,3624,0.0,0.0,2651,39444,0.0,0.0,30,43,24,46,27
GRM0868,346,346.0,0.0,1,0.0,0.0,0.0,0.0,0.0,0.0,0.0,0.0,5078,209.0,0.0,0,56052,2032.0,0.0,21,25,20,13,28
GTD0116,346,0.0,0.0,1,0.0,0.0,0.0,0.0,0.0,0.0,0.0,0.0,4699,1326.0,0.0,955,49478,13953.0,0.0,43,19,45,20,31
GTD0219,490,425.0,0.0,306,957.0,479.0,303.0,0.0,291.0,1281.0,761.0,0.0,1262,138.0,0.0,705,13442,1348.0,0.0,40,40,19,30,33
GTD0898,346,0.0,0.0,1,0.0,0.0,0.0,0.0,0.0,0.0,0.0,0.0,1003,46.0,0.0,0,10034,505.0,0.0,23,23,39,15,29
GZB0469,346,167.0,0.0,1,0.0,0.0,0.0,0.0,0.0,0.0,0.0,0.0,334,8.0,0.0,139,3450,78.0,0.0,46,39,22,45,28
GZC0735,811,194.0,90.0,2,792.0,397.0,1.0,40.0,1.0,304.0,0.0,28.0,5847,101.0,643.0,3504,61047,679.0,6732.0,44,16,15,27,25
HAC0282,346,0.0,0.0,1,0.0,0.0,0.0,0.0,0.0,0.0,0.0,0.0,2989,128.0,0.0,1260,32870,1461.0,0.0,37,32,38,12,28
HAD0246,1047,314.0,311.0,2,424.0,214.0,4.0,61.0,1.0,315.0,0.0,66.0,4820,107.0,1377.0,2781,46740,1377.0,13300.0,44,39,32,45,38
HAH0248,346,156.0,0.0,1,0.0,0.0,0.0,0.0,0.0,0.0,0.0,0.0,2985,32.0,0.0,1189,32775,299.0,0.0,33,43,22,18,29
HAH0760,611,0.0,0.0,1,1342.0,677.0,0.0,0.0,1.0,1900.0,0.0,0.0,998,0.0,0.0,607,10034,0.0,0.0,34,17,22,37,30
HAM0985,346,346.0,0.0,1,0.0,0.0,0.0,0.0,0.0,0.0,0.0,0.0,3050,174.0,0.0,1297,32870,1308.0,0.0,20,17,29,16,20
HAV0121,346,0.0,0.0,1,0.0,0.0,0.0,0.0,0.0,0.0,0.0,0.0,3056,770.0,0.0,0,32775,9362.0,0.0,46,43,38,37,27
HBB0056,346,0.0,0.0,1,0.0,0.0,0.0,0.0,0.0,0.0,0.0,0.0,2989,0.0,0.0,1098,32870,0.0,0.0,37,33,30,21,27
HBO0413,323,160.0,0.0,1,1408.0,709.0,7.0,0.0,1.0,691.0,0.0,0.0,2840,83.0,0.0,0,30812,626.0,0.0,41,35,18,15,18
HCC0344,346,346.0,0.0,1,0.0,0.0,0.0,0.0,0.0,0.0,0.0,0.0,1000,131.0,0.0,698,10034,1247.0,0.0,25,11,41,26,22
HCL0113,346,0.0,0.0,1,0.0,0.0,0.0,0.0,0.0,0.0,0.0,0.0,3039,170.0,0.0,1007,32870,1568.0,0.0,43,22,40,39,34
HCL0651,644,6.0,0.0,2,1320.0,662.0,181.0,0.0,1.0,723.0,205.0,0.0,1017,292.0,0.0,552,10034,2948.0,0.0,21,19,44,36,33
HCM0267,346,346.0,0.0,1,5955.0,2984.0,200.0,0.0,1.0,8167.0,380.0,0.0,3021,254.0,0.0,1748,31140,2893.0,0.0,36,45,39,20,32
HCS0003,346,0.0,0.0,1,2006.0,1007.0,0.0,0.0,1.0,3045.0,0.0,0.0,9097,0.0,0.0,7372,98610,0.0,0.0,35,28,14,15,30
HCV0478,611,0.0,0.0,1,0.0,0.0,0.0,0.0,0.0,0.0,0.0,0.0,5036,0.0,0.0,2760,56052,0.0,0.0,46,36,18,12,24
HCW0419,619,171.0,0.0,1,0.0,0.0,0.0,0.0,0.0,0.0,0.0,0.0,3054,90.0,0.0,2166,32870,572.0,0.0,40,21,35,34,35
HDD0789,346,346.0,0.0,1,0.0,0.0,0.0,0.0,0.0,0.0,0.0,0.0,4727,219.0,0.0,1651,49478,2178.0,0.0,44,39,30,10,29
HDD0806,903,18.0,226.0,26,0.0,0.0,0.0,0.0,0.0,0.0,0.0,0.0,4143,967.0,1022.0,758,44840,10426.0,11210.0,47,28,36,19,38
HDH0928,346,0.0,0.0,1,1377.0,691.0,70.0,0.0,1.0,1577.0,222.0,0.0,3043,480.0,0.0,2414,32870,5495.0,0.0,40,36,20,40,26
HDJ0446,346,165.0,0.0,1,0.0,0.0,0.0,0.0,0.0,0.0,0.0,0.0,337,5.0,0.0,173,3460,96.0,0.0,18,17,45,27,35
HDL0748,346,151.0,0.0,1,0.0,0.0,0.0,0.0,0.0,0.0,0.0,0.0,5016,53.0,0.0,0,55890,570.0,0.0,25,13,46,41,25
HDS0367,1655,915.0,0.0,630,2722.0,1364.0,870.0,0.0,613.0,3406.0,2095.0,0.0,3626,0.0,0.0,2764,39420,0.0,0.0,50,42,16,30,19
HFB0347,264,264.0,7.0,1,190.0,96.0,12.0,4.0,1.0,1716.0,149.0,56.0,767,115.0,19.0,165,7656,1034.0,203.0,34,20,30,30,27
HGG0240,346,168.0,0.0,1,0.0,0.0,0.0,0.0,0.0,0.0,0.0,0.0,3021,78.0,0.0,1124,32775,629.0,0.0,20,26,24,36,31
HGH0595,346,0.0,0.0,1,0.0,0.0,0.0,0.0,0.0,0.0,0.0,0.0,336,23.0,0.0,0,3460,315.0,0.0,41,14,22,39,29
HGN0287,346,0.0,0.0,1,0.0,0.0,0.0,0.0,0.0,0.0,0.0,0.0,3371,147.0,0.0,2017,31050,1339.0,0.0,45,30,18,18,27
HIA0414,346,167.0,0.0,1,0.0,0.0,0.0,0.0,0.0,0.0,0.0,0.0,3007,77.0,0.0,1283,32870,550.0,0.0,38,39,39,18,31
HIW0536,346,162.0,0.0,1,0.0,0.0,0.0,0.0,0.0,0.0,0.0,0.0,4713,103.0,0.0,812,49335,855.0,0.0,39,50,25,24,20
HJA0018,609,169.0,0.0,1,0.0,0.0,0.0,0.0,0.0,0.0,0.0,0.0,3712,93.0,0.0,2426,39444,911.0,0.0,39,43,47,37,32
HJB0742,446,127.0,0.0,2,12.0,6.0,6.0,0.0,1.0,5.0,5.0,0.0,3494,82.0,0.0,1754,40972,472.0,0.0,41,40,16,21,30
HJS0072,46,13.0,2.0,3,52.0,26.0,0.0,2.0,1.0,82.0,4.0,6.0,216,10.0,16.0,157,2375,59.0,190.0,44,42,19,19,31
HKB0418,332,148.0,0.0,1,0.0,0.0,0.0,0.0,0.0,0.0,0.0,0.0,2922,57.0,0.0,0,31540,565.0,0.0,50,18,13,26,27
HKF0831,346,0.0,0.0,1,0.0,0.0,0.0,0.0,0.0,0.0,0.0,0.0,336,62.0,0.0,254,3460,675.0,0.0,23,42,49,21,24
HKI0171,345,345.0,0.0,1,0.0,0.0,0.0,0.0,0.0,0.0,0.0,0.0,4971,285.0,0.0,3344,56052,2739.0,0.0,31,17,30,45,27
HKR0628,709,169.0,0.0,3,0.0,0.0,0.0,0.0,0.0,0.0,0.0,0.0,4998,82.0,0.0,3694,56052,606.0,0.0,21,16,17,16,25
HLH0512,501,0.0,138.0,10,0.0,0.0,0.0,0.0,0.0,0.0,0.0,0.0,1425,0.0,396.0,753,14268,0.0,3944.0,15,42,36,22,32
HLM0933,346,346.0,0.0,1,0.0,0.0,0.0,0.0,0.0,0.0,0.0,0.0,3050,328.0,0.0,1147,32870,3430.0,0.0,36,24,23,43,30
HMM0108,120,1.0,0.0,2,198.0,100.0,1.0,0.0,1.0,345.0,5.0,0.0,540,20.0,0.0,308,5225,265.0,0.0,33,41,17,43,25
HMW0713,346,346.0,0.0,1,0.0,0.0,0.0,0.0,0.0,0.0,0.0,0.0,335,15.0,0.0,135,3460,172.0,0.0,38,24,40,36,28
HOB0994,346,0.0,0.0,1,0.0,0.0,0.0,0.0,0.0,0.0,0.0,0.0,2979,901.0,0.0,1063,32870,9386.0,0.0,38,39,15,43,33
HPH0075,721,199.0,105.0,1,6345.0,3180.0,30.0,450.0,1.0,9323.0,31.0,1336.0,7435,114.0,1075.0,4528,72720,767.0,10440.0,40,42,48,25,28
HPM0986,346,346.0,0.0,1,0.0,0.0,0.0,0.0,0.0,0.0,0.0,0.0,4697,257.0,0.0,0,49478,1865.0,0.0,41,36,38,23,24
HPR0585,607,0.0,0.0,1,0.0,0.0,0.0,0.0,0.0,0.0,0.0,0.0,336,27.0,0.0,223,3460,329.0,0.0,34,46,15,46,35
HRB0351,723,170.0,63.0,38,264.0,133.0,2.0,9.0,1.0,2662.0,8.0,189.0,6750,165.0,574.0,1404,72770,1456.0,6270.0,19,12,43,42,36
HRD0635,212,13.0,0.0,12,0.0,0.0,0.0,0.0,0.0,0.0,0.0,0.0,269,72.0,0.0,215,2610,768.0,0.0,24,35,18,32,24
HRL0540,643,18.0,0.0,2,5924.0,2968.0,867.0,0.0,1.0,1777.0,556.0,0.0,2988,1045.0,0.0,1721,34400,10019.0,0.0,43,38,17,40,18
HRW0550,346,168.0,0.0,1,0.0,0.0,0.0,0.0,0.0,0.0,0.0,0.0,3019,86.0,0.0,1190,32870,620.0,0.0,38,34,24,22,28
HSB0196,494,19.0,123.0,1,7595.0,3805.0,41.0,962.0,1.0,11627.0,268.0,2964.0,5103,254.0,1307.0,2806,57000,2253.0,14520.0,44,13,43,30,33
HSD0457,346,164.0,0.0,1,0.0,0.0,0.0,0.0,0.0,0.0,0.0,0.0,336,5.0,0.0,68,3460,85.0,0.0,38,19,20,42,27
HSG0818,619,0.0,0.0,1,0.0,0.0,0.0,0.0,0.0,0.0,0.0,0.0,3038,711.0,0.0,1156,32870,7645.0,0.0,18,19,48,36,31
HSP0290,346,0.0,0.0,1,0.0,0.0,0.0,0.0,0.0,0.0,0.0,0.0,338,5.0,0.0,176,3450,49.0,0.0,38,15,28,20,27
HTF0641,346,0.0,0.0,1,0.0,0.0,0.0,0.0,0.0,0.0,0.0,0.0,1019,287.0,0.0,778,10034,2870.0,0.0,38,24,18,22,28
HTH0007,613,347.0,0.0,3,0.0,0.0,0.0,0.0,0.0,0.0,0.0,0.0,9116,1169.0,0.0,1458,98610,15460.0,0.0,37,38,41,20,36
HVB0037,403,403.0,52.0,1,0.0,0.0,0.0,0.0,0.0,0.0,0.0,0.0,5454,342.0,715.0,1025,57629,2903.0,7436.0,17,42,41,44,26
HVF0067,637,168.0,0.0,17,1384.0,694.0,5.0,0.0,1.0,2023.0,3.0,0.0,3058,72.0,0.0,2484,31140,597.0,0.0,44,35,22,43,41
HWH0646,629,0.0,0.0,1,0.0,0.0,0.0,0.0,0.0,0.0,0.0,0.0,1014,286.0,0.0,804,10034,3030.0,0.0,17,24,24,21,28
HWM0342,365,347.0,0.0,2,0.0,0.0,0.0,0.0,0.0,0.0,0.0,0.0,1019,137.0,0.0,234,10034,1439.0,0.0,45,44,41,39,34
HWW0436,745,183.0,1.0,3,1317.0,664.0,12.0,0.0,1.0,1245.0,13.0,0.0,3331,46.0,0.0,1944,31050,590.0,0.0,45,37,23,27,33
HWY0038,449,398.0,0.0,285,0.0,0.0,0.0,0.0,0.0,0.0,0.0,0.0,1138,138.0,0.0,252,12312,1191.0,0.0,47,39,40,22,24
HXL0968,211,211.0,0.0,1,932.0,468.0,49.0,0.0,1.0,477.0,21.0,0.0,211,26.0,0.0,92,2225,322.0,0.0,45,21,35,40,34
IAR0694,856,10.0,115.0,3,0.0,0.0,0.0,0.0,0.0,0.0,0.0,0.0,3481,470.0,498.0,2437,38380,5025.0,5415.0,12,17,44,40,34
IAT0263,186,186.0,0.0,1,0.0,0.0,0.0,0.0,0.0,0.0,0.0,0.0,1762,155.0,0.0,1010,17670,1748.0,0.0,28,23,30,30,27
IBB0359,1676,892.0,1.0,604,7852.0,3935.0,859.0,0.0,580.0,3199.0,2130.0,0.0,3631,0.0,0.0,2283,39444,539.0,0.0,48,33,21,43,38
IBB0696,637,348.0,0.0,3,1408.0,708.0,31.0,0.0,1.0,986.0,12.0,0.0,333,23.0,0.0,182,3460,173.0,0.0,47,13,36,16,33
IBM0671,619,170.0,0.0,2,287.0,145.0,2.0,0.0,1.0,802.0,11.0,0.0,3342,31.0,0.0,1928,32775,330.0,0.0,50,46,38,35,31
IBP0883,696,78.0,5.0,1,0.0,0.0,0.0,0.0,0.0,0.0,0.0,0.0,996,48.0,0.0,666,10380,728.0,0.0,30,25,15,11,17
IBS0836,722,31.0,63.0,3,774.0,388.0,45.0,30.0,1.0,624.0,87.0,41.0,359,54.0,27.0,217,3402,728.0,261.0,10,44,50,38,27
ICH0294,429,1.0,0.0,3,1326.0,666.0,0.0,0.0,1.0,2509.0,2.0,0.0,335,6.0,0.0,266,3460,38.0,0.0,32,27,20,40,26
ICS0956,251,251.0,0.0,1,0.0,0.0,0.0,0.0,0.0,0.0,0.0,0.0,244,27.0,0.0,49,2510,338.0,0.0,22,20,18,35,26
IDO0176,346,346.0,0.0,1,0.0,0.0,0.0,0.0,0.0,0.0,0.0,0.0,5026,355.0,0.0,0,56052,2873.0,0.0,34,39,40,24,26
IEB0153,383,0.0,21.0,2,0.0,0.0,0.0,0.0,0.0,0.0,0.0,0.0,1806,129.0,99.0,1117,17856,1290.0,1008.0,44,25,39,24,36
IHK0841,346,0.0,0.0,1,0.0,0.0,0.0,0.0,0.0,0.0,0.0,0.0,336,54.0,0.0,0,3460,648.0,0.0,35,23,41,28,29
IIA0092,346,346.0,0.0,1,0.0,0.0,0.0,0.0,0.0,0.0,0.0,0.0,2992,258.0,0.0,981,32870,2885.0,0.0,39,30,42,14,27
IIL0513,439,0.0,88.0,1,0.0,0.0,0.0,0.0,0.0,0.0,0.0,0.0,1329,0.0,267.0,232,13170,0.0,2640.0,37,13,26,38,34
IIW0249,435,207.0,47.0,21,6735.0,3375.0,41.0,342.0,1.0,473.0,4.0,23.0,3402,53.0,346.0,691,37145,615.0,3800.0,39,36,43,38,28
IJM0139,346,0.0,0.0,1,0.0,0.0,0.0,0.0,0.0,0.0,0.0,0.0,337,3.0,0.0,0,3460,46.0,0.0,45,17,15,30,35
IJM0444,740,189.0,1.0,3,741.0,373.0,4.0,0.0,1.0,1840.0,8.0,0.0,3000,33.0,0.0,2101,32870,483.0,0.0,36,35,39,35,26
IJM0776,171,0.0,0.0,1,694.0,350.0,0.0,0.0,1.0,344.0,0.0,0.0,515,0.0,0.0,217,5093,0.0,0.0,41,35,19,41,32
IJR0825,346,0.0,0.0,1,0.0,0.0,0.0,0.0,0.0,0.0,0.0,0.0,338,56.0,0.0,269,3460,672.0,0.0,38,42,39,46,32
IJW0851,346,329.0,0.0,1,0.0,0.0,0.0,0.0,0.0,0.0,0.0,0.0,5041,252.0,0.0,0,56052,1840.0,0.0,21,10,10,18,34
IKP0472,1016,236.0,287.0,2,1033.0,519.0,7.0,154.0,1.0,812.0,2.0,209.0,481,7.0,139.0,404,4446,118.0,1287.0,32,10,37,38,31
IKR0401,287,139.0,0.0,1,1134.0,569.0,28.0,0.0,1.0,554.0,42.0,0.0,2495,301.0,0.0,1003,27375,3376.0,0.0,40,42,24,16,29
ILC0838,346,0.0,0.0,1,0.0,0.0,0.0,0.0,0.0,0.0,0.0,0.0,338,46.0,0.0,69,3460,705.0,0.0,40,36,42,16,33
ILH0958,737,385.0,0.0,27,300.0,150.0,20.0,0.0,1.0,2970.0,315.0,0.0,337,37.0,0.0,236,3460,489.0,0.0,28,17,20,19,24
ILJ0526,813,0.0,57.0,28,754.0,378.0,0.0,37.0,1.0,1236.0,0.0,107.0,1089,0.0,80.0,756,10875,0.0,783.0,33,50,23,46,25
ILR0304,346,0.0,0.0,1,0.0,0.0,0.0,0.0,0.0,0.0,0.0,0.0,333,8.0,0.0,52,3460,51.0,0.0,20,22,18,46,30
IMB0481,346,0.0,0.0,1,0.0,0.0,0.0,0.0,0.0,0.0,0.0,0.0,5006,0.0,0.0,1847,56052,0.0,0.0,19,41,38,43,38
IMG0320,346,346.0,0.0,1,0.0,0.0,0.0,0.0,0.0,0.0,0.0,0.0,5032,308.0,0.0,1943,55890,2458.0,0.0,37,14,12,24,23
IMP0530,346,0.0,0.0,1,0.0,0.0,0.0,0.0,0.0,0.0,0.0,0.0,1008,0.0,0.0,367,10034,0.0,0.0,40,17,42,50,32
IRM0931,1063,545.0,271.0,2,1004.0,505.0,53.0,129.0,1.0,2278.0,152.0,617.0,4157,599.0,1063.0,2780,45315,6136.0,11590.0,44,46,33,35,30
IRT0491,346,0.0,0.0,1,0.0,0.0,0.0,0.0,0.0,0.0,0.0,0.0,5019,0.0,0.0,1891,56052,0.0,0.0,17,30,27,41,32
IUB0565,234,0.0,0.0,1,986.0,494.0,0.0,0.0,1.0,503.0,0.0,0.0,2057,20.0,0.0,891,22354,249.0,0.0,44,39,35,22,30
IUY0279,623,4.0,0.0,3,0.0,0.0,0.0,0.0,0.0,0.0,0.0,0.0,3030,185.0,0.0,2262,31140,1446.0,0.0,38,38,17,21,29
IWM0816,622,0.0,0.0,1,0.0,0.0,0.0,0.0,0.0,0.0,0.0,0.0,3013,720.0,0.0,1788,32870,7801.0,0.0,35,42,50,44,28
IYB0918,346,0.0,0.0,1,0.0,0.0,0.0,0.0,0.0,0.0,0.0,0.0,3024,394.0,0.0,684,32870,5337.0,0.0,17,21,42,14,30
JAD0609,438,175.0,0.0,3,0.0,0.0,0.0,0.0,0.0,0.0,0.0,0.0,4968,74.0,0.0,4145,56052,502.0,0.0,18,23,26,36,33
JAJ0849,905,62.0,184.0,3,0.0,0.0,0.0,0.0,0.0,0.0,0.0,0.0,427,62.0,87.0,274,4420,885.0,890.0,22,24,23,23,33
JAM0382,346,156.0,0.0,1,0.0,0.0,0.0,0.0,0.0,0.0,0.0,0.0,2998,61.0,0.0,1314,32870,455.0,0.0,25,23,41,17,23
JAV0361,1384,902.0,0.0,625,0.0,0.0,0.0,0.0,0.0,0.0,0.0,0.0,3659,0.0,0.0,1462,39377,0.0,0.0,36,45,40,45,33
JBD0616,640,167.0,0.0,2,5968.0,2991.0,24.0,0.0,1.0,339.0,1.0,0.0,5030,114.0,0.0,2655,56052,624.0,0.0,40,21,25,37,27
JBM0350,434,249.0,4.0,3,0.0,0.0,0.0,0.0,0.0,0.0,0.0,0.0,4752,574.0,0.0,914,49478,6425.0,0.0,37,21,12,45,25
JCC0225,1375,1233.0,0.0,639,0.0,0.0,0.0,0.0,0.0,0.0,0.0,0.0,3708,353.0,0.0,0,39408,3732.0,0.0,47,45,40,15,18
JCG0316,734,361.0,0.0,2,1387.0,697.0,27.0,0.0,1.0,2161.0,46.0,0.0,4986,335.0,0.0,2962,56052,3191.0,0.0,47,36,32,25,33
JCR0172,723,407.0,98.0,1,338.0,170.0,5.0,25.0,1.0,406.0,2.0,45.0,5926,423.0,793.0,3037,65934,3673.0,8910.0,43,41,41,39,31
JCR0289,346,0.0,0.0,1,0.0,0.0,0.0,0.0,0.0,0.0,0.0,0.0,338,2.0,0.0,84,3460,53.0,0.0,32,43,33,33,29
JCR0770,346,0.0,0.0,1,0.0,0.0,0.0,0.0,0.0,0.0,0.0,0.0,1003,0.0,0.0,752,10034,0.0,0.0,40,47,24,21,27
JCR0921,346,0.0,0.0,1,0.0,0.0,0.0,0.0,0.0,0.0,0.0,0.0,3040,436.0,0.0,1256,32870,5336.0,0.0,47,46,31,40,34
JCV0245,346,160.0,0.0,1,0.0,0.0,0.0,0.0,0.0,0.0,0.0,0.0,3039,47.0,0.0,637,32870,347.0,0.0,40,44,22,20,27
JCW0858,346,346.0,0.0,1,0.0,0.0,0.0,0.0,0.0,0.0,0.0,0.0,4981,228.0,0.0,1020,56052,2346.0,0.0,14,35,22,41,39
JDB0169,620,346.0,0.0,1,5464.0,2743.0,136.0,0.0,1.0,7791.0,226.0,0.0,4657,233.0,0.0,883,56052,2523.0,0.0,20,14,23,48,33
JDC0030,894,8.0,233.0,3,380.0,190.0,12.0,51.0,1.0,724.0,76.0,212.0,5071,798.0,1367.0,4003,54378,8708.0,14592.0,31,18,19,21,26
JDF0593,805,76.0,38.0,3,6296.0,3153.0,138.0,131.0,1.0,403.0,25.0,14.0,351,32.0,12.0,72,3670,403.0,150.0,30,45,11,41,29
JER0404,346,151.0,0.0,1,0.0,0.0,0.0,0.0,0.0,0.0,0.0,0.0,3022,424.0,0.0,0,32870,4039.0,0.0,38,46,18,16,30
JFC0557,615,0.0,0.0,1,2785.0,1399.0,5.0,0.0,1.0,2839.0,13.0,0.0,3002,47.0,0.0,2060,32870,316.0,0.0,22,16,23,40,33
JFC0757,346,0.0,0.0,1,0.0,0.0,0.0,0.0,0.0,0.0,0.0,0.0,1056,0.0,0.0,0,10034,0.0,0.0,31,21,38,36,38
JGM0934,624,346.0,0.0,1,0.0,0.0,0.0,0.0,0.0,0.0,0.0,0.0,3017,480.0,0.0,2436,32870,3779.0,0.0,30,22,41,22,31
JGT0221,586,521.0,0.0,368,4.0,2.0,1.0,0.0,2.0,1.0,0.0,0.0,1452,130.0,0.0,589,15438,1500.0,0.0,45,30,16,40,18
JHP0583,853,55.0,111.0,3,1629.0,817.0,21.0,100.0,1.0,1589.0,61.0,179.0,390,32.0,52.0,316,4020,432.0,520.0,37,25,40,42,37
JIG0128,346,0.0,0.0,1,0.0,0.0,0.0,0.0,0.0,0.0,0.0,0.0,3030,440.0,0.0,0,32775,4798.0,0.0,25,45,35,18,27
JIM0095,346,346.0,0.0,1,0.0,0.0,0.0,0.0,0.0,0.0,0.0,0.0,3677,377.0,0.0,764,39444,3836.0,0.0,10,18,21,15,35
JJB0127,346,0.0,0.0,1,0.0,0.0,0.0,0.0,0.0,0.0,0.0,0.0,2973,416.0,0.0,0,32870,4250.0,0.0,26,21,38,30,32
JJB0700,371,349.0,0.0,2,0.0,0.0,0.0,0.0,0.0,0.0,0.0,0.0,337,20.0,0.0,291,3460,221.0,0.0,15,19,39,37,28
JJH0292,658,1.0,4.0,3,0.0,0.0,0.0,0.0,0.0,0.0,0.0,0.0,339,4.0,2.0,227,3520,35.0,20.0,35,23,38,39,28
JJH0613,711,171.0,0.0,2,2095.0,1049.0,11.0,0.0,1.0,1641.0,5.0,0.0,5027,68.0,0.0,3321,56052,568.0,0.0,50,30,24,14,26
JJM0203,424,223.0,0.0,2,854.0,428.0,52.0,0.0,1.0,425.0,39.0,0.0,1876,211.0,0.0,1340,20181,2208.0,0.0,37,36,18,30,28
JKB0126,345,0.0,0.0,1,0.0,0.0,0.0,0.0,0.0,0.0,0.0,0.0,3024,464.0,0.0,0,32870,4581.0,0.0,43,24,19,33,28
JKF0465,420,195.0,64.0,1,0.0,0.0,0.0,0.0,0.0,0.0,0.0,0.0,403,9.0,61.0,84,4200,109.0,640.0,10,37,12,17,32
JKJ0698,471,453.0,102.0,31,0.0,0.0,0.0,0.0,0.0,0.0,0.0,0.0,429,23.0,92.0,107,4420,266.0,930.0,16,38,16,22,28
JKM0303,346,0.0,0.0,1,0.0,0.0,0.0,0.0,0.0,0.0,0.0,0.0,330,4.0,0.0,172,3450,38.0,0.0,46,10,44,15,35
JLM0364,1314,856.0,0.0,598,4.0,2.0,1.0,0.0,2.0,1.0,0.0,0.0,3537,0.0,0.0,765,38165,81.0,0.0,35,22,15,25,37
JLW0053,346,167.0,0.0,1,0.0,0.0,0.0,0.0,0.0,0.0,0.0,0.0,4717,618.0,0.0,0,49478,6180.0,0.0,42,41,18,38,31
JMB0308,157,157.0,0.0,1,16.0,8.0,8.0,0.0,1.0,10.0,10.0,0.0,2203,109.0,0.0,831,24789,1441.0,0.0,41,44,34,14,32
JMC0925,779,63.0,4.0,5,0.0,0.0,0.0,0.0,0.0,0.0,0.0,0.0,3372,489.0,0.0,2386,32870,5443.0,0.0,33,10,23,19,31
JMD0520,699,33.0,2.0,36,1315.0,664.0,8.0,0.0,1.0,1893.0,26.0,0.0,1009,0.0,0.0,594,10034,95.0,0.0,21,45,16,38,29
JMH0543,404,116.0,0.0,1,0.0,0.0,0.0,0.0,0.0,0.0,0.0,0.0,2003,41.0,0.0,377,21660,392.0,0.0,44,25,37,13,34
JMK0099,735,365.0,0.0,3,279.0,141.0,11.0,0.0,1.0,555.0,21.0,0.0,2989,351.0,0.0,1815,32870,3424.0,0.0,40,37,41,41,25
JML0909,621,0.0,0.0,1,0.0,0.0,0.0,0.0,0.0,0.0,0.0,0.0,1010,58.0,0.0,811,10034,491.0,0.0,24,32,39,40,21
JMW0638,346,0.0,0.0,1,0.0,0.0,0.0,0.0,0.0,0.0,0.0,0.0,1007,301.0,0.0,432,10034,2877.0,0.0,43,21,30,18,30
JNA0559,345,0.0,0.0,1,0.0,0.0,0.0,0.0,0.0,0.0,0.0,0.0,3020,42.0,0.0,0,32870,316.0,0.0,10,10,41,10,31
JNJ0556,345,0.0,0.0,1,5995.0,3003.0,2.0,0.0,1.0,7977.0,34.0,0.0,3009,56.0,0.0,1545,32870,405.0,0.0,43,45,22,33,34
JOL0024,346,346.0,0.0,1,0.0,0.0,0.0,0.0,0.0,0.0,0.0,0.0,3640,173.0,0.0,1366,39330,1675.0,0.0,50,40,24,21,29
JOM0750,346,147.0,0.0,1,0.0,0.0,0.0,0.0,0.0,0.0,0.0,0.0,5045,39.0,0.0,0,56052,560.0,0.0,35,46,25,40,29
JPA0667,346,172.0,0.0,1,0.0,0.0,0.0,0.0,0.0,0.0,0.0,0.0,2980,46.0,0.0,2048,32870,382.0,0.0,49,42,34,35,27
JPW0741,346,163.0,0.0,1,0.0,0.0,0.0,0.0,0.0,0.0,0.0,0.0,4984,69.0,0.0,0,56052,612.0,0.0,40,38,44,30,33
JRF0835,346,0.0,0.0,1,0.0,0.0,0.0,0.0,0.0,0.0,0.0,0.0,339,55.0,0.0,168,3460,674.0,0.0,44,33,18,37,18
JRG0207,287,286.0,0.0,1,46.0,23.0,23.0,0.0,1.0,27.0,27.0,0.0,3842,205.0,0.0,1353,40185,2307.0,0.0,42,37,40,21,27
JRH0455,55,28.0,0.0,1,0.0,0.0,0.0,0.0,0.0,0.0,0.0,0.0,51,1.0,0.0,6,550,13.0,0.0,19,21,42,20,34
JRL0574,346,0.0,0.0,1,0.0,0.0,0.0,0.0,0.0,0.0,0.0,0.0,331,29.0,0.0,0,3450,315.0,0.0,19,26,35,47,40
JRS0362,1388,885.0,0.0,636,0.0,0.0,0.0,0.0,0.0,0.0,0.0,0.0,3689,0.0,0.0,0,39444,0.0,0.0,50,50,14,37,24
JSA0775,346,0.0,0.0,1,0.0,0.0,0.0,0.0,0.0,0.0,0.0,0.0,991,0.0,0.0,760,10034,0.0,0.0,50,46,42,19,33
JSH0330,346,346.0,0.0,1,0.0,0.0,0.0,0.0,0.0,0.0,0.0,0.0,1049,148.0,0.0,210,10034,1406.0,0.0,20,16,23,24,28
JTM0223,748,530.0,0.0,361,4.0,2.0,1.0,0.0,2.0,1.0,0.0,0.0,1489,176.0,0.0,995,16026,1679.0,0.0,35,48,20,21,30
JTS0389,423,172.0,0.0,3,270.0,136.0,1.0,0.0,1.0,376.0,0.0,0.0,3335,43.0,0.0,566,32870,384.0,0.0,31,36,11,44,32
JXH0493,346,0.0,0.0,1,0.0,0.0,0.0,0.0,0.0,0.0,0.0,0.0,5008,0.0,0.0,912,56052,0.0,0.0,36,32,23,15,31
JZD0888,346,0.0,0.0,1,0.0,0.0,0.0,0.0,0.0,0.0,0.0,0.0,996,54.0,0.0,0,10034,437.0,0.0,20,20,30,14,30
KAC0124,346,0.0,0.0,1,0.0,0.0,0.0,0.0,0.0,0.0,0.0,0.0,3058,430.0,0.0,0,32870,4595.0,0.0,33,14,30,18,33
KAL0395,346,165.0,0.0,1,0.0,0.0,0.0,0.0,0.0,0.0,0.0,0.0,3021,335.0,0.0,1388,32775,4242.0,0.0,13,24,22,28,29
KAT0270,346,346.0,0.0,1,0.0,0.0,0.0,0.0,0.0,0.0,0.0,0.0,3045,301.0,0.0,2489,32870,3201.0,0.0,21,24,39,23,27
KAT0489,346,0.0,0.0,1,0.0,0.0,0.0,0.0,0.0,0.0,0.0,0.0,5023,0.0,0.0,3321,56052,0.0,0.0,22,41,36,23,26
KBB0189,346,346.0,0.0,1,0.0,0.0,0.0,0.0,0.0,0.0,0.0,0.0,3719,589.0,0.0,1507,39444,5610.0,0.0,49,23,16,33,30
KBC0054,346,0.0,0.0,1,0.0,0.0,0.0,0.0,0.0,0.0,0.0,0.0,2980,0.0,0.0,0,32870,0.0,0.0,42,43,17,41,32
KBG0549,650,156.0,0.0,3,216.0,108.0,1.0,0.0,1.0,377.0,1.0,0.0,3365,73.0,0.0,2030,32870,556.0,0.0,16,19,37,10,32
KBL0260,346,346.0,0.0,1,0.0,0.0,0.0,0.0,0.0,0.0,0.0,0.0,3014,113.0,0.0,0,32870,1335.0,0.0,16,15,48,16,32
KBP0008,733,363.0,0.0,2,0.0,0.0,0.0,0.0,0.0,0.0,0.0,0.0,9145,1338.0,0.0,4575,103800,15744.0,0.0,23,18,40,11,34
KBS0874,616,346.0,0.0,1,0.0,0.0,0.0,0.0,0.0,0.0,0.0,0.0,5062,314.0,0.0,3563,56052,2593.0,0.0,23,39,37,33,29
KCB0815,625,0.0,0.0,1,0.0,0.0,0.0,0.0,0.0,0.0,0.0,0.0,3061,602.0,0.0,599,32870,7519.0,0.0,16,40,18,36,31
KCF0045,1390,1231.0,0.0,640,0.0,0.0,0.0,0.0,0.0,0.0,0.0,0.0,3654,460.0,0.0,1177,39209,3565.0,0.0,40,39,16,27,31
KCO0122,719,85.0,5.0,2,1404.0,703.0,208.0,0.0,1.0,1593.0,477.0,0.0,3033,865.0,0.0,1872,32870,9779.0,0.0,30,32,26,38,33
KCS0173,685,354.0,0.0,3,714.0,360.0,19.0,0.0,1.0,260.0,8.0,0.0,4679,268.0,0.0,3098,52938,2645.0,0.0,39,20,50,20,30
KDS0349,346,166.0,0.0,1,0.0,0.0,0.0,0.0,0.0,0.0,0.0,0.0,4745,63.0,0.0,0,49478,526.0,0.0,18,23,20,32,29
KDT0346,622,346.0,0.0,1,0.0,0.0,0.0,0.0,0.0,0.0,0.0,0.0,1003,169.0,0.0,733,10034,1463.0,0.0,36,41,10,22,33
KES0729,632,163.0,0.0,3,0.0,0.0,0.0,0.0,0.0,0.0,0.0,0.0,5014,42.0,0.0,2790,56052,512.0,0.0,20,10,24,45,31
KJA0152,346,0.0,0.0,1,0.0,0.0,0.0,0.0,0.0,0.0,0.0,0.0,3687,250.0,0.0,0,39444,2774.0,0.0,16,16,39,38,34
KJG0910,346,0.0,0.0,1,0.0,0.0,0.0,0.0,0.0,0.0,0.0,0.0,991,52.0,0.0,366,10034,393.0,0.0,37,10,31,18,29
KJJ0293,691,0.0,0.0,2,687.0,345.0,0.0,0.0,1.0,530.0,0.0,0.0,333,4.0,0.0,316,3460,54.0,0.0,41,42,23,39,33
KJM0887,346,0.0,0.0,1,0.0,0.0,0.0,0.0,0.0,0.0,0.0,0.0,1005,48.0,0.0,695,10034,542.0,0.0,31,47,14,16,32
KJP0371,1394,887.0,0.0,635,0.0,0.0,0.0,0.0,0.0,0.0,0.0,0.0,3700,0.0,0.0,2713,39403,0.0,0.0,36,21,25,15,30
KJS0618,346,158.0,0.0,1,0.0,0.0,0.0,0.0,0.0,0.0,0.0,0.0,5059,51.0,0.0,1963,56052,521.0,0.0,19,15,20,10,37
KJW0416,346,161.0,0.0,1,0.0,0.0,0.0,0.0,0.0,0.0,0.0,0.0,3037,98.0,0.0,0,32775,631.0,0.0,50,46,39,41,30
KKC0683,346,0.0,0.0,1,0.0,0.0,0.0,0.0,0.0,0.0,0.0,0.0,3054,353.0,0.0,0,32870,4141.0,0.0,32,37,37,48,35
KKS0119,615,346.0,0.0,1,0.0,0.0,0.0,0.0,0.0,0.0,0.0,0.0,4684,435.0,0.0,3436,49478,5197.0,0.0,15,28,39,33,27
KKW0879,451,407.0,37.0,2,6501.0,3257.0,111.0,232.0,1.0,1534.0,26.0,137.0,5158,244.0,372.0,1229,61722,2973.0,4374.0,36,42,21,31,27
KLH0596,294,3.0,1.0,1,38.0,19.0,19.0,1.0,1.0,53.0,53.0,0.0,279,17.0,0.0,85,2911,268.0,2.0,30,10,35,12,29
KLM0639,346,0.0,0.0,1,0.0,0.0,0.0,0.0,0.0,0.0,0.0,0.0,1018,312.0,0.0,0,10005,2901.0,0.0,20,15,24,40,26
KMB0922,728,79.0,5.0,34,733.0,367.0,37.0,0.0,1.0,1209.0,177.0,0.0,3027,590.0,0.0,1726,32775,5662.0,0.0,43,43,17,24,27
KMS0657,346,0.0,0.0,1,0.0,0.0,0.0,0.0,0.0,0.0,0.0,0.0,1006,338.0,0.0,0,10034,2907.0,0.0,17,31,21,17,29
KMW0545,621,161.0,0.0,1,257.0,129.0,2.0,0.0,1.0,493.0,3.0,0.0,3025,89.0,0.0,1839,31140,596.0,0.0,19,16,18,23,32
KNB0022,346,346.0,0.0,1,0.0,0.0,0.0,0.0,0.0,0.0,0.0,0.0,3646,405.0,0.0,1498,39444,3537.0,0.0,22,38,45,16,30
KNG0672,301,144.0,0.0,1,0.0,0.0,0.0,0.0,0.0,0.0,0.0,0.0,2611,45.0,0.0,973,28595,286.0,0.0,21,40,18,20,27
KNW0644,346,0.0,0.0,1,0.0,0.0,0.0,0.0,0.0,0.0,0.0,0.0,1015,288.0,0.0,370,10034,2868.0,0.0,15,20,23,15,25
KPC0073,154,78.0,0.0,1,16.0,8.0,8.0,0.0,1.0,0.0,0.0,0.0,1311,32.0,0.0,925,14158,329.0,0.0,44,30,11,16,23
KPP0452,346,157.0,0.0,1,0.0,0.0,0.0,0.0,0.0,0.0,0.0,0.0,341,4.0,0.0,130,3460,73.0,0.0,44,46,44,16,19
KPR0497,739,0.0,0.0,2,0.0,0.0,0.0,0.0,0.0,0.0,0.0,0.0,5028,0.0,0.0,3714,56052,0.0,0.0,50,43,43,20,29
KQC0708,346,346.0,0.0,1,0.0,0.0,0.0,0.0,0.0,0.0,0.0,0.0,336,15.0,0.0,0,3460,198.0,0.0,34,18,39,42,23
KQS0415,346,163.0,0.0,1,0.0,0.0,0.0,0.0,0.0,0.0,0.0,0.0,3032,66.0,0.0,1224,32775,557.0,0.0,35,42,13,14,34
KRG0158,346,346.0,0.0,1,0.0,0.0,0.0,0.0,0.0,0.0,0.0,0.0,3710,544.0,0.0,1317,39444,5891.0,0.0,34,38,42,14,27
KRL0062,346,346.0,0.0,1,0.0,0.0,0.0,0.0,0.0,0.0,0.0,0.0,3691,421.0,0.0,0,39444,4552.0,0.0,37,16,17,20,33
KRL0501,265,0.0,0.0,1,1130.0,568.0,0.0,0.0,1.0,578.0,0.0,0.0,3871,0.0,0.0,0,43049,0.0,0.0,18,27,23,28,26
KRM0541,364,159.0,0.0,19,0.0,0.0,0.0,0.0,0.0,0.0,0.0,0.0,3022,59.0,0.0,688,31050,512.0,0.0,40,20,38,36,23
KRV0372,1410,926.0,0.0,630,0.0,0.0,0.0,0.0,0.0,0.0,0.0,0.0,3711,0.0,0.0,2410,39444,0.0,0.0,40,39,25,35,32
KSH0569,346,0.0,0.0,1,0.0,0.0,0.0,0.0,0.0,0.0,0.0,0.0,2998,30.0,0.0,2194,32870,285.0,0.0,15,39,23,14,22
KSP0357,945,604.0,0.0,519,0.0,0.0,0.0,0.0,0.0,0.0,0.0,0.0,2496,0.0,0.0,1004,27018,0.0,0.0,41,40,29,19,24
KSP0966,346,346.0,0.0,1,0.0,0.0,0.0,0.0,0.0,0.0,0.0,0.0,333,39.0,0.0,0,3460,470.0,0.0,42,36,19,24,35
KTG0091,346,346.0,0.0,1,0.0,0.0,0.0,0.0,0.0,0.0,0.0,0.0,2992,313.0,0.0,1022,32870,3099.0,0.0,46,41,16,15,29
KVS0425,346,157.0,0.0,1,0.0,0.0,0.0,0.0,0.0,0.0,0.0,0.0,3014,60.0,0.0,1179,32775,707.0,0.0,20,19,21,30,35
KVT0028,346,346.0,0.0,1,0.0,0.0,0.0,0.0,0.0,0.0,0.0,0.0,3041,416.0,0.0,1163,32870,4213.0,0.0,44,20,35,19,37
KWC0004,346,161.0,0.0,1,0.0,0.0,0.0,0.0,0.0,0.0,0.0,0.0,8997,179.0,0.0,1811,98610,944.0,0.0,23,38,39,20,27
KWE0082,621,165.0,0.0,1,1424.0,717.0,8.0,0.0,1.0,2234.0,6.0,0.0,3028,56.0,0.0,1889,32870,354.0,0.0,38,43,19,48,35
LAF0991,613,0.0,0.0,1,0.0,0.0,0.0,0.0,0.0,0.0,0.0,0.0,3025,862.0,0.0,2570,32870,9810.0,0.0,40,39,36,22,34
LAM0911,606,0.0,0.0,1,0.0,0.0,0.0,0.0,0.0,0.0,0.0,0.0,4728,856.0,0.0,1719,49478,8209.0,0.0,42,43,27,38,22
LAP0338,874,488.0,241.0,1,0.0,0.0,0.0,0.0,0.0,0.0,0.0,0.0,1420,216.0,398.0,279,14123,2112.0,3973.0,42,23,33,45,31
LBC0356,1662,889.0,0.0,636,0.0,0.0,0.0,0.0,0.0,0.0,0.0,0.0,3696,0.0,0.0,2586,39444,0.0,0.0,40,30,40,21,41
LBF0214,1015,544.0,232.0,2,941.0,471.0,36.0,107.0,1.0,1236.0,51.0,301.0,6135,487.0,1399.0,3348,68400,5435.0,15450.0,18,44,18,38,28
LBH0942,819,453.0,199.0,1,7785.0,3903.0,411.0,893.0,1.0,10889.0,1016.0,2542.0,3918,471.0,914.0,793,43035,5344.0,9880.0,40,42,23,30,29
LCB0664,682,168.0,0.0,2,5938.0,2977.0,29.0,0.0,1.0,414.0,0.0,0.0,4697,54.0,0.0,2383,46710,473.0,0.0,16,19,36,24,32
LCC0819,157,0.0,0.0,1,700.0,350.0,64.0,0.0,1.0,337.0,77.0,0.0,1413,346.0,0.0,0,15028,3401.0,0.0,32,14,11,15,27
LCD0622,346,155.0,0.0,1,0.0,0.0,0.0,0.0,0.0,0.0,0.0,0.0,4977,76.0,0.0,0,55890,629.0,0.0,30,26,13,14,26
LDB0090,346,346.0,0.0,1,0.0,0.0,0.0,0.0,0.0,0.0,0.0,0.0,3657,309.0,0.0,730,39444,3342.0,0.0,40,14,39,41,34
LDD0560,50,6.0,10.0,3,0.0,0.0,0.0,0.0,0.0,0.0,0.0,0.0,400,9.0,71.0,276,3800,78.0,665.0,25,43,39,26,35
LDG0459,714,161.0,0.0,3,312.0,157.0,3.0,0.0,1.0,480.0,7.0,0.0,332,5.0,0.0,205,3460,111.0,0.0,20,41,10,50,34
LDM0587,346,0.0,0.0,1,0.0,0.0,0.0,0.0,0.0,0.0,0.0,0.0,335,27.0,0.0,67,3460,335.0,0.0,49,20,23,21,26
LEM0605,346,153.0,0.0,1,0.0,0.0,0.0,0.0,0.0,0.0,0.0,0.0,4958,48.0,0.0,2053,56052,501.0,0.0,46,50,40,39,26
LFS0071,346,153.0,0.0,1,0.0,0.0,0.0,0.0,0.0,0.0,0.0,0.0,3061,68.0,0.0,0,32870,562.0,0.0,48,31,14,17,25
LHB0606,82,40.0,0.0,1,0.0,0.0,0.0,0.0,0.0,0.0,0.0,0.0,1161,1.0,0.0,514,13284,131.0,0.0,37,38,15,27,27
LHB0967,346,346.0,0.0,1,0.0,0.0,0.0,0.0,0.0,0.0,0.0,0.0,330,29.0,0.0,0,3460,497.0,0.0,37,38,41,47,33
LHL0309,346,346.0,0.0,1,0.0,0.0,0.0,0.0,0.0,0.0,0.0,0.0,4981,285.0,0.0,1605,55728,2750.0,0.0,19,34,27,46,37
LHN0151,346,0.0,0.0,1,0.0,0.0,0.0,0.0,0.0,0.0,0.0,0.0,1680,0.0,0.0,359,16608,0.0,0.0,13,15,19,32,26
LIM0674,738,192.0,20.0,2,264.0,133.0,2.0,2.0,1.0,185.0,7.0,1.0,3071,56.0,72.0,1776,33535,923.0,760.0,18,13,35,49,20
LJB0826,346,0.0,0.0,1,0.0,0.0,0.0,0.0,0.0,0.0,0.0,0.0,336,52.0,0.0,164,3450,637.0,0.0,38,21,39,15,32
LJJ0905,366,0.0,0.0,2,0.0,0.0,0.0,0.0,0.0,0.0,0.0,0.0,1026,60.0,0.0,688,10005,522.0,0.0,43,36,12,22,30
LJR0523,170,5.0,2.0,1,12.0,6.0,6.0,2.0,1.0,3.0,3.0,0.0,480,0.0,0.0,389,4818,19.0,5.0,32,21,11,33,25
LJT0817,639,5.0,0.0,2,1303.0,655.0,126.0,0.0,1.0,1927.0,408.0,0.0,3024,747.0,0.0,2271,32870,7596.0,0.0,39,43,38,39,24
LLV0602,346,169.0,0.0,1,0.0,0.0,0.0,0.0,0.0,0.0,0.0,0.0,5058,81.0,0.0,888,56052,581.0,0.0,36,10,36,37,33
LMF0980,616,346.0,0.0,1,0.0,0.0,0.0,0.0,0.0,0.0,0.0,0.0,3690,384.0,0.0,2699,39444,3982.0,0.0,42,45,12,44,35
LNR0656,346,0.0,0.0,1,0.0,0.0,0.0,0.0,0.0,0.0,0.0,0.0,1015,306.0,0.0,0,10034,2881.0,0.0,25,39,12,30,23
LNS0989,702,364.0,0.0,2,0.0,0.0,0.0,0.0,0.0,0.0,0.0,0.0,3037,449.0,0.0,2264,32870,4404.0,0.0,34,38,45,30,31
LOF0311,346,346.0,0.0,1,0.0,0.0,0.0,0.0,0.0,0.0,0.0,0.0,5030,280.0,0.0,2085,56052,2683.0,0.0,41,15,36,10,32
LOM0086,255,138.0,0.0,2,570.0,286.0,8.0,0.0,1.0,438.0,8.0,0.0,1237,59.0,0.0,626,13490,627.0,0.0,18,10,34,23,33
LPC0492,372,0.0,0.0,3,0.0,0.0,0.0,0.0,0.0,0.0,0.0,0.0,5075,0.0,0.0,2632,52938,0.0,0.0,30,23,22,30,26
LPH0572,37,0.0,0.0,1,0.0,0.0,0.0,0.0,0.0,0.0,0.0,0.0,36,2.0,0.0,39,370,39.0,0.0,40,13,17,38,36
LQC0479,201,4.0,0.0,1,18.0,9.0,9.0,0.0,1.0,22.0,22.0,0.0,2853,0.0,0.0,0,31917,116.0,0.0,27,38,34,17,36
LQP0508,713,0.0,0.0,3,0.0,0.0,0.0,0.0,0.0,0.0,0.0,0.0,991,0.0,0.0,549,10034,0.0,0.0,26,44,21,40,27
LRR0148,841,454.0,104.0,3,1569.0,788.0,107.0,92.0,1.0,907.0,97.0,112.0,5427,727.0,671.0,2719,57200,7594.0,7007.0,21,19,14,14,29
LRW0970,346,346.0,0.0,1,0.0,0.0,0.0,0.0,0.0,0.0,0.0,0.0,337,40.0,0.0,232,3460,473.0,0.0,10,26,39,22,28
LTS0860,346,346.0,0.0,1,0.0,0.0,0.0,0.0,0.0,0.0,0.0,0.0,5096,290.0,0.0,1026,56052,2103.0,0.0,48,20,29,20,31
LUR0896,403,59.0,3.0,3,0.0,0.0,0.0,0.0,0.0,0.0,0.0,0.0,867,33.0,0.0,200,8046,464.0,0.0,15,11,47,43,28
MAD0496,118,0.0,23.0,1,0.0,0.0,0.0,0.0,0.0,0.0,0.0,0.0,1727,0.0,339.0,313,19116,0.0,3726.0,34,30,40,42,24
MAD0753,346,168.0,0.0,1,0.0,0.0,0.0,0.0,0.0,0.0,0.0,0.0,5049,38.0,0.0,1699,56052,511.0,0.0,50,30,36,41,33
MAE0331,346,346.0,0.0,1,0.0,0.0,0.0,0.0,0.0,0.0,0.0,0.0,1022,127.0,0.0,367,10034,1479.0,0.0,36,39,18,12,28
MAH0149,621,0.0,0.0,1,0.0,0.0,0.0,0.0,0.0,0.0,0.0,0.0,3720,0.0,0.0,2546,39444,0.0,0.0,41,39,38,27,40
MAH0864,346,346.0,0.0,1,0.0,0.0,0.0,0.0,0.0,0.0,0.0,0.0,5046,276.0,0.0,1990,56052,2386.0,0.0,30,46,25,20,25
MAR0955,302,302.0,1.0,1,42.0,21.0,21.0,5.0,1.0,69.0,69.0,24.0,284,27.0,0.0,0,2963,406.0,1.0,36,44,23,44,25
MAS0025,206,206.0,0.0,1,31.0,16.0,16.0,0.0,1.0,55.0,55.0,0.0,2706,100.0,0.0,0,28745,1032.0,0.0,23,14,20,21,23
MAW0166,346,346.0,0.0,1,0.0,0.0,0.0,0.0,0.0,0.0,0.0,0.0,4665,288.0,0.0,0,49478,2395.0,0.0,44,16,21,17,34
MBG0438,235,118.0,0.0,1,0.0,0.0,0.0,0.0,0.0,0.0,0.0,0.0,2009,20.0,0.0,844,22325,250.0,0.0,38,17,37,16,29
MBJ0312,642,348.0,0.0,3,2047.0,1029.0,52.0,0.0,1.0,1019.0,27.0,0.0,5053,377.0,0.0,2868,56052,3270.0,0.0,22,45,49,12,26
MBR0724,346,346.0,0.0,1,0.0,0.0,0.0,0.0,0.0,0.0,0.0,0.0,338,22.0,0.0,0,3460,212.0,0.0,33,44,18,35,31
MBW0809,30,0.0,0.0,1,0.0,0.0,0.0,0.0,0.0,0.0,0.0,0.0,258,69.0,0.0,181,2850,688.0,0.0,43,45,44,18,19
MCD0125,364,15.0,72.0,2,132.0,66.0,3.0,7.0,1.0,434.0,25.0,56.0,1542,242.0,305.0,845,16720,2410.0,3325.0,36,26,50,22,23
MCF0327,346,346.0,0.0,1,0.0,0.0,0.0,0.0,0.0,0.0,0.0,0.0,5031,339.0,0.0,0,56052,2928.0,0.0,39,41,24,44,25
MCF0600,308,7.0,54.0,2,72.0,36.0,36.0,0.0,1.0,102.0,102.0,0.0,239,31.0,40.0,48,2453,282.0,419.0,39,49,13,26,27
MCJ0324,346,346.0,0.0,1,0.0,0.0,0.0,0.0,0.0,0.0,0.0,0.0,4982,255.0,0.0,1707,56052,2448.0,0.0,28,20,40,20,36
MCS0035,346,346.0,0.0,1,0.0,0.0,0.0,0.0,0.0,0.0,0.0,0.0,4650,255.0,0.0,0,49478,2444.0,0.0,42,17,38,15,33
MCT0720,346,346.0,0.0,1,0.0,0.0,0.0,0.0,0.0,0.0,0.0,0.0,337,26.0,0.0,0,3460,175.0,0.0,34,12,20,22,37
MDH0580,296,0.0,0.0,1,1257.0,631.0,9.0,0.0,1.0,622.0,21.0,0.0,295,23.0,0.0,240,3089,296.0,0.0,41,37,18,40,31
MDH0686,845,3.0,201.0,3,0.0,0.0,0.0,0.0,0.0,0.0,0.0,0.0,4020,500.0,946.0,3422,43605,5859.0,10260.0,37,43,31,20,38
MDM0625,685,161.0,0.0,2,5452.0,2733.0,21.0,0.0,1.0,8346.0,15.0,0.0,5341,77.0,0.0,1088,55890,592.0,0.0,18,42,36,27,24
MDM0976,346,168.0,0.0,1,0.0,0.0,0.0,0.0,0.0,0.0,0.0,0.0,3700,97.0,0.0,0,39444,763.0,0.0,41,40,38,20,31
MES0407,346,154.0,0.0,1,0.0,0.0,0.0,0.0,0.0,0.0,0.0,0.0,2998,62.0,0.0,2274,32775,597.0,0.0,38,44,25,47,37
MFV0897,346,0.0,0.0,1,0.0,0.0,0.0,0.0,0.0,0.0,0.0,0.0,996,49.0,0.0,0,10005,426.0,0.0,18,13,23,25,33
MGS0974,421,172.0,39.0,2,283.0,142.0,0.0,16.0,1.0,162.0,0.0,17.0,4073,123.0,364.0,2418,43320,784.0,3876.0,17,39,39,40,27
MHA0798,346,0.0,0.0,1,0.0,0.0,0.0,0.0,0.0,0.0,0.0,0.0,3030,0.0,0.0,0,32870,0.0,0.0,11,27,17,22,40
MHG0244,346,170.0,0.0,1,0.0,0.0,0.0,0.0,0.0,0.0,0.0,0.0,2977,46.0,0.0,0,32870,307.0,0.0,42,46,21,15,22
MHG0733,346,154.0,0.0,1,0.0,0.0,0.0,0.0,0.0,0.0,0.0,0.0,4973,74.0,0.0,0,56052,413.0,0.0,43,30,24,42,29
MHH0180,485,274.0,65.0,1,0.0,0.0,0.0,0.0,0.0,0.0,0.0,0.0,805,96.0,110.0,181,7398,1125.0,999.0,19,41,35,10,29
MIB0904,626,0.0,0.0,1,0.0,0.0,0.0,0.0,0.0,0.0,0.0,0.0,1014,43.0,0.0,671,10034,455.0,0.0,22,21,34,38,25
MIC0726,346,167.0,0.0,1,0.0,0.0,0.0,0.0,0.0,0.0,0.0,0.0,5039,38.0,0.0,1681,56052,577.0,0.0,32,41,43,17,23
MIL0255,346,346.0,0.0,1,0.0,0.0,0.0,0.0,0.0,0.0,0.0,0.0,3036,152.0,0.0,1118,32870,1540.0,0.0,38,16,39,21,27
MIM0712,346,346.0,0.0,1,0.0,0.0,0.0,0.0,0.0,0.0,0.0,0.0,339,15.0,0.0,275,3460,209.0,0.0,16,15,39,23,22
MJB0588,346,0.0,0.0,1,0.0,0.0,0.0,0.0,0.0,0.0,0.0,0.0,372,33.0,0.0,82,3460,316.0,0.0,39,24,15,47,38
MJM0510,728,0.0,0.0,4,0.0,0.0,0.0,0.0,0.0,0.0,0.0,0.0,1005,0.0,0.0,755,10034,0.0,0.0,32,33,22,18,39
MJS0890,346,0.0,0.0,1,0.0,0.0,0.0,0.0,0.0,0.0,0.0,0.0,1022,58.0,0.0,740,10034,464.0,0.0,10,26,16,11,29
MKG0711,346,346.0,0.0,1,0.0,0.0,0.0,0.0,0.0,0.0,0.0,0.0,337,28.0,0.0,0,3460,175.0,0.0,17,26,43,32,38
MKL0941,346,346.0,0.0,1,0.0,0.0,0.0,0.0,0.0,0.0,0.0,0.0,2973,371.0,0.0,0,32870,3587.0,0.0,16,26,20,38,30
MKP0861,620,346.0,0.0,1,0.0,0.0,0.0,0.0,0.0,0.0,0.0,0.0,4983,337.0,0.0,3538,56052,2559.0,0.0,36,42,39,34,29
MKS0204,346,346.0,0.0,1,0.0,0.0,0.0,0.0,0.0,0.0,0.0,0.0,3682,357.0,0.0,696,37368,3732.0,0.0,21,30,21,16,31
MKW0441,649,168.0,1.0,8,1393.0,700.0,6.0,0.0,1.0,421.0,0.0,0.0,1011,11.0,0.0,764,9342,89.0,0.0,15,25,45,20,34
MLD0755,610,156.0,0.0,1,0.0,0.0,0.0,0.0,0.0,0.0,0.0,0.0,5065,60.0,0.0,4025,56052,521.0,0.0,24,18,19,43,37
MLG0475,346,155.0,0.0,1,0.0,0.0,0.0,0.0,0.0,0.0,0.0,0.0,337,7.0,0.0,195,3460,84.0,0.0,45,16,18,19,25
MLL0598,346,0.0,0.0,1,5545.0,2779.0,71.0,0.0,1.0,353.0,14.0,0.0,335,26.0,0.0,86,3450,324.0,0.0,44,17,23,49,29
MLM0950,840,450.0,153.0,3,1694.0,850.0,100.0,160.0,1.0,2752.0,215.0,502.0,404,44.0,72.0,297,4210,598.0,750.0,24,20,29,23,36
MLP0668,346,164.0,0.0,1,0.0,0.0,0.0,0.0,0.0,0.0,0.0,0.0,3034,35.0,0.0,2504,32870,316.0,0.0,40,17,16,43,33
MMB0488,310,0.0,0.0,1,0.0,0.0,0.0,0.0,0.0,0.0,0.0,0.0,4439,0.0,0.0,1538,50220,0.0,0.0,21,18,16,24,27
MMG0943,465,407.0,0.0,3,0.0,0.0,0.0,0.0,0.0,0.0,0.0,0.0,2999,314.0,0.0,2382,32775,3686.0,0.0,23,27,28,34,26
MNC0717,715,358.0,0.0,3,0.0,0.0,0.0,0.0,0.0,0.0,0.0,0.0,338,20.0,0.0,243,3460,210.0,0.0,30,37,22,22,34
MNR0829,346,0.0,0.0,1,0.0,0.0,0.0,0.0,0.0,0.0,0.0,0.0,331,47.0,0.0,135,3460,700.0,0.0,41,33,40,15,23
MNS0224,1413,1247.0,0.0,659,0.0,0.0,0.0,0.0,0.0,0.0,0.0,0.0,3688,362.0,0.0,1432,39304,3429.0,0.0,46,21,22,45,30
MOH0273,401,401.0,53.0,1,6295.0,3155.0,278.0,426.0,1.0,9306.0,748.0,1210.0,3463,381.0,462.0,654,38095,3796.0,5035.0,39,40,47,50,26
MOP0763,346,0.0,0.0,1,0.0,0.0,0.0,0.0,0.0,0.0,0.0,0.0,995,0.0,0.0,0,10034,0.0,0.0,43,41,22,20,33
MOS0047,895,657.0,0.0,416,1774.0,888.0,480.0,0.0,391.0,1593.0,1099.0,0.0,1892,176.0,0.0,1532,20118,1911.0,0.0,49,39,24,34,23
MPM0220,1085,814.0,1.0,456,4978.0,2494.0,731.0,0.0,440.0,6689.0,1696.0,0.0,2307,201.0,0.0,530,24551,2730.0,0.0,35,20,42,22,20
MPT0376,734,173.0,37.0,3,815.0,410.0,0.0,26.0,1.0,1054.0,0.0,73.0,3195,45.0,149.0,1609,32760,360.0,1530.0,19,37,41,48,35
MSD0939,346,346.0,0.0,1,0.0,0.0,0.0,0.0,0.0,0.0,0.0,0.0,2993,332.0,0.0,617,32870,3923.0,0.0,24,37,15,42,31
MSG0839,346,0.0,0.0,1,0.0,0.0,0.0,0.0,0.0,0.0,0.0,0.0,335,64.0,0.0,77,3450,683.0,0.0,42,46,19,39,29
MSH0040,1050,939.0,0.0,540,0.0,0.0,0.0,0.0,0.0,0.0,0.0,0.0,2711,247.0,0.0,2166,28970,2397.0,0.0,41,11,44,27,31
MSO0222,950,866.0,0.0,490,4.0,2.0,1.0,0.0,2.0,1.0,0.0,0.0,2546,153.0,0.0,0,27086,2480.0,0.0,32,12,39,46,28
MSS0001,614,157.0,0.0,1,0.0,0.0,0.0,0.0,0.0,0.0,0.0,0.0,12034,269.0,0.0,1994,138000,1977.0,0.0,21,44,24,45,19
MSZ0310,346,346.0,0.0,1,0.0,0.0,0.0,0.0,0.0,0.0,0.0,0.0,5011,258.0,0.0,1846,56052,3017.0,0.0,24,38,18,31,29
MTB0620,626,158.0,0.0,1,2004.0,1005.0,7.0,0.0,1.0,1971.0,1.0,0.0,5042,38.0,0.0,3628,56052,471.0,0.0,38,44,41,50,28
MTT0901,49,0.0,0.0,1,180.0,90.0,2.0,0.0,1.0,187.0,6.0,0.0,82,0.0,0.0,86,841,39.0,0.0,41,34,30,40,30
MVB0515,712,0.0,0.0,21,731.0,367.0,0.0,0.0,1.0,1777.0,0.0,0.0,1000,0.0,0.0,769,9342,0.0,0.0,38,14,33,31,28
MVF0594,346,0.0,0.0,1,0.0,0.0,0.0,0.0,0.0,0.0,0.0,0.0,335,30.0,0.0,0,3460,326.0,0.0,35,38,33,44,36
MVH0373,247,156.0,0.0,165,0.0,0.0,0.0,0.0,0.0,0.0,0.0,0.0,701,0.0,0.0,343,7524,0.0,0.0,44,19,20,21,25
MYD0978,255,131.0,1.0,1,14.0,7.0,7.0,1.0,1.0,15.0,15.0,0.0,2687,63.0,0.0,910,28617,639.0,3.0,39,32,36,13,32
NAB0801,346,0.0,0.0,1,0.0,0.0,0.0,0.0,0.0,0.0,0.0,0.0,3028,0.0,0.0,596,32870,0.0,0.0,28,34,10,41,29
NAB0903,346,0.0,0.0,1,0.0,0.0,0.0,0.0,0.0,0.0,0.0,0.0,1063,54.0,0.0,0,10034,473.0,0.0,44,30,19,30,37
NAF0033,344,344.0,0.0,1,0.0,0.0,0.0,0.0,0.0,0.0,0.0,0.0,4678,239.0,0.0,1547,49192,2700.0,0.0,34,40,19,35,29
NAF0326,977,493.0,218.0,48,1790.0,900.0,33.0,185.0,1.0,2446.0,43.0,509.0,7121,416.0,1597.0,4263,74034,3658.0,16524.0,33,15,25,20,30
NAH0503,465,31.0,52.0,2,0.0,0.0,0.0,0.0,0.0,0.0,0.0,0.0,5750,0.0,617.0,3334,64152,679.0,6804.0,33,17,23,35,38
NAR0981,346,346.0,0.0,1,0.0,0.0,0.0,0.0,0.0,0.0,0.0,0.0,3022,189.0,0.0,2328,32870,1405.0,0.0,39,39,16,50,36
NBC0412,349,148.0,0.0,4,0.0,0.0,0.0,0.0,0.0,0.0,0.0,0.0,3367,69.0,0.0,2191,34600,535.0,0.0,14,25,18,18,31
NBH0256,346,346.0,0.0,1,0.0,0.0,0.0,0.0,0.0,0.0,0.0,0.0,3022,188.0,0.0,2009,32870,1608.0,0.0,41,43,14,21,22
NCE0097,346,346.0,0.0,1,0.0,0.0,0.0,0.0,0.0,0.0,0.0,0.0,3032,270.0,0.0,562,34600,3381.0,0.0,48,36,20,11,35
NCH0179,346,346.0,0.0,1,0.0,0.0,0.0,0.0,0.0,0.0,0.0,0.0,3707,481.0,0.0,2447,39444,4856.0,0.0,17,12,40,17,25
NCK0295,346,0.0,0.0,1,0.0,0.0,0.0,0.0,0.0,0.0,0.0,0.0,334,5.0,0.0,0,3460,36.0,0.0,31,30,38,36,34
NCK0421,346,151.0,0.0,1,0.0,0.0,0.0,0.0,0.0,0.0,0.0,0.0,2995,62.0,0.0,0,32870,548.0,0.0,40,41,18,43,24
NCO0666,622,157.0,0.0,2,0.0,0.0,0.0,0.0,0.0,0.0,0.0,0.0,3028,44.0,0.0,1865,32870,353.0,0.0,40,45,10,12,31
NDM0417,720,170.0,0.0,2,1379.0,692.0,4.0,0.0,1.0,1284.0,2.0,0.0,3044,72.0,0.0,2413,32870,614.0,0.0,44,36,50,12,34
NGC0058,492,220.0,101.0,36,350.0,175.0,14.0,37.0,1.0,200.0,15.0,81.0,3713,553.0,696.0,1858,42800,5455.0,8100.0,44,45,39,15,27
NGF0157,795,452.0,104.0,2,284.0,143.0,25.0,19.0,1.0,305.0,25.0,37.0,3540,537.0,449.0,1746,36450,5316.0,4590.0,45,38,22,46,32
NGO0690,622,0.0,0.0,1,0.0,0.0,0.0,0.0,0.0,0.0,0.0,0.0,3017,392.0,0.0,1533,32775,4106.0,0.0,43,41,41,17,24
NHE0919,612,0.0,0.0,1,0.0,0.0,0.0,0.0,0.0,0.0,0.0,0.0,3037,462.0,0.0,2272,32870,5216.0,0.0,25,16,32,21,24
NHH0185,355,352.0,0.0,10,0.0,0.0,0.0,0.0,0.0,0.0,0.0,0.0,1006,155.0,0.0,210,9342,1344.0,0.0,41,43,19,21,33
NIH0969,627,347.0,0.0,2,0.0,0.0,0.0,0.0,0.0,0.0,0.0,0.0,330,43.0,0.0,199,3460,498.0,0.0,43,25,43,22,22
NJB0243,376,157.0,0.0,2,0.0,0.0,0.0,0.0,0.0,0.0,0.0,0.0,3045,39.0,0.0,583,32870,384.0,0.0,23,35,37,24,34
NJC0705,346,346.0,0.0,1,0.0,0.0,0.0,0.0,0.0,0.0,0.0,0.0,337,15.0,0.0,72,3460,223.0,0.0,43,39,29,36,31
NKH0807,346,0.0,0.0,1,0.0,0.0,0.0,0.0,0.0,0.0,0.0,0.0,3028,657.0,0.0,1093,32870,7708.0,0.0,45,44,40,22,20
NKH0979,722,382.0,0.0,3,0.0,0.0,0.0,0.0,0.0,0.0,0.0,0.0,3735,360.0,0.0,3022,39444,4072.0,0.0,30,39,42,22,35
NKP0236,355,168.0,0.0,1,246.0,123.0,1.0,0.0,1.0,299.0,0.0,0.0,2993,74.0,0.0,609,32870,781.0,0.0,45,41,19,40,31
NLO0131,346,0.0,0.0,1,0.0,0.0,0.0,0.0,0.0,0.0,0.0,0.0,335,5.0,0.0,0,3460,50.0,0.0,19,13,46,40,29
NMB0972,346,346.0,0.0,1,0.0,0.0,0.0,0.0,0.0,0.0,0.0,0.0,336,52.0,0.0,64,3460,457.0,0.0,45,22,17,20,29
NMC0486,346,0.0,0.0,1,0.0,0.0,0.0,0.0,0.0,0.0,0.0,0.0,5044,0.0,0.0,0,55728,0.0,0.0,42,10,23,21,27
NMF0780,346,0.0,0.0,1,0.0,0.0,0.0,0.0,0.0,0.0,0.0,0.0,1000,0.0,0.0,790,10034,0.0,0.0,44,38,36,20,34
NMG0766,346,0.0,0.0,1,0.0,0.0,0.0,0.0,0.0,0.0,0.0,0.0,1002,0.0,0.0,224,10034,0.0,0.0,16,23,42,40,31
NMS0280,454,5.0,89.0,19,307.0,155.0,0.0,29.0,1.0,321.0,4.0,74.0,1260,82.0,247.0,657,13080,733.0,2610.0,39,42,26,37,27
NNA0610,346,168.0,0.0,1,0.0,0.0,0.0,0.0,0.0,0.0,0.0,0.0,5045,80.0,0.0,0,55890,691.0,0.0,21,35,18,43,26
NNS0059,346,162.0,0.0,1,0.0,0.0,0.0,0.0,0.0,0.0,0.0,0.0,3033,429.0,0.0,1968,32870,3975.0,0.0,42,23,48,23,25
NOB0181,961,500.0,245.0,3,1047.0,527.0,44.0,139.0,1.0,1703.0,106.0,473.0,1368,206.0,351.0,788,12852,1867.0,3267.0,31,21,21,41,25
NRD0548,306,138.0,0.0,1,0.0,0.0,0.0,0.0,0.0,0.0,0.0,0.0,2635,56.0,0.0,0,29070,486.0,0.0,41,37,41,15,31
NRF0137,346,0.0,0.0,1,0.0,0.0,0.0,0.0,0.0,0.0,0.0,0.0,334,4.0,0.0,0,3450,50.0,0.0,10,49,38,17,32
NRO0768,322,0.0,0.0,1,0.0,0.0,0.0,0.0,0.0,0.0,0.0,0.0,941,0.0,0.0,170,9660,0.0,0.0,18,18,41,25,36
NSC0597,363,6.0,0.0,3,0.0,0.0,0.0,0.0,0.0,0.0,0.0,0.0,333,37.0,0.0,228,3450,329.0,0.0,19,13,11,44,31
NSS0876,346,346.0,0.0,1,0.0,0.0,0.0,0.0,0.0,0.0,0.0,0.0,4962,223.0,0.0,0,56052,2250.0,0.0,26,20,25,42,31
NUL0471,612,158.0,0.0,1,0.0,0.0,0.0,0.0,0.0,0.0,0.0,0.0,333,8.0,0.0,226,3460,96.0,0.0,35,38,38,26,37
NWK0215,853,497.0,184.0,1,0.0,0.0,0.0,0.0,0.0,0.0,0.0,0.0,5547,283.0,1174.0,3678,63492,4331.0,13585.0,21,19,45,18,24
NWT0098,319,319.0,0.0,1,1299.0,653.0,54.0,0.0,1.0,702.0,51.0,0.0,2829,307.0,0.0,1120,30435,3068.0,0.0,35,39,26,36,33
OBH0499,907,36.0,173.0,2,7395.0,3706.0,11.0,695.0,1.0,594.0,3.0,98.0,6229,0.0,1170.0,3589,69822,423.0,13122.0,35,18,41,16,34
OCB0805,346,0.0,0.0,1,0.0,0.0,0.0,0.0,0.0,0.0,0.0,0.0,3028,0.0,0.0,683,32870,0.0,0.0,37,33,42,16,18
OCS0865,636,350.0,0.0,2,1310.0,659.0,24.0,0.0,1.0,873.0,10.0,0.0,5347,311.0,0.0,3925,56052,2170.0,0.0,29,24,43,35,32
OHC0973,346,346.0,0.0,1,0.0,0.0,0.0,0.0,0.0,0.0,0.0,0.0,334,33.0,0.0,0,3460,475.0,0.0,42,24,42,17,35
OJK0233,346,162.0,0.0,1,0.0,0.0,0.0,0.0,0.0,0.0,0.0,0.0,3041,410.0,0.0,1106,32870,4281.0,0.0,40,36,14,22,33
OKB0439,346,166.0,0.0,1,0.0,0.0,0.0,0.0,0.0,0.0,0.0,0.0,3044,36.0,0.0,2321,32870,287.0,0.0,41,42,30,25,27
OKC0107,346,0.0,0.0,1,0.0,0.0,0.0,0.0,0.0,0.0,0.0,0.0,3007,188.0,0.0,1117,32680,1602.0,0.0,32,40,16,47,35
OLB0749,98,54.0,0.0,1,0.0,0.0,0.0,0.0,0.0,0.0,0.0,0.0,1444,19.0,0.0,0,15876,150.0,0.0,43,35,20,39,36
OLF0504,346,0.0,0.0,1,0.0,0.0,0.0,0.0,0.0,0.0,0.0,0.0,5032,0.0,0.0,0,56052,0.0,0.0,41,43,20,41,31
OLW0689,613,0.0,0.0,1,1418.0,714.0,53.0,0.0,1.0,1242.0,147.0,0.0,3025,364.0,0.0,2217,32870,4340.0,0.0,22,25,40,35,27
OMM0944,346,346.0,0.0,1,0.0,0.0,0.0,0.0,0.0,0.0,0.0,0.0,336,48.0,0.0,0,3460,458.0,0.0,17,14,27,21,29
OMS0101,346,346.0,0.0,1,0.0,0.0,0.0,0.0,0.0,0.0,0.0,0.0,3022,330.0,0.0,1024,32870,3198.0,0.0,20,12,21,22,29
ONL0276,346,346.0,0.0,1,0.0,0.0,0.0,0.0,0.0,0.0,0.0,0.0,3018,383.0,0.0,701,32870,3434.0,0.0,48,46,17,41,20
ONW0083,346,157.0,0.0,1,0.0,0.0,0.0,0.0,0.0,0.0,0.0,0.0,3002,48.0,0.0,1067,32870,302.0,0.0,46,30,25,30,26
OQH0183,346,346.0,0.0,1,0.0,0.0,0.0,0.0,0.0,0.0,0.0,0.0,1004,119.0,0.0,206,10034,1420.0,0.0,34,38,18,33,23
ORB0473,346,164.0,0.0,1,0.0,0.0,0.0,0.0,0.0,0.0,0.0,0.0,333,7.0,0.0,228,3460,91.0,0.0,38,44,46,38,38
ORG0339,346,346.0,0.0,1,0.0,0.0,0.0,0.0,0.0,0.0,0.0,0.0,1023,136.0,0.0,211,10034,1358.0,0.0,50,28,46,47,20
ORM0669,435,175.0,0.0,2,0.0,0.0,0.0,0.0,0.0,0.0,0.0,0.0,3019,23.0,0.0,1998,32775,353.0,0.0,44,39,28,39,36
OSH0655,346,0.0,0.0,1,0.0,0.0,0.0,0.0,0.0,0.0,0.0,0.0,1014,275.0,0.0,414,10034,3009.0,0.0,16,21,42,39,28
OYM0026,377,4.0,0.0,3,0.0,0.0,0.0,0.0,0.0,0.0,0.0,0.0,2994,161.0,0.0,593,32870,1514.0,0.0,23,26,18,36,28
PAD0773,698,0.0,0.0,3,247.0,124.0,0.0,0.0,1.0,2558.0,0.0,0.0,1012,0.0,0.0,192,10380,0.0,0.0,36,21,14,16,38
PBP0002,346,151.0,0.0,1,0.0,0.0,0.0,0.0,0.0,0.0,0.0,0.0,3629,48.0,0.0,0,39330,538.0,0.0,49,35,23,10,27
PDH0716,651,350.0,0.0,3,1347.0,677.0,19.0,0.0,1.0,1723.0,19.0,0.0,337,17.0,0.0,302,3460,201.0,0.0,40,16,14,10,24
PDW0259,653,365.0,0.0,40,0.0,0.0,0.0,0.0,0.0,0.0,0.0,0.0,2998,225.0,0.0,550,32870,1568.0,0.0,43,32,38,36,33
PES0085,614,346.0,0.0,1,0.0,0.0,0.0,0.0,0.0,0.0,0.0,0.0,3694,272.0,0.0,2898,39444,1891.0,0.0,35,24,18,30,22
PEV0323,686,397.0,6.0,3,0.0,0.0,0.0,0.0,0.0,0.0,0.0,0.0,5304,379.0,0.0,3344,56052,4363.0,0.0,47,34,40,22,29
PGC0066,346,156.0,0.0,1,0.0,0.0,0.0,0.0,0.0,0.0,0.0,0.0,3676,92.0,0.0,1499,39444,909.0,0.0,32,39,28,43,26
PGH0184,406,229.0,0.0,1,0.0,0.0,0.0,0.0,0.0,0.0,0.0,0.0,673,102.0,0.0,566,6641,980.0,0.0,30,35,33,22,25
PGO0433,346,164.0,0.0,1,0.0,0.0,0.0,0.0,0.0,0.0,0.0,0.0,2993,46.0,0.0,1257,32870,352.0,0.0,44,40,19,46,35
PID0426,451,246.0,6.0,19,0.0,0.0,0.0,0.0,0.0,0.0,0.0,0.0,3001,65.0,0.0,1843,32870,1002.0,0.0,43,19,39,44,23
PIS0522,692,0.0,0.0,3,0.0,0.0,0.0,0.0,0.0,0.0,0.0,0.0,994,0.0,0.0,782,10034,0.0,0.0,44,26,48,40,35
PKB0281,346,0.0,0.0,1,0.0,0.0,0.0,0.0,0.0,0.0,0.0,0.0,3021,114.0,0.0,0,32870,1334.0,0.0,39,12,44,26,25
PKB0429,346,157.0,0.0,1,0.0,0.0,0.0,0.0,0.0,0.0,0.0,0.0,3022,46.0,0.0,995,32870,318.0,0.0,34,42,43,40,22
PLH0715,346,346.0,0.0,1,0.0,0.0,0.0,0.0,0.0,0.0,0.0,0.0,332,17.0,0.0,118,3460,180.0,0.0,42,37,19,37,29
PLH0862,346,346.0,0.0,1,0.0,0.0,0.0,0.0,0.0,0.0,0.0,0.0,5044,216.0,0.0,0,56052,2257.0,0.0,32,37,25,16,32
PMC0328,621,346.0,0.0,1,1334.0,670.0,61.0,0.0,1.0,656.0,34.0,0.0,1003,143.0,0.0,665,10034,1499.0,0.0,20,43,10,36,33
PMJ0564,742,27.0,1.0,2,0.0,0.0,0.0,0.0,0.0,0.0,0.0,0.0,3014,43.0,0.0,2215,32870,560.0,0.0,30,21,40,14,39
PMV0850,671,41.0,0.0,3,748.0,376.0,36.0,0.0,1.0,490.0,61.0,0.0,340,56.0,0.0,71,3450,687.0,0.0,23,39,12,42,23
PNH0761,435,51.0,4.0,3,242.0,121.0,1.0,0.0,1.0,2106.0,2.0,0.0,992,0.0,0.0,250,9342,116.0,0.0,36,49,27,32,30
PNL0301,156,0.0,0.0,1,653.0,330.0,0.0,0.0,1.0,296.0,0.0,0.0,164,2.0,0.0,69,1674,25.0,0.0,50,43,30,43,31
POB0343,346,346.0,0.0,1,0.0,0.0,0.0,0.0,0.0,0.0,0.0,0.0,1009,128.0,0.0,0,10034,1325.0,0.0,46,19,44,27,34
PPF0435,294,143.0,0.0,1,54.0,27.0,27.0,0.0,1.0,1.0,1.0,0.0,2759,71.0,0.0,560,27551,375.0,0.0,42,17,48,24,27
PRM0740,346,158.0,0.0,1,0.0,0.0,0.0,0.0,0.0,0.0,0.0,0.0,4999,48.0,0.0,0,56052,567.0,0.0,45,40,45,42,27
PSF0133,190,0.0,0.0,1,813.0,408.0,2.0,0.0,1.0,449.0,2.0,0.0,200,1.0,0.0,0,2028,31.0,0.0,42,40,11,36,33
PTH0552,611,156.0,0.0,1,0.0,0.0,0.0,0.0,0.0,0.0,0.0,0.0,3018,72.0,0.0,1423,32870,557.0,0.0,20,13,32,20,28
PTH0830,425,0.0,74.0,1,0.0,0.0,0.0,0.0,0.0,0.0,0.0,0.0,411,66.0,72.0,83,4250,886.0,740.0,43,44,42,43,34
QCH0110,305,0.0,0.0,1,0.0,0.0,0.0,0.0,0.0,0.0,0.0,0.0,884,53.0,0.0,0,8845,476.0,0.0,34,35,17,37,27
QJR0688,483,20.0,20.0,5,798.0,401.0,22.0,16.0,1.0,1069.0,84.0,43.0,3532,422.0,126.0,2195,34200,4495.0,1235.0,19,18,22,26,35
QNF0205,346,346.0,0.0,1,0.0,0.0,0.0,0.0,0.0,0.0,0.0,0.0,3670,403.0,0.0,612,39444,3942.0,0.0,35,41,22,21,29
QNP0216,1407,1246.0,0.0,639,0.0,0.0,0.0,0.0,0.0,0.0,0.0,0.0,3710,368.0,0.0,0,39239,3397.0,0.0,19,35,39,26,34
QOS0878,248,117.0,55.0,9,476.0,239.0,9.0,50.0,1.0,127.0,3.0,38.0,1547,62.0,349.0,1109,18306,791.0,4050.0,18,12,20,16,29
QPM0727,346,154.0,0.0,1,0.0,0.0,0.0,0.0,0.0,0.0,0.0,0.0,4991,100.0,0.0,0,56052,717.0,0.0,43,40,18,34,34
QRM0739,365,146.0,0.0,3,5962.0,2989.0,23.0,0.0,1.0,8401.0,37.0,0.0,5400,69.0,0.0,3135,56052,497.0,0.0,33,11,26,29,30
QSV0778,346,0.0,0.0,1,0.0,0.0,0.0,0.0,0.0,0.0,0.0,0.0,1011,0.0,0.0,0,10034,0.0,0.0,17,23,36,35,33
RAB0589,432,8.0,1.0,9,8.0,4.0,4.0,2.0,1.0,2.0,2.0,2.0,191,18.0,0.0,124,1766,189.0,1.0,36,35,26,14,31
RAG0275,346,346.0,0.0,1,0.0,0.0,0.0,0.0,0.0,0.0,0.0,0.0,2993,340.0,0.0,1259,32870,3399.0,0.0,23,38,35,41,32
RAH0440,346,156.0,0.0,1,0.0,0.0,0.0,0.0,0.0,0.0,0.0,0.0,3024,38.0,0.0,0,32870,372.0,0.0,18,15,43,16,24
RAM0447,806,205.0,178.0,1,0.0,0.0,0.0,0.0,0.0,0.0,0.0,0.0,432,14.0,94.0,267,4490,147.0,980.0,35,12,23,45,39
RAR0725,171,171.0,0.0,1,696.0,348.0,13.0,0.0,1.0,355.0,8.0,0.0,176,11.0,0.0,45,1859,85.0,0.0,32,32,25,20,35
RAS0432,603,163.0,0.0,1,0.0,0.0,0.0,0.0,0.0,0.0,0.0,0.0,2984,58.0,0.0,2215,32870,407.0,0.0,44,47,40,41,16
RAW0915,762,16.0,94.0,28,872.0,438.0,69.0,62.0,1.0,459.0,104.0,50.0,3490,591.0,398.0,2019,40300,6852.0,4900.0,43,50,21,43,24
RBB0485,346,0.0,0.0,1,0.0,0.0,0.0,0.0,0.0,0.0,0.0,0.0,5019,0.0,0.0,0,56052,0.0,0.0,40,40,35,30,26
RCC0617,346,141.0,0.0,1,0.0,0.0,0.0,0.0,0.0,0.0,0.0,0.0,5053,51.0,0.0,0,56052,522.0,0.0,33,50,13,12,27
RCP0785,346,0.0,0.0,1,0.0,0.0,0.0,0.0,0.0,0.0,0.0,0.0,1004,0.0,0.0,0,10034,0.0,0.0,42,38,43,30,32
RDM0115,346,346.0,0.0,1,0.0,0.0,0.0,0.0,0.0,0.0,0.0,0.0,3677,327.0,0.0,1491,39330,3081.0,0.0,42,17,39,15,30
RDM0150,346,0.0,0.0,1,0.0,0.0,0.0,0.0,0.0,0.0,0.0,0.0,1679,0.0,0.0,372,16560,0.0,0.0,39,15,37,26,30
RDT0424,690,173.0,0.0,3,710.0,359.0,1.0,0.0,1.0,464.0,0.0,0.0,3012,78.0,0.0,1755,32870,600.0,0.0,38,44,19,34,28
RFP0380,346,156.0,0.0,1,0.0,0.0,0.0,0.0,0.0,0.0,0.0,0.0,2996,49.0,0.0,1092,32870,392.0,0.0,39,39,20,20,32
RGG0064,401,226.0,0.0,1,12.0,6.0,6.0,0.0,1.0,12.0,12.0,0.0,1900,282.0,0.0,1561,21093,2788.0,0.0,36,19,20,42,34
RGH0728,281,135.0,0.0,1,0.0,0.0,0.0,0.0,0.0,0.0,0.0,0.0,4114,69.0,0.0,1423,45522,436.0,0.0,19,20,37,18,29
RGN0408,345,172.0,0.0,1,0.0,0.0,0.0,0.0,0.0,0.0,0.0,0.0,3026,49.0,0.0,2377,32870,565.0,0.0,11,21,22,22,32
RHC0335,346,346.0,0.0,1,0.0,0.0,0.0,0.0,0.0,0.0,0.0,0.0,1006,148.0,0.0,0,10034,1472.0,0.0,36,35,40,46,25
RHL0992,321,3.0,0.0,4,735.0,370.0,97.0,0.0,1.0,370.0,95.0,0.0,1575,515.0,0.0,926,16859,4995.0,0.0,36,10,39,37,36
RHO0732,813,240.0,3.0,3,1374.0,690.0,22.0,0.0,1.0,855.0,24.0,0.0,5015,60.0,0.0,2629,56052,2113.0,0.0,20,10,21,19,34
RHP0484,653,0.0,0.0,3,0.0,0.0,0.0,0.0,0.0,0.0,0.0,0.0,5302,0.0,0.0,905,55890,0.0,0.0,35,37,24,16,31
RHY0079,358,2.0,0.0,2,0.0,0.0,0.0,0.0,0.0,0.0,0.0,0.0,6102,270.0,0.0,1371,65740,2884.0,0.0,20,19,14,21,26
RIH0777,346,0.0,0.0,1,0.0,0.0,0.0,0.0,0.0,0.0,0.0,0.0,996,0.0,0.0,316,10034,0.0,0.0,26,44,19,16,27
RJB0088,346,346.0,0.0,1,0.0,0.0,0.0,0.0,0.0,0.0,0.0,0.0,3002,165.0,0.0,0,32870,1457.0,0.0,20,42,37,45,24
RJM0381,364,155.0,0.0,3,0.0,0.0,0.0,0.0,0.0,0.0,0.0,0.0,3024,50.0,0.0,2396,32870,293.0,0.0,41,47,44,41,25
RKD0604,154,85.0,0.0,1,40.0,20.0,20.0,0.0,1.0,49.0,49.0,0.0,2179,17.0,0.0,389,24302,492.0,0.0,17,46,36,38,31
RKF0164,335,335.0,0.0,1,0.0,0.0,0.0,0.0,0.0,0.0,0.0,0.0,2926,302.0,0.0,1717,31730,3543.0,0.0,40,42,17,18,42
RLB0719,364,364.0,1.0,1,0.0,0.0,0.0,0.0,0.0,0.0,0.0,0.0,331,21.0,0.0,249,3460,229.0,0.0,14,18,15,40,35
RLG0856,651,370.0,2.0,1,738.0,371.0,21.0,0.0,1.0,334.0,21.0,0.0,4908,278.0,0.0,2570,58650,3118.0,0.0,18,36,42,18,26
RMS0266,346,346.0,0.0,1,0.0,0.0,0.0,0.0,0.0,0.0,0.0,0.0,3002,251.0,0.0,0,32775,2871.0,0.0,33,40,25,23,37
RMW0542,161,79.0,0.0,1,743.0,373.0,3.0,0.0,1.0,330.0,0.0,0.0,1406,41.0,0.0,0,15418,335.0,0.0,17,21,20,13,41
RNF0765,346,0.0,0.0,1,0.0,0.0,0.0,0.0,0.0,0.0,0.0,0.0,993,0.0,0.0,0,10034,0.0,0.0,41,22,37,41,25
RNL0695,614,0.0,0.0,1,0.0,0.0,0.0,0.0,0.0,0.0,0.0,0.0,3029,360.0,0.0,1135,32870,4227.0,0.0,47,41,44,19,36
RNP0211,625,346.0,0.0,1,2129.0,1073.0,43.0,0.0,1.0,2638.0,72.0,0.0,4664,303.0,0.0,3417,49478,2470.0,0.0,39,15,25,40,30
ROB0272,345,345.0,0.0,1,0.0,0.0,0.0,0.0,0.0,0.0,0.0,0.0,3002,330.0,0.0,0,32870,3267.0,0.0,39,45,23,41,34
RRA0938,608,346.0,0.0,1,0.0,0.0,0.0,0.0,0.0,0.0,0.0,0.0,3017,385.0,0.0,2014,32870,3983.0,0.0,35,36,21,38,29
RRC0553,135,40.0,23.0,2,161.0,81.0,0.0,14.0,1.0,1342.0,0.0,202.0,675,18.0,105.0,136,7220,160.0,1140.0,40,14,24,38,29
RRP0568,649,0.0,0.0,2,757.0,381.0,0.0,0.0,1.0,1450.0,0.0,0.0,2989,40.0,0.0,1836,32870,313.0,0.0,43,50,38,18,33
RSC0089,815,440.0,37.0,27,5776.0,2896.0,175.0,124.0,1.0,865.0,45.0,43.0,3208,186.0,135.0,1897,32850,2239.0,1440.0,41,26,35,21,29
RSM0277,740,379.0,0.0,3,780.0,393.0,32.0,0.0,1.0,393.0,27.0,0.0,2993,401.0,0.0,1737,32775,3430.0,0.0,37,38,20,50,22
RTO0313,722,413.0,5.0,2,0.0,0.0,0.0,0.0,0.0,0.0,0.0,0.0,5015,354.0,0.0,2682,56052,4285.0,0.0,44,45,25,17,27
RUM0880,660,380.0,4.0,2,1398.0,701.0,32.0,0.0,1.0,2199.0,66.0,0.0,5004,189.0,0.0,3869,55890,2862.0,0.0,40,37,17,38,26
RVC0232,346,157.0,0.0,1,0.0,0.0,0.0,0.0,0.0,0.0,0.0,0.0,3068,467.0,0.0,1078,32870,4152.0,0.0,34,20,47,38,25
RVF0201,635,349.0,0.0,2,687.0,345.0,29.0,0.0,1.0,252.0,8.0,0.0,3692,507.0,0.0,1838,39444,4384.0,0.0,36,32,38,29,28
RYB0718,346,346.0,0.0,1,0.0,0.0,0.0,0.0,0.0,0.0,0.0,0.0,336,14.0,0.0,111,3460,208.0,0.0,19,18,42,13,21
RZC0746,925,222.0,241.0,10,0.0,0.0,0.0,0.0,0.0,0.0,0.0,0.0,6893,119.0,1745.0,3457,77760,690.0,20088.0,15,38,33,43,26
SAA0999,630,0.0,0.0,2,5971.0,2992.0,325.0,0.0,1.0,8468.0,1038.0,0.0,3016,423.0,0.0,1796,31140,4340.0,0.0,20,17,34,11,36
SAB0781,622,0.0,0.0,1,733.0,369.0,0.0,0.0,1.0,1441.0,0.0,0.0,1003,0.0,0.0,874,10005,0.0,0.0,36,35,24,30,28
SAC0592,614,0.0,0.0,1,0.0,0.0,0.0,0.0,0.0,0.0,0.0,0.0,341,24.0,0.0,241,3460,323.0,0.0,24,18,23,42,26
SAC0687,346,0.0,0.0,1,0.0,0.0,0.0,0.0,0.0,0.0,0.0,0.0,3034,419.0,0.0,571,32870,4040.0,0.0,20,49,37,19,22
SAH0599,346,0.0,0.0,1,0.0,0.0,0.0,0.0,0.0,0.0,0.0,0.0,334,31.0,0.0,169,3460,341.0,0.0,13,22,44,18,22
SAK0375,1414,903.0,0.0,629,0.0,0.0,0.0,0.0,0.0,0.0,0.0,0.0,3649,0.0,0.0,2945,39444,0.0,0.0,16,20,27,16,31
SAP0867,146,146.0,0.0,1,0.0,0.0,0.0,0.0,0.0,0.0,0.0,0.0,2138,115.0,0.0,0,23652,931.0,0.0,13,25,43,19,30
SAT0194,346,0.0,0.0,1,0.0,0.0,0.0,0.0,0.0,0.0,0.0,0.0,3649,190.0,0.0,1248,39444,1389.0,0.0,14,19,36,23,35
SBD0913,346,346.0,0.0,1,0.0,0.0,0.0,0.0,0.0,0.0,0.0,0.0,1008,125.0,0.0,728,10034,1152.0,0.0,45,16,19,19,42
SBH0537,694,0.0,53.0,1,278.0,140.0,0.0,9.0,1.0,428.0,0.0,21.0,4812,49.0,367.0,2556,55198,610.0,4576.0,34,21,14,13,33
SBK0161,707,43.0,0.0,3,0.0,0.0,0.0,0.0,0.0,0.0,0.0,0.0,6001,705.0,0.0,3162,65740,6878.0,0.0,14,27,23,41,39
SBN0495,346,0.0,0.0,1,0.0,0.0,0.0,0.0,0.0,0.0,0.0,0.0,5107,0.0,0.0,1817,56052,0.0,0.0,39,22,43,24,21
SBN0866,372,372.0,1.0,1,751.0,377.0,12.0,0.0,1.0,5864.0,57.0,0.0,5047,256.0,0.0,2647,56052,2709.0,0.0,41,34,41,24,22
SBN0971,449,449.0,94.0,1,350.0,176.0,12.0,33.0,1.0,577.0,24.0,138.0,434,46.0,91.0,268,4490,647.0,940.0,41,40,17,47,30
SBQ0786,346,0.0,0.0,1,0.0,0.0,0.0,0.0,0.0,0.0,0.0,0.0,4659,0.0,0.0,1812,49335,0.0,0.0,41,17,19,44,34
SCB0534,346,0.0,0.0,1,0.0,0.0,0.0,0.0,0.0,0.0,0.0,0.0,1014,0.0,0.0,0,10034,0.0,0.0,20,18,35,22,29
SCF0608,346,165.0,0.0,1,0.0,0.0,0.0,0.0,0.0,0.0,0.0,0.0,5377,65.0,0.0,1083,56052,641.0,0.0,35,18,42,42,36
SCP0130,459,0.0,0.0,2,1427.0,717.0,1.0,0.0,1.0,1615.0,7.0,0.0,1001,14.0,0.0,797,10034,106.0,0.0,42,18,35,32,24
SDB0106,696,18.0,0.0,3,0.0,0.0,0.0,0.0,0.0,0.0,0.0,0.0,3031,214.0,0.0,1501,32870,1658.0,0.0,35,46,26,27,37
SDF0017,346,167.0,0.0,1,0.0,0.0,0.0,0.0,0.0,0.0,0.0,0.0,3690,75.0,0.0,1264,39444,710.0,0.0,11,40,39,18,30
SDO0170,607,346.0,0.0,1,0.0,0.0,0.0,0.0,0.0,0.0,0.0,0.0,5016,285.0,0.0,2911,55728,3521.0,0.0,35,47,22,45,26
SED0886,718,29.0,2.0,2,0.0,0.0,0.0,0.0,0.0,0.0,0.0,0.0,1014,63.0,0.0,596,10034,519.0,0.0,22,18,18,35,28
SEJ0677,176,78.0,0.0,1,0.0,0.0,0.0,0.0,0.0,0.0,0.0,0.0,1535,27.0,0.0,0,16720,215.0,0.0,44,39,23,36,25
SER0165,346,346.0,0.0,1,0.0,0.0,0.0,0.0,0.0,0.0,0.0,0.0,3699,542.0,0.0,0,39330,5022.0,0.0,20,15,24,17,27
SES0477,622,0.0,0.0,1,0.0,0.0,0.0,0.0,0.0,0.0,0.0,0.0,5005,0.0,0.0,3881,56052,0.0,0.0,38,40,13,39,29
SGB0140,728,8.0,0.0,3,0.0,0.0,0.0,0.0,0.0,0.0,0.0,0.0,336,2.0,0.0,214,3460,36.0,0.0,50,45,40,16,24
SGG0787,602,0.0,0.0,1,0.0,0.0,0.0,0.0,0.0,0.0,0.0,0.0,4651,1101.0,0.0,3635,49478,11464.0,0.0,14,27,10,20,31
SGM0021,625,346.0,0.0,1,2069.0,1039.0,93.0,0.0,1.0,2596.0,165.0,0.0,3682,453.0,0.0,2135,39444,3286.0,0.0,41,12,26,41,33
SGS0268,346,346.0,0.0,1,0.0,0.0,0.0,0.0,0.0,0.0,0.0,0.0,3026,309.0,0.0,650,32870,3214.0,0.0,47,45,30,19,22
SHR0334,346,346.0,0.0,1,0.0,0.0,0.0,0.0,0.0,0.0,0.0,0.0,1011,169.0,0.0,0,10034,1462.0,0.0,36,41,45,19,31
SHW0578,346,0.0,0.0,1,0.0,0.0,0.0,0.0,0.0,0.0,0.0,0.0,333,20.0,0.0,179,3460,355.0,0.0,39,42,14,49,31
SIJ0661,346,154.0,0.0,1,0.0,0.0,0.0,0.0,0.0,0.0,0.0,0.0,4681,68.0,0.0,817,49335,443.0,0.0,40,17,14,15,21
SJC0333,457,361.0,0.0,2,0.0,0.0,0.0,0.0,0.0,0.0,0.0,0.0,1011,154.0,0.0,798,10034,1398.0,0.0,22,39,31,36,29
SJF0094,346,346.0,0.0,1,0.0,0.0,0.0,0.0,0.0,0.0,0.0,0.0,3360,354.0,0.0,2141,32870,2803.0,0.0,35,19,16,44,30
SJO0209,753,374.0,0.0,3,264.0,133.0,8.0,0.0,1.0,372.0,14.0,0.0,4775,388.0,0.0,3740,50479,2757.0,0.0,39,45,18,39,35
SJW0451,346,174.0,0.0,1,0.0,0.0,0.0,0.0,0.0,0.0,0.0,0.0,339,5.0,0.0,0,3460,76.0,0.0,43,30,16,50,28
SKG0759,346,0.0,0.0,1,0.0,0.0,0.0,0.0,0.0,0.0,0.0,0.0,1002,0.0,0.0,906,10034,0.0,0.0,22,15,43,41,26
SLB0049,346,0.0,0.0,1,0.0,0.0,0.0,0.0,0.0,0.0,0.0,0.0,6061,0.0,0.0,2460,65740,0.0,0.0,14,27,16,22,20
SLP0762,346,0.0,0.0,1,0.0,0.0,0.0,0.0,0.0,0.0,0.0,0.0,1002,0.0,0.0,360,10034,0.0,0.0,26,13,40,18,26
SLT0907,173,0.0,0.0,1,0.0,0.0,0.0,0.0,0.0,0.0,0.0,0.0,499,17.0,0.0,233,5017,222.0,0.0,16,15,43,27,27
SMB0804,346,0.0,0.0,1,0.0,0.0,0.0,0.0,0.0,0.0,0.0,0.0,3039,0.0,0.0,0,32870,0.0,0.0,38,10,19,36,33
SMH0291,957,1.0,251.0,3,0.0,0.0,0.0,0.0,0.0,0.0,0.0,0.0,467,7.0,123.0,111,4800,51.0,1270.0,23,22,10,24,32
SMW0084,346,159.0,0.0,1,0.0,0.0,0.0,0.0,0.0,0.0,0.0,0.0,3044,51.0,0.0,1262,32870,377.0,0.0,20,37,39,48,27
SMY0792,686,0.0,0.0,20,758.0,380.0,0.0,0.0,1.0,1209.0,0.0,0.0,3021,0.0,0.0,1664,32870,0.0,0.0,43,37,39,42,25
SNC0187,300,300.0,0.0,1,251.0,126.0,10.0,0.0,1.0,2321.0,83.0,0.0,876,114.0,0.0,523,8700,1241.0,0.0,40,41,42,30,27
SNS0129,346,346.0,0.0,1,0.0,0.0,0.0,0.0,0.0,0.0,0.0,0.0,3717,391.0,0.0,1582,39444,4015.0,0.0,26,10,43,35,30
SOB0360,890,568.0,0.0,479,0.0,0.0,0.0,0.0,0.0,0.0,0.0,0.0,2436,0.0,0.0,0,25764,0.0,0.0,42,22,40,16,32
SOB0586,346,0.0,0.0,1,0.0,0.0,0.0,0.0,0.0,0.0,0.0,0.0,331,24.0,0.0,0,3460,334.0,0.0,45,35,23,24,30
SOF0808,346,0.0,0.0,1,0.0,0.0,0.0,0.0,0.0,0.0,0.0,0.0,3027,664.0,0.0,1026,32870,7745.0,0.0,45,40,38,22,27
SOG0411,346,154.0,0.0,1,0.0,0.0,0.0,0.0,0.0,0.0,0.0,0.0,3003,70.0,0.0,2031,32870,615.0,0.0,26,19,21,24,23
SPA0141,688,414.0,5.0,1,0.0,0.0,0.0,0.0,0.0,0.0,0.0,0.0,3635,405.0,0.0,2507,37368,4608.0,0.0,43,22,10,21,29
SRH0155,742,402.0,27.0,3,0.0,0.0,0.0,0.0,0.0,0.0,0.0,0.0,3892,628.0,132.0,2203,41040,5438.0,1368.0,34,14,37,45,28
SRS0231,346,171.0,0.0,1,0.0,0.0,0.0,0.0,0.0,0.0,0.0,0.0,3024,417.0,0.0,621,32870,4047.0,0.0,17,44,36,32,26
SSG0250,626,156.0,0.0,1,0.0,0.0,0.0,0.0,0.0,0.0,0.0,0.0,3015,71.0,0.0,2287,32775,325.0,0.0,35,40,20,36,25
SSH0799,737,0.0,0.0,3,0.0,0.0,0.0,0.0,0.0,0.0,0.0,0.0,3001,0.0,0.0,1323,32870,0.0,0.0,23,18,31,31,40
SSJ0784,908,90.0,210.0,1,0.0,0.0,0.0,0.0,0.0,0.0,0.0,0.0,1291,0.0,293.0,654,13137,330.0,2987.0,19,39,12,45,34
SSR0278,196,0.0,0.0,1,0.0,0.0,0.0,0.0,0.0,0.0,0.0,0.0,1688,89.0,0.0,0,18620,770.0,0.0,34,32,45,15,24
SSS0345,346,346.0,0.0,1,0.0,0.0,0.0,0.0,0.0,0.0,0.0,0.0,1011,133.0,0.0,0,10034,1397.0,0.0,40,21,38,16,20
SVL0803,346,0.0,0.0,1,0.0,0.0,0.0,0.0,0.0,0.0,0.0,0.0,3033,0.0,0.0,649,32870,0.0,0.0,27,35,20,36,32
SVL0940,346,346.0,0.0,1,0.0,0.0,0.0,0.0,0.0,0.0,0.0,0.0,2991,296.0,0.0,983,32870,3612.0,0.0,15,42,26,15,34
SVS0871,738,358.0,0.0,3,0.0,0.0,0.0,0.0,0.0,0.0,0.0,0.0,5038,157.0,0.0,3635,56052,2042.0,0.0,23,15,34,28,33
SXM0895,346,0.0,0.0,1,0.0,0.0,0.0,0.0,0.0,0.0,0.0,0.0,1003,47.0,0.0,188,10034,474.0,0.0,14,18,15,33,25
TAC0300,346,0.0,0.0,1,0.0,0.0,0.0,0.0,0.0,0.0,0.0,0.0,344,10.0,0.0,0,3450,50.0,0.0,15,38,18,18,36
TAP0551,417,113.0,1.0,3,10.0,5.0,5.0,1.0,1.0,21.0,21.0,0.0,1960,40.0,0.0,1285,21377,514.0,6.0,25,17,27,20,22
TBT0461,346,161.0,0.0,1,0.0,0.0,0.0,0.0,0.0,0.0,0.0,0.0,339,8.0,0.0,150,3460,85.0,0.0,43,42,13,30,28
TCD0009,346,0.0,0.0,1,0.0,0.0,0.0,0.0,0.0,0.0,0.0,0.0,3674,0.0,0.0,1612,39444,0.0,0.0,44,28,44,38,23
TDG0962,747,360.0,0.0,2,0.0,0.0,0.0,0.0,0.0,0.0,0.0,0.0,336,51.0,0.0,187,3450,488.0,0.0,42,40,36,26,21
TDJ0998,622,0.0,0.0,1,0.0,0.0,0.0,0.0,0.0,0.0,0.0,0.0,3013,464.0,0.0,1046,32870,4901.0,0.0,34,40,10,42,36
TDS0984,836,438.0,161.0,39,346.0,174.0,8.0,31.0,1.0,3378.0,63.0,655.0,3735,187.0,694.0,678,40850,1928.0,7600.0,39,39,15,40,38
TEB0251,636,148.0,0.0,2,0.0,0.0,0.0,0.0,0.0,0.0,0.0,0.0,3029,34.0,0.0,1565,32870,278.0,0.0,44,50,22,13,36
TEM0093,247,247.0,0.0,1,0.0,0.0,0.0,0.0,0.0,0.0,0.0,0.0,2158,223.0,0.0,725,23465,2181.0,0.0,28,24,45,14,30
TEM0977,346,167.0,0.0,1,0.0,0.0,0.0,0.0,0.0,0.0,0.0,0.0,3694,52.0,0.0,0,39444,732.0,0.0,22,19,40,45,29
TET0621,469,163.0,0.0,3,0.0,0.0,0.0,0.0,0.0,0.0,0.0,0.0,5032,45.0,0.0,4136,56052,521.0,0.0,30,37,44,32,27
THD0448,346,163.0,0.0,1,0.0,0.0,0.0,0.0,0.0,0.0,0.0,0.0,334,9.0,0.0,68,3460,67.0,0.0,41,32,29,38,32
THR0873,370,362.0,1.0,2,5466.0,2742.0,115.0,0.0,1.0,8525.0,277.0,0.0,5032,259.0,0.0,3447,58820,2804.0,0.0,37,44,21,40,38
TIW0299,346,0.0,0.0,1,0.0,0.0,0.0,0.0,0.0,0.0,0.0,0.0,337,3.0,0.0,143,3460,53.0,0.0,34,19,19,12,31
TJB0302,346,0.0,0.0,1,0.0,0.0,0.0,0.0,0.0,0.0,0.0,0.0,334,4.0,0.0,76,3460,45.0,0.0,42,47,24,40,29
TJD0996,346,0.0,0.0,1,0.0,0.0,0.0,0.0,0.0,0.0,0.0,0.0,3015,446.0,0.0,2149,32870,4529.0,0.0,34,22,42,16,32
TJG0582,346,0.0,0.0,1,0.0,0.0,0.0,0.0,0.0,0.0,0.0,0.0,336,25.0,0.0,0,3450,327.0,0.0,42,50,18,15,29
TLH0648,346,0.0,0.0,1,0.0,0.0,0.0,0.0,0.0,0.0,0.0,0.0,1011,280.0,0.0,0,10034,2889.0,0.0,32,35,18,24,26
TLK0993,346,0.0,0.0,1,0.0,0.0,0.0,0.0,0.0,0.0,0.0,0.0,3014,879.0,0.0,0,32870,9292.0,0.0,41,36,40,35,22
TLM0797,346,0.0,0.0,1,0.0,0.0,0.0,0.0,0.0,0.0,0.0,0.0,3009,0.0,0.0,2452,32870,0.0,0.0,43,42,34,23,36
TMA0069,346,164.0,0.0,1,0.0,0.0,0.0,0.0,0.0,0.0,0.0,0.0,3057,82.0,0.0,1091,32870,463.0,0.0,33,38,42,14,33
TNM0961,477,265.0,0.0,3,984.0,494.0,56.0,0.0,1.0,526.0,41.0,0.0,247,38.0,0.0,178,2525,399.0,0.0,37,50,39,17,32
TOR0193,639,3.0,0.0,3,0.0,0.0,0.0,0.0,0.0,0.0,0.0,0.0,3640,204.0,0.0,2785,39330,1671.0,0.0,30,40,25,45,30
TPH0474,346,169.0,0.0,1,0.0,0.0,0.0,0.0,0.0,0.0,0.0,0.0,388,10.0,0.0,0,3460,86.0,0.0,44,39,14,21,35
TQS0212,352,349.0,0.0,7,0.0,0.0,0.0,0.0,0.0,0.0,0.0,0.0,4661,399.0,0.0,2300,49478,2673.0,0.0,14,42,45,20,27
TRK0914,345,0.0,0.0,1,0.0,0.0,0.0,0.0,0.0,0.0,0.0,0.0,3002,460.0,0.0,1139,32870,5504.0,0.0,40,19,14,33,30
TSB0437,346,163.0,0.0,1,0.0,0.0,0.0,0.0,0.0,0.0,0.0,0.0,1020,15.0,0.0,234,10034,112.0,0.0,26,23,16,30,26
TSG0906,608,0.0,0.0,1,0.0,0.0,0.0,0.0,0.0,0.0,0.0,0.0,1008,46.0,0.0,845,10005,477.0,0.0,41,21,40,28,28
TSM0363,1397,905.0,0.0,624,0.0,0.0,0.0,0.0,0.0,0.0,0.0,0.0,3629,0.0,0.0,1469,39400,0.0,0.0,34,19,20,39,33
TSM0927,346,0.0,0.0,1,0.0,0.0,0.0,0.0,0.0,0.0,0.0,0.0,3096,548.0,0.0,1343,32870,5250.0,0.0,33,21,10,37,26
TSR0676,619,159.0,0.0,1,1424.0,716.0,6.0,0.0,1.0,532.0,3.0,0.0,3015,45.0,0.0,1556,34600,406.0,0.0,43,40,26,19,33
TTD1000,346,0.0,0.0,1,0.0,0.0,0.0,0.0,0.0,0.0,0.0,0.0,3000,368.0,0.0,1085,32870,4381.0,0.0,34,34,24,40,29
TUC0632,346,0.0,0.0,1,0.0,0.0,0.0,0.0,0.0,0.0,0.0,0.0,1019,291.0,0.0,0,10034,2911.0,0.0,38,44,10,13,31
TVS0006,630,0.0,0.0,3,0.0,0.0,0.0,0.0,0.0,0.0,0.0,0.0,8994,0.0,0.0,7259,98610,0.0,0.0,43,43,37,20,41
TVS0050,806,449.0,7.0,3,0.0,0.0,0.0,0.0,0.0,0.0,0.0,0.0,6253,876.0,0.0,3063,65740,11146.0,0.0,40,38,18,30,29
TYB0779,616,0.0,0.0,1,0.0,0.0,0.0,0.0,0.0,0.0,0.0,0.0,989,0.0,0.0,830,10034,0.0,0.0,24,20,35,36,34
UAD0771,647,0.0,0.0,2,1384.0,696.0,0.0,0.0,1.0,1873.0,0.0,0.0,996,0.0,0.0,540,10034,0.0,0.0,46,34,15,30,31
UBF0645,346,0.0,0.0,1,0.0,0.0,0.0,0.0,0.0,0.0,0.0,0.0,1005,292.0,0.0,0,10005,2864.0,0.0,34,20,34,23,31
UCH0519,279,0.0,0.0,1,0.0,0.0,0.0,0.0,0.0,0.0,0.0,0.0,812,0.0,0.0,255,8091,0.0,0.0,33,40,20,47,28
UCS0227,346,164.0,0.0,1,0.0,0.0,0.0,0.0,0.0,0.0,0.0,0.0,3048,407.0,0.0,0,32870,4176.0,0.0,22,32,41,35,34
UFK0208,704,354.0,0.0,2,0.0,0.0,0.0,0.0,0.0,0.0,0.0,0.0,4709,374.0,0.0,1848,49478,2595.0,0.0,18,34,22,23,30
UIR0043,1430,1269.0,0.0,631,0.0,0.0,0.0,0.0,0.0,0.0,0.0,0.0,3720,435.0,0.0,1267,39375,3736.0,0.0,19,37,23,38,32
UJC0737,346,156.0,0.0,1,0.0,0.0,0.0,0.0,0.0,0.0,0.0,0.0,4987,52.0,0.0,2245,56052,507.0,0.0,16,12,12,38,25
USH0199,349,349.0,0.0,4,222.0,112.0,9.0,0.0,1.0,142.0,1.0,0.0,3052,286.0,0.0,1864,32870,3093.0,0.0,44,39,46,36,25
VAA0087,691,357.0,0.0,3,0.0,0.0,0.0,0.0,0.0,0.0,0.0,0.0,3011,184.0,0.0,1894,32870,1869.0,0.0,36,44,42,18,23
VCC0396,698,210.0,3.0,2,1433.0,719.0,54.0,0.0,1.0,1616.0,177.0,0.0,3021,476.0,0.0,2431,32870,4767.0,0.0,21,45,16,37,23
VCY0751,620,174.0,0.0,1,0.0,0.0,0.0,0.0,0.0,0.0,0.0,0.0,5021,128.0,0.0,3920,56052,504.0,0.0,37,24,39,19,25
VEB0935,346,346.0,0.0,1,0.0,0.0,0.0,0.0,0.0,0.0,0.0,0.0,3011,351.0,0.0,0,32870,3782.0,0.0,46,37,39,20,32
VFM0814,476,5.0,0.0,2,180.0,90.0,19.0,0.0,1.0,122.0,23.0,0.0,2110,560.0,0.0,504,22800,5331.0,0.0,46,45,44,19,28
VIA0063,346,171.0,0.0,1,5488.0,2751.0,17.0,0.0,1.0,8524.0,44.0,0.0,4701,94.0,0.0,954,49478,912.0,0.0,40,34,19,50,33
VLB0647,346,0.0,0.0,1,0.0,0.0,0.0,0.0,0.0,0.0,0.0,0.0,1018,312.0,0.0,674,10034,2913.0,0.0,48,40,42,47,24
VMJ0147,346,0.0,0.0,1,0.0,0.0,0.0,0.0,0.0,0.0,0.0,0.0,4711,415.0,0.0,3880,49478,3360.0,0.0,23,28,37,22,24
VMJ0546,616,159.0,0.0,1,1410.0,709.0,8.0,0.0,1.0,3373.0,15.0,0.0,3016,84.0,0.0,2451,32870,563.0,0.0,20,37,29,39,26
VSA0230,560,155.0,0.0,3,194.0,98.0,6.0,0.0,1.0,389.0,27.0,0.0,2587,323.0,0.0,1385,28120,3661.0,0.0,47,15,25,14,29
VSS0154,213,0.0,0.0,1,922.0,462.0,5.0,0.0,1.0,405.0,6.0,0.0,2301,162.0,0.0,1417,24506,1813.0,0.0,43,49,10,40,30
VTT0385,379,170.0,0.0,32,5470.0,2743.0,28.0,0.0,1.0,409.0,3.0,0.0,2964,49.0,0.0,623,32870,437.0,0.0,14,26,17,36,28
WAB0143,254,254.0,0.0,1,0.0,0.0,0.0,0.0,0.0,0.0,0.0,0.0,2211,233.0,0.0,0,24130,2392.0,0.0,43,43,24,22,33
WAS0254,617,346.0,0.0,1,0.0,0.0,0.0,0.0,0.0,0.0,0.0,0.0,3052,159.0,0.0,1174,32870,1708.0,0.0,43,37,16,18,35
WBC0192,653,359.0,0.0,3,266.0,134.0,13.0,0.0,1.0,415.0,20.0,0.0,4704,677.0,0.0,4040,51900,5396.0,0.0,47,36,39,39,27
WBC0315,346,346.0,0.0,1,0.0,0.0,0.0,0.0,0.0,0.0,0.0,0.0,5019,303.0,0.0,1898,55728,2672.0,0.0,40,37,40,45,24
WDD0366,1450,774.0,0.0,570,12.0,6.0,6.0,0.0,1.0,6.0,6.0,0.0,3215,0.0,0.0,1738,34850,102.0,0.0,43,42,17,19,28
WDO0870,438,421.0,3.0,21,0.0,0.0,0.0,0.0,0.0,0.0,0.0,0.0,4628,204.0,0.0,891,58820,3098.0,0.0,23,21,14,13,25
WDV0573,491,91.0,6.0,3,0.0,0.0,0.0,0.0,0.0,0.0,0.0,0.0,353,58.0,0.0,243,3114,344.0,0.0,48,36,13,31,33
WGR0833,346,0.0,0.0,1,0.0,0.0,0.0,0.0,0.0,0.0,0.0,0.0,339,46.0,0.0,0,3460,683.0,0.0,38,46,24,38,42
WGS0516,346,0.0,0.0,1,0.0,0.0,0.0,0.0,0.0,0.0,0.0,0.0,1006,0.0,0.0,0,10034,0.0,0.0,11,20,39,20,29
WIF0691,616,5.0,0.0,2,5455.0,2732.0,273.0,0.0,1.0,8267.0,980.0,0.0,3013,478.0,0.0,609,34600,4351.0,0.0,33,39,37,30,24
WIQ0567,798,0.0,174.0,1,867.0,437.0,0.0,78.0,1.0,1955.0,1.0,371.0,3876,47.0,799.0,2824,41990,548.0,8835.0,25,41,10,47,39
WJD0576,346,0.0,0.0,1,0.0,0.0,0.0,0.0,0.0,0.0,0.0,0.0,334,30.0,0.0,59,3460,321.0,0.0,40,20,23,38,26
WKD0013,407,46.0,4.0,3,0.0,0.0,0.0,0.0,0.0,0.0,0.0,0.0,6076,330.0,0.0,1270,65740,3852.0,0.0,42,36,40,27,34
WKF0012,346,346.0,0.0,1,0.0,0.0,0.0,0.0,0.0,0.0,0.0,0.0,6056,289.0,0.0,2412,65740,2747.0,0.0,37,44,20,45,23
WLV0566,346,0.0,0.0,1,0.0,0.0,0.0,0.0,0.0,0.0,0.0,0.0,3007,56.0,0.0,557,32870,278.0,0.0,10,19,38,24,39
WNB0908,608,0.0,0.0,1,0.0,0.0,0.0,0.0,0.0,0.0,0.0,0.0,999,67.0,0.0,578,10034,494.0,0.0,38,38,38,22,23
WPE0538,346,0.0,0.0,1,0.0,0.0,0.0,0.0,0.0,0.0,0.0,0.0,1007,95.0,0.0,979,10005,737.0,0.0,21,16,23,22,35
WPR0368,1735,1062.0,325.0,720,0.0,0.0,0.0,0.0,0.0,0.0,0.0,0.0,4534,0.0,820.0,879,48533,0.0,8778.0,48,34,40,17,31
WRM0963,324,179.0,0.0,3,0.0,0.0,0.0,0.0,0.0,0.0,0.0,0.0,168,24.0,0.0,119,1740,266.0,0.0,17,23,43,31,22
WSR0241,421,162.0,0.0,30,0.0,0.0,0.0,0.0,0.0,0.0,0.0,0.0,3349,56.0,0.0,2065,32870,524.0,0.0,35,27,15,25,29
WTF0387,346,154.0,0.0,1,0.0,0.0,0.0,0.0,0.0,0.0,0.0,0.0,3034,39.0,0.0,1117,32775,376.0,0.0,40,23,40,25,24
WTR0563,346,0.0,0.0,1,0.0,0.0,0.0,0.0,0.0,0.0,0.0,0.0,2992,47.0,0.0,0,32870,314.0,0.0,47,45,46,15,31
WVB0539,346,155.0,0.0,1,0.0,0.0,0.0,0.0,0.0,0.0,0.0,0.0,4629,47.0,0.0,887,49478,471.0,0.0,43,16,18,42,31
WXH0872,475,373.0,0.0,3,1403.0,702.0,21.0,0.0,1.0,826.0,10.0,0.0,5074,189.0,0.0,2631,56052,2267.0,0.0,17,20,19,21,25
XAA0104,621,346.0,0.0,1,274.0,138.0,17.0,0.0,1.0,437.0,40.0,0.0,3039,402.0,0.0,1872,32870,3523.0,0.0,41,40,14,38,42
XBN0229,346,166.0,0.0,1,0.0,0.0,0.0,0.0,0.0,0.0,0.0,0.0,2991,336.0,0.0,1218,32870,4134.0,0.0,34,16,17,40,29
XHG0902,346,0.0,0.0,1,0.0,0.0,0.0,0.0,0.0,0.0,0.0,0.0,1013,57.0,0.0,491,10034,479.0,0.0,44,35,23,47,14
XHW0498,195,0.0,0.0,1,846.0,423.0,0.0,0.0,1.0,386.0,0.0,0.0,2827,0.0,0.0,2022,31690,0.0,0.0,37,47,48,23,35
XLB0710,346,346.0,0.0,1,0.0,0.0,0.0,0.0,0.0,0.0,0.0,0.0,338,12.0,0.0,0,3460,214.0,0.0,46,38,39,36,20
XRS0633,612,0.0,0.0,1,0.0,0.0,0.0,0.0,0.0,0.0,0.0,0.0,1012,284.0,0.0,452,10034,3040.0,0.0,34,39,39,40,23
XWD0923,438,0.0,0.0,1,1047.0,525.0,65.0,0.0,1.0,5915.0,925.0,0.0,2443,445.0,0.0,1623,23750,3881.0,0.0,16,38,45,20,31
YCE0983,346,346.0,0.0,1,0.0,0.0,0.0,0.0,0.0,0.0,0.0,0.0,3027,132.0,0.0,2584,32870,1240.0,0.0,39,21,42,30,36
YDN0198,622,347.0,0.0,2,0.0,0.0,0.0,0.0,0.0,0.0,0.0,0.0,3693,397.0,0.0,1799,39444,3871.0,0.0,45,50,41,11,24
YEV0793,346,0.0,0.0,1,0.0,0.0,0.0,0.0,0.0,0.0,0.0,0.0,3005,0.0,0.0,1231,32870,0.0,0.0,40,37,42,15,22
YIC0195,726,7.0,142.0,3,0.0,0.0,0.0,0.0,0.0,0.0,0.0,0.0,3716,147.0,733.0,2387,40128,1824.0,7980.0,18,49,19,40,31
YJF0532,715,0.0,0.0,3,0.0,0.0,0.0,0.0,0.0,0.0,0.0,0.0,994,0.0,0.0,638,10034,0.0,0.0,40,35,23,47,26
YJV0699,346,346.0,0.0,1,0.0,0.0,0.0,0.0,0.0,0.0,0.0,0.0,340,22.0,0.0,0,3460,204.0,0.0,17,25,30,13,31
YWW0660,261,0.0,0.0,1,0.0,0.0,0.0,0.0,0.0,0.0,0.0,0.0,771,207.0,0.0,0,7569,2198.0,0.0,39,35,37,10,36
ZCF0590,346,0.0,0.0,1,0.0,0.0,0.0,0.0,0.0,0.0,0.0,0.0,329,27.0,0.0,0,3450,349.0,0.0,42,42,42,25,31
ZDW0859,628,352.0,0.0,18,0.0,0.0,0.0,0.0,0.0,0.0,0.0,0.0,5020,235.0,0.0,3100,52938,2418.0,0.0,39,45,26,41,32
ZFM0468,346,156.0,0.0,1,0.0,0.0,0.0,0.0,0.0,0.0,0.0,0.0,336,8.0,0.0,161,3460,102.0,0.0,35,16,20,45,30
ZJE0857,393,368.0,17.0,2,0.0,0.0,0.0,0.0,0.0,0.0,0.0,0.0,5362,287.0,212.0,887,59454,2456.0,2430.0,35,34,36,38,31
ZJS0269,346,346.0,0.0,1,0.0,0.0,0.0,0.0,0.0,0.0,0.0,0.0,3010,221.0,0.0,0,32870,3193.0,0.0,30,34,16,35,27
ZKS0899,385,0.0,0.0,2,5968.0,2991.0,31.0,0.0,1.0,8537.0,153.0,0.0,1015,59.0,0.0,196,9976,476.0,0.0,47,20,42,43,30
ZMC0284,346,0.0,0.0,1,0.0,0.0,0.0,0.0,0.0,0.0,0.0,0.0,2997,122.0,0.0,1386,32870,1485.0,0.0,42,33,41,30,31
ZSB0649,346,0.0,0.0,1,0.0,0.0,0.0,0.0,0.0,0.0,0.0,0.0,1017,296.0,0.0,798,10034,2956.0,0.0,23,25,36,14,26
ZSK0258,346,346.0,0.0,1,0.0,0.0,0.0,0.0,0.0,0.0,0.0,0.0,3000,164.0,0.0,553,32870,1510.0,0.0,38,35,21,37,25
ZSL0305,346,0.0,0.0,1,0.0,0.0,0.0,0.0,0.0,0.0,0.0,0.0,337,6.0,0.0,77,3450,52.0,0.0,21,26,18,41,32
